Adam	n. 亚当
Africa	n. 非洲
Alaska	n. 阿拉斯加州
Albany	n. 奥尔巴尼(美国纽约州首府)
Alex	[计] 开放网络文件系统
America	n. 美洲, 美国
American	n. 美国人|a. 美国的, 美洲的
Antarctica	n. 南极洲
April	n. 四月
Arabic	n. 阿拉伯语|a. 阿拉伯语的, 阿拉伯人的, 阿拉伯式的
Argentina	n. 阿根廷
Arizona	n. 亚利桑那州
Asia	n. 亚洲
Asian	n. 亚洲人|a. 亚洲的, 亚洲人的
Athens	n. 雅典(希腊首都)
Atlantis	n. 亚特兰蒂斯(传说沉没于大西洋中的岛)
Auckland	n. 奥克兰(新西兰港口)
Australia	n. 澳洲, 澳大利亚
Baltimore	n. 巴尔的摩
Beijing	[经] 北京
Belfast	n. 贝尔法斯特
Belgium	n. 比利时
Benin	贝宁湾(几内亚湾一部分,靠西非的尼日利亚、贝宁和多哥等国)
Bermuda	n. 百慕大岛
Boston	n. 波士顿
Brazil	n. 巴西
Brexit	[网络] 英国退出欧盟
Britain	n. 英国
Brooklyn	n. 布鲁克林区(纽约行政区)
Bruce	n. 布鲁斯
Brussels	n. 布鲁塞尔
Buddhist	n. 佛教徒|a. 佛教的
Burundi	n. 布隆迪
California	n. 加利福尼亚
Californian	n. 加利福尼亚州人|a. 加利福尼亚的
Cambodia	n. 柬埔寨
Cambridge	n. 剑桥
Canada	n. 加拿大
Canadian	a. 加拿大的
Carolina	n. 北(或南)卡罗来纳州
Carroll	n. 卡罗尔（罗马人的姓）
Charlie	n. 通讯中用以代表字母C的词
Chicago	n. 芝加哥
Christmas	n. 圣诞节
Churchill	n. 邱吉尔
Cleveland	n. 克利夫兰
Colorado	n. 科罗拉多, 科罗拉多河
Columbia	n. 哥伦比亚
Copenhagen	n. 哥本哈根
Coventry	n. 考文垂
DC	直流电
Dane	n. 丹麦人
Darwin	n. 达尔文
December	n. 十二月
Delaware	n. 特拉华(美国州名)
Denmark	n. 丹麦
Denver	n. 丹佛(美国城市)
Detroit	n. 底特律(美国城市)
Disney	n. 迪斯尼
Dr	n. 博士, 医生
Dutchman	n. 荷兰人
Egypt	n. 埃及
Einstein	n. 爱因斯坦
England	n. 英格兰
Englishman	n. 英国人
Europe	n. 欧洲
European	n. 欧洲人|a. 欧洲的, 欧洲人的
Evansville	n. 埃文斯维尔（美国城市）
Everest	n. 珠穆朗玛峰, 顶峰
February	n. 二月
Ferdinand	n. 男子名
Ferguson	n. 弗格森（美国密苏里州的一个城市名）；弗格森（姓氏）
Ferrari	[计] 费拉里
Finland	n. 芬兰
Finn	n. 芬兰人
Florence	n. 佛罗伦萨(意大利城市)
Florida	n. 佛罗里达州
France	n. 法国
Franklin	[计] 富兰克林
French	n. 法国人, 法文, 法式|a. 法国的, 法国人的, 法语的
Frenchman	n. 法国人
Friday	n. 星期五
Galileo	n. 伽利略
Geneva	n. 日内瓦, (荷兰)杜松子酒
Georgia	n. 乔治亚州
Germany	n. 德国
Gilbert	n. 吉尔伯特（男子名）
Giovanni	n. 乔瓦尼（人名）
Gordon	[计] 哥尔丹
Greece	n. 希腊
Haiti	n. 海地
Harvard	n. 哈佛大学
Hawaii	n. 夏威夷州, 夏威夷岛
Hawaiian	n. 夏威夷人, 夏威夷语|a. 夏威夷的, 夏威夷语的
Hispanic	a. 西班牙的
Holland	n. 荷兰
Hollywood	n. 好莱坞, 美国电影界, 美国电影工业, 美国式电影
Honduras	n. 洪都拉斯
Houston	n. 休斯敦
Hudson	n. 哈得孙河
I	pron. 我
I'd	abbr. 我愿意（等于I would）
I'm	abbr. 我是（缩写）
I've	（等于I have）
Iberian	a. 伊比利亚的, 伊比利亚语的|n. 伊比利亚人, 伊比利亚语
Iceland	n. 冰岛
Idaho	n. 爱达荷州
Illinois	n. 伊利诺州
India	n. 印度
Indiana	n. 印地安那州
Indonesia	n. 印尼
Iowa	n. 衣阿华州
Iraq	n. 伊拉克
Ireland	n. 爱尔兰
Irishman	n. 爱尔兰人
Italy	n. 意大利
January	n. 一月
Jesus	n. 耶稣
Joseph	n. 约瑟夫（男子名）；约瑟（圣经中雅各的第十一子）
Joshua	n. 约书亚(<<圣经>>人物), <<约书亚记>>
Josiah	n. 约西亚（男子名）
July	n. 七月
June	n. 六月
Kelly	n. 凯利（男子名）；[古]战士
Kentucky	n. 肯塔基州
Kenya	n. 肯尼亚
Korea	n. 朝鲜, 韩国
La	[医] 镧(57号元素)
Larry	n. 拉里（男子名）
Lincoln	n. 林肯
Liverpool	n. 利物浦
Louisiana	n. 路易斯安那(美国州名)
Madrid	n. 马德里
Maine	n. 缅因州
Manchester	n. 曼彻斯特
Manhattan	n. 曼哈顿
Marcus	n. 马库斯（男子名）
Mariana	n. 马里亚纳群岛
Marshall	n. 马歇尔（姓氏, 男子名, 等于Mar'shal）
Martha	n. 马大(<<圣经>>故事人物)
Maryland	n. 马里兰州
Massachusetts	n. 麻萨诸塞州
Mediterranean	n. 地中海, 地中海民族|a. 地中海的, 地中海民族的
Mexico	n. 墨西哥
Miami	n. 迈阿密
Michelle	n. 米歇尔（女子名）
Microsoft	n. (美国)微软公司
Midwest	n. (美国的)中西部
Minneapolis	[经] 明尼亚波利
Missouri	n. 密苏里州
Monday	n. 星期一
Monica	n. 莫尼卡（女子名）
Mr	先生
Mrs	太太
Nagpur	那格浦尔[印度中部城市]
Nazism	n. 纳粹主义
Netherlands	n. 荷兰
Nevada	n. 内华达
Newman	[计] 牛曼
Nigeria	n. 尼日利亚
Nile	n. 尼罗河
Nobel	n. 诺贝尔
Norfolk	n. 诺福克(英格兰郡名)
Norway	n. 挪威
November	n. 十一月
October	n. 十月
Ohio	n. 俄亥俄
Oregon	n. 俄勒冈
Ottawa	n. 渥太华
Pennsylvania	n. 宾夕法尼亚
Pete	n. 皮特（等于Peter, 男子名）
Philadelphia	n. 费城
Pittsburgh	n. 匹兹堡
Polynesian	a. 波利尼西亚人的, 波利尼西亚的|n. 波利尼西亚人
Portugal	n. 葡萄牙
Princeton	n. 普林斯顿
Queensland	[经] 昆士兰
Quinn	n. 奎恩（姓氏）
Robert	[法] 警察
Roman	n. 罗马人|a. 罗马人的, 罗马的
Rome	n. 罗马
Roosevelt	罗斯福( ①姓氏 ②Franklin Delano, 1882-1945, 于1933-1945任美国第32任总统 ③Theodore, 1858-1919, 于1901-1909任美国第26任总统,曾获1906年诺贝尔和平奖)
Russia	n. 俄国, 俄罗斯
Sahara	n. 撒哈拉沙漠
Sara	n. 萨拉族, 萨拉人
Sarah	n. 萨拉(<<圣经>>故事人物)
Saturday	n. 星期六
Scotland	n. 苏格兰
Seattle	n. 西雅图
September	n. 九月
Shakespeare	n. 莎士比亚
Singapore	n. 新加坡
Singh	n. 辛格（印度总理）；查理·拉杰（电影名）
Slovakia	n. 斯洛伐克
Smithsonian	n. 史密森尼（美国博物馆）；史密森学会
Spain	n. 西班牙
Sunday	n. 星期日|a. 星期日的, 业余的|vi. 度星期日
Sweden	n. 瑞典
TV	电视
Tanzania	n. 坦桑尼亚
Texas	n. 德克萨斯
Thomas	n. 多马(耶稣十二门徒之一)
Thursday	n. 星期四
Tuesday	n. 星期二
Tumblr	微博客
Utah	n. 犹他
Venice	n. 威尼斯
Venus	n. 维纳斯(爱与美的女神), 金星
Vermont	n. 佛蒙特
Victorian	a. 英国维多利亚女王时代的, 笃信宗教的, 讲究体面的|n. 维多利亚女王时代的英国人
Vincent	n. 文森特（男名）
Virginia	n. 弗吉尼亚
Washington	n. 华盛顿
Wednesday	n. 星期三
Westminster	n. 威斯敏斯特
Wisconsin	n. 威斯康星
Yale	n. 耶鲁
Yankee	n. (美国的)新英格兰人, (美国)北方诸州的人, 美国佬
Yorkshire	n. 约克郡, 约克王朝
a	n. 拉丁字母 A|num. 第一|prep. 表示分离或进入|v. 方言中的“有”助动词|adj. 原子的|intj. 呃；啊|n. 尖牌；王牌|n. 英亩|n. 电流表|n. 答案|n. 助攻|num. 第一
a-grade	adj. 顶尖的；第一流的
aa	adj. 防空；空对空|n. 戒酒互助会成员|n. AA 电池|adj. 空对空的|n. 平权行动|n. 抗锯齿|n. 亚裔美国人|n. 行政助理|n. 学术顾问|n. 文科副学士学位|n. 全能项目|adj. 寰枢关节的
aaa	n. 腹主动脉瘤|n. 高射炮|n. 认证、授权与计费|n. 芳香族氨基酸|n. 动物辅助活动|n. 管理、授权与认证|n. 腹主动脉瘤|n. 成人专辑另类音乐|n. 先进声学阵列|n. 访问批准机构|n. 累计调整账户|n. 自适应阵列天线
aaaa	abbr. 美国广告代理商协会（The American Association of Advertising Agencies）
ab	adv. 大约|n. 腹肌|n. AB型血|v. 沿绳速降|adj. 轮到击球的|n. AB型血的人|n. 注射毒品造成的脓肿|n. 堕胎|prep. 大约|v. 中止的缩写|adj. 空降的|adj. 反弹道的
abandon	v. 放开控制；任凭情感支配|v. 放弃；停止坚持|v. 抛下；遗弃|n. 毫无顾忌；尽情|v. 放弃权利或职位|n. 放弃；舍弃|v. 制服；控制|v. 驱逐；排斥|v. 向保险方交出受损物
abbreviation	n. 缩短后的结果；删节版|n. 词语或短语的缩写形式|n. 缩写的过程|n. 代替完整概念的简便说法|n. 乐谱中的指示缩写|n. 音符符干上的分割线记号|n. 生物演化中的发育阶段缩减|n. 分数约分
abdicate	vt. 正式放弃|vi. 退位, 退出, 辞职
abdication	n. 放弃高级职位或权力|n. 君主退位|n. 断绝亲子关系|n. 放弃财产或法律请求|n. 被逐下台
abdomen	n. 腹部|n. 腹腔|n. 腹部脂肪|n. 节肢动物的腹部
abdominal	adj. 腹部的；与腹部有关的|n. 腹肌|adj. 腹部具鳍的|adj. 腹侧的（鳍）|adj. 腹鳍类的|n. 腹鳍类鱼（旧称）
abide	v. 忍受；容忍|v. 遵守；遵照|v. 经受而不倒|v. 承担后果|v. 等待|v. 暂停；耽搁|v. 停留；持续存在|v. 居住|v. 持续；长存|v. 等待；等候|v. 经受考验|v. 顺从接受
ability	n. 能力；能够做某事的条件|n. 技能；才干|n. 法律或制度上的行动资格|n. 头脑的特殊能力|n. 适合性|n. 体力|n. 经济能力
able	adj. 有能力做到|adj. 可以；不受阻碍|adj. 能干的；有才干的|adj. 有法律资格的|adj. 胜任全部职责的|adj. 强健的|adj. 容易使用的|adj. 合适的；胜任的|adj. 对……负有责任的|adj. 富裕的|n. 字母 A 的海军通信用语|n. 无线电代码词
abnormal	adj. 偏离通常状态的|adj. 行为或心理状态不合常规的|n. 异常者；异常事物
abnormality	n. 异常状态；不规则性|n. 异常之处；异常现象
aboard	adv. 在船、车、飞机上；登上其中|prep. 在……上；登上……|adv. 骑在马等动物上|adv. 有人在垒上|adv. 加入团队或公司|prep. 骑上……|adv. 在旁边；靠近并排|prep. 横跨；在旁边
abolish	v. 废除；取消制度|v. 彻底消灭
abound	v. 大量存在；数量充足|v. 充满；拥有大量供应|v. 充满；到处都是|v. 大量产生；盛产|v. 富有|v. 沉浸于；尽情享受
about	adj. 在活动；四处走动|adv. 在周围；环顾四周|adv. 大约；近似地|prep. 即将；正要|prep. 关于；涉及|adj. 存在；显现|adj. 在附近|adv. 到处；这里那里|adv. 来回活动|adv. 胡乱做；无所事事|adv. 在附近|adv. 转向相反方向
about-face	n. 突然转身|n. 立场突然反转|v. 转身掉头|v. 突然改变立场
above	adv. 在正上方|prep. 在……上方；穿在……外面|prep. 在……上方；高于……表面|prep. 高于；胜过；超过标准|adj. 上述的；上文的|adv. 在上文；在页面上方|adv. 在天空中；从天上|adv. 在较高处；在楼上或上游|adv. 在更高权力层级|adv. 超过某数量|adv. 高于零度|n. 上文；页面上方的内容
abreast	adj. 并排向前|adj. 达到同一进度|adv. 并排地|adv. 跟上进度|adj. 在旁边；平行|adj. 熟悉情况；消息灵通|adv. 在旁边；平行地|adv. 及时了解|prep. 在……旁边|adj. 与船舷成一线|adv. 齐胸高|adv. 在船的正侧面
abroad	adv. 在国外；到国外|adv. 在客场；在外地比赛|adj. 国外的；国际的|adv. 向外散开；广泛地|adv. 在外面；离开住处|adv. 到处流传；在社会上出现|adv. 偏离目标；迷乱|n. 国外；外国土地|prep. 遍及；覆盖在……上
abrupt	adj. 突然的；仓促结束的|adj. 说话生硬的；唐突的|adj. 转折突兀的；不连贯的|adj. 陡峭险峻的|v. 突然打断|adj. 挣脱束缚的|adj. 断开的|adj. 截形的；末端突然收断的|n. 深渊；断崖|v. 撕断
abruptly	adv. 突然地；猝然地
absence	n. 不在场；离开|n. 离开的一段时间|n. 缺乏；没有|n. 应到而未到；缺席|n. 心不在焉|n. 短暂失去意识|n. 剑刃未接触
absent	adj. 不在场；缺席|adj. 不存在；缺少|adj. 心不在焉|n. 缺席者；不在场的人们|n. 缺席者|prep. 在没有……的情况下|v. 使自己离开；缺席|v. 使某人离开|v. 离开；退出|v. 离开|v. 省略；删去
absently	adv. 心不在焉地
absolute	adj. 无条件的；不受限制的|adj. 完美的；完全体现某种性质的|adj. 彻底的；完全的|n. 绝对事物；绝对原则|adj. 纯的；未掺杂的|adj. 确凿的；毫无疑问的|adj. 绝对的；非相对的|adj. 独立表现单一艺术形式的|n. 绝对；无条件的存在|adj. 确信的|adj. 绝对的；不以单位或参照物为条件的|adj. 独立结构的
absolutely	adv. 完全地；绝对地|adv. 非常；极其|intj. 当然；完全同意|adv. 独立地；不考虑其他因素地
absolutist	n. 专制主义者, 专制政体者, 绝对主义者
absorb	v. 吞并；使不再独立存在|v. 吸收；吸入|v. 使全神贯注；完全占据注意力|v. 被吸收；渗入|v. 吸收能量|v. 占用时间|v. 理解并内化|v. 把费用算入自身承担|v. 支付；承担开支|v. 大量接收或买进|v. 吞没；淹没
absorption	n. 吸收；吸纳|n. 吸收光、热或电等|n. 全神贯注；专心投入|n. 精神上的吸收；领会|n. 吸收；吸纳（旧用法）|n. 介质对电能的短暂保留
abstract	adj. 抽象的；概念性的|n. 摘要；概要|adj. 难以理解的；晦涩的|adj. 一般性的；非特指的|adj. 抽象艺术的|adj. 抽象艺术或音乐的|n. 抽象概念|n. 抽象的理论；理想化形式|n. 抽象艺术作品|v. 使脱离；抽离|v. 概括；摘述|adj. 抽取出的；提炼的
abstraction	n. 抽取特征；抽象化|n. 概括；归纳|n. 抽象概念；理论观念|n. 抽象出的特征|n. 出神；心不在焉|n. 抽象艺术作品|n. 抽象思维的产物|n. 隐藏实现细节的接口|n. 拿走；抽离|n. 委婉的拿走或挪取|n. 退隐；与外界隔绝|n. 抽象类别中的成员
abstractly	adv. 抽象地；理论上地
absurd	adj. 荒谬的；不合常理的|adj. 荒诞的；缺乏意义的|adj. 不和谐的|adj. 荒诞主义的|n. 荒谬之处|n. 荒诞；荒诞处境
abundance	n. 大量；许多|n. 充沛；丰富到过量|n. 财富充裕；富足|n. 丰度；出现数量|n. 一种牌局叫牌|n. 足够；充足
abundant	adj. 丰富的；充足的|adj. 富有的；充满的|adj. 丰 abundant 数
abundantly	adv. 大量地；充分地|adv. 非常地；极其
abuse	n. 不当行为；滥用|n. 辱骂；粗俗言语|n. 虐待；残酷对待|v. 滥用；误用|v. 虐待；残酷伤害|v. 辱骂；侮辱|n. 误用；滥用|v. 滥用药物|n. 欺骗；假象|n. 词语误用|n. 性虐待；强迫性行为|v. 侵犯；强奸
abuzz	a. 嗡嗡的, 嘈杂的
ac	adj. 装有空调的|n. 空调|n. 交流电|phrase 全部清除|adj. 肩锁关节的|n. 访问控制|n. 交流电（非正式）|n. 区号|n. 体育俱乐部|n. 汽车协会|n. 空调|n. 英亩缩写
academia	n. 学术界|n. 学术生涯；学术研究
academic	adj. 学院的；学术的|adj. 理论性的；不实用的|n. 学者；大学教师|adj. 学术型的；偏人文艺术的|adj. 爱学习的；学业能力强的|adj. 遵守传统形式的|adj. 脱离实际的；书呆子气的|n. 学业；学术课程|adj. 柏拉图学派的|n. 柏拉图学派成员|n. 学院成员|n. 大学生
academically	adv. 从学术角度；在学业方面
academy	n. 高等教育机构|n. 专门训练学校|n. 学术界|n. 柏拉图学园|n. 柏拉图学派|n. 学术或艺术团体|n. 领域内的权威观点|n. 英国政府资助学校|n. 学园传授的知识
accelerate	v. 使……加速|v. 加快进程|v. 自己加速|v. 使速度发生变化|v. 使某事提前|v. 加速完成学业|adj. 加快的|v. 增长、增加
acceleration	n. 加速；加快|n. 速度随时间的变化率|n. 加速度数值；速度增加量|n. 提前完成学业进度
accent	n. 重音|n. 重点；强调|n. 口音|v. 强调；突出|n. 重音符号|n. 说话声调；语气|n. 装饰重点；点缀色|v. 用重音读出|v. 加重音符号|n. （非正式且不规范）口音|n. 手语中的发音特征|n. 一句话；有意义的声音
accenture	n. 埃森哲咨询公司
accept	v. 接受并认可|v. 承认属实|v. 同意提议|v. 接纳加入|v. 认为够好|v. 接受不如意的处境|v. 坦然承认现实|v. 正式接收|v. 愿意收下|adj. 已被接受的|n. 被接受的项目|v. 同意付款
acceptable	adj. 可以接受的|adj. 还过得去的|n. 被接受者
acceptance	n. 接受；认可|n. 相信；同意|n. 被接受的状态|n. 一次接受；一项获准|n. 通常含义|n. 票据承兑|n. 合同接受|n. 政府验收；政府认可履约|n. 获准参赛马匹名单|n. 光学中的光通量度量
access	n. 进入的通道|n. 进入或使用的权利|v. 获得进入或使用机会|n. 进入或接近的行动|n. 易于进入或接触|n. 非监护父母的探视权|n. 访问内存中的数据|n. 连接或使用计算机和互联网|v. 访问数据|n. 性交许可|n. 增加；增添|n. 疾病发作
accessibility	n. 易于接近或使用|n. 软件和网页的无障碍性
accessible	adj. 容易到达的|adj. 无障碍的|adj. 容易理解或欣赏的|adj. 平易近人的|adj. 容易接受影响的|adj. 可以获得的|adj. 能够使用或看见的
accessory	adj. 附加的；辅助的|n. 配件；附属物|n. 服饰配饰|adj. 协助犯罪的|n. 从犯；帮凶|adj. 少量附带的|n. 非必要的装饰部分
accident	n. 意外事件|n. 交通事故|adj. 涉事故的|n. 偶然发生的事|n. 偶然性|n. 偶然形成的属性|n. 失禁|n. 意外怀孕|n. 把孩子称作“意外”|n. 不规则地貌|n. 地层断裂或不稳定地层|n. 纹章中的可留可除标记
accident-free	无事故的
accidental	adj. 非本质的；附带的|adj. 偶然的；无意的|n. 非本质因素；偶然事件|adj. 临时变音的|adj. 偶尔发生的|n. 临时变音记号|n. 文本的形式性成分|adj. 四维射影几何中的特殊点|n. 绘画中的偶然光影效果
accidentally	adv. 偶然地；碰巧|adv. 无意中；不是故意地
acclaim	n. 喝彩；赞誉|v. 高度赞扬|v. 以欢呼宣布|n. 主张；要求|v. 喊叫；呼喊|v. 喝彩；热烈欢迎|v. 主张；要求|v. 无竞争者当选
acclimation	n. 服水土, 顺应, 适应环境
accommodate	v. 使适应；使相合|v. 容纳；装得下|v. 调和；使达成一致|v. 为……提供住宿|v. 提供足够空间|v. 满足所需；提供方便|v. 帮忙；为……提供服务|v. 考虑到；顾及|adj. 适合的；相称的|v. 使相合；按情况解释|v. 适应；变得合宜|v. 调节焦距
accommodation	n. 住宿；住处|n. 适应性调整|n. 调整；适应|n. 迁就；照顾性安排|n. 生理适应|n. 迁就性解释；变通|n. 沉积场所|n. 言语调整
accommodations	n. 膳宿；住房, 住宿；居住设施（accommodation的复数）
accompany	v. 陪同；伴随同行|v. 伴随着；为……增添|v. 担任伴奏|v. 为另一件乐器或演奏者伴奏|v. 同时出现|v. 结伴；相交往|v. 同居|v. 与……共存；伴随发生
accomplish	v. 成功完成|v. 实现目标；履行承诺|v. 度过或走完|v. 使充分装备或修养完善|v. 获得|v. 填写表格
accomplishment	n. 完成；实现|n. 成就；成果|n. 才能；修养|n. 成就体
accord	n. 一致；意见相合|n. 自愿；主动意愿|v. 相符；和谐|n. 声音和谐|n. 协调；相称|n. 正式协议|v. 使相配；调和|v. 使达成一致|v. 音调和谐|n. 香气组合|n. 和解协议|v. 授予；准予
accordance	n. 符合；遵照；一致|n. 授予；给予
according	v. accord的-ing形式|adj. 一致的；和谐的|adv. 相应地；照此
according to	prep. 根据消息或权威|prep. 按照规则或标准|prep. 取决于某种情况
accordingly	adv. 相应地；适当地|adv. 因此；于是
account	n. 账目；账单记录|n. 解释；说明|n. 注册账户|v. 说明原因；占据；考虑到|n. 银行账户|n. 缘故；考虑到某人|n. 叙述；记述|n. 收益；好处|v. 认为；把……看作|n. 估计；评价|n. 重要性；价值|n. 清算；旧式说法中的最终结算
accountability	n. 负责并能被追问|n. 公开追责并要求后果|n. 主动认领责任|n. 依法管好财物和记录
accountable	adj. 对行为负责|adj. 对账目或财物负责|adj. 必须作出交代|adj. 可以解释的
accountant	n. 负责账务的专业人员|n. 负责整理和审计记录的会计人员|n. 替人核算事务的人|adj. 负有责任的（旧义）|n. 对账目负责的人|n. 对性工作者的委婉称呼
accounting	n. 会计；财务核算|v. account 的现在分词和动名词|n. 说明；交代|n. 返还不当所得的法律清算
accrue	v. 逐渐产生利益或结果|v. 累积获得|v. 逐渐增加|v. 随时间产生费用|n. 累积的利益|v. 逐渐成为正式权利
accumulate	v. 积累；聚集|v. 逐渐增加|adj. 积累起来的|v. 同时取得不同层次的学位
accumulation	n. 积累；聚集|n. 逐渐增多；积成大堆|n. 积存物；堆积物|n. 资本积累；利息或储蓄增长|n. 低价吸纳资产|n. 同一证明的多重法律依据|n. 同时修读两个高等学位
accuracy	n. 正确性；无误程度|n. 与真实值或标准的符合度
accurate	adj. 准确的；精确的|adj. 偏差很小的；说得准的|adj. 细致严谨的（过时）
accurately	adv. 准确地；精确地
accusation	n. 指责行为|n. 正式控罪|n. 未经证实的指控
accuse	v. 指责；归咎|v. 指控犯罪或违法|v. 提出指责；指控某人|n. 指责；控告
accustom	vt. 使习惯于
accustomed	adj. 习惯于；适应了|adj. 惯常的；一向如此的|adj. 常有顾客光顾的
ace	adj. 极好的；很棒的|n. A牌；一点牌|n. 高手；能人|v. 完美通过|n. 骰子的一点|n. 台球一号球|n. 发球直接得分|n. 一击得分|n. 王牌投手|n. 一杆进洞|n. 王牌飞行员|n. 考试满分
ache	n. 隐痛；持续疼痛|v. 持续疼痛；感到隐痛|n. 欧芹（旧词）|n. H的罕见名称拼写|n. 乙酰胆碱酯酶缩写|v. 使……疼痛
achievable	adj. 可实现的；做得到的|adj. 可由自身行动达成的
achieve	v. 取得成功；表现出色|v. 成功完成；做到|v. 获得；实现（目标或成果）|v. 完成；结束|v. 结束；结果是|v. 取得（具体物品）
achievement	n. 成就；成果|n. 英勇功绩；壮举|n. 游戏成就|n. 目标达成；群体成就|n. 纹章图案；纹章全套图饰|n. 瞬时完成类
achiever	n. 获得成功的人
acid	adj. 酸的；有酸味的|adj. 酸性的；与酸有关的|n. 酸；有酸味的物质|adj. 尖刻的；刻薄的|adj. 酸性音乐风格的|n. 能在水中产生氢离子的化合物|n. 能向碱提供质子的化合物|n. 能接受电子对的化合物|n. 腐蚀性物质|n. LSD；迷幻药|n. 数据库事务的 ACID 特性
acknowledge	v. 承认事实|v. 认可身份或地位|v. 对帮助表示感谢|v. 确认收到信息|v. 以法律形式确认
acknowledgement	n. 承认, 确认, 感谢, 收到的通知
acquaint	vt. 使认识, 介绍
acquaintance	n. 认识；熟悉|n. 熟人|n. 熟人圈|n. 对某事的了解
acquire	v. 取得；得到|v. 获得；养成|v. 患上；感染|v. 采集并数字化|v. 锁定目标
acquisition	n. 获得；取得的过程|n. 获得的东西；所得|n. 信号采集
acquisitive	a. 渴望获得的, 贪婪的
acre	n. 英美制面积单位|n. 其他体系中的类似面积单位|n. 大片空间|n. 大量|n. 历史或地方面积单位|n. 田地|n. 英亩的长宽尺度|n. 边境决斗
acreage	n. 英亩数；土地面积大小|n. 按英亩计算的一片土地
acrobat	n. 表演特技者, 杂技演员
across	adv. 到另一边|prep. 穿过，到另一边|prep. 在……对面|adv. 在另一边|adv. 朝另一侧伸去|prep. 横穿、划过|prep. 到空间的另一端|prep. 横跨，贯穿|prep. 遍及各处|prep. 横放在……上，横跨|prep. 掌握最新情况|adv. 横向地
across-the-board	adj. 全面的；普遍适用的|adj. 固定时段播出的
acrylamide	n. [有化] 丙烯酰胺
act	n. 美国大学入学考试|n. 行为；所做的事|n. 戏剧的一幕|v. 执行；做成|adv. 实际上；确实|n. 接受与承诺疗法|n. 议会法案的简称|n. 法案；成文法|n. 法案；议案|n. 行动过程；做某事|n. 演出者；节目|n. 有组织的活动
acting	adj. 代理的；代行职务的|n. 装腔作势；装出来的样子|n. 表演；演艺职业|n. 法律上的行为|v. act 的现在分词或动名词|n. 行为；所作之事
action	n. 行动；做某事|n. 所做的事；行动|intj. 开始！开拍！|n. 动作方式；运转方式|n. 紧张刺激的场面|n. 机械装置的运作方式|n. 战斗；参战经历|n. 法律诉讼|n. 故事情节；事件展开|v. 执行；落实|adj. 傲慢的|n. 键盘乐器的击弦机构
activate	v. 使活跃；带动发展|v. 启动；触发|v. 激活；解锁软件许可|v. 组建军事单位|v. 让受伤球员复出|v. 使更具反应性|v. 使分子发挥作用|v. 使具有放射性|v. 加快化学反应|v. 通气以促进分解
active	adj. 主动发挥作用的|adj. 正在生效或运作的|adj. 积极忙碌的|adj. 动作敏捷的|adj. 正在活动的（自然现象）|adj. 需要实际行动的|adj. 重行动、重实践的|adj. 旺盛而活跃的|adj. 会迅速发展的|adj. 主动语态的|adj. 主动的；非被动的|n. 行动者；积极参与者
actively	adv. 积极主动地|adv. 以主动形式
activist	n. 政治或社会活动人士|adj. 积极介入、主动推动改变的|n. 职业上特别积极投入的人
activity	n. 活跃；活动量|n. 一项行动；所做的事|n. 休闲活动；娱乐活动|n. 活动体：无终点的持续动作类型|n. 放射性活度|n. 反应活性
actor	n. 演员|n. 行动者；执行者；参与者|n. 动作施事者|n. 用例中的角色实体|n. 起诉人；控告人|n. 代理人；监护人|n. 民事法庭代理人
actress	n. 女演员|n. 参与者；扮演角色的人
actual	adj. 实际存在的；确实发生的|adj. 正是实际的；确切的；非常|adj. 与实际行动有关的|adj. 当时存在的；现行的|n. 真实的事物；实际的那个|n. 现实；事实本身
actually	adv. 实际上；确实|adv. 积极地；主动地|adv. 当时；在当时|intj. 确实；对
acute	adj. 敏锐而强烈的|adj. 迫切的|adj. 锐角的|adj. 短暂而迅速的|adj. 尖而高的|adj. 锐角三角形的|adj. 突然发作的|adj. 短期的；急性的|n. 急性病症患者|n. 尖音符|adj. 尖端的|adj. 较高音调的
acutely	adv. 敏锐而强烈地
ad	adv. 公元|n. 广告|n. 副导演|n. 阿尔茨海默病|n. 音频描述|n. 深夜后|n. 广告业；广告活动|n. 优势分；优势一侧|adj. 反倾销的|n. 防空|n. 抗抑郁药|n. 辅助驱逐舰
adapt	v. 使适合；使相配|v. 改造；调整用途|v. 适应；适应新环境|v. 改编；改写|adj. 合适的；适用的
adaptability	n. 适应能力|n. 生物适应环境的能力
adaptable	adj. 适应性强的；可调整的
adaptation	n. 适应或调整的过程|n. 具体的调整或改变|n. 改编的过程|n. 生物适应环境的过程|n. 改编作品|n. 生物的适应性特征|n. 社会群体的适应方式
adaptive	adj. 适应性的；会随情况调整的|adj. 能够适应的|adj. 有助于适应社会的
adaptiveness	n. 适应性, 适应能力（adaptive名词形式）
add	n. 一次添加或相加|v. 把……加到……中|v. 把数字加起来|v. 补充说|n. 播放列表中的新增歌曲|n. 战斗中后来加入的敌人|n. 注意缺陷障碍|v. 合并成一个数量|v. 增加影响或程度|v. 进行加法运算|v. 召来额外敌人|v. 加某人为好友
addict	n. 成瘾者|n. 狂热爱好者|v. 使沉溺；使上瘾|adj. 沉溺的；上瘾的|adj. 受约束的；被绑定的|v. 依法交付|v. 献身于|v. 使受其服务约束|v. 献身或效忠|v. 专心投入
addicted	adj. 成瘾的|adj. 沉迷的；着迷的
addiction	n. 成瘾状态|n. 沉迷；强烈偏爱|n. 有害且难戒的习惯|n. 病理性依赖
addition	n. 增加；添加这一动作|n. 新增的东西|n. 加法|n. 延长音符的附点|n. 附加在姓名后的称号|n. 纹章上的荣誉附加图案|n. 加成反应
additional	adj. 额外的；附加的|n. 新增的一项
additive	adj. 与相加有关的；可加上的|n. 添加剂；添加物|adj. 对加法具有分配性的|adj. 以加法为运算的|adj. 化学加成的|n. 补充性词语或短语|adj. 基因作用相加的
address	n. 地址；通信地址|v. 向……讲话；向……发出信息|v. 处理；解决（问题）|n. 举止；待人接物的方式|n. 正式演说；讲话|v. 专心着手做|v. 向某人讲话|v. 向……发表；把……说给|v. 在信封上写地址|v. 着手处理；专门应对|v. 为数据指定存储位置|n. 方向
adeline	n. 艾德琳（女子名）
adequate	adj. 足够的；符合要求的|det. 足够的|v. 使达到相等标准|v. 与……相等
adequately	adv. 足以满足需要|adv. 达到要求地|adv. 勉强够用
adhere	v. 粘住；附着|v. 忠于；坚持|v. 符合；一致|v. 确认判决
adherence	n. 紧密贴合|n. 遵守；坚持|n. 治疗依从性|n. 夫妻同居义务的履行
adjacent	adj. 相邻的；紧挨着的|prep. 紧邻；在……旁边|adj. 前后相邻的；相邻页面的|adj. 相关的；近似属于某领域的|prep. 与……相关；靠近……领域|n. 邻边
adjective	adj. 形容词的；与形容词有关的|n. 形容词|adj. 程序性的；关于执行规则的|adj. 需要媒染剂的|adj. 不能独立发挥作用的|n. 附属者；附属物|v. 使成为形容词|v. 用形容词描述
adjoin	v. 邻接, 毗连
adjust	v. 调整；改动|v. 修正；改正|v. 适应；适应变化|v. 核定保险理赔
adjustment	n. 调整这一动作|n. 调整后的改动|n. 账务调整|n. 适应新环境|n. 保险理赔核定与结算
administer	v. 管理；执行|v. 给药|v. 分发；配给|v. 照料；帮助|v. 主持宣誓|v. 使人服下药物|v. 处理遗产
administration	n. 管理；行政|n. 政府行政当局|n. 某位领导人执政期间的政府|n. 管理机构|n. 施用；执行|n. 经营管理|n. 公司接管程序
administrative	adj. 行政管理方面的
administrator	n. 管理者；行政负责人|n. 系统管理员|n. 遗产管理人|n. 代行总督职权者
admirable	adj. 值得钦佩的|adj. 英勇而值得赞赏的
admiration	n. 赞赏；敬佩|n. 惊疑；疑问|n. 令人惊叹之物
admire	v. 欣赏|v. 敬佩|v. 惊叹并欣赏|v. 惊叹|v. 很想做
admission	n. 准入；入场|n. 承认；认可|n. 接纳；收治|n. 法律上的承认|n. 被承认的事实或说法|n. 入场费|n. 教会任职认可
admit	v. 允许进入|v. 承认事实或错误|v. 接纳为合格成员|v. 容得下；允许某种解释|v. 允许；留有余地|v. 接收入院治疗
admittance	n. 接纳这一动作|n. 入内许可|n. 实际进入|n. 法律上的地产占有权交付|n. 导纳（阻抗的倒数）
adolescence	n. 青春期；青春阶段
adolescent	adj. 青春期的；青少年的|n. 青少年
adopt	v. 领养；收养|v. 采用；采取|v. 采纳；通过|n. 可供采用的对象|v. 连续十次击败
adoption	n. 采纳或采用的行为|n. 收养及被收养的状态|n. 把原本不是自己的东西接纳为己有|n. 从旧系统转用新系统|n. 接收进入机构|n. 宗教上的接纳为上帝的子女|n. 棋类俚语中的连续十胜
adoptive	adj. 收养关系的|adj. 与收养有关的
adore	v. 深爱；深深敬爱|v. 非常喜欢|v. 崇拜；敬奉|v. 装饰
adorn	v. 装饰；美化|adj. 装饰好的；华丽的|n. 装饰；装饰物
adornment	n. 装饰, 装饰品
adult	adj. 成年的；长大的|adj. 面向成年人的|n. 成年人|adj. 成人专用的（食品等）|n. 成年动物|v. 表现得像成年人|v. 使成为成年人
adulthood	n. 成年状态|n. 成年时期
advance	adj. 预先的；提前的|n. 进步；进展|v. 促进；推动|v. 使向前移动；使提前|adj. 先行的；提前到达的|adj. 前进的；前方的|n. 预付款；预支款|n. 上涨；涨价|v. 前进；推进|v. 提高；抬高|v. 上涨；增加|n. 主动接近；示好
advanced	adj. 先进的；前沿的|adj. 高级的；复杂的|adj. 进阶的；发展成熟的|adj. 向前的；年长的|adj. 发音部位靠前的|adj. 提前的
advancement	n. 进步；晋升|n. 先进状态；发展状态|n. 先进程度|n. 预付款；提前支付的款项|n. 预先分配给继承人的财产
advantage	n. 有利条件；有利位置|n. 好处；益处|n. 优势；压倒对方的地位|n. 网球中的占先分|n. 足球中的有利进攻继续|v. 使……占优势|n. 额外收益；利息|v. 为自己谋利
advantageous	adj. 有利的；有益的
advent	n. 到来；出现|v. 到来；开始出现
adventure	n. 冒险精神|n. 冒险经历；奇遇|n. 大胆冒险；冒险行动|n. 冒险类游戏|n. 投机性商业冒险|n. 偶然发生之事|n. 危险或损失的可能性|n. 风险；危险|v. 冒险承担；拿……冒险|v. 冒险做；敢于尝试|v. 碰碰运气
adventurism	n. 冒险主义
adventurous	adj. 有冒险精神的；敢于尝试的|adj. 充满风险的；大胆的
adverb	n. 副词
adversarial	adj. 对抗性的；敌对的|adj. 对抗式诉讼的
adverse	adj. 敌对的；有害的|adj. 不利的；有碍发展的|adj. 相对的；面对面的
adversely	adv. 不利地；负面地
advertise	v. 公开宣布|v. 为商品或服务做广告|v. 发布信息招揽注意|v. 通知某人|v. 牌戏中的诱导性弃牌
advertisement	n. 商业广告|n. 公开公告|n. 宣传；活广告|n. 声名；恶名|n. 金拉米牌戏中的诱导弃牌
advertiser	n. 广告主；广告商|n. 个人广告刊物
advertising	n. 广告宣传|n. 广告业|v. 宣传；做广告
advice	n. 建议；忠告|n. 深思；见识|n. 消息；情报|n. 金融正式通知文件|n. 商业书面通知|n. 法律意见或告知|n. 建议采取合法法律行动|n. 建议采取违法行动|n. 切入点触发代码|v. advise 的误拼
advisability	n. 明智
advisable	adj. 值得推荐的；明智的|adj. 愿意接受劝告的
advise	v. 建议某人做某事|v. 推荐某种做法|v. 正式告知|n. “advice”的误写|v. 审议，仔细考虑|v. 观看，看见|v. 商议，征询意见|v. 案件保留后作出裁决|v. 向君主或国家元首正式报告
adviser	n. 顾问；咨询者|n. 班级指导老师
advisor	n. 顾问；建议者|n. 士（中国象棋棋子）
advisory	adj. 提供建议的|n. 警告；提醒通告|adj. 包含建议的|n. 天气警报；气象通告|n. 顾问指导；监督
advocacy	n. 为某事据理支持|n. 帮助他人发声|n. 倡导工作或倡导职业
advocate	n. 出庭辩护的律师|n. 支持某事的倡导者|v. 倡导、主张|v. 进行倡导活动|n. 替别人辩护的人|n. 帮助他人发声的支持者|v. 为某人或某事辩护|v. 向苏格兰高等法院上诉|v. 提取案件自行裁决
aegean	adj. 爱琴海的；爱琴地区的|adj. 爱琴海地区青铜时代文明的|n. 爱琴猫
aei	abbr. 美国能源独立协会（Americans for Energy Independence）
aerial	adj. 空中的|adj. 高处的|adj. 大气的|adj. 航空的|adj. 地面以上的|n. 天线|n. 空中动作|n. 空翻|n. 航拍照片|adj. 气态的|adj. 空灵而不实在的|n. 图像伪影
aerobic	adj. 需要氧气的|adj. 有氧运动的
aeronautics	n. 飞行器与飞行科学|n. 航空导航理论与实践
aeroplane	n. 飞机|v. 乘飞机飞行|v. 用飞机运输|n. 翼面|n. 一种蝴蝶
aesthetic	adj. 审美的；艺术效果上的|n. 美学；审美研究|n. 风格；审美气质；氛围|n. 审美感受；能引起美感的东西|adj. 美观的；有美感的
aesthetics	n. 美学|n. 审美风格
affair	n. 事务；要处理的事情|n. 某件事情；某种行动|n. 某个说不清的物件|n. 聚会；社交活动|n. 小规模军事行动|n. 婚外情|n. 不正当恋爱关系|n. 婚外情对象|n. 生殖器
affect	n. 情绪状态|v. 影响、改变|v. 假装、装出|v. 触动情绪|v. 侵害、影响身体|n. 心情或倾向|n. 欲望或胃口|v. 使倾向于|v. 使呈现某种状态|v. 指派、任命|v. 使财产负担固定义务|v. 追求、力求获得
affection	n. 喜爱；依恋|n. 情感；感情|n. 作用或影响|n. 受影响后的情感状态|n. 属性或状态|n. 疾病；病症|v. 喜爱；对……有感情
affectionate	adj. 亲切有爱；疼爱人的|adj. 带有爱意的；温柔亲切的|adj. 热切的；强烈倾向于某事的|v. 喜爱；向某人表示感情|v. 使自己依恋于
affiliate	n. 关联成员；附属机构|v. 使建立联系；结盟|v. 加入；与……联合|v. 收养为子女|v. 确定父系|v. 追溯来源
affiliation	n. 归属；关联|n. 联盟组织；协会|n. 亲子关系确认
affinity	n. 天然的亲近感；合得来|n. 联系；相似的关系|n. 婚姻带来的亲属关系|n. 对某事物的强烈喜爱|n. 姻亲；因婚姻成为的亲属|n. 恋爱关系|n. 情人；恋人|n. 生物类群的亲缘相似性|n. 矿物的结构相似性|n. 原子间的结合吸引力|n. 抗体与抗原的结合力|n. 处理器亲和性
affirm	intj. 是；没错|v. 确认；肯定回答|v. 断言；坚称|v. 支持；给予肯定|v. 正式确认；维持原决定|v. 郑重宣誓
affirmative	adj. 肯定的；表示是的|adj. 赞成的；正面的|intj. 是|n. 肯定回答；是|adj. 赞成某一结果的|adj. 逻辑上肯定命题的|adj. 正的；非负号的|intj. 是；正确|n. 表示同意的答复|adj. 确认并使之有效的|adj. 武断自信的|n. 断言
affluent	adj. 丰富充足的|adj. 富裕的|n. 富裕的人|adj. 支流的|adj. 流入的；大量流动的|n. 支流
afford	v. 承担得起；买得起|v. 带来；提供|v. 出售或提供|v. 产出；提供天然资源
affordable	adj. 负担得起的；价格合理的
afloat	adj. 漂浮着|adj. 勉强维持下去|adv. 漂浮起来或处于漂浮中|adj. 在船上或海上|adj. 飘散着、松散垂着|adj. 被水淹着|adj. 充满、遍布|adj. 正在流传|adv. 在海上|adv. 传播开来|adj. 被激起、活跃起来|adj. 心神混乱
afraid	adj. 害怕；感到恐惧|adj. 恐怕；很遗憾|adj. 担心；替……感到害怕
african	adj. 非洲的；与非洲有关的|n. 非洲人|adj. 黑人（过时且冒犯）
after	adv. 在后；随后|prep. 在……之后|prep. 追求；寻找|adj. 后来的；后续的|n. 处理后的照片|prep. 跟在……后面；替……收拾|prep. 在……后面|prep. 以……命名；仿照……|prep. 次于；排在……之后|prep. 为了；关于；针对|adj. 船尾的；机尾的|prep. 刚刚做完……
aftermath	n. 灾难后的余波与后果|n. 再次割草后长出的草
afternoon	n. 下午|intj. 下午好|n. 后期，暮年|n. 下午聚会|adv. 在下午
afterward	adv. 然后, 后来
afterwards	adv. 后来；之后
ag	intj. 哎呀；唉|n. 农业|n. 农业|adv. 再次；重新|n. 骨料；集料|n. 总检察长；司法部长|n. 审计长|n. 八月|n. 抗原|n. 八月|n. 阳刚型女性；攻击型女性|n. 农业航空
again	adv. 再一次|adv. 重新；恢复原状|adv. 再多一份|adv. 再次致意或重提|adv. 此外；再者|adv. 返回原处|adv. 作为回报|adv. 在别处|adv. 另一方面|prep. 反对；对着
against	prep. 逆着；朝相反方向|prep. 撞着；冲击着|prep. 靠着；倚着|prep. 和……比赛；对阵|prep. 违背；违反|prep. 紧挨着；沿着|prep. 以……为背景|prep. 与……相比|prep. 反对|prep. 用来抵扣；兑换|prep. 作为平衡或抵消|prep. 向……征收；记在……名下
age	n. 年龄；年数|n. 时代；历史时期|v. 变老；变旧|n. 年老；老年|n. 人生阶段|n. 达到某种资格的年龄|n. 成年；成熟到有完整权利|n. 某人的时代；某类事物盛行的时期|n. 一百年；世纪|n. 很久|v. 经时间检验；显得过时|v. 使变老；使显老
age-specific	adj. (在作用或效果方面)限于特定年龄群(或年龄段)的
ageing	adj. 逐渐老化的；变老的|n. 老化；变老过程|v. 正在变老；老化
agency	n. 自主行动和选择的能力|n. 代办业务的机构|n. 行动或施加影响的力量|n. 实现目的的中介或手段|n. 代理职能或委托代理关系|n. 政府行政部门
agenda	n. 行动计划|n. 会议议程|n. 计划记录本|n. 隐藏目的|n. 仪式
agent	n. 行动者；有行动能力者|n. 代理人；代表|n. 经纪人；职业中介|n. 特工；情报人员|n. 作用因素；致效物|n. 代理程序|n. 施事；动作执行者|n. 特工称呼|n. 赌场作弊同伙
aggravate	v. 使冒犯或罪行更严重|v. 使坏事恶化|v. 惹恼、激怒|adj. 加重的|adj. 负担沉重的|adj. 加剧的|adj. 受教会惩罚的|v. 夸大、加重语气|v. 把沉重负担加给某人
aggregate	adj. 合计的；总体的|n. 总和；整体|v. 汇集；合计|adj. 由小部分组成的|n. 总比分|v. 合计达到|adj. 成簇的|adj. 由多个花部合成的|adj. 部件机械结合的|adj. 聚成共同整体的|n. 同类颗粒的集合体|n. 集合
aggregation	n. 聚集的过程|n. 聚成的状态或总和|n. 聚成的集合|n. 路由聚合|n. 寄生虫聚集|n. 非所有关系的对象组合|n. 句法成分的组合
aggressive	adj. 好斗的；有攻击性的|adj. 激进的；不惜一切扩大运用的|adj. 恶性的；进展或扩散很快的|adj. 激进冒险的|n. 好斗的人|adj. 男性化形象的女性|n. 男性化形象的女性
aggressiveness	n. 攻击性；咄咄逼人的劲头|n. 侵蚀性|n. 具体的强硬表现或结果
aging	adj. 变老的；年迈的|n. 变老；老化过程|n. 做旧；人为老化|n. 磨损；损耗|v. age 的现在分词和动名词|n. 生物老化
agitate	vt. 使摇动, 搅动, 使激动, 使不安|vi. 鼓动, 煽动
agitator	n. 煽动者
ago	adj. 过去的；离去的|adj. 将尽的；死去的
agonize	vt. 使极度痛苦, 折磨|vi. 感到痛苦
agony	n. 极度痛苦|n. 临死挣扎|n. 耶稣受难|n. 激烈苦斗|n. 强烈情感爆发
agrawal	阿格拉沃尔（人名）
agree	v. 意见一致|v. 表示同意|v. 相符；一致|v. 批准；同意某项安排|v. 达成约定|v. 适合；对……有益|v. 语法上一致|v. 同意合同条款
agreeable	adj. 令人愉快的|adj. 与……相合的|adj. 可达成一致的|adj. 愿意同意的|adj. 按照；依照|n. 令人愉快的事物
agreed	adj. 意见一致|intj. 同意！
agreement	n. 约定；协议|n. 一致；相符|n. 具有法律效力的协议|n. 语法配合；一致|n. 讨人喜欢的特质
agricultural	adj. 农业的；与农业有关的|n. 农产品；农业商品|adj. 像挥镰刀一样的（击球）|adj. 粗俗的；没教养的|adj. 笨拙的；不得体的
agriculture	n. 农业；农耕业
ahead	adv. 在前方；朝前|adv. 领先；进度更快|adv. 将来；前方将有|adv. 把时间调晚；向后拨到更晚|adv. 预先；提前|adv. 把时间提前到更早
aid	n. 帮助；援助|v. 帮助；支持|n. 助手|n. 辅助物；辅助工具|n. 历史上的王室特别补助|n. 国库贷款|n. 封建贡金|n. aide 的变体|n. 骑马时的辅助动作|n. 供者人工授精|v. 借助器材攀登
aide	n. 助手；助理|n. 副官；高级官员的助理
aim	n. 瞄准方向|n. 目的；目标|v. 瞄准|v. 力求；旨在|n. 目标|n. 瞄准能力|n. 即时通信服务|v. 把……对准；使……指向|v. 针对；把话说向|n. 猜测|n. 空中拦截导弹|v. 猜测；推测
aimless	a. 无目的的, 没有目标的
aimlessly	adv. 漫无目的地
aimlessness	n. 无目的, 盲目性
ain	det. 自己的；属于自己的|n. 前骨间神经
air	n. 空气|n. 空气；新鲜空气|n. 空中；天空下的空间|n. 其他行星的大气|n. 微风；轻风|n. 气质；氛围|n. 装腔作势的姿态|n. 曲调；独唱曲|n. 什么也没有；落空|n. 空调|n. 广播；播出渠道|n. 宣传曝光
air-condition	v. 用空调降温
air-conditioning	v. 正在调节空气；调节空气这件事
air-pollution	[环境] 大气污染，[环境] 空气污染
air-traffic-control	空中交通管制|空中交通管制队
airbnb	n. 平台式短租模式|n. 一套短租房|v. 通过平台出租或租住某房屋|v. 进行平台式短租
airborne	adj. 在空中的；空气传播的|adj. 正在飞行的；已离地的|adj. 机载的|adj. 由飞机运送的|n. 空降部队
airbus	n. 喷气式客机|n. 空客制造的飞机
aircraft	n. 航空器；飞行器
airline	n. 航空公司
airliner	n. 客运飞机
airplane	n. 飞机|v. 乘飞机飞行|n. 飞机喂饭游戏|v. 用飞机运送
airport	n. 机场
airy	adj. 通风的；空气流通的|adj. 轻松活泼的|adj. 宽敞明亮且通风良好的|adj. 轻薄无形的；不实在的|adj. 空灵优美的|adj. 不切实际的；没有根据的|adj. 故作优雅的；摆架子的|adj. 由空气构成的|adj. 空中的；航空的|adj. 色调轻淡自然的
aisle	n. 座位间过道|n. 商店货架间走道|n. 教堂侧廊|n. 障碍物间的通路|n. 靠过道的座位|n. 美国两党之间的分界|n. 婚礼通道；婚姻
akin	adj. 相似的；同类的|adj. 有血缘关系的|v. 联系；比作
alarm	n. 危险警报；警告信号|n. 惊恐；忧虑|v. 警告；使警觉|v. 使惊慌；使担忧|n. 报警器；警报装置|n. 闹钟|n. 警报响起；闹铃声|v. 发出警报|v. 使持续不安；扰乱|n. 召集武装|n. 突然袭击；骚乱|v. 召集武装
alarmingly	adv. 让人担忧地
alarmist	n. 轻事重报者, 杞人忧天者
albeit	conj. 尽管, 虽然
album	n. 相册；收藏册|n. 音乐专辑|n. 作品集；作品汇编|n. 由多首曲目组成的唱片|n. 古罗马公告记录册|n. 唱片套封
alcohol	n. 乙醇|n. 酒类饮料的总称|n. 含羟基的有机化合物|n. 极细的粉末
alcoholism	n. 酒精依赖；酗酒成疾|n. 急性酒精中毒
alert	adj. 警觉的；警醒的|n. 警报；报警|v. 提醒；警告|n. 重要通知；提醒|adj. 敏捷的；动作利落的|n. 战备状态|n. 提示铃声或提示信号
alexander	n. Alexander的另一种大小写形式|n. Alexander鸡尾酒
alexie	n. (Alexie)人名；(德)亚历克西；(罗)阿列克谢
algorithm	n. 按步骤解决问题的算法|n. 社交媒体的推荐算法|n. 人工决策流程|n. 社交媒体推荐机制的非正式说法|n. 某人的推荐内容机制|n. 用阿拉伯数字计算
alien	adj. 外国的；外来的|adj. 外星的|n. 外星人|adj. 陌生的；格格不入的|n. 外来者；外来生物|n. 外国人；外国公民|n. 可疑的外国人|n. 被排斥者；疏远的人|v. 使疏远；使离心|v. 转让所有权
alienate	v. 使疏远；使反感|v. 转让所有权|v. 使人无法产生联系感|adj. 疏远的；隔绝的|n. 外来者；陌生人
align	v. 排成一列|v. 使对齐|v. 使一致、协调|v. 站在同一边|v. 按内存边界对齐数据|v. 排列生物序列|v. 对应不同数据库中的同一实体
alike	adj. 相像；相同|adv. 同样地；一视同仁地
alito	n. (Alito)人名；(英)阿利托
alive	adj. 活着的|adj. 仍在发挥作用|adj. 热闹活跃的|adj. 带电的|adj. 意识到并保持警觉|adj. 精神饱满的|adj. 敏感而有感觉的|adj. 活的；运行中的|adj. 在所有活物中
all	adv. 完全；彻底|det. 所有的；全部的|det. 整个；整整|n. 全部力量；全部所能|pron. 所有的一切|adv. 每方；各自|adv. 如此；更加|adv. 引出复述的话|det. 只有；净是|n. 一切；全部重要之物|pron. 所有人|pron. 唯一剩下的东西；仅有的事物
all-time	adj. 有史以来的；截至目前最极端的
allay	vt. 使平静, 使缓和
allegation	n. 未经证实的指控|n. 提出指控的行为
allege	v. 声称，指称|v. 提出理由或依据|v. 宣誓陈述|v. 引用作为论据|v. 减轻
allegiance	n. 忠诚；效忠
alleviate	v. 缓解疼痛或困难|v. 部分减轻债务负担
alleviation	n. 减轻, 缓和, 镇痛物
alliance	n. 结盟状态|n. 联盟；同盟关系|n. 联合行为|n. 相合；相似联系|n. 联盟成员；结盟各方|n. 联盟；联合关系|n. 生物分类中的类群|v. 使结盟；联合
allocate	v. 为用途预留|v. 按计划分配|v. 为程序分配内存|adj. 已分配的|n. 付款授权文书
allocation	n. 分配；配置过程|n. 配额；应得份额|n. 细胞命运限定
alloparents	异双亲
allot	v. 按份额分配|v. 分派时间或任务资源|adv. a lot 的误拼写|n. a lot 的误拼写
allow	v. 允许某人做某事|v. 为某事预留或考虑|v. 给某人应得的份额或时间|v. 不阻止某事发生|v. 承认或接受某项主张|v. 计入扣除项或额外量|v. 使某事成为可能|v. 裁定请求获准|v. 赞许或认可|v. 授权或委托|v. 喜欢或觉得合适|v. 算了，不追究
allowance	n. 固定分配的一份；津贴|n. 酌情余地；扣除|n. 许可；准许|n. 重量扣除额|n. 承认；认可|n. 赛马承重量减免|n. 铸币允许误差|n. 认可；赞许|n. 放纵；宽容|n. 尺寸预留误差|v. 按定量供给|v. 限量供应
alloy	n. 合金|v. 混合；制成合金|n. 掺杂成分|n. 融合|v. 降低纯度|v. 因掺杂而损害|n. 低价值掺合金属
allude	vi. 暗指, 提及
ally	n. 盟友；伙伴|n. 同盟国；结盟的一方|v. 使联合；结成联盟|n. 相近或相关的事物|n. 助力；支持因素|v. 使相近；使相关|v. 使自己站到一边|v. 结盟；联合行动|n. 亲属|n. 亲属关系|n. 盟友；联盟关系
almost	adv. 几乎；差一点|adv. 几乎全部；除极少数外|n. 差一点成功的事或人
alon	n. 阿龙（人名）
alone	adj. 独自；单独|adv. 独自地；单独地|adv. 只有；唯有|adj. 没有同伴或支持|adv. 靠自己；没有外援|adv. 仅就……而言；光是……就|adj. 单独拥有；排除他人|adj. 仅仅；只有这一点|adj. 独一无二；无可匹敌
along	adv. 一起；跟着做|prep. 沿着；顺着|adv. 继续向前|prep. 沿着路线向前
alongside	adv. 在旁边；并排|prep. 在……旁边；与……并排|prep. 与……一起；同时
aloud	adv. 大声地；出声地|adv. 出声地，而非默默地|adj. 出声的
alphabet	n. 一门语言的整套字母|n. 字母书写系统|n. 规定好的符号集合|n. 最基础的要素|n. 一个字母|n. 政府机构特工|v. 用字母标记或按字母排列
alphabetical	adj. 按字母顺序的|adj. 与字母有关的|adj. 字面上的|n. 字母拼图
alphabetically	adv. 按字母表顺序地|adv. 按字母顺序排列
alphabetism	n. (作符号的)字母使用(如使用一组字母作为笔名或署名)
already	adv. 已经|adv. 这么快就|adv. 快点；赶紧|adv. 表示动作已完成|adv. 已经变成某种状态
also	adv. 也；还|adv. 同样如此
alter	v. 改变；改动|v. 发生变化|v. 改衣使合身|v. 使精神状态受到影响|n. 另一个身份；另一个人格状态|n. altar 的误拼|v. 给动物绝育
alteration	n. 改变行为|n. 改变后的状态或结果
alternate	adj. 轮流的；交替的|n. 替代者；候补者|v. 轮流发生；交替|adj. 隔一个的；每隔一个的|adj. 替代的；另一种的|n. 替代物；替代方案|v. 使轮流；使交替|v. 交替变化|adj. 互生的|n. 交替；变换|n. 交错比例|v. 对几何图形作交替操作
alternately	adv. 轮流地；交替地|adv. 按交替关系地|adv. 或者；换一种方式
alternative	adj. 可供选择的|adj. 另一种的；不同的|n. 选择；选择局面|adj. 非主流的|n. 选项；可选方案|n. 剩下的办法|n. 另类摇滚|n. 替代表达|adj. 交替的；互相轮换的
alternatively	adv. 以另一种方式|adv. 或者；另一种可能是
although	conj. 虽然, 尽管
altitude	n. 海拔高度|n. 垂直距离|n. 三角形的高|n. 天体高度角|n. 地位或成就的高度|n. 情绪高涨或傲慢姿态|n. 最高点或最高程度|n. 克鲁尔维数|n. 代数中的高度
altogether	adv. 完全；全然|adv. 总的来说；总体上|adv. 总共；合计|adv. 确实；明显地|n. 裸体状态
altruistic	adj. 利他的；无私的
aluminium	n. 铝；铝这种金属|n. 铝原子|n. 铝制飞机或机器
aluminum	n. 铝（美式拼写）
always	adv. 始终；永远|adv. 总是；一向|adv. 总可以；必要时可以
amass	v. 聚成一堆|v. 积累大量|v. 逐渐聚集起来|n. 一大堆聚集物|n. 聚集行为
amateur	adj. 非职业的；业余的|adj. 业余人士制作或参与的|n. 业余爱好者；非职业参与者|adj. 不专业的；像外行做的|n. 外行；不够熟练的人|n. 爱好者（旧义）
amaze	v. 使惊讶；使惊叹|n. 惊愕；惊讶|n. 恐惧；惊恐|n. 心神昏乱；困惑|v. 使人发懵；使人失去判断力|v. 使困惑；使迷惘|v. 使惊慌；使恐惧|v. 感到惊愕
amazing	adj. 令人惊叹的；出人意料的|adj. 非常棒的；好得不得了的|v. amaze 的现在分词或动名词
amazon	n. 神话女战士|n. 女战士|n. 高大强健的女性|n. 亚马孙鹦鹉|n. 高大强健的女性|n. 亚马孙鹦鹉|v. 被网络竞争者压垮|v. 在亚马孙网站购买|n. 复合棋子|n. 一种性姿势
ambassador	n. 驻外大使|n. 正式使者；代表|n. 品牌或机构代表|n. 体育推广榜样
amber	adj. 琥珀色的|n. 琥珀|n. 琥珀色|n. 黄灯|n. 暂缓许可|n. 龙涎香|n. UAG停止密码|v. 用龙涎香增香|v. 封存在琥珀中|v. 使变成琥珀色|v. 变成琥珀色
ambiguity	n. 歧义状态；含义不明确|n. 一处具体歧义
ambiguous	adj. 含义不明确的；有多种解释的|adj. 犹豫不决的；不站在任何一边的
ambition	n. 雄心；抱负|n. 抱负；目标|n. 对他人成就的愿望|n. 进取心|n. 谋求职位；拉票|v. 热切追求
ambitious	adj. 有抱负的；有野心的|adj. 雄心勃勃的；要求很高的|adj. 非常渴望的|adj. 难以实现的；规模要求很高的
ambulance	n. 救护车|n. 移动医疗站|n. 遗体运输车|n. 担架|n. 有篷马车|v. 用救护车运送
amend	v. 改进；使变好|v. 正式修订|n. 修改；改动|v. 变好；好转|n. 赔偿；补偿|v. 治愈；使康复|v. 康复；痊愈
amendment	n. 改进；修正|n. 议案或法律的修正案|n. 宪法修正案|n. 添加物；改良材料|n. 法律文书的更正
amiable	adj. 性情温和友善|adj. 和蔼可亲，讨人喜欢
amid	prep. 在……之中；被……包围|n. amide 的古旧形式
amidst	prep. 在……之中；被……包围
among	prep. 混在……之中|prep. 属于……之列|prep. 在……群体中普遍存在
amongst	prep. 在……之中；混在……中
amount	n. 总量|n. 一份；分量|v. 总计为|v. 等同于；意味着|n. 数量；人数|v. 上升；登高
ample	adj. 宽大；宽敞|det. 足够而有余|adj. 铺展开的；不简略的|det. 充足的量；富余
amplifier	n. 增强作用的事物|n. 电子信号放大器|n. 现场扩音设备|n. 加强语气的副词|n. 扩大视野的镜片
amplify	v. 放大；增强|v. 扩充；详加说明|v. 放大电流或信号|v. 翻译中补充原文没有明说的内容
amuse	v. 使开心；逗乐|v. 逗笑；使发笑|v. 拖延；蒙骗|v. 使分心；使迷惑
amusement	n. 乐趣；娱乐|n. 消遣活动；娱乐活动
an	prep. 每；按每个单位|n. 格鲁吉亚字母第一字母|n. 军用螺纹尺寸标准|num. 一（方言或非标准用法）
anachronism	n. 时代错误, 不合潮流的人(物)
anaemia	n. 贫血, 贫血症, 无活力
analog	adj. 模拟的；连续表示的|adj. 非数字化的；纸质或现实生活中的|n. 类似物；对应物|n. 功能类似而演化来源不同的结构|n. 化学类似物
analogous	adj. 相似的；对应的|adj. 功能相似但来源不同的
analogue	n. 相似的对应物|n. 功能相似但来源不同的生物结构|n. analog 的另一种拼写
analogy	n. 类比；相似对应|n. 比例；比例相等|n. 语言类推
analyse	v. 分析（英式拼写）
analysis	n. 拆解研究|n. 分析结果|n. 数学分析|n. 演绎论证|n. 化学成分分析|n. 音乐分析|n. 精神分析治疗
analyst	n. 分析者|n. 金融或商业分析师|n. 善于分析的人|n. 系统分析师|n. 精神分析师|n. 实分析研究者
analytic	adj. 分析的；分析学的|adj. 善于分析的|adj. 分解性的；按要素分析的|adj. 按定义必然成立的|adj. 分析型语言的|adj. 解析代数的|adj. 与微分演算对象有关的|adj. 解析的
analytical	adj. 分析的；解析性的|adj. 善于分析推理的
analytically	[机] 分析上
analytics	n. 数据分析|n. 分析学原理
analyze	v. 分析某事|v. 分解复杂问题|v. 拆分组成部分|v. 查明性质或本质
anarchy	n. 无政府状态|n. 政治混乱|n. 一片混乱|n. 无政府主义理论
anatomy	n. 解剖研究|n. 身体结构|n. 整体的内部剖析|n. 解剖学著作|n. 人的体形|n. 身体（委婉说法）|n. 有机体的组织结构|n. 骨骸或尸体
ancestor	n. 祖先；先辈|n. 前身；早期类型|n. 前辈；先驱|n. 遗产来源人|n. 词源；词语源头|v. 成为……的祖先
ancestral	adj. 祖先的；祖传的|n. 祖先|n. 后代；祖先一系的人|n. 年长亲属|n. 遗传前身|n. 先驱；前身|n. 早期版本|n. 祖灵|n. 祖先传统的追随者|n. 前身关系；先行者
ancestry	n. 祖先谱系；家族血统|n. 作为祖先的状态|n. 高贵家世
anchor	n. 船锚|n. 稳定支点|v. 用锚固定|v. 抛锚停泊|n. 网页锚点|n. 新闻主持人|n. 接力最后一棒|n. 商业带动点|n. 防守核心|v. 停住；固定下来|v. 给人情绪支撑|v. 担任新闻主持人
ancient	adj. 古老的；年代久远的|adj. 古代的；属于久远过去的|adj. 古典时代的；古代史的|n. 古代人|adj. 有经验的；熟悉业务的|adj. 从前的；前任的|n. 老人|n. 英国法律团体中的资深成员|n. 前辈；前任|n. 旗帜；军旗|n. 旗手
and	n. 后半拍|n. 逻辑“与”符号|n. 逻辑“与”运算|v. 进行“与”运算|adj. 飞机机头向下|n. 呼吸|n. 海面蒸汽雾|v. 呼吸或低声设想
anders	n. 安德斯（男子名）
anecdotal	adj. 轶事性的；来自个别经历的|adj. 充满轶事的
anecdote	n. 真人轶事|n. 个别事例|n. 未公开的秘闻|v. 讲轶事
anew	adv. 重新；再次，以新的方式
angel	n. 天使；神圣使者|n. 天使中的低阶者|n. 天使般的人|n. 天使投资人|v. 资助；出钱支持|n. 侍从灵；守护灵|n. 教会负责人|n. 天使金币|n. 千英尺高度单位|n. 雷达发现的不明飞行物|n. Angelman 综合征患者|n. angel 的大写形式
angelina	n. 年轻生手流浪汉|n. 洛杉矶女性居民
anger	n. 愤怒|v. 使生气|v. 变得生气|n. 疼痛；刺痛
angle	n. 几何角|n. 角度大小|n. 观点、看法|v. 使成一定角度|n. 墙角、建筑物的角|n. 方向变化、斜着的方向|n. 新闻报道的切入点|n. 隐藏的打算|n. 鱼钩、钓具|v. 突然改变方向|v. 从某角度呈现|v. 用鱼钩钓鱼
angrily	adv. 生气地；愤怒地
angry	adj. 生气的；愤怒的|adj. 红肿疼痛的|adj. 阴沉而有威胁感的|v. 使发怒（过时）
anguish	n. 极度痛苦|v. 承受痛苦|v. 使人痛苦
animal	adj. 动物的；与动物有关的|n. 动物|adj. 本能的；不受社会规范约束的|n. 非人类动物|n. 像人一样的高等动物|n. 野蛮残酷的人|n. 某一类型的人|n. 一种事物；完全不同的对象|adj. 与精神、感觉或神经活动有关的|adj. 很棒的|n. 供人驱使的动物|n. 凯莎的粉丝
animal-protection	动物保护
animation	n. 动画；动画作品|n. 活力；神采|n. 赋予生命或活力|n. 生命状态；活性|n. 有生性转化|n. 度假活动安排
ankle	n. 脚踝；踝关节|v. 走路|v. 骑车时用脚踝调整踩踏角度
anna	n. 印度旧钱币
annal	n. 记录；编年史
annette	n. 安妮特（女子名）
anniversary	n. 周年纪念日|n. 某人的周年纪念日|n. 其他时间段后的纪念日
announce	v. 公开宣布|v. 播报比赛|v. 担任播报员|v. 宣告判决
announcement	n. 宣布的行为|n. 发布出来的通知|n. 宣布的具体内容
annoy	v. 打扰；惹恼|v. 使人不快；惹怒|n. 烦恼；不快|n. 烦人的事物|v. 伤害；妨碍
annoyance	n. 烦人的事；麻烦|n. 烦恼；恼火的情绪|n. 一次惹人烦的行为
annual	adj. 每年一次的|adj. 年度的；按年计算的|n. 年度刊物|adj. 一年生的|n. 一年生植物|n. 年度体检|adj. 一年生的；只存活一季的|n. 年度哑剧演出
annually	adv. 每年；一年一次
anonymity	n. 匿名；身份不明|n. 匿名者或无署名之物|n. 默默无闻；不受关注
anonymize	vt. 隐去（试验结果等）中的姓名资料, 使匿名
anonymous	adj. 未署名的|adj. 姓名不明或被隐去的|adj. 没有名称的|adj. 缺少个性的
another	det. 再一个；再来一份|det. 另一个；不同的|pron. 再来一个|pron. 另一个|det. 任意另一个；同类中的另一个|pron. 同类中的另一个
answer	n. 回答；回应|n. 解决办法；答案|v. 回答；回应|v. 接听；应门|v. 满足需要；适合用途|n. 对应的人或事物|v. 为指控辩护；答辩|v. 对……负责|v. 与……相符；对应|v. 符合；适合|v. 有效回应；驳倒|v. 履行；满足要求
answerable	a. 有责任的, 可回答的
ant	n. 蚂蚁|n. 网络爬虫|n. 助航设备小组|n. 行动者网络理论|n. 模糊核瞬变|v. 蹭蚂蚁
antagonistic	adj. 敌对的；对抗的|adj. 拮抗的；相互抵消的
antarctic	adj. 南极的；南极地区的|adj. 相反的；矛盾的|adj. 南方的
antenna	n. 动物触角|n. 电磁波天线|n. 敏锐的直觉|n. 寡糖片段|n. 帆桁
anthropological	adj. 人类学的
anthropologist	n. 人类学家
anthropology	n. 人类学|n. 神学中的人论
anti-avoidance	adj. 防止避税的
anti-bribery	反贿赂
anti-colonial	adj. 反殖民主义的
anti-immigrant	adj. 反移民的
anti-intellectual	adj. 敌视知识与理性思考的|n. 反智者；轻视知识分子的人
anti-intellectualism	反智主义
anti-obesity	n. 抗肥胖
anti-pollution	n. 反污染
antibacterial	adj. 抗菌的|n. 抗菌药物；抗菌制剂|adj. 反对细菌致病说的
anticipate	v. 预先采取行动|v. 预料；预期|v. 热切期待|v. 提前提出
anticipation	n. 预先想到；预感|n. 期待；期盼|n. 提前还款|n. 预先提及|n. 预先出现的和弦外音|n. 草率的预想
anticompetitive	a. 反竞争的
antidiscrimination	adj. 反种族歧视的；反歧视的
antigravity	n. 反重力
antipoverty	a. 反贫穷的,<美>(尤指政府倡议的)反贫穷计划
antique	adj. 古代的|adj. 古老而非现代的|n. 古董；古老物品|adj. 古董体字体的|adj. 古旧暗淡的（颜色）|n. 一件古董|n. 老古董；过时的人或事物|n. 古董体字体|v. 寻找或购买古董|v. 把物品做旧|adj. 不上金色的浮雕装饰|adj. 古怪滑稽的（废旧用法）
antiquity	n. 古代；远古历史|n. 古代的人们|n. 中世纪以前的历史时期|n. 古代遗物；古迹|n. 古老；古老的传承|n. 老先生
antiscience	n. 科学无用论|a. 反对(或屏弃)科学的
antismoking	n. & adj.反对吸烟(的), 禁止吸烟(的)
antithetical	a. 对立的, 正相反的
anxiety	n. 焦虑；担忧|n. 渴望；急切期待|n. 焦虑障碍|n. 焦躁不安的身体状态
anxious	adj. 焦虑不安的|adj. 急于；渴望|adj. 因未来或未知而担心|adj. 令人担忧的
anxiously	adv. 焦虑地；忐忑地
any	adv. 丝毫；哪怕一点|det. 任何一个；一些；一点|det. 任意的；随便哪个|det. 某个即将到来的|pron. 任何人或任何事物
anybody	pron. 任何人；谁都|pron. 有头有脸的人
anyhow	adv. 无论如何；反正|adv. 随便地；乱七八糟地|adv. 以任何方式；怎么都行|adj. 乱糟糟的；马虎的|adv. 不加考虑地；随意地
anymore	adv. 再也不, 不再
anyone	pron. 任何人；随便哪个人
anything	pron. 任何事物；什么事情|adv. 任何程度；一点儿|pron. 尤其是；和其他因素一样|n. 重要人物或事物|v. 做什么之类的事
anytime	adv. 随时；任何时候|adj. 适合任何时间的|intj. 不客气；随时愿意帮忙
anyway	adv. 无论如何；还是|adv. 反正；不管怎样说|adv. 不管怎样；话说回来|adv. 到底；究竟|adv. 以任何方式
anywhere	adv. 在任何地方|adv. 到任何地方；无论到哪里|pron. 任何地方；哪里都可以|n. 四海为家的人
apart	adj. 分开的；单独的|adv. 分开地；彼此隔开|adv. 拆开；拆散|adj. 独特的；与众不同的|adj. 拆散的；零散的|adv. 分别地；单独地|adv. 向一边；在旁边|n. a part 的误写
apartment	n. 公寓；套房住宅|n. 专用房间；套间|n. 隔间；分隔区域|n. 隔离空间
ape	n. 猿|v. 模仿；拙劣地仿效|adj. 疯狂的；失控的|n. 非人类猿类|n. 粗野的人|n. 模仿者|v. 像猿一样胡闹|n. 针对黑人的侮辱性称呼|n. 烷基酚聚氧乙烯醚缩写
aphid	n. 蚜虫
apologise	v. 道歉（英国英语拼写）
apologize	v. 道歉；承认过错并表示遗憾|v. 对某事发生表示遗憾|v. 为自己辩护
apology	n. 道歉；歉意|n. 正式辩护|n. 勉强充数的替代物
app	n. 应用程序|n. 用途、应用|n. 申请|n. 开场小吃|n. 出场次数|n. 上诉（复数缩写）|n. 应用程序（地区性写法）|n. 方法、途径（缩写）|n. 急性期蛋白|n. 淀粉样蛋白前体|n. 聚磷酸铵|n. 授权推送付款
appal	vt. 使惊骇, 使吓坏
appall	vt. 使丧胆, 使惊骇
apparatus	n. 成套运作系统|n. 复杂设备|n. 一套工具器材|n. 官僚组织机制|n. 应急车辆|n. 体操器械|n. 艺术体操器具|n. 复杂武器装备
apparent	adj. 显而易见的|adj. 表面上如此的|adj. 看得见的
apparently	adv. 表面上；看起来|adv. 据说；看来|adv. 看来；显然是根据迹象|adv. 明显地
appeal	n. 上诉申请|n. 呼吁或请求|n. 吸引力|v. 提出上诉|v. 向权威求助或求证|v. 有吸引力|n. 上诉文件或案件|n. 上诉权|n. 诉诸手段|n. 诉诸原则|v. 对判决提出上诉|v. 请求帮助
appear	v. 出现；显现|v. 显得明显；显现于认识中|v. 看起来；似乎|v. 公开露面|v. 出庭；到权威机构面前|v. 使显现
appearance	n. 出现；现身|n. 外表；外在样子|n. 所见现象；奇异景象|n. 外在形象；给人的印象|n. 公开露面；登场|n. 出庭；到庭|n. 外在表象|n. 排便；排泄情况
appease	v. 平息；使平静|v. 满足要求以安抚
appendix	n. 附录|n. 阑尾|n. 附属物；附加部分|n. 附属突起
appert	n. (Appert)人名；(法)阿佩尔；(英)阿珀特
appetite	n. 胃口；食欲|n. 强烈欲望；渴望|n. 对活动或精神满足的兴趣
applaud	v. 鼓掌表示赞赏|v. 赞许；称赞|n. 喝彩；鼓掌|n. 赞词；赞许
applause	n. 掌声；公开赞许|v. 鼓掌；喝彩（旧）
apple	n. 苹果|n. 苹果（省略形式）|n. 苹果（非正式说法）|n. 苹果树|n. 苹果电脑|n. 苹果（历史省略义）|n. 球（旧俚语）|n. 植物学中的苹果果实|n. 苹果木|n. 人（俚语）|n. 业余无线电爱好者|n. 助攻
appliance	n. 家用电器|n. 用于特定目的的器具或装置|n. 施行或运用|n. 消除不良事物的手段|n. 愿意效劳
applicable	adj. 适用于；对……适用
applicant	n. 申请人；申请者|n. 法律申请人|n. 三维坐标中的第三坐标
application	n. 应用；运用|n. 应用程序|n. 申请；申请材料|n. 涂敷；施用|n. 施用的东西|n. 具体适用；对应|n. 正式申请；请求|n. 请求；请愿行为|n. 专心；勤奋|n. 贴布绣|n. 参数代入|n. 顺从
apply	v. 涂上；贴到|v. 用于；运用|v. 申请|v. 把……用于；运用到|v. 专心投入|v. 努力学习或工作|v. 适用于|v. 指向；涉及|v. 使忙于；驱使工作|v. 拜访
appoint	v. 确定时间、地点或会议|v. 任命某人担任职位|v. 把场所配备齐全|v. 把设备正式配给某人|v. 依法指定财产的受益人|v. 以命令确定或规定|v. 决定、注定
appointment	n. 任命；任用|n. 预约；约定的会面|n. 任职；任命的职位|n. 官方任命|n. 约定；规定|n. 规定；安排|n. 财产指定；指定文书|n. 设备；陈设|n. 学院公开演讲等项目|n. 公职津贴
appraisal	n. 评估价值的过程|n. 价值评估或正式评价
appreciate	v. 感激|v. 欣赏；重视|v. 理解；意识到|v. 升值
appreciation	n. 感激；赞赏|n. 理解；体会|n. 欣赏；重视|n. 升值；增值
appreciative	adj. 表示感激的；欣赏的|adj. 有欣赏力的；能体会价值的
apprehension	n. 担忧；恐惧|n. 逮捕|n. 理解；领会|n. 看法；概念|n. 抓取|n. 理解能力
apprehensive	adj. 忧虑的；忐忑的|adj. 善于理解的|n. 忧虑语气；预期不良结果的语法范畴
approach	n. 接近；临近|n. 通道；入口|n. 方法；思路|v. 靠近；接近|v. 向……靠近|v. 着手处理|n. 接近程度；近似|n. 飞机进场航道|v. 接近到某种程度|v. 向……提出|n. 接近他人的机会|n. 保龄球助跑区
approachable	adj. 平易近人的
appropriate	adj. 合适的；恰当的|adj. 得体的；合乎礼仪的|v. 据为己有；擅自占用|v. 指定；拨作特定用途|adj. 正确而正面的；应当的|adj. 令人愉快的；称心的|adj. 专作某用途的；留给特定对象的|v. 正式划归为财产|v. 使适合；使相称
appropriately	adv. 恰当地；适当地
appropriateness	n. 恰当性；合适程度
approval	n. 批准；同意|n. 赞许；认可|n. 供挑选的寄售物品
approve	v. 正式批准|v. 认为好并表示赞同|v. 赞同、认可某人或某事|v. 证明、显示价值|v. 证明某人值得认可|v. 据地获利
approximate	adj. 接近的；相似的|adj. 大致准确的|v. 估算|v. 接近；趋近于|adj. 彼此接近但未合并的|n. 近似值；大概数|v. 使接近；带到近处
approximately	adv. 大约；约为
apt	adj. 恰当的；合适的|adj. 容易；倾向于|adj. 有天分的；善于学习的|n. 公寓（apartment 的缩写）|n. 高级持续性威胁|n. 自动化压力机工装|n. 先进客运列车|n. 公寓（美国地址缩写）|n. 套利定价理论|n. 解剖病理技术员|n. 酰基蛋白硫酯酶
aquatic	adj. 水生的；水中的|n. 水生植物
arab	adj. 阿拉伯的；阿拉伯人的|n. 阿拉伯人|n. 阿拉伯地区居民|n. 阿拉伯语社群成员|n. 阿拉伯马|n. 街头流浪儿童|n. 十亿
arable	adj. 可耕种的|n. 可耕地|adj. 正在种植一年生作物的
arbiter	n. 仲裁者；裁决人|n. 最终决定者；评判标准|v. 担任仲裁者|n. 资源分配电路部件
arbitrary	adj. 凭主观决定的；武断的|adj. 任性专断的|adj. 任意的|adj. 由仲裁者决定的|adj. 非象征性的；非图像式的|n. 任意设定的数值或费用
arbutus	n. 野草莓树
arc	n. 圆或曲线的一段弧|n. 故事发展线|v. 沿曲线移动|n. 天体在地平线上方或下方经过的弧线|n. 一般的曲线|n. 电弧|n. 某一阶段的个人形象或生活主题|n. 篮球三分线|n. 提前供评本|n. 自动引用计数|v. 使呈弧形|v. 形成电弧
arch	adj. 机灵淘气的|n. 拱形|n. 承重拱|v. 拱起|adj. 早熟机灵的|adj. 首要的|n. 拱形建筑构件|n. 拱门下的通道|n. 天然拱洞|n. 足弓|v. 用拱形覆盖|adj. 统计学缩写
archaeological	adj. 考古学的；与考古研究有关的
archaeologist	n. 考古学家
archaeology	n. 考古学；考古研究
archeology	n. 考古学
architect	n. 建筑师|n. 策划者；幕后设计者|v. 策划；统筹|n. 建筑师称号
architectural	adj. 建筑的；建筑学的|adj. 具有建筑般结构或风格的
architecture	n. 建筑设计与建造|n. 建筑风格|n. 系统或产品的设计结构|n. 整体组织结构|n. 处理器架构家族|n. 具体芯片架构|n. 构造或做工
archive	n. 档案库；档案馆|n. 档案资料；资料库|v. 归档；存档|n. 天然记录层
archivist	n. 档案管理员
arctic	adj. 北极地区的|adj. 极其寒冷的|adj. Arctic 的小写形式|adj. 适用于严寒的|n. Arctic 的小写形式|adj. 北天极的|n. 防水保暖套鞋|n. 北极眼蝶属蝴蝶
area	n. 面积|n. 区域；地区|n. 范围；领域|n. 一片地方|n. 禁区|n. 地下室采光井|n. 生殖器部位
arena	n. 比赛或表演场地|n. 容纳场地的大型建筑|n. 活动或竞争的领域|n. 古罗马竞技场的沙地中央
arguably	adv. 有理由可以说；可以论证为
argue	v. 显示；说明|v. 争论；辩论|v. 提出并维护观点|v. 争吵|v. 证明|v. 控告
argument	n. 支持观点的理由|n. 一套推理过程|n. 口头争吵|n. 逻辑论证|n. 冲突或打斗|n. 句法论元|n. 函数自变量|n. 复数的幅角|n. 计算所依据的量|n. 传给函数的值|n. 函数调用中的实际参数|n. 作品内容提要
argumentative	adj. 论证的；推理的|adj. 爱争辩的；好争论的
arise	v. 起身；站起来|v. 起床；起身|v. 出现；产生；开始发生|n. 升起
aristocratic	adj. 贵族制度的；贵族阶层的|adj. 贵族式的；具有贵族特点的
aristotle	n. 瓶子（考克尼俚语）
arithmetic	adj. 算术的；与算术有关的|n. 算术；基本数运算|adj. 按等差规律变化的|adj. 用加法求出的；算术平均的|n. 数论
arm	adj. 贫穷的|n. 手臂|n. 武器|v. 提供所需能力|n. 上臂|n. 动物的臂状肢体|n. 衣袖|n. 支杆；臂|n. 海湾；海汊|n. 组织分支|n. 力量；支持|n. 试验组
armchair	adj. 脱离实际的；旁观的|n. 扶手椅|adj. 纸上谈兵的；外行妄加评论的|n. 脱离实际的立场|v. 凭理论构想|v. 根据既有资料推演
army	n. 地面作战军队|n. 为同一目标行动的大群人|n. 特定编制的军队|n. 政府军队部门|n. 成群行动的社会性动物|n. 整个军事力量|n. BTS粉丝群体|n. 一名BTS粉丝|n. 数量庞大的事物
around	adv. 绕圈、环绕|adv. 围在周围|prep. 围绕|adj. 在附近|adj. 仍存在|adv. 大约|adv. 到处流传|adv. 扭转、改变方向|adv. 转身、转向另一面|adv. 四处、挨个|adv. 闲晃、无所事事地|prep. 围绕某主题
arouse	v. 激起情绪或兴趣|v. 唤醒|v. 引起性兴奋|v. （委婉）引起性兴奋
arrange	v. 整理；排列；组织|v. 预先安排；筹划|v. 改编音乐作品|n. 歌曲改编版
arrangement	n. 安排；整理|n. 准备；安排|n. 协议；约定|n. 排列方式；布局|n. 排列好的东西；组合|n. 组织方式；配置|n. 音乐改编
array	n. 有序排列的一组|n. 大量选择或事物|n. 数组|n. 展示出来的一组|n. 整齐排列；阵列|n. 矩阵|v. 给……穿戴装饰|v. 整齐排列或部署|n. 服饰装束|n. 陪审员名单或陪审团|n. 民兵队伍|n. 刺猬群
arrest	n. 截停；阻止|n. 拘捕；逮捕|v. 阻止；遏制|v. 依法拘捕|n. 停止状态；停顿|n. 拘押；羁押|n. 制动装置；止动器|v. 吸引注意|n. 扣押船只|n. 强行夺取；控制|n. 马后腿皮肤病变|v. 截住身体动作
arrestee	n. 被逮捕者
arrival	n. 到达某地|n. 某时刻的到来|n. 开始出现|n. 达到目标或阶段|n. 到达者或新来的事物
arrive	v. 到达某地|v. 取得成功或声望|v. 时间到来|v. 发生；来到|v. 达到性高潮|v. 到达；来到|v. 使船靠岸
arrogant	adj. 傲慢的；自大的
arrow	n. 箭|n. 箭头符号|v. 疾速直行|n. 有向边|n. 飞镖|n. 程序中的箭头符号|v. 使迅速直冲|v. 用方向键移动|n. 态射|n. 甘蔗花穗|v. 长出花穗|v. 指定某人负责
arsenic	n. 砷；砒|adj. 五价砷的；含五价砷的|n. 三氧化二砷|n. 一个砷原子
art	n. 艺术|n. 创造性的情感表达|n. 高超技巧|n. 艺术学科及其创作|n. 审美价值|n. 艺术作品|n. 艺术门类|n. 依靠直觉的学科|n. 经过训练的技能|n. 谋略或操弄|n. 跟腱反射时间缩写|n. 辅助生殖技术缩写
art-market	艺术品市场
artefact	n. 人工制品, 制造物, 人为现象, 膺象, 矫作物, 古代文物
artery	n. 动脉|n. 主要通道
arthritis	n. 关节炎
article	n. 文章|n. 物品；项目|n. 冠词|n. 法律条款|n. 真正的人或物|n. 连接成整体的一段|v. 按约收为学徒|v. 分条列明|n. 人；家伙|n. 女人；姑娘|n. 事项；所涉及的问题|n. 一个部分
articulate	adj. 表达清楚而有效的|adj. 口齿清晰、善于表达的|v. 使表达清楚有效|v. 清楚发音或说话|v. 把想法说出来|v. 使分节活动或连接|adj. 由关节或分节部分连接的|adj. 界限分明的|adj. 分项表达的|adj. 与人类言语有关的|adj. 已分节或已连接的|n. 分节动物
articulately	adv. 口齿清楚地; 发音清晰地
artifact	n. 人工制品|n. 检查或实验造成的假象|n. 某种智慧或作用造成的东西|n. 人为观念或安排的产物|n. 考古或历史文物|n. 音像或图像失真|n. 软件构建产物|n. 博物馆藏品中的物件|n. 标本制备造成的生物结构
artificial	adj. 人造的|adj. 做作的；不真诚的|adj. 非自然的；强加的|adj. 人为设计的（分类学）|adj. 传递特殊约定信息的（桥牌）
artificially	adv. 不自然地；刻意地|adv. 人工地；通过人为方法
artist	n. 艺术创作者|n. 某方面的高手|n. 音乐艺人|n. 视觉艺术家|adj. 有艺术性的
artistic	adj. 有艺术创造力的|adj. 艺术的；艺术家特有的|adj. 有美感的|adj. 网络上委婉指自闭症的|adv. 以艺术的方式
artwork	n. 艺术作品|n. 艺术创作|n. 复制用图像素材
as	adv. 同样程度地|prep. 和……相比；与……一样|prep. 作为|adv. 视为；就……而言|adv. 非常；极其|n. 高级附加课程的缩写|prep. 以……的形式；当作|adv. 例如|n. 古代重量单位|n. 古罗马铜币|n. 高级补充课程的缩写|n. 主动脉瓣狭窄的缩写
asa	n. 乙酰水杨酸；阿司匹林|n. 空中主权警戒
asc	n. 门诊手术中心|n. 自闭症谱系状况|n. 威尔士议会法案|n. 意识状态改变|n. 上升时间
ascend	v. 向上升起；飞升|v. 登上；走上|v. 上升；提高到更高层次|v. 向上倾斜|v. 继承王位或统治职位|v. 向过去追溯|v. 音调升高|v. 相关网络俚语中的“摆脱困境”
ascertain	v. 查明；弄清|v. 使确信；告知|v. 寻找失物|v. 证实；证明|v. 确保；使实现
ascribe	v. 把原因或特点归因于|v. 把作品归于某位作者|v. 认同某种观点
asd	n. 自闭症谱系障碍|n. 平均标准差|n. 实际出货日期|n. 课后留校处罚|n. 房间隔缺损|n. 活动支持日期|n. 飞机统计数据|n. 国防部助理部长|n. 反荡妇防御
ash	n. 燃烧后的灰烬|n. 火化后的骨灰|adv. 非常；极其|n. 完全氧化后的残留物|n. 火山灰|n. 灾难后的废墟；重新开始的象征|n. 灰色|n. 梣树|n. 梣木|v. 弹掉烟灰|n. 遗骸|n. 随机系统演化后的稳定图样
ashamed	adj. 感到羞愧；惭愧
ashore	adv. 在岸上|adv. 向岸边
asian	adj. 亚洲的；与亚洲有关的|n. 亚洲人（较广义）|n. 亚洲人（英国等地常指南亚人）|n. 亚洲猫
aside	adv. 向一边；到一旁|adv. 暂且不考虑；撇开不谈|n. 对旁人的悄声插话|n. 戏剧中的对观众旁白|n. 题外补充；顺带一提|adj. 歪向一边的
ask	n. 一次请求|n. 所请求的事物|v. 向某人询问|v. 请求某物|v. 请某人做某事|v. 提出问题|n. 要价|v. 向某人请求某物|v. 请求自己做某事|v. 要求价格|v. 邀请|n. 社交平台上的提问消息
asleep	adj. 睡着的|adj. 麻木的|adj. 没注意的|adj. 长眠的；已故的
asocial	a. 不合群的, 不关心他人的, 自私的
aspect	n. 方面；层面|n. 外观；视角下呈现的一面|n. 方面；角度|n. 局部视角；阶段|n. 朝向；面向|n. 景色；展望|n. 体貌|n. 神态；面貌|n. 星体相位|n. 神的某种显现|n. 注视|n. 外观；景象
aspiration	n. 抱负；强烈愿望|n. 送气动作；抽气|n. 送气；释放辅音后的气流|n. 抽吸；吸取体液或组织|n. 法语中的无声 h|n. 带 h 的弱化拼写过程
aspire	v. 立志；渴望实现|v. 达到高处（古旧）|v. 向上伸展；高耸（古旧文学）
aspirin	n. 阿司匹林药物|n. 一片阿司匹林
assassinate	v. 暗杀重要人物|v. 彻底毁掉名誉或事业|n. 暗杀行为|n. 刺客
assault	n. 身体攻击|v. 攻击；抨击|n. 猛烈抨击|n. 暴力攻击未遂|n. 攻击罪|n. 造成即时人身威胁的行为|n. 侵害罪|v. 威胁；骚扰|n. 击剑中的对抗
asse	abbr. 美国安全工程师学会（American Society of Safety Engineers）；美国卫生工程学会（American Society of Sanitary Engineering）；美国学生交换组织（American Scandinavian Student Exchange）
assemble	v. 组装；拼装|v. 集合；聚集|v. 将汇编语言转换为机器代码
assembly	n. 组件；总成|n. 组装；装配|n. 集会；集合|n. 立法机构；议会|n. 汇编语言|n. 集合信号|n. 程序组件
assert	v. 明确断言；肯定地说|v. 坚持表达自己；争取被重视|n. 断言；明确判断|v. 行使并显示权威|v. 维护；提出并坚持权利或主张|v. 在程序中设定必须成立的条件|v. 在线路上置加信号
assertion	n. 提出主张的行为|n. 所提出的声明或主张|n. 缺乏证据的断言|n. 维护或主张权利|n. 程序中的断言检查|n. 财务报表审计中的信息主张
assess	v. 评估；判断|v. 评定处罚|v. 核定税额
assessable	a. 可估价的, 可征税的, 可估计的
assessment	n. 评价；评估结果|n. 评估行为；核定金额
asset	n. 资产；有价值的资源|n. 可复用的有价值组件|n. 情报资源|n. 身体部位的俚语说法
assign	v. 指定用途；划定|v. 分配任务|v. 指定任职；指派|v. 归类；归因|v. 转让财产或权利|v. 给变量赋值|n. 受让人|n. 附属物|n. 指定；任命|n. 目标；意图
assignment	n. 分派；分配|n. 分派的任务|n. 作业；课程任务|n. 派定的岗位或工作|n. 权利转让|n. 赋值操作|n. 归类；认定|n. 权利转让文件
assimilate	v. 吸收营养|v. 吸收并理解知识|v. 使融入社会或文化|v. 使相似或相合|v. 变得相似|v. 被吸收并融入|adj. 已被吸收的|adj. 相似的|n. 被吸收的东西|n. 相似的事物|v. 把……比作……
assimilation	n. 同化；吸收过程或状态|n. 吸收新思想|n. 营养吸收并转化为身体组织|n. 文化同化|n. 语音同化
assimilative	a. 吸收的, 同化的
assist	v. 帮助；协助|n. 一次帮助|n. 助攻|v. 助攻|v. 辅助；补偿功能缺失|v. 赞同；站在一边|v. 出席；在场
assistance	n. 帮助；援助
assistant	n. 助手；助理|adj. 辅助职位的|adj. 起辅助作用的|n. 销售助理|n. 软件辅助工具|n. 在场者；见证人
assisted-suicide	协助自杀；帮助自杀
associate	adj. 副职的；助理级的|adj. 准成员的；享有部分资格的|n. 合作者；商业伙伴|n. 同事；共事者|v. 使结为伙伴；使结盟|v. 连接；结合|v. 联想到；联系起来|adj. 伴随的；相关联的|n. 伙伴；同伴|n. 伴随者；相关因素|n. 准成员|v. 加入；结成联盟
association	n. 联系、联结这一行为|n. 联系、关联；联想|n. 协会；组织|n. 统计关联|n. 编程中的对象关系|n. 菲律宾华人同姓会或同乡会
assuage	vt. 平息, 缓和, 减轻
assume	v. 假定；认为|v. 承担；担任|v. 采取；装出|v. 采纳；承担|v. 接纳；收纳
assumption	n. 承担；接手|n. 未经证明的假定|n. 假定的前提|n. 圣母升天节|n. 三段论的小前提|n. 被接升天|n. 修辞学术语
assumptive	a. 假定的, 设想的, 傲慢的, 僭越的
assurance	n. 保证；让人放心的话|n. 确信；把握|n. 自信；镇定|n. 厚颜自大|n. 人寿保险|n. 订婚（旧）|n. 产权法律文书|n. 得救的确信
assure	v. 确保；使确定|v. 向某人保证|v. 使安心；打消疑虑|v. 保证；承诺（旧）
asteroid	n. 小行星；绕恒星运行的小天体|n. 太阳系中的小行星|n. 海星类动物
asthma	n. 哮喘
astonish	vt. 使惊讶
astonishingly	adv. 令人惊讶地|adv. 非常；格外
astray	adv. 偏离方向；迷路
astrological	adj. 占星术的；与占星术有关的
astronaut	n. 宇航员|n. 长期在海外工作的男性
astronomer	n. 天文学家
astronomy	n. 天文学|n. 占星术（旧义）
astrophysicist	n. 天体物理学家
at	n. @符号|prep. 在某处；靠近某地|prep. 在活动或事件中|prep. 在某时；在某个时间点|prep. 截至某日的时间点|prep. 朝向；冲着|prep. 对着；不断作用于|prep. 应某人的要求或回应|prep. 正在从事|prep. 处于某种状态|prep. 受制于；取决于|prep. 以……的价格
ata	n. 硬盘数据传输技术|n. 抗组织谷氨酰胺转氨酶抗体
atb	abbr. at the time of bombing 爆炸之机; stealth bomber 秘密轰炸机（代号）; advanced technology bomber 高级技术轰炸员; amphibious training base 水陆训练基地
atd	abbr. 实出发时间（actual time of departure）
athlete	n. 参加竞技体育项目的人|n. 积极参加体育运动的人|n. 体能特别好的人
athletic	adj. 与运动员或体育有关|adj. 爱运动的；运动能力强的|adj. 身材健美的|adj. 动作需要高超身体能力的|adj. 强调跳跃技巧的游戏关卡|n. 体型分类中的健壮型人|n. 奥克兰运动家队球员|n. 毕尔巴鄂竞技俱乐部的简称
atlantic	adj. 大西洋的|adj. 大西洋沿岸的|adj. 亚特兰蒂斯的|adj. 大西洋语族的|adj. 阿特拉斯后裔的|n. 4-4-2式蒸汽机车
atmosphere	n. 大气层|n. 营造出的氛围|n. 某处的空气|n. 现场气氛|n. 标准大气压单位|n. 影视背景演员
atmospheric	adj. 营造特定氛围的|adj. 与大气有关的|adj. 朦胧通透的
atom	n. 原子|n. 一点点；丝毫|n. 古代设想的不可分物质粒子|n. 不可再分的最小单位|n. 单个值或符号|n. 逻辑原子事实|n. 中世纪极短时间单位|n. 阳光中的尘埃|n. 表示字符串的整数|n. 偏序集的最小非零成员|n. 非集合元素|n. 冰球九至十一岁组
attach	v. 把……固定到……上|v. 随电子邮件附上|v. 附着；与……相联系|v. 使产生感情联系|v. 赋予……重要性|v. 在法律上生效|v. 拿住；抓住|v. 逮捕；扣押
attache	n. 使馆随员, 外交使团的专员
attachment	n. 连接；附着|n. 依恋；感情联系|n. 电子邮件附件|n. 依赖；依附|n. 配件；附加装置|n. 连接部位；连接方式|n. 法院扣押财产|n. 闪电连接
attack	n. 攻击；袭击|n. 抨击；攻击性批评|n. 疾病突然发作|v. 攻击；袭击|v. 抨击；严厉批评|adj. 进攻性的；攻击用的|n. 进攻行动；进攻时段|n. 着手处理|n. 计算机攻击|n. 慢性病发作|v. 开始侵袭；使发作|v. 着手处理
attain	v. 获得目标或结果|v. 达到或到达|v. 努力到达|v. 理解或弄清|v. 达到某种卓越程度|v. 追上某人
attempt	n. 尝试；努力|v. 试图；尝试|n. 攻击企图|n. 自杀未遂|n. 犯罪未遂|v. 试图劝动；诱使|v. 试图赢得或制服|v. 攻击；强行夺取|v. 犯罪未遂
attend	v. 处理、照料某事|v. 留心、注意|v. 照料、服侍某人|v. 陪同或随侍|v. 专心留意|v. 留心某事|v. 侍奉、专事处理|v. 等待某事发生|v. 伴随而来|v. 等候某人或某事|v. 等待|v. 随后发生或伴随
attendance	n. 出席；到场|n. 出席者；出席人数|n. 出席情况；出席率|n. 关注；照料
attendant	adj. 伴随的；随之而来的|n. 服务人员；照料者|n. 侍从；贴身仆人|n. 伴随之物；随之而来的事物|adj. 负有义务的；从属于某人的|n. 到场者；来访者|n. 负有义务或服务责任的人
attendee	[计] 出席人, 参加者, 被照顾者, 被服务者
attention	n. 注意力|intj. 请注意！|n. 关心；关注；示好|intj. 立正！|n. 立正状态|n. 注意力机制
attentive	adj. 专心留意的|adj. 体贴周到的
attentively	adv. 注意地, 留心地
attentiveness	n. 注意力；专注
attest	v. 证明真实|v. 签名或宣誓认证|v. 显示、证明能力或事实|v. 官方认证|v. 使宣誓|v. 召来作证；祈求见证
attitude	n. 身体姿态|n. 心理态度|n. 蛮横态度|n. 物体方向姿态|n. 芭蕾舞姿|v. 摆成姿态|v. 用姿态表现态度
attorney	n. 律师|n. 受权代表|n. 检察官|n. 旧时普通法律师|n. 事务律师|n. 律师或公证人的尊称|n. 红厚壳属植物|v. 担任律师|v. 为某人提供律师
attract	v. 物理吸引|v. 吸引人或注意力|v. 招致；导致
attraction	n. 吸引力；引力|n. 吸引；好感|n. 吸引游客的地方；景点|n. 引王弃子|n. 语言牵引错误
attractive	adj. 诱人；有吸引力|adj. 有魅力的；讨人喜欢的|adj. 具有吸引作用的
attractiveness	n. 吸引力；魅力|n. 一种具体的魅力；吸引人的效果
attribute	n. 特征；品质|v. 把……归因于|n. 标志性物件；象征|n. 修饰名词的词语|n. 对象属性；设置项|n. 代码标记；特性标注|v. 把……归于某作者或所有者|n. 谓项；所断定的性质|n. 颜色数值
attribution	n. 归因；归属|n. 署名；出处说明|n. 法律责任归属
attune	vt. 为乐器调音, 使协调, 使合拍
au	adj. 近未流通的|n. 天文单位|n. 天文单位|n. 平行宇宙设定|n. 原子单位|n. 任意单位|n. 吸光度单位|n. 元音字母|n. 全秃|n. 埃单位|n. 任意单位
auction	n. 拍卖会；公开竞价|v. 拍卖|n. 叫牌竞价阶段
auctioneer	n. 拍卖主持人|v. 拍卖出售|v. 主持拍卖
aude	abbr. audio equipment 音频设备
audience	n. 现场听众或观众|n. 广播或电视的受众|n. 正式会见|n. 书刊读者群|n. 追随者群体|n. 听见或聆听的状态|n. 西班牙帝国的司法辖区
audio	adj. 听觉的；声音方面的|n. 声音；音频信号|n. 一段录音
audiobook	n. 有声书；书籍音频版
audit	n. 独立审计|v. 审计账目|v. 独立核查系统|n. 司法审查|n. 一般审查|n. 审计结果或结算账目|v. 旁听课程|n. 宗教辅导|n. 容纳物或承接物|n. 听众或听审|v. 进行宗教辅导
auditor	n. 审计员；查账人员|n. 公共账目主管；公共审计官|n. 旁听生|n. 听众|n. 宗教指导人员
auditorium	n. 大型礼堂或观众厅|n. 观众所在区域
augment	n. 增加量|v. 增加；补充|v. 增长；变大|n. 语法增补前缀|n. 凯尔特语法前缀|n. 班图语法前缀|v. 放慢音乐速度|v. 扩大音程|v. 加上语法增补成分
august	adj. 庄严威严的|adj. 出身高贵的|v. 使成熟|v. 促成实现
aunt	n. 父母的姐妹或姻亲姐妹|n. 对父母朋友等年长女性的亲切称呼|n. 父母的女性表亲或表亲的配偶|n. 老妇人（过时）|n. 拉皮条的女人；老鸨（过时）
aural	adj. 耳朵的；耳部的|adj. 听觉的；声音的|adj. 光环的；气场的
australian	adj. 澳大利亚的；澳大利亚人的；澳大利亚语言的|n. 澳大利亚人|n. 澳大利亚大陆上的人|n. 澳大利亚的一种语言|adj. 上下颠倒的
authentic	adj. 真品的；确实出自所称来源的|adj. 真实可信的；自然不做作的|adj. 正格调式的|adj. 正格终止式的|adj. 有权威的
authenticate	vt. 证明可信, 证实为真, 使具法律效力
author	n. 作品创作者|n. 版权登记上的作者|n. 以写书为业的人|n. 某事的制造者或原因|n. 犯罪的主犯或主要参与者|n. 消息来源或提供依据的人|v. 创作作品
authorise	v. 授权；批准
authority	n. 权力；职权|n. 当局；官方人员|n. 权威来源；权威专家|n. 权威性；可信声望|n. 正式许可；授权|n. 公共事业管理机构
authorization	n. 获准状态；正式许可|n. 授权文件|n. 授权行为|n. 预算支出权限
authorize	v. 授权；批准
autistic	adj. 患有自闭症的；与自闭症有关的|n. 自闭症患者；自闭症人士|adj. 把人说成拙于社交或以自我为中心|adj. 网络语境中形容过分执着|adj. 糟糕的；没品的；愚蠢的
auto	n. 汽车|n. 自动变速箱|adj. 自动挡的|n. 自动模式|n. 自动挡汽车|n. 机动三轮车|v. 乘汽车出行
autobiography	n. 本人写的生平故事|n. 自传文学体裁
automaker	n. <美>汽车制造商
automate	v. 使自动化
automatic	adj. 自动运行的|adj. 下意识的；习惯性的|adj. 必然的；按规定直接产生的|n. 自动挡汽车|adj. 全自动射击的|adj. 半自动手枪的|n. 半自动手枪|adj. 随函数调用自动管理的|adj. 含有限状态自动机的
automatically	adv. 自动地；自然就
automation	n. 自动化过程；自动化系统
automobile	n. 汽车|adj. 自行移动的|v. 乘汽车旅行
automotive	adj. 汽车的；汽车工业的|n. 汽车行业；汽车市场|n. 汽车零部件商店或公司|adj. 能自行运动的
autonomous	adj. 自治的；自主的|adj. 独立行动的|adj. 无主语式的
autonomy	n. 自主权；独立治理|n. 自主决策能力|n. 自治地区|n. 系统自主运行能力|n. 教会自治地位
autopilot	n. 自动驾驶仪|n. 机械行动状态|v. 自动驾驶；自动行进
autumn	n. 秋季|n. 衰退期|n. 暖色调外貌类型|v. 度过秋季|v. 使呈现秋季变化
auxiliary	adj. 辅助的；支援性的|adj. 辅助动词的|adj. 补充的；附属的|adj. 备用的|n. 辅助人员；支援团体|n. 辅助动词的简称|adj. 帆机两用的|n. 帆机两用船|n. 乐队彩旗队成员或队伍
avail	n. 作用；效果|v. 利用；借助|v. 有效；起作用|adj. 有空的；可用的|n. 收益；所得|v. 对……有帮助；使……受益|v. 促进；协助|n. 广告时段或广告套餐|n. 媒体见面会|n. 工作档期可用通知|n. 可供应的石油库存|n. 好处；价值
availability	n. 可用或有空的状态|n. 可用的时段或选项
available	adj. 可用的；可供使用的|adj. 可获得的；买得到的|adj. 有空的；可联系的|adj. 有效的（法律）|adj. 能奏效的（过时）
avalanche	n. 雪崩|n. 大量涌来并压倒人|n. 岩石或泥土的崩落|v. 像雪崩一样冲下|v. 冲下来压倒|v. 把某物推向下方
avantgarde	a. 先锋的, 标新立异的, 创始的, 先驱的
avenue	n. 大道；林荫道|n. 途径；办法|n. 入口；通道|n. 通往房屋的林荫道
average	adj. 平均的；与平均数有关的|adj. 中等水平的|n. 平均数；平均值|v. 求平均值|adj. 普通的；典型的|adj. 平庸的；不出色的|n. 平均成绩；平均表现指标|v. 平均达到|v. 平均为；通常是|n. 运输货物损失赔偿|n. 货物关税或运输收费|n. 按比例分摊的费用
averse	adj. 反感；不愿意|adj. 转向后方的|adj. 位于相反一面|adj. 露出背面的；反面的|v. 使转开
aversion	n. 强烈反感|n. 令人厌恶的对象|n. 转开、避开
avert	v. 转开目光或注意力|v. 防止危险或坏事发生|v. 转身离开
avery	n. 艾弗里（男子名）
aviation	n. 航空学与飞行技术|n. 飞行与航空运营|n. 航空工业|n. 航空力量或航空兵力|n. 航空鸡尾酒
aviator	n. 飞行员|n. 航空试验者|n. 飞行器
avoid	v. 避开某人|v. 躲开有害之物|v. 远离某物|v. 避免做某事|v. 使法律文件无效|v. 清空；清除|v. 在法律上使主张失效|v. 排出；喷出|v. 离开；撤出|v. 摆脱；除去|v. 退开；离去|v. 变为空缺
avoidance	n. 回避；避开|n. 使失效；废止|n. 职位空缺|n. 免职；解雇|n. 离任；放弃职位|n. 排水；引流
avon	n. 埃文河（英国西南部一河）；雅芳（化妆品品牌）
await	v. 等待；等候|v. 期待；预期|v. 等待着发生；等待降临|n. 等待；埋伏|n. 监视；戒备观察|v. 侍候；服侍|v. 监视；观察|v. 等待；停留等候
awake	adj. 醒着的|adj. 警觉的；意识到的|v. 醒来|v. 唤醒；叫醒|v. 使意识到|v. 唤起；激发|v. 使重新活跃|v. 复苏；重新活跃
awaken	v. 唤醒；叫醒|v. 醒来|v. 唤起；激发|v. 使意识到|v. 意识到；觉醒|v. 唤起罪恶意识|v. awake 的过去分词形式
awakening	adj. 苏醒的；唤起的|n. 醒来|n. 意识到；觉悟|n. 宗教复兴|n. 行动上的觉醒|v. 正在醒来；唤醒
award	n. 正式裁决|n. 奖项；荣誉|v. 正式作出裁定|v. 授予奖项或款项|n. 研究拨款|v. 授予某人奖项|v. 判给赔偿等|n. 裁决书|n. 行业劳动裁定|v. 考试给分
aware	adj. 警觉的；提防着的|adj. 知道的；意识到的|v. 使知悉
awareness	n. 清醒意识|n. 认识与关注
away	adj. 不在；外出|adv. 离开；从某处去|adv. 向旁边；移开|adv. 扔掉；丢开|adv. 逐渐消失|adj. 相隔一段距离|adj. 客场的|adv. 相隔；还有多久|adv. 收起来|adv. 藏好；锁起来|adv. 磨损掉；消耗掉|adv. 走开
awe	n. 敬畏|n. 惊叹|v. 使敬畏、震撼|v. 以威慑控制|n. 令人敬畏的力量|n. 水车叶片
awesome	adj. 令人敬畏的；震撼的|adj. 特别棒的；精彩的|n. 极棒的状态或事物|n. 很棒的人
awful	adj. 糟透的|adv. 非常|adj. 极其的|adv. 糟糕地|adj. 可怕的|adj. 令人敬畏的|adj. 充满敬畏的|adj. 吓得发抖的|n. 特定政治标签
awkward	adj. 动作笨拙|adj. 令人尴尬；难以处理|adj. 社交上不自在|adj. 难对付的；棘手的|n. 笨拙或难对付的人或事物
awkwardly	adv. 笨拙地；不自然地；不方便地
ax	n. 斧头|v. 用斧头砍
axe	n. 斧头|v. 用斧头砍|n. 战斧|n. 解雇或拒绝|n. 大幅削减|n. 乐器|v. 砍掉、取消或裁减|n. 交易中的潜在立场|n. 车轴|v. 装上车轴
axis	n. 旋转轴；对称轴|n. 坐标轴|n. 植物主轴；中央茎|n. 联盟；合作轴心|n. 关注中心；关键主线|n. 第二颈椎|n. 生物体的形态分界面|n. 心理障碍分类轴|n. 亚洲鹿
aztec	adj. 阿兹特克的；墨西加人的|n. 墨西加人|adj. 纳瓦人的|adj. 纳瓦特尔语的|n. 纳瓦人|n. 美式橄榄球中的防守后场位置
b	n. B 等；良好|num. 第二|num. 第二|adj. 出生于|n. 十亿|n. B 号铅笔|n. 主教|n. B 型性格|n. B 级；次等|n. B 面；次要部分|n. B 音|v. 是；处于
b-type	[医]B型
babble	n. 无意义的闲话|n. 含混的说话声|v. 含混地说|v. 喋喋不休|n. 潺潺水声|v. 语无伦次地说|v. 含糊地说出|v. 说漏秘密|v. 发出潺潺或低鸣声
baby	adj. 幼小的；未成熟的|n. 婴儿|adj. 最年轻的；最没经验的|adj. 婴儿般的；小而年轻的|n. 未出生的婴儿|n. 幼小的动物|n. 不成熟的人；爱闹孩子气的人|n. 新手；经验不足的人|n. 家里最小的孩子|n. 恋人；亲爱的|n. 对有吸引力的人的称呼|n. 心爱的作品或构想
babywear	n. <尤英>婴儿装
bachelor	n. 未婚男子|n. 学士学位|n. 学士；学士学位获得者|n. 单身公寓|n. 未婚女子|n. 无独立旗号的骑士|n. 尚未取得行会正式身份的初级商人|n. 一种淡水鱼
back	adj. 后面的|adv. 回到原处或原状|n. 背部|v. 支持|adj. 回来了；恢复原状的|adj. 过期的；非现行的|adj. 偏僻的；不在主要区域的|adj. 拖欠的；逾期未付的|adv. 向后|adv. 往回；倒退|adv. 回到过去|adv. 向后退；保持距离
back-and-forth	反复地, 来回地
back-and-forthing	来来回回
back-to-school	adj. 返校的；返校相关的
back-up	[计] 后援; 备份|[医] 后盾(在大气中高压电流所通过距离)
backbone	n. 脊柱|n. 骨干；核心支撑|n. 骨气；坚强
backdrop	n. 舞台后景|n. 视觉背景|n. 演出的环境|n. 形势背景|v. 作为背景衬托
backfire	n. 发动机回火|v. 适得其反|n. 排气管爆燃|v. 发动机回火|n. back fire的另一种拼写|n. 其他设备中的爆燃|v. 火力反向冲出|v. 设置隔离火
background	adj. 背景的；不显眼的|n. 个人背景；经历|n. 后景；背景|n. 背景演员|n. 背景资料；来历|n. 背景中的次要景物或声音|n. 桌面背景图|n. 后台运行|v. 置于背景中|v. 使退居次要位置|v. 向……提供背景资料|n. 背景辐射
backing	adj. 伴奏的；助演的|n. 支持；资助|n. 伴奏者；和声歌手|n. 衬里；垫底材料|n. 背景；背景幕|n. 倒车；向后移动|v. back 的现在分词和动名词|n. 上马；骑上动物
backlog	n. 积压的工作或订单|n. 备用储备|v. 形成或造成积压|n. 火堆后的木柴|n. 先前文本记录
backward	adj. 后部的；后面的|adj. 倒退的；不利于进步的|adv. 向后；往后面|adv. 倒退地；每况愈下地|adj. 发展落后的；学习迟缓的|adj. 不愿主动的；羞于出头的|adv. 朝后；向身后|adv. 反方向地；倒转地|adv. 反着；前后颠倒地|adv. 倒着；逆序地|adv. 回顾过去地；向过去看|adj. 后退兵
backwards	adv. 向后地；朝后方|adj. 后向的；朝后的|v. 向后移动；倒退（第三人称单数）
backyard	n. 房屋后院|n. 住处附近|n. 邻近势力范围
bacon	n. 腌制猪肉|n. 培根薄片|n. 警察或间谍|n. 擦伤|n. 一种香肠
bacteria	n. 细菌；某类细菌|n. bacterium 的非标准单数形式|n. 卑劣或邋遢的人|n. 椭圆形细菌
bacterial	adj. 细菌的；由细菌引起的
bacterium	n. 细菌个体
bad	adj. 质量差；不好|adj. 不利；负面；不佳|adj. 有害；不利于健康|adv. 差劲地；不太差地|adj. 不准确；错误|adj. 不合适；不妥|adj. 不合礼仪的|adj. 身体不适；不健康|adj. 患病或受伤的一侧|adj. 不听话；淘气|adj. 棘手；令人不快|adj. 邪恶；品行恶劣
bada	n. 巴达（韩国女歌手崔成希艺名）
badge	n. 身份徽章；标志|v. 给……加徽章或标记|n. 姓名牌；识别牌|n. 门禁证；通行卡|n. 象征；标志|n. 界面提示徽标|n. 成就徽章|v. 向……出示徽章|v. 凭徽章进入|n. 窃贼手上的烙印|n. 船尾雕饰窗|n. 贵族随从徽记
badly	adv. 很差地；糟糕地|adv. 非常；迫切地|adj. 不舒服；生病
badminton	n. 羽毛球运动|n. 一种红葡萄酒调制的夏日饮料
bag	n. 袋子|n. 包；旅行袋|n. 偏好；擅长的事|v. 装进袋子|n. 垒包|n. 垒位|n. 多重集合|n. 动物体内的囊|n. 动物体内的囊（通常复数）|n. 黑眼圈|n. 大量|v. 拿到；取得
baggage	n. 旅行行李|n. 心理负担|n. 对女子的侮辱性称呼|n. 军队行李和装备
baier	n. (Baier)人名；(德、捷、西)拜尔；(罗)巴耶尔；(英)贝尔
bail	n. 保释金；保释担保|n. 保释获释|v. 为某人办理保释|v. 突然离开；撤退|n. 保释担保人|n. 舀水的勺或容器|n. 环形提把|n. 项链吊坠连接环|n. 家具或器物的悬挂式拉手|v. 准许某人保释|v. 把水舀出去|v. 给船舀水
bailey	n. 城堡外墙|n. 城堡外墙内的区域|n. 法院或监狱|n. 较难辩护的争议立场|n. 苹果品种
bait	n. 诱饵；鱼饵|n. 诱因；诱饵|v. 诱使；引诱|adj. 明显；露骨|adj. 出名；众所周知|n. 毒饵；灭害诱饵|n. 引战帖；挑衅内容|v. 给钩子或陷阱装诱饵|v. 不断骚扰；纠缠|n. 旅途中的食物或休息|n. 旅途中的食物或休息|n. 旅途中的食物或休息
bake	n. 烘烤过程|v. 烤制食物|n. 焗烤菜|n. 烘烤食品|n. 烘烤食物的聚会|v. 被烤熟|v. 被热力烘干、烤硬|v. 用热烘干|v. 热得厉害|v. 把某物晒得很热|v. 预先固定到纹理中|v. 融入整体之中
baker	n. 面包师；烘焙食品制作者|n. 便携式烤炉|n. 适合烘烤的苹果|n. 字母 B 的无线电代称
bakery	n. 面包店；烘焙店|n. 烘焙业；面包师行业|n. 烘焙食品|n. 很大的臀部
baking	adj. 正在烘烤的|adj. 热得发烫的|n. 烘烤活动|v. 正在烘烤；烘烤|n. 烘烤方式|n. 一批烘烤产品
balance	n. 平衡；均势|n. 余额；借贷差额|v. 使稳住；把……放在支点上|n. 镇定；心理平衡|n. 平衡物；配重|n. 天平；秤|n. 兼顾；客观权衡|n. 最终起作用的一方；力量对比结果|n. 艺术上的均衡|n. 账目表；借贷对照表|n. 钟表调速装置|n. 余下部分
balcony	n. 建筑物外墙上的阳台|n. 剧院的楼座
bald	adj. 秃的；没有毛发的|adj. 秃顶的|adj. 有白色裸斑的|adj. 裸露的；没有覆盖物的|adj. 轮胎磨光的|adj. 直白无修饰的|adj. 没有证据支持的|v. 变秃；开始秃顶|n. 无林山顶|n. 秃顶的人
baldassare	n. (Baldassare)人名；(意)巴尔达萨雷
ball	n. 球状物|n. 体育比赛用球|n. 正式舞会|v. 揉成球状|intj. 提醒球误入场地|n. 身体上的球状部位|n. 球类运动|n. 非常愉快的经历|v. 冶炼成球|v. 打篮球|v. 挥霍金钱|intj. 呼吁判持球犯规
ballet	n. 古典芭蕾舞|n. 芭蕾舞剧或演出|n. 芭蕾舞团|n. 协调复杂的连续动作|n. 文艺复兴时期的轻歌曲|n. 纹章上的小圆球|v. 以芭蕾般的方式移动
balloon	n. 充气物；气球|n. 玩具或装饰气球|v. 迅速膨胀；鼓起|n. 载人或载设备的气球|n. 对话框|n. 漫画中的文字框|n. 期末大额还款|v. 乘气球飞行|v. 使像气球一样鼓起|v. 把球打飞得很高|n. 医学气囊|n. 球形玻璃杯
ballot	n. 选票|n. 投票；一轮投票|v. 投票；通过投票决定|n. 全部投票；票数|n. 候选人名单；选票名单|v. 抽签|v. 组织投票征求意见
baluster	n. 栏杆的支柱, 栏杆
ban	n. 禁令|v. 禁止|n. 公开公告或召集令|n. 封建军事召集|n. 诅咒或逐出教会|n. 因违禁而受的罚款|n. 罗马尼亚列伊的百分之一|n. 摩尔多瓦列伊的百分之一|n. 十进制信息单位|n. 历史统治者头衔|n. 英国批准名称|v. 召集；呼喊
banana	adj. 香蕉般弯曲的|n. 香蕉|n. 香蕉（部分英语地区的用法）|n. 香蕉植株|n. 香蕉黄|n. 香蕉球|n. 对过度西化的东亚或东南亚人的贬称|n. 马来西亚、新加坡语境中的族群贬称|n. 阴茎（俚语）|n. 香蕉当量剂量|n. 范畴论中的一种变换|n. 反对一切建设的人
band	n. 带子；箍带|n. 纽带；联系|n. 乐队|n. 条纹；带状区域|n. 装饰带|n. 频段|n. 戒指；识别环|n. 军乐队；行进乐队|n. 一伙人；团体|v. 用带子固定|v. 联合起来|n. 旧式领饰
band-aid	n. 创可贴|n. 权宜办法|v. 贴创可贴|v. 临时补救
bandage	n. 绷带|v. 用绷带包扎|n. 蒙眼布|n. 权宜办法
bandwidth	n. 频带宽度|n. 网络带宽；数据传输速率|n. 信号占用的频带宽度|n. 可投入的时间和精力|n. 图的带宽
bang	intj. 砰|n. 巨响|n. 齐刘海|v. 发出巨响|adv. 正对着|adv. 恰好|adv. 猛然撞上|n. 撞击|n. 爆炸声；爆炸|n. 感叹号|n. 阶乘符号|v. 猛击
bank	n. 银行|n. 河岸；湖岸|v. 办理银行业务|v. 飞机侧倾转弯|n. 银行网点|n. 牌局庄家|n. 庄家资金|n. 钱；利润|n. 储存库|n. 存钱罐|n. 土坡；堤岸|n. 飞机倾斜
banker	n. 银行家|n. 赌场庄家|n. 稳胜赌注|n. 稳妥选择|n. 兑换货币的人|n. 石工工作台|n. 菱形折口信封|n. 纽芬兰渔船|n. 挖沟工|n. 矿业中的斜坡工|n. 满岸水道|n. 助爬坡机车
banking	n. 银行业；银行业务|n. 银行工作；银行职业|n. 投资银行业务|v. bank 的现在分词和动名词|n. 横向转弯|n. 钟表限位装置|n. 铁路推坡作业
banknote	n. 钞票
bankrupt	adj. 破产的；无力偿债的|adj. 彻底缺乏某种品质的|n. 破产者|v. 使破产|n. 企图欺骗债权人的商人
bankruptcy	n. 破产；破产程序
banner	n. 旗帜|n. 大幅标牌或横幅|n. 旗号；事业|adj. 特别出色的|n. 游行或集会标语|n. 报纸头版报头|n. 横幅广告|v. 用旗帜装饰|v. 做成醒目头条|n. 旗帜所代表的军队|n. 军事或行政分支|n. 骑士的主旗
banns	n. 结婚公告
banquet	n. 盛大的庆祝宴席|n. 多人参加的正式宴会|v. 赴宴；尽情吃喝|v. 设宴款待|n. 甜点；甜食菜品|v. 宴后吃甜点
bar	n. 杆；条|n. 酒吧|n. 障碍；阻碍|v. 阻挡通行|n. 条块状物|n. 宽条；光带|n. 条形图块；条码条|n. 横线；竖线符号|n. 酒吧柜台|n. 家用酒柜|n. 饮料吧|n. 简餐店
barbecue	n. 烧烤架；烧烤炉|n. 烧烤聚会|v. 烧烤；烟熏|n. 烧烤肉；熏烤肉|v. 烤；炙烤|n. 整只烤牲畜|n. 咖啡豆晾晒场|n. 木棍架|v. 烧毁；用高温杀死
barber	n. 理发师|v. 给人理发|n. 军医兼理发师|n. 冰针风暴|v. 闲聊
bare	adj. 最低限度的|adj. 裸露的|v. 揭露；使裸露|adj. 空无供应的|adj. 没有装饰的|adj. 覆盖物被除去的|adj. 纯粹的；最基本的|adj. 很多的|adj. 不戴帽子的|adj. 暴露的|adj. 破旧磨损的|adj. 未投保的
barely	adv. 勉强；差一点没能|adv. 几乎不；几乎没有|adv. 刚刚；才|adv. 仅仅；只不过|adv. 明白地；直截了当地
bargain	n. 交易协议；契约|n. 便宜货；低价买到的东西|v. 讨价还价；协商交易|n. 划算的交易；有利的买卖|n. 约定；相互承诺|n. 约定或买下的东西|v. 以代价转让；交换
bargaining	n. 讨价还价；协商过程|v. 正在协商；协商
bark	n. 狗等动物的吠声|n. 树皮|v. 吠叫|v. 厉声说话或下令|n. 尖厉的一声喊话|n. 片状硬糖|n. 烤肉表面的硬脆层|n. 任何东西的外层|v. 喧嚷叫喊|v. 剥去树皮|v. 擦掉外皮|n. 音乐中的短促声响
barn	n. 谷仓；牲畜棚|n. 体育场馆|n. 温暖舒适的房间|n. 巴恩；核物理面积单位|n. 孩子|v. 存入谷仓
barna	n. (Barna)人名；(塞、意、罗、捷、巴基)巴尔纳；(匈)鲍尔瑙
barnard	n. 巴纳德（男子名）
barrel	n. 桶；圆筒形容器|n. 一桶的量|v. 猛冲；横冲直撞|n. 圆筒；鼓筒|n. 枪管|n. 中空管状浪|v. 装进桶里|n. 化油器喉管|n. 吊灯筒|n. 管；筒|n. 羽毛基管|n. 单簧管连接筒
barren	adj. 不能生育的|adj. 贫瘠荒芜的|adj. 缺乏……的|adj. 不结果实的|adj. 乏味荒凉的|adj. 没有成果的；空洞的|adj. 思维贫乏的|n. 荒凉贫瘠地带|n. 灌木荒原
barrier	n. 屏障；隔离设施|n. 障碍；阻碍|v. 阻挡；堵住|n. 界限；关口|n. 生理屏障|n. 句法屏障|n. 比赛分组名单|n. 古代武术练习
base	adj. 低矮的|n. 基础；根基|n. 依据；出发点|v. 把……设在某地|adj. 位置低的|adj. 卑鄙的；不道德的|adj. 非贵重的；非高贵的|adj. 掺杂劣质金属的；成色低的|n. 基地；驻地|n. 总部；决策中心|n. 基础成分；底料|n. 粉底
baseball	n. 棒球运动|n. 棒球|n. 棒球扑克
baseline	n. 基准线|n. 参照基准|n. 字形基线|n. 球场底线|n. 基准配置|v. 建立基线|v. 从底线打球
basement	n. 地下室；地下层|n. 地下室的省略说法|n. 排名垫底|n. 基底岩层
basic	adj. 基础且必需的|adj. 基本的；简单实用的|n. 基础要素；基本知识|adj. 碱性的|adj. 普通而没特色的|n. 基本必需品|n. 基础军事训练
basically	adv. 从根本上说|adv. 基本上；大体而言|adv. 总之；说到底
basics	n. 最简单但最重要的部分, 基本, 基础训练
basin	n. 宽口盆|n. 流域|n. 积水洼地|n. 一人份的液体食物或饮料|n. 地质盆地|v. 使形成凹陷|v. 成为盆地|v. 围在盆地地形中
basis	n. 实体基础；地基|n. 观点或论证的依据|n. 依据此条件；在这种情况下|n. 按固定频率|n. 投资成本基础|n. 商品现货价与参考价的差额|n. 向量空间的基|n. 拓扑基
basket	n. 篮子；筐|n. 购物篮|n. 篮筐|n. 篮状容器；筐|n. 网上购物车|n. 一组事物；集合|n. 投篮得分|n. 篮球运动|n. 热气球吊篮|v. 装进篮子|n. 集体舞动作|n. 阴茎及其周围部位
basketball	n. 篮球运动|n. 篮球|v. 打篮球|v. 像投篮球一样投出
bat	n. 蝙蝠|n. 球棒|n. 击球机会；一轮击球|v. 用球棒击打|n. 棍棒；武器|n. 击球手；击球能力|v. 轮到击球|v. 像挥棒一样轻拍或拨弄|v. 扑动或眨动|v. 快速辗转移动|n. 老女人（贬义）|n. 抛硬币用的木片
batch	n. 一次烘烤的一批食品|n. 一次生产或产出的一批|v. 按批处理|adj. 分批运行的|n. 同类事物的一批|n. 一次处理的数据集|v. 归并成批|n. 一种面包卷|n. 毕业班或年级班|n. 烘烤过程|n. 河岸或沙洲|n. 溪流旁的地块或谷地
bath	n. 浴缸；浴池|n. 洗澡；一次洗浴|v. 给……洗澡|n. 浴场；洗浴场所|n. 浴室的非正式省略|n. 浴液；浸泡的液体|n. 浸泡液；处理槽|v. 自己洗澡|n. 古希伯来容量单位
bathe	v. 洗澡；沐浴|v. 在水中游泳或浸泡|v. 笼罩；包围|n. 游泳；洗浴|v. 给某人洗澡|v. 用液体冲洗或浸润|v. 晒太阳
bathroom	n. 浴室；卫生间|n. 厕所；洗手间|v. 协助病人如厕和清洁
batman	intj. 感叹语强化词|n. 私人助手|n. 军官勤务员|n. 十公斤单位|n. 旧土耳其重量单位|n. 一种飞蛾|v. 担任军官勤务员|v. 徒手沿绳攀爬|v. 沿绳攀爬的另一写法
battery	n. 电池装置|n. 电量|n. 电池（物质或电池系统）|n. 非法殴打|n. 炮兵连（火炮群）|n. 炮兵连；炮群|n. 一组同类项目|n. 养鸡用的小笼组|n. 棒球投捕组合|n. 象棋中的协同棋子|n. 行进打击乐队组|n. 可发射状态
battle	n. 一场较量|n. 军事战役|v. 参加战斗|v. 与困难抗争|adj. 有营养的牧草|adj. 肥沃的土地|n. 军队编制|n. 军队主阵|n. battle buddy 的简称|v. 滋养牲畜|v. 使土地肥沃
bauhaus	n. 鲍豪斯建筑学派（德国建筑之一派）；鲍豪斯（德国人名）
bay	n. 海湾|n. 月桂叶|n. 凹入隔间|adj. 栗棕色的|n. 拦水坝|n. 月桂树|n. 墙间开口|n. 商店陈列区|n. 建筑跨度段|n. 铁路尽头站台段|n. 凸窗|n. 影视剪辑室
bbc	n. 英国出生的华人|n. 溴苄基氰|n. 粗俗的性器官俚语缩写|n. 皇家马德里三名前锋组合|n. 卡车车头保险杠至驾驶室后部的长度
bbdo	abbr. Batton;  Barton;  Durstine;  and Osborne 巴顿
bc	adv. 公元前|n. 出生控制|adj. 经专业认证的|adv. 公元前（大小写变体）|n. 向后兼容|n. 边境牧羊犬|n. 执法记录仪|n. 密送|n. 苯扎氯铵|n. 战列巡洋舰|n. 区议会|n. 通奏低音
be	v. 构成被动语态|v. 构成进行时|v. 表示某物或某人存在|v. 表示身份或等同|n. 西里尔字母 Б 的名称|n. 工程学学士|v. 表示预定或应当发生|v. 用于天气、时间等非人称表达|v. 表示进入或保持某种状态|v. 表示让某人或某物保持原状|adj. 符合专科认证资格的|n. 胸部扩张
bea	abbr. 东亚银行有限公司（Bank of East Asia Ltd）；美国劳工部劳工统计局（Bureau of Economic Analysis）；英国欧洲航空公司（British European Airways Corporation）
beach	n. 水边的滩|n. 沙滩地带|v. 搁浅|v. 使搁浅|v. 车辆陷住|n. 海滩上的碎卵石|n. 赛车中的缓冲区|n. 干燥松软的场地|n. 委婉脏话
beacon	n. 报警信号火|n. 航海信标|n. 希望或方向的象征|n. 海岸导航地标|n. 近距离无线信标|v. 像信标一样发光|n. 网页信标的简称|v. 照亮|v. 设置信标
beam	n. 长条梁材|n. 光束|n. 灿烂笑容|v. 发光；放射|n. 建筑承重梁|n. 船宽|n. 希望的微光|n. 乐谱连音横线|n. 平衡木|v. 灿烂地笑|v. 用梁加固或搭建|v. 无线传送
bean	n. 豆类植物|n. 豆子；豆粒|n. 豆荚|v. 用投射物击中|n. 其他植物的豆状种子|n. 豆状填充物|n. 脑袋|n. 人；小孩|n. 钱|n. 阴蒂|n. 英国旧金币|n. JavaBean的简称
bear	adj. 看跌的|n. 熊|v. 携带；带来|v. 支撑；承受|n. 熊肉|n. 粗野的人|n. 看跌者|n. 难处理的事情|v. 压低价格|v. 带有；产生（收益）|v. 保持某种举止|v. 忍受；承受得住
bearable	adj. 尚可忍受|adj. 可以搬运或承载
beard	n. 胡须|n. 鸟喙根部的羽毛|n. 掩护身份的人|v. 大胆对抗|n. 鲸类或鱼类的颌部附属物|n. 贝类的足丝|n. 双壳贝类的鳃|n. 蛾蝶唇须上的毛|n. 植物的芒|n. 火鸡胸部的长羽毛|n. 倒刺|n. 斧头下弯部
bearing	n. 轴承|n. 方向；方位角|n. 方位感；所处位置|adj. 承载或产生某物的|adj. 承重的|n. 关联；影响|n. 姿态；举止|v. bear 的现在分词或动名词|n. 支承处的承托部分|n. 支座的承托面|n. 悬跨长度（不规范用法）|n. 纹章图案
beast	n. 野兽；大型或危险的动物|n. 棘手的事情|adj. 厉害；强大|n. 牲畜；大型动物|n. 动物的总称|n. 粗暴的人；野蛮的人|n. 庞大或强力的东西|n. 特别强悍的人|n. 难以归类或处理的事物|n. 性犯罪者|v. 用艰苦训练操练|v. 与某人发生性关系
beat	adj. 筋疲力尽的|n. 基本节拍|v. 打；击打|v. 击败；胜过|adj. 破旧的；破破烂烂的|adj. 妆容很出彩的|adj. 无聊的|adj. 丑的|adj. 垮掉派的|n. 击打；一击|n. 搏动；跳动|n. 节奏
beating	n. 击打或殴打的动作|n. 心脏的跳动|v. beat 的现在分词或动名词|n. 惨败
beaty	a. 摇摆的, 节奏强烈的
beaumont	n. 博蒙特（姓氏）；博蒙特镇
beautiful	adj. 美丽的；漂亮的|adj. 可爱的；善良而令人喜爱的|adj. 优美的；动听的；令人愉悦的|adj. 漂亮的；优雅而精彩的|n. 美人；漂亮的人
beautifully	adv. 美好地；漂亮地；顺利地
beautify	vt. 美化, 变美, 修饰
beauty	n. 美；美感|n. 精彩的东西；漂亮的表现|n. 妙处；高明之处|adj. 做得漂亮；很棒的|intj. 谢谢！|intj. 太棒了！|n. 美人；漂亮的人|n. 美的特征；美点|n. 典型例子；够糟或够离谱的一个|n. 美容；美容行业|n. beauty夸克；底夸克|n. 流行风尚
beaver	n. 海狸|v. 努力工作|n. 海狸毛皮|n. 海狸棕|n. 俄勒冈州居民|n. 幼年童子军成员|n. 海狸毛毡帽|n. 海狸毛皮贸易品|n. 海狸呢|n. 双倍下注后再加倍|n. 童子军幼年组成员的大小写变体|n. 胡须或留胡须的人
because	adv. 因为；由于|intj. 因为就是这样|adv. 因为；由于|prep. 因为；由于
become	v. 变成；成为|v. 后来变得怎样|v. 适合；与身份相称|v. 穿在某人身上好看|v. 到达；来到
bed	n. 床|n. 上床睡觉|n. 承托面；铺底|n. 临时睡铺|n. 卧床状态|n. 卧室或睡眠单元的简称|n. 底部；底床|n. 卡车货厢底板|n. 水平层面|n. 地质层|v. 铺设；安放在基面上|n. 卧床时间
bedding	n. 床上用品|n. 床具及床上用品|n. 动物垫料|v. bed 的现在分词和动名词|n. 岩石层理|n. 临时花坛种植
bedrock	n. 地下基岩|n. 根基；基础|n. 骨骼|v. 奠定基础
bedroom	n. 卧室|n. 性生活领域
bedside	n. 床边；床旁|n. 卡车货厢侧板
bee	n. 蜜蜂|n. 拼写竞赛|n. 集体劳动聚会|n. 字母B的名称|n. bee的另一种字母形式|n. 泛指会蜇人的飞虫|n. 戒指或手镯|n. 船首斜桅侧面的木件|n. Barnet足球俱乐部相关人士|n. 南非经济政策缩写|v. be的过时拼写|v. be的过时过去分词
beef	adj. 牛肉的；含牛肉的|n. 牛肉|n. 不满；过节|v. 抱怨；发牢骚|adj. 肉牛的|adj. 产牛肉的|adj. 结实有力的|n. 包装上的牛肉制品|n. 力量；劲儿|n. 实质；主要内容|n. 肉牛|v. 增强；加固
beer	n. 啤酒|n. 一杯或一瓶啤酒|n. 啤酒种类|n. 植物发酵饮料|n. 植物浸出液|n. 存在者|v. 给人啤酒|v. 喝啤酒
before	adv. 以前；之前|prep. 早于；在……之前|prep. 在……前面|n. 变化前的状态|prep. 在……面前；当着……的面|prep. 提交给……审议|prep. 摆在某人面前的未来|prep. 排在……之前|prep. 优先于；置于……之上|adv. 在前方；领先|adv. 在前端|n. 先前发生的事
beforehand	adv. 事先；提前|adj. 经济宽裕的|adj. 预先防备的
befriend	v. 与……交朋友|v. 像朋友一样帮助|v. 对……有利
beg	v. 乞求帮助或金钱|v. 恳求某人做某事|n. 乞求；恳求|v. 招致；自找|v. 迫切需要；显然缺少|v. 预设结论|n. 起始；开始（缩写）|v. 提出问题（常被认为不规范）|v. 请求指定监护人（古旧法律用语）
begin	v. 开始做；启动|v. 开始存在；产生|n. 开端；起点
beginning	n. 开始；起始|n. 起源；根源|n. 开头部分|adj. 开头的；最初的|n. 初步成果；萌芽|v. 正在开始；开始做
behalf	n. 某人的利益或福祉|n. 代表某人；代替某人的身份或权限
behave	v. 管好自己；守规矩|v. 以某种方式表现|v. 举止得体；表现规矩|v. 管束或控制某物
behavior	n. 人的行为举止|n. 生物的行为方式|n. 在别人面前守规矩的表现|n. 生物受到刺激后的可观察反应|n. 设备或系统的运行表现
behavioral	adj. 行为方面的
behaviorist	n. 行为主义者
behaviour	n. 行为；表现方式
behavioural	adj. 与行为有关的
behind	adj. 进度落后；拖欠|adv. 在后方|adv. 落在后面|prep. 在……后面|adj. 慢了|adv. 向后|adv. 留下|adv. 过去的；在先的|adv. 在幕后|n. 后部；末端|n. 臀部|prep. 表面背后
being	n. 生命体；生物|n. 存在；生存状态|v. be的现在分词或动名词|n. 实体；实际存在物|n. 本质；性情|n. 住所；小屋
belief	n. 相信某说法为真|n. 宗教信仰|n. 个人的宗教或道德原则|n. 对真实性的信任|n. 一种具体的看法或信念|n. 相信的状态
believe	v. 相信某事为真|v. 相信某人或某事物的存在、价值或真实性|v. 相信某人说的是真话|v. 持有宗教信仰|v. 认为；觉得
bell	n. 钟；铃|n. 电话；来电|v. 打电话|v. 响铃|n. 自行车铃|n. 铃声；钟声信号|n. 学校铃声|n. 乐器管口|n. 管道扩口|n. 钟形物|n. 动物吼叫|n. 电话服务公司
belly	n. 肚子；腹部|n. 腹部状的凸起或内凹部分|v. 鼓起；膨胀|n. 胃；肚子里的消化器官|n. 子宫；腹中的孕育处|v. 使鼓起；使充满|n. 飞机腹部；机身下部|v. 匍匐移动
bellyful	n. 满腹, 满肚子
belong	v. 处在合适的位置|v. 属于某个群体|v. 归某人所有|v. 是某人的伴侣|prep. 属于；……的|v. 属于某个集合|v. 应得；应归于
belonging	n. 归属感|n. 个人物品|v. belong 的 -ing 形式|n. 家人或随从
beloved	adj. 深爱的；心爱的|n. 心爱的人或事物
below	adv. 在下方|prep. 低于某处|adv. 见下文|adv. 低于零|prep. 低于数值或等级|prep. 在下游|prep. 在地图上的南方|prep. 有失身份|prep. 舞台下方
belt	n. 腰带；带子|n. 安全带；约束带|v. 围住|v. 大声唱出|n. 传动带|n. 带状物；带状区域|n. 腰带状奖项|n. 天体带|n. 特色区域带|v. 系上安全带|v. 快速喝下|v. 猛击
belt-tighten	v. 节衣缩食；减少开支
bench	n. 长凳|n. 法官席|v. 让运动员坐替补席|n. 官方席位|n. 宗教职务席位|n. 替补席|n. 替补阵容|n. 工作台|n. 卧推凳|n. 厨房台面|n. 浴室台面|n. 卧推重量
benchmark	n. 衡量标准|v. 以参照对象测量|n. 性能测试|v. 进行对标测试|n. 测量基准点
bend	n. 弯曲处；弯道|v. 使弯曲|v. 变弯|v. 使转向|n. 绳结|n. 减压病|n. 音高滑移|v. 转弯|v. 弯腰|v. 迫使屈服|v. 屈服|v. 把用于
beneath	adv. 在下面；在下方|prep. 在……下面|prep. 地位低于；不配|prep. 被……盖住；隐藏在……下面
benefactor	n. 慈善资助者|n. 施惠者；行善者
beneficence	n. 慈善, 善行, 赠物
beneficial	adj. 有益的；有好处的|n. 有益的事物；有益生物|adj. 与受益权有关的
benefit	n. 好处；益处|v. 使……受益|v. 从……中受益|n. 福利金；保险赔付|n. 公益筹款演出或活动|n. 为某人安排；供某人观看|n. 恩惠；慷慨相助
benet	vt. 用网捕捉
benevolent	adj. 仁慈而乐于助人的|adj. 关爱人类的|adj. 慈善而公正的
benign	adj. 温和友善的|adj. 良性的；不具严重危害的|adj. 温和而有利的|adj. 对环境无害的
bentley	n. 宾利汽车
berlin	n. 柏林精纺毛织物|n. 柏林式四轮马车
berning	伯尔尼州(瑞士中西部的州，首府伯尔尼)；伯尔尼(瑞士首都)[亦作 Berne]
berry	n. 浆果；小浆果|n. 植物学上的浆果|n. 咖啡豆|v. 采摘浆果|v. 结出浆果|n. 鱼卵或甲壳动物的卵|n. 警车|n. 一美元|n. 土堆；坟丘|n. 洞穴；兔洞|n. 挖掘坑道；军事地雷坑|v. 殴打；痛打
beside	prep. 在……旁边|prep. 与……无关；偏离重点|prep. 除……之外还|adv. 另外；此外
besides	adv. 此外；另外|adv. 而且；况且|prep. 除……之外还……|adv. 另外；别处|prep. 除……之外；不算……|adv. 在一旁；在另一边|prep. 在……旁边
best	adj. 最好的|adj. 最优的；最合适的|adv. 最好还是；最好|n. 竭尽全力；最大努力|adj. 最大的一部分|adv. 最好地；最有效地|n. 最佳表现；最守规矩的样子|n. 最优秀的人或事物|v. 最好还是……|v. 在能力或成就上超过|v. 在比赛中击败
best-practice	最佳实务, 最佳实践；最佳做法, 最优方法；典范做法
bestseller	n. 畅销书；畅销品
bestselling	a. 畅销的
bet	intj. 行；好|n. 赌注；赌局|v. 打赌；下注|v. 确信；指望|intj. 来吧；我接受挑战|intj. 太好了；那就继续|n. 可靠的判断；很可能的事|n. 候选人；竞争者|n. BET 比表面积测定法|prep. 在……之间|v. 在牌局中下注
betray	v. 出卖给敌人|v. 背叛；辜负|v. 无意暴露|v. 辜负信任而泄密|v. 故意泄露秘密|v. 误导；使陷入困境|v. 诱骗后抛弃
better	adj. 更好的|adj. 状态更好|adv. 做得更好|v. 最好还是|adj. 数量更多|adj. 达到更高标准|adj. 康复了|n. 胜过自己的人|v. 改善某事|v. 变得更好|v. 胜过|v. 使受益
between	prep. 在两者之间|prep. 在选项之间作选择|prep. 双方共同或彼此进行|prep. 私下说、只限双方知道|prep. 处于两处之间的途中或过渡期|prep. 双方或多方合起来|prep. 把几方面合起来看|n. 缝厚布用的短针
beverage	n. 饮料|n. 饮料钱
beware	v. 当心；提防
bewilder	vt. 使迷惑, 使不知所措
bewilderingly	adv. 令人困惑地, 使人昏乱地
beyond	prep. 在……更远处|prep. 在……的另一边|prep. 超过；超出|prep. 超出理解范围|adv. 更远处；更往后|adv. 除此之外；更多|adv. 极其；非常|n. 未知的彼岸|n. 来世|prep. 晚于；在……之后|prep. 除……之外；加上|prep. 超出……的范围或触及不到
bias	n. 偏见；偏向|v. 使偏向；影响判断|n. 系统性偏差|adj. 向一边倾斜的|adj. 斜裁的|adv. 斜着；斜向地|n. 斜纹；斜向线|n. 楔形布片|n. 偏置电压或电流|n. 滚球的偏向或弯曲路线|n. 最喜欢的成员|v. 给器件加偏置
biased	adj. 有偏见的；不客观的|adj. 概率不均等的；有偏的|adj. 有系统偏差的|adj. 倾斜的|adj. 加有偏置电压的
bible	n. 《圣经》的某一版本或抄本|n. 权威指南或大全|n. 某一册或某一版本《圣经》|n. 其他宗教的“圣经”|n. 影视或游戏项目资料册|n. 案件重要文件夹|n. 船甲板擦洗用砂石|n. 课程历年题解汇编|n. 反刍动物第三胃|n. 弹子锁上部组件
bibliography	n. 书末参考书目|n. 专题书目；文献目录|n. 书目学
bicycle	n. 自行车|v. 骑自行车|n. 广义的人力脚踏车|n. 伐木滑运装置|n. 低牌扑克最佳牌|n. 摩托车|n. 侮辱女性的俚语|n. 攀岩中的稳定动作|n. 扑克中的“轮子”|v. 把节目转运给另一广播机构
bid	n. 拍卖出价；投标报价|v. 出价；竞价|v. 报出某个价格|adv. 一日两次|n. 抢接或拦截传球的尝试|n. 争取；尝试|v. 争取；试图获得|v. 叫牌；宣布目标|n. 商业改善区缩写|n. 卡车司机的固定路线|n. 监狱刑期|v. 命令；吩咐
bidder	n. 出价者；竞价者|n. 发号施令的人|n. 请求或邀请者|n. 乞求者
big	adj. 大的；体积大的|adj. 重要的；意义重大的|adv. 大量地；大获成功地|adj. 显得很大|adj. 怀孕的；肚子隆起的|adj. 年长的；成年的|adj. 成熟慷慨的|adj. 流行的；受欢迎的|adj. 人口多的|adj. 非常；十足的|adj. 大规模的；有强大影响力的|adj. 热衷于；大力支持的
big-city	大城市
big-firm	大公司
big-name	adj. 知名的；重量级的
bigger	adj. 更大的|v. 使变大；变大
bike	n. 自行车|v. 骑车|n. 摩托车|n. 类似的两轮车辆|v. 骑车去某处|v. 用自行车运送|n. 贬义俚语：与多人发生关系的女性|n. 蜂巢或虫巢|n. 一群人
bilingual	adj. 能说两种语言的|adj. 用两种语言写成或说出的|n. 双语者|adj. 以两种语言为特征的
bill	n. 法案|n. 纸币|n. 账单；发票|v. 开账单；向……收费|n. 俚语：钱|n. 广告传单；海报|n. 节目单；一组项目|n. 鸟嘴|n. 帽檐|v. 登广告宣传|n. 书面清单|n. 正式文件或备忘录
billboard	n. 大型户外广告牌|v. 在广告牌上宣传|n. 节目开头或结尾的信息画面|n. 张贴告示的板面|n. 船首承托锚爪的厚木板|n. 始终面向屏幕的图形对象
billing	n. 计费金额|n. 账务管理或部门|n. 应收账款|n. 演职员排名|v. bill的现在分词或动名词
billion	num. 十亿|num. 数不清的多|num. 万亿（旧式用法）
billionaire	n. 亿万富翁
billy	n. 伙伴；同伴|n. 公山羊|n. 短棍；警棍|n. 野外烧茶的小铁壶|n. 大麻烟具|n. 好朋友（方言）|n. 丝质手帕|n. 粗纱或拉毛机器|n. 避孕套
bimonthly	a. 两月一次的, 每月两次的
bin	n. 箱、桶、储物容器|v. 把东西放进桶里|n. 垃圾桶|n. 统计分组区间|n. 视频剪辑文件夹|n. 某人的儿子|n. binary 的缩写|v. 扔掉、拒绝|v. 把数据分组|v. 放入容器储存|n. 雷达空域分区|n. 监狱
binary	adj. 二选一的|adj. 二进制的|n. 二元状态|n. 二进制数制|adj. 二元逻辑的|adj. 由两部分组成的|adj. 二元运算的|adj. 二进制文件的|adj. 非黑即白的|adj. 二元性别框架中的|n. 二进制文件|n. 二元期权
bind	n. 困境；难题|v. 捆绑；系住|v. 把……捆紧；固定在一起|v. 束缚；牵制|v. 使受义务或承诺约束|n. 捆绑物；约束物|n. 攀援茎；啤酒花藤|v. 黏合；凝聚|v. 卡住；运转不畅|v. 起约束作用|v. 连接；配对|v. 使承担法律义务
bio	n. 个人简介；人物简介|n. 社交媒体个人简介|adj. 生物的；生物学的|n. 人物小传|n. 生物学；生物课|n. 生物学|n. 电影院
biodegradable	adj. 可生物降解的|n. 可生物降解材料
biodiversity	n. 生物多样性
bioethics	n. 生物伦理学
biofuel	[机] 生物燃料
biographer	n. 传记作者
biographical	adj. 传记的；关于生平的
biography	n. 传记；生平故事|n. 传记写作艺术|v. 为……写传记
biological	adj. 生物学的；与生物学有关的|adj. 身体的；解剖学的|adj. 亲生的；有血缘关系的|adj. “有机的”（不规范用法）|n. 生物制品
biologically	adv. 用生物方法|adv. 从生物学角度
biologist	n. 生物学家；生物学研究者
biology	n. 生命科学|n. 某种生物的生物学特征|n. 地区生物群落|n. 传记（古旧义）
biomass	n. 单个生物或其部分的总质量|n. 某区域或栖息地内生物的总质量|n. 用作燃料的生物质
biomedical	adj. 生物医学的|n. 生物医学产品
biophilia	n. 热爱生命的天性
biostatistician	生物统计学家
biotech	n. 生物技术领域|n. 生物技术公司或其股票
biotechnology	n. 利用生物的技术|n. 用工程方法研究和改进生命科学|n. 基因工程
biotic	a. 生命的, 生物的
bipedal	[医] 两足的
bird	n. 鸟|v. 观鸟|adj. 很容易的|n. 供食用的禽类|n. 人；家伙|n. 飞机|n. 嘘声；喝倒彩|n. 牢狱时间|n. 服刑；牢狱时间|v. 捕鸟；猎鸟|n. 雏鸟；小鸡|n. 姑娘；有吸引力的女性
birgit	n. (Birgit)人名；(德、瑞典、土)比吉特；(挪)比伊特
birth	n. 出生；分娩|n. 诞生；起源|adj. 亲生的|n. 一次生产；一次出生|n. 出身；家世|v. 生下；生产|v. 促成；产生|n. 出生者；新生事物|n. berth的旧拼写
birth-rate	[医] 出生率
birthday	n. 生日；生日纪念日|n. 创立周年日|n. 出生日期|n. 生日聚会|v. 过生日
birthplace	n. 人的出生地|n. 事物的发源地
birthright	n. 与出生相关的天赋权利
biscuit	n. 饼干；小甜饼|n. 松软咸味小面包|v. 素烧|n. 薄脆饼|n. 硬面饼；军用硬饼干|n. 素烧陶坯|n. 浅棕色|n. 木工连接片|n. 核攻击授权卡|n. 手枪|n. 冰球|n. 头
bisect	v. 分成两部份, 对分
bit	n. 一小块；一点|n. 一点儿|n. 二进制位|v. bite的过去式|n. 马嚼子|n. 钻头|n. 一会儿|n. 多一点|n. 一份；一部分|n. 螺丝刀头|n. 节目片段|n. 计算机存储的最小单位
bite	n. 咬这一动作|n. 咬伤；咬痕|n. 一口；一小块食物|v. 咬下一口|n. 虫咬；叮咬处|n. 令人不快的影响|n. 简餐；点心|n. 锋利性；刺激性|n. 攻击性；斗志|v. 咬住|v. 咬伤；用牙攻击|v. 有攻击性；不好惹
bite-size	adj. 一口大小的；短小易处理的
bitter	adj. 苦的|adj. 刺骨的；刺耳的|adj. 敌对的；仇视的|adj. 怨愤的；愤懑的|n. 苦味酒；苦精|n. 苦啤酒|n. 缆绳绕桩的一圈|n. 按指定位数设计的系统|v. 使变苦
bitterly	adv. 痛苦而强烈地|adv. 极其；刺骨地
bitterness	n. 苦味|n. 怨恨；刻薄|n. 痛苦的苦涩感|n. 刺骨的严寒
bittorrent	n. 比特流
bizarre	adj. 怪诞的；离奇的|n. 条纹康乃馨品种
black	adj. 黑色的|adj. 邪恶的；不祥的|n. 黑色|v. 使变黑|adj. 无光的|adj. 与深色皮肤族群有关|adj. 与特定深色皮肤族群有关|adj. 黑桃或梅花的|adj. 阴沉而带有威胁的|adj. 非法的；不正当的|adj. 污黑的；肮脏的|adj. 不加奶的
black-and-white	adj. 黑白的；灰度的|adj. 非黑即白的；二元对立的|adj. 黑白显示的|adj. black and white的连字符写法
blackboard	n. 黑板|v. 用黑板辅助讨论
blacken	vt. 使变黑, 诽谤|vi. 变黑
blackmail	n. 勒索行为|v. 勒索某人|n. 勒索把柄|n. 旧式保护费|n. 黑租|v. 诋毁
blacksmith	n. 铁匠|n. 给马钉蹄铁的人|v. 做铁匠工作|n. 太平洋沿岸的一种黑色鱼
blackwater	n. 天然发暗的水|n. 黑水型河流中的水|n. 厕所废水|n. 黑水热
blade	n. 刀剑等的锋刃|n. 桨叶、螺旋桨叶等工作部件|n. 草叶；禾本科植物的叶片|v. 用刀片刺伤|n. 刀剑；武器|n. 刀刃的省略说法|n. 植物叶片的扁平部分|n. 扁骨；肩胛骨|n. 肩胛附近的牛肉部位|n. 钥匙插入锁内的部分|n. 谢菲尔德联队相关人士|v. 进行轮滑
blake	adj. 黄色的
blame	n. 指责；责备|n. 过错；应负的责任|v. 把责任归给；责怪|n. 应受指责的责任|v. 把坏事归咎于|v. 责备；批评|adj. 委婉的加强语|n. 代码责任追踪功能|v. 使名誉受损
blane	布兰（人名）
blank	adj. 空白的；未填写的|adj. 面无表情的；茫然的|n. 空白处|v. 一时想不起|adj. 单调无变化的；没有特色的|adj. 彻底的；十足的|adj. 茫然失措的|adj. 空耗的；没有结果的|adj. 空空如也的；想不起来的|n. 靶心；目标|n. 空奖票；无所得|n. 空白表格或文件
blanket	adj. 全面的；一概的|n. 毯子|v. 覆盖；笼罩|n. 覆盖层|v. 遍及；全面搜寻|v. 抵消；削弱影响|n. 印刷橡皮布|n. 鲸鱼的鲸脂层|v. 用毯子抛掷惩罚|v. 挡住另一船的风|v. 压制无线电信号
blast	n. 猛烈的风|n. 爆破|n. 痛快的经历|v. 把音乐开得很大声|intj. 表示恼怒或失望|n. 强力喷出的气流或液流|n. 严厉斥责或批评|n. 突然的巨大声响|n. 群发推广信息|v. 发出巨响震动|v. 发出巨响|v. 炸碎
blaze	n. 猛烈的火焰|v. 熊熊燃烧|n. 强烈的光和热|n. 醒目的橙色|n. 强烈迸发|n. 马脸白斑|n. 树皮刻痕|n. 步道标记|v. 发出强光|v. 鲜明展示|v. 怒气冲冲地说|v. 在树上刻标记
bleak	adj. 苍白的|adj. 荒凉而无遮蔽的|adj. 令人悲观凄凉的|n. 小型河鱼
bleed	n. 一次出血|v. 流血|v. 渗开；洇出|n. 印刷出血边|n. 录音串音|v. 榨取大量钱财|v. 逐渐耗损|v. 流出树汁等液体|v. 延伸到页面边缘|v. 持续亏损|n. 发动机引气|n. 管道排气
blend	n. 混合体；融合物|v. 混合；融合|n. 合成词|v. 交融；混合在一起|v. 玷污；败坏
blenheim	n. 布伦海姆（德国西部村庄）；布伦海姆（狗的一种）；布伦海姆（轰炸机）
bless	intj. 哎呀，真让人疼爱|v. 使神圣；祝圣|v. 祈求神恩|v. 赞美；颂扬|v. 发给；传给|v. 批准；认可|v. 认为幸福；祝愿幸福|v. 画十字祝圣|v. 挥舞|v. 把引用转换为对象|v. 保护；使免受|v. 行菲律宾式敬礼
blessing	n. 神圣的助佑|n. 祈福或祝福词|n. 批准|n. 好运|n. 令人庆幸的事|n. 餐前祷告|v. 祝福；祝福这一动作|n. 现代异教仪式|n. 独角兽群
blind	adj. 失明的；视力受损的|adj. 没有察觉的；视而不见的|n. 百叶窗；遮光帘|v. 使变暗或蒙蔽|adj. 看不清的；能见度很低的|adj. 无出口的；死胡同般的|adj. 没有窗户或通道的|adj. 丝毫的（用于固定短语）|adj. 毫无先验信息的|adj. 不顾证据的；盲目的|adj. 盲法的；信息受限以避免偏差的|adv. 不看而；盲目地
block	n. 块状物|n. 堵塞物|v. 堵住通道|v. 屏蔽账号或联系人|n. 一大片区域|n. 成组范围|n. 街区|n. 一栋建筑|n. 屏蔽或封禁|n. 脑袋|v. 挡住通行|v. 阻止发生
blockage	n. 堵塞状态|n. 堵塞物；堵住通道的东西|n. 体内通道阻塞
blog	n. 博客；博客网站|v. 写博客；在博客上发表|n. 博客文章；博文|n. 过时俚语义|n. 科幻大会饮料|v. 偷取；非法取得|v. 闷闷不乐
blood	n. 血液|n. 血缘|n. 经血|n. 血样；血液检查|n. 植物汁液|n. 流血；杀戮|v. 使沾血；使染血|n. 古代体液之一|n. 红色汁液|n. 性情；情绪|n. 风流阔少|n. 良种马
bloodline	n. 祖先血缘|n. 动物血统|n. 产品传承
bloodstream	n. 血液循环中的血流
bloody	adj. 带血的|adv. 该死地；非常（粗俗强调）|v. 使沾血|adj. 血腥的|adj. 该死的；非常的（粗俗强调）|v. 让对手受伤见血|adj. 行为恶劣的；令人讨厌的|n. 血腥玛丽鸡尾酒|v. 明显损害对手
bloom	n. 花朵；盛开的花|n. 开花状态|n. 青春或事物的盛期|v. 开花；花朵开放|v. 兴盛；焕发活力|n. 花卉；花朵总称|n. 脸上的红润光泽|n. 水果表面的天然薄霜|n. 鲜活的外观或吸引力|n. 藻华|n. 巧克力表面的可可脂白霜|v. 逐渐扩展开来
blossom	n. 花朵；花簇|n. 开花期|v. 开花|v. 开始兴盛；发展起来|n. 蓬勃发展的阶段；美好前景|n. 一种马毛色
blouse	n. 女式上衣|n. 宽松制服外套|v. 把裤脚塞进靴子|n. 宽松的上衣|n. 纱丽内穿的短上衣|v. 使衣物松垂成褶皱|v. 藏匿违禁品
blow	n. 一阵强风|v. 吹气；产生气流|v. 爆炸；突然发生|v. 开花；使开花|n. 喘口气的机会|n. 一下击打|n. 强力行动；攻击|n. 打击；坏事|n. 开花；盛放|n. 成片的花；花期产量|n. 鲜明耀眼的展示|v. 吹走；用气流推动
blue	adj. 蓝色的|adj. 忧郁的|n. 蓝色|v. 变蓝；使变蓝|adj. 发青的|adj. 苍白的|adj. 支持蓝色政党的|adj. 支持蓝色政党的|adj. 支持蓝色政党的|n. 蓝色物品|n. 蓝色染料或颜料|n. 蓝色衣物（不可数）
blue-ribbon	a. 第一流的
blueprint	n. 技术设计图|n. 详细计划|v. 绘制设计图|v. 详细规划|n. 蓝图印刷工艺|n. 蓝图印刷品
blunder	n. 严重的粗心错误|v. 犯严重的粗心错误|n. 棋局中的败着|v. 走出败着|v. 踉跄移动|v. 误闯进困境或某处
blunt	adj. 钝的；不尖的|adj. 直截了当而不客气的|v. 使变钝|adj. 理解迟钝的|adj. 难以打动的；不易受影响的|adj. 感觉迟钝的；不敏感的|n. 大麻香烟（美国俚语）|v. 削弱；使不敏感|n. 击剑练习剑|n. 短而坚固的针|n. 钱（过时俚语）|n. 波浪艇翻滚动作
bluntly	adv. 直截了当地；不客气地
blur	n. 污迹；涂抹痕|n. 模糊的影像|v. 使模糊；使朦胧|adj. 糊涂的；没搞清楚的|n. 模糊；朦胧状态|v. 弄脏；涂抹开|v. 变模糊|v. 使视线变暗或模糊|v. 移开输入焦点|n. 名誉污点|v. 玷污；损害名誉|v. 造成商标混淆
blush	n. 脸红；红晕|v. 脸红|n. 红晕；泛红的光泽|n. 乐观气息；希望的光彩|n. 腮红|n. 浅粉色|v. 因羞愧而不愿做某事|v. 变红；呈红色|v. 使变红；染红|v. 变成某种红色|v. 呈现柔和的花朵般色彩|n. 浅粉红葡萄酒
bmi	n. 身体质量指数|n. 脑机接口
bmws	弹道导弹武器系统（=ballistic missile weapon system）
bn	adj. 全新的（缩写）|n. 苄基
boa	n. 大型蟒蛇|n. 羽毛长围巾|n. 博阿族成员|n. 吸引子盆地的缩写
board	n. 板子；木板|n. 棋盘；游戏盘面|n. 委员会；董事会|v. 登上交通工具|n. 控制面板|n. 各种专门平面的简称|n. 食宿；膳宿费|n. 船舷；船侧|n. 冰球场围板|n. 硬纸板|n. 关卡平面；游戏场景|n. 可放置单位的场面
boast	n. 自夸；吹嘘|v. 自夸；吹嘘|v. 夸耀；炫耀|n. 夸耀之处；吹嘘的本领或成绩|v. 拥有并以此为特色|n. 壁球反弹球|v. 为……而自豪|v. 打反弹球|v. 用宽凿子凿石|v. 粗略成形
boat	n. 船；小型船只|v. 乘船航行|n. 葫芦牌|n. 船形物；船形器皿|n. 很大的车|n. 有史以来最佳|v. 用船运送|n. 船式构象|n. 难民船；难民|n. 生命游戏中的船|n. BOAT的另一种写法|v. 押送到流放地
boatmanship	n. 操船技术; 船艺
bob	n. 上下轻摆|n. 波波头|v. 上下浮动|v. 剪成波波头|n. 屈膝礼|n. 钓鱼浮漂|n. 悬挂摆动物|n. 摆锤|n. 一击或震动|n. 一些钱|n. 普通男性|v. 使上下摆动
bobby	n. 警察|n. 铁路信号员|n. 阴茎|n. 可卡因|n. 初生即屠宰的小牛|n. 特小号香蕉
bodily	adj. 身体的；与身体有关的|adj. 有实体的；肉身的|adv. 以身体形式；亲身地|adv. 整体地；连同整体一起|adv. 用力地；猛烈地|adj. 实际的；付诸行动的
bodleian	n. 牛津大学图书馆|a. 牛津大学图书馆的
body	n. 身体；躯体|n. 一群人；团体|n. 大片水域；一片物质|v. 使成形；赋予具体形式|n. 肉身；身体的一面|n. 主体部分|n. 物质实体；物体|v. 体现；具体表现|n. 人；家伙|n. 衣服的主体|n. 物质性；实体感|n. 活字的字身
boh	interj. 嘘
boil	n. 沸点|n. 沸腾；煮沸过程|v. 把液体煮沸|v. 在沸水中煮|v. 沸腾|n. 疖子|n. 煮食物|n. 煮食物聚会|v. 烧开|v. 热得难受|v. 感觉热得难受|v. 通过煮沸分离或制成
boiler	n. 蒸汽锅炉|n. 循环液体加热器|n. 储存热水的加热设备|n. 煮东西的人|n. 蒸煮食物的锅具|n. 暗礁|n. 适合久煮的老母鸡|n. 老妇人（贬）|n. 套用文字；模板内容|n. Brompton boiler 的省略名
bold	adj. 勇敢大胆|adj. 醒目突出|adj. 粗体的|adj. 冒失无礼|adj. 顽皮无礼|adj. 浓郁醇厚|adj. 陡峭的|v. 设为粗体|adj. 色情的|adj. 血氧水平相关的|n. 住所；建筑物|v. 使变得大胆
boldness	n. 勇气；大胆|n. 冒失；自以为是|n. 字体粗细
bolivar	n. 博利瓦(委内瑞拉货币单位)
bolster	n. 长枕；靠垫|v. 支撑；加强|n. 支撑垫；缓冲垫|n. 支持因素；助推因素|n. 马车车轴垫块|n. 梁柱支承木|n. 铁路车厢承梁|n. 冲孔机承托板|n. 刀刃柄端承接部|n. 小刀柄金属端|n. 爱奥尼柱式涡卷|n. 攻城炮运输垫木
bolt	n. 螺栓|n. 锁闩；插销|v. 用螺栓连接|v. 突然逃跑或猛冲|adv. 突然地；笔直地|n. 横闩|n. 枪械枪机|n. 弩箭；短箭|n. 闪电|n. 突如其来的事物|n. 布匹大卷|n. 突然跃起；猛然窜动
bom	n. 材料清单|n. 字节顺序标记|n. 《摩尔门经》|n. 材料清单的缩写|n. 业务部门要求必发的稿件
bomb	adj. 很棒的|n. 炸弹；爆炸装置|n. 彻底失败的作品|v. 轰炸|n. 核武器；核打击能力|n. 爆炸性隐患；灾难性因素|n. 爆炸装药|n. 爆破袋；颜料弹|n. 随时可能爆炸的东西|n. 破旧汽车|n. 一大笔钱|n. 很棒的东西
bombard	n. 中世纪重炮|v. 连续炮击|v. 信息轰炸|v. 用物体接连攻击|n. 中世纪管乐器|n. 皮制大容器|n. 炮击|n. 一种铜管乐器|v. 粒子轰击
bombast	n. 夸大的言辞
bombing	n. 空袭；轰炸|n. 安放炸弹并引爆|v. bomb 的现在分词和动名词|n. 包药吞服
bond	n. 债券|n. 情感纽带|v. 连接、固定或捆住|v. 建立感情联系|n. 偿付或履约凭证|n. 订金|n. 物理束缚物|n. 道德或政治义务|n. 化学键|n. 约定或契约|n. 保释金或保释担保|n. 黏合或约束力
bone	adj. 骨白色的|n. 骨骼；骨质|n. 一根骨头|v. 给肉去骨|adv. 非常；极其|n. 鱼刺|n. 骨架；框架|n. 骨白色|n. 奖励；小恩惠|v. 学习，苦读|v. 催讨欠款|v. 逮捕；偷走
bong	n. 低沉的钟声|n. 水烟壶|v. 发出钟声般的响声|n. 门铃声|n. 吸食一次|n. 啤酒快速饮用装置|v. 按响门铃|v. 用水烟壶吸食|n. 网络缩略语|n. 宽大的岩钉|n. 冒犯性族群称呼|n. 冒犯性族群称呼
bonus	n. 额外好处|n. 奖金；额外报酬|n. 游戏加分或奖励|n. 篮球加罚球|v. 发放奖金
booby	n. 傻瓜|adj. 胸部显眼的|adj. 胸部较大的|n. 鲣鸟|n. 乳房|v. 设置陷阱|adj. 傻乎乎的|n. 未过第一门的槌球|v. 傻乎乎地行动
book	n. 书；书籍|n. 著作；长篇作品|v. 预订|v. 记下；登记|n. （长篇作品的）篇；卷|n. 博彩记录；赌盘|n. 小纸品册|n. 音乐剧或歌剧剧本|n. 账簿；账目|n. 学习来源；教科书般的东西|n. 作品集|v. 登记参加
booking	n. 预订|v. 正在登记；登记|n. 记账登记|n. 演出邀约|n. 体育记牌|n. 警方登记
booklet	n. 小册子
bookseller	n. 卖书的人|n. 售书商家或店铺
bookshop	n. 书店
bookstore	n. 书店|n. 文具店
boom	intj. 爆炸声|n. 繁荣时期|v. 发出轰鸣声|v. 蓬勃发展|intj. 突然就成了|intj. 低沉鼓声|intj. 炮声|n. 低沉轰鸣|n. 迅速增长|n. 拍摄悬杆|n. 悬杆麦克风|n. 起重机吊臂
boomer	n. 婴儿潮一代的人|n. 轰鸣声很大的东西|n. 流动临时工|n. 年长的人|n. 不熟悉新科技的人|n. 收紧链条的工具|n. 核导弹潜艇|n. 欧亚苇鳽|n. 成年雄袋鼠|n. 红松鼠|n. 山河狸|n. 重视经济发展的玩家
boon	n. 好处；福气|adj. 快乐欢快|adj. 慷慨仁慈|adj. 有益而顺利|n. 所求或获赐的恩惠|n. 祈祷；祈求|n. 佃户劳役|n. 神赐福力|n. 亚麻木质粗渣
boost	n. 托举；推一把|n. 助推；促进|v. 托起；推上去|v. 促进；提高|n. 涡轮增压压力|v. 偷；顺手盗取|v. 注射加强针|v. 放大；增强信号|n. 速度变换|v. 跨接电瓶启动车辆
boot	n. 靴子|n. 汽车行李厢|n. 启动；引导|v. 踢|n. 踢；一脚|n. 橡胶保护套|n. 车轮锁|n. 解雇；赶走|v. 穿上靴子|v. 加速行驶|v. 赶走；踢出去|v. 强制移出网络服务
booth	n. 小摊位|n. 小隔间|n. 临时小棚|n. 餐馆卡座|n. 动物围栏|n. 录音棚
border	n. 边界；国界|n. 外缘；边沿|v. 与……接壤|n. 装饰边；边框|n. 花坛；花境|v. 给……加边|v. 围绕；构成边界|v. 毗邻；接界|n. 边境莫里斯舞|n. 字符串边界|v. 接近；近乎
bore	n. 钻出的孔；内径|n. 无聊的人|v. 使厌烦|v. 钻穿|n. 枪管内径|n. 钻孔工具|n. 无聊的事|v. 钻孔；钻取|v. 钻成或扩大|v. 艰难打通通道|v. 目光逼视|v. bear 的过去式
boredom	n. 无聊；乏味状态|n. 一次无聊经历；一段无聊时间
boring	adj. 令人厌烦的|n. 钻孔过程|v. bore 的现在分词和动名词|adj. 感到无聊的|adj. 钻孔用的|adj. 穿透的|n. 钻出的孔|n. 钻屑
born	adj. 天生的；与生俱来的
borrow	v. 借来使用|v. 借钱|n. 球线偏移|n. 取土坑|n. 临时借用所有权|v. 借用想法或风格|v. 借入词语|v. 借用小物品|v. 借用某人的一点时间|v. 按坡度调整推杆方向|n. 赎金或担保|n. 担保人
borrowing	n. 借入；借款|v. 正在借用；借用|n. 借词|v. 入店行窃
bosom	n. 受保护的内部；怀抱之中|adj. 亲密无间的|n. 胸部|n. 内心；心中的感情|n. 女性的乳房|n. 内凹处；内部或承托面|n. 衣服的胸襟或领口处|n. 磨盘周围的凹面|v. 包藏；珍爱|v. 隐藏；包容在内部|v. 鼓起；隆起|v. 使鼓起；使隆起
boson	n. 玻色子|n. 水手长（旧称）
boss	n. 上司；主管|n. 老板；公司负责人|n. 关底强敌|n. 领袖；带头人|n. 老板；老兄|n. 妻子|n. 凸起；肿块|v. 对人指手画脚|adj. 很棒的|n. 地区政党领袖|n. 射箭靶座|n. 砌筑用水槽
botany	n. 植物学|n. 某地的植物总貌|n. 植物的特性和生命现象|n. 植物学专著
both	det. 两者都|pron. 两个都
bother	n. 麻烦；费事|v. 打扰；使烦恼|v. 在意；操心|n. 纷扰；折腾|v. 别烦；别添麻烦|v. 费心去做|intj. 真烦！
bottle	n. 瓶子|n. 一瓶的量|v. 装瓶保存|n. 婴儿奶瓶|n. 胆量|n. 酒精|v. 用奶瓶喂婴儿|v. 临阵退缩|v. 丢掉领先优势|n. 染发形成的发色|n. 住所|n. 房屋
bottom	adj. 最底部的；最后的|n. 底部；最下面部分|n. 基础；根本方面|v. 到达底部|n. 最低点；低谷|n. 最深处；最里面|n. 低洼地；谷地|n. 河流附近的冲积低地|n. 水底；河床或海床|v. 给……加底|v. 以……为基础|v. 触底而受阻
bounce	n. 反弹；弹起|v. 反弹|v. 上下弹动|v. 邮件退回|n. 上下弹动|n. 退回的邮件|n. 强劲节拍|n. 人气回升|v. 使上下弹动|v. 征求意见|v. 蹦跳进入|v. 在几处之间快速移动
bound	adj. 有义务|adj. 前往|n. 大跳|v. 跳跃前进|adj. 受数量范围限制|adj. 被限制在某处|adj. 因条件无法移动|adj. 必然会|n. 边界|n. 界限值|n. 舞蹈中的跃步|v. 构成边界
boundary	n. 区域之间的分界|n. 抽象的界限|n. 板球场地的边缘线|n. 板球中的边界球|n. 集合的边界|n. 菲律宾公共交通司机的承包费
bourgeois	adj. 中产阶级的；庸俗保守的|n. 中产阶级|adj. 资本主义阶级的|n. 奉行中产阶级价值观的人|n. 资本家；剥削无产阶级的人|adj. 法国旧制度第三等级的|n. 中产阶级成员|n. 法国旧制度第三等级成员|n. 九点左右的印刷字号|v. 使资产阶级化
bow	n. 射箭用的弓|n. 弯曲处；弧形|n. 鞠躬；鞠躬动作|v. 变弯；弯曲|n. 乐器弓|n. 蝴蝶结；双环结|n. 弯曲物；弧形|n. 钥匙柄|n. 剪刀柄|n. 船头|n. 词袋模型|v. 用弓演奏
bowel	n. 肠道；大肠|n. 内脏；肠子|n. 深处；内部|n. 怜悯；仁慈|n. 子女；后代|v. 剖腹取出内脏
bowl	n. 碗；碗状容器|v. 投出；滚出球|v. 投球|n. 一碗；一碗的分量|n. 一碗混合菜|n. 碗形发型|n. 碗状凹部|n. 圆形凹地；盆地状坑|n. 碗形体育场或露天剧场|n. 碗赛；季后赛|n. 滚球运动中的球|n. 投球；滚球动作
bowling	n. 保龄球运动|v. bowl 的现在分词和动名词|n. 其他滚球游戏|n. 板球投球|n. bowl 的动作|n. 蜡烛瓶保龄球|n. 街头文化中的步行风格|n. 爱尔兰道路保龄球
box	n. 盒子；箱子|v. 装箱|v. 困住；包围|v. 用拳击打|n. 盒；包厢等|n. 困境；困局|n. 方框；格子|n. 长方体；矩形体|n. 黄杨树|n. 黄杨木|n. 拳打；一拳|v. 加框排版
boy	intj. 哎呀；真是|n. 男孩|n. 年轻男子|adj. 年初的缩写|n. 儿子|n. 比说话人年轻的男性|n. 男性；男士们|n. 男性朋友；兄弟们|n. 雄性动物，尤其是公狗|n. 无价值的男人；无赖|n. 男仆或男雇员|n. 男仆或助手
boya	[地名] [喀麦隆] 博亚
boycott	n. 抵制行动|v. 抵制
boyle	n. 旧拼写：疖子；脓肿|v. 旧拼写：沸腾；煮沸
brace	n. 支撑物；固定带|n. 大括号|n. 牙齿矫正器|v. 做好承受准备|v. 撑住；抵住|v. 绷紧；增强|n. 曲柄钻架|n. 一对；两个|n. 结构撑杆|n. 裤子背带|n. 一场进两球|n. 连续两球出局
bracket	n. 墙托架；支撑架|n. 括号（英式用法）|v. 用括号括起|n. 连接支架；中间连接件|n. 括号（美式用法）|n. 比赛对阵表|n. 比赛结果预测表|n. 数值区间；档次|n. 上下限数值对|v. 用支架支撑|v. 在两边界定|v. 归入同一组
brain	n. 大脑|n. 头脑；思绪|n. 智力；才智|n. 聪明的人|n. 幕后主脑|n. 脑子；头脑|n. 处理核心|v. 击打头部|n. 口交|n. 背包顶袋|v. 击碎头颅而杀死|v. 毁掉；终结
brainstorm	n. 突然想到的好主意|n. 头脑风暴活动|v. 通过头脑风暴解决问题|v. 创造性地想出点子|n. 突然的低级错误|v. 参加头脑风暴|n. 脑部活动或痉挛
brake	n. 刹车；制动器|v. 刹车|n. 制约因素|n. 蕨类植物|v. 减速；停下|n. 古代战争器械|n. 旧式战争器械|n. 泵柄|n. 揉面槽|n. 限制动物的装置|n. 使车辆转向的部件|n. 灌木丛；荆棘地
branch	n. 树枝|n. 机构分部|n. 领域分支|v. 从主干长出|v. 分成几支|n. 分叉部分|n. 家族支系|n. 条件代码分支|n. 代码库分支|v. 长出枝条|v. 程序跳转|n. 支流
brand	n. 品牌；品牌形象|v. 深深印在记忆中|n. 烙印；烧灼留下的疤痕|n. 品牌的具体产品或服务|n. 某种类型或风格|n. 公众形象；声誉|n. 污名；坏名声|v. 用烙铁烧灼；烙印|v. 给某人贴上标签；污名化|v. 为产品或服务塑造品牌|n. 烙铁|n. 植物的黑穗病菌
branding	n. 品牌推广与塑造|v. brand 的现在分词或动名词|n. 品牌视觉形象|n. 烙印
brandy	n. 白兰地|n. 一种白兰地|n. 一杯白兰地|v. 用白兰地处理
brandywine	布兰迪维因（美国宾夕法尼亚东南部的一条小溪, 位于特拉华北部。1777年9月11日殖民地军队大败于此, 这使英军于9月27日得以进入费城）
brass	n. 黄铜|n. 铜管乐器；铜管声部|adj. 黄铜制的|adj. 黄铜色的|adj. 厚脸皮的|n. 弹壳|n. 黄铜色|n. 高层人物|n. 厚脸皮；鲁莽大胆|adj. 糟糕而惹人烦的|adj. 低劣的|adj. 很冷的
brave	adj. 勇敢的|v. 勇敢面对；挑战|adj. 华美的；气派的|adj. 出众的；卓越的|adj. 鲁莽的；不明智的|n. 美洲原住民战士|n. 逞强好斗的人|n. 挑战；挑衅|v. 装饰；使华美
bravely	adv. 勇敢地；无畏地
bravery	n. 勇气|n. 勇敢之举|n. 华丽壮观
brazilian	adj. 巴西的；巴西人的|n. 巴西人|adj. 彻底脱毛的|n. 彻底脱毛护理
breach	n. 破口；缺口|n. 违反；违约|v. 打破并造成缺口|v. 违反；违背|n. 中断；裂隙|n. 关系破裂；不和|n. 隔阂；分歧|v. 突破船只或海岸防护物|v. 被突破；破裂|v. 跃出水面|n. 越过船只或海岸防护物的海水|n. 突袭；攻击
bread	n. 面包这种食物|n. 作为食材或餐食的面包|n. 维持生活的食物或生计|n. 一种面包|v. 裹面包屑|n. 钱|n. 宽度|n. 编带；辫状饰物|v. 编成网状
bread-and-butter	adj. 谋生的；维持生计的|adj. 面包和黄油的；含面包和黄油的|intj. 避邪避晦的说法|intj. 分树时避邪的说法
breadth	n. 宽度；横向尺寸|n. 广度；范围|n. 一幅标准宽度的布料|n. 绘画中的整体性处理|n. 图的最长路径长度
breadwinner	n. 负担家计的人
break	n. 断裂；破裂处|n. 休息；休息时间|v. 断裂；打碎|v. 打断；终止|n. 空隙；缺口|n. 断裂；决裂；脱离|n. 课间休息|n. 短假；短途度假|n. 暂时分开|n. 中场休息；幕间休息|n. 重大转变；转机|n. 破晓；天亮
break-down	分项数字; 开坯
breakdown	n. 机器或车辆故障|n. 分解后的分类明细|n. 关系或系统的崩溃|n. 物理过程中的失效或分解|n. 发生机械故障的车辆或机器|n. 作品或节目中的分段|n. 身心崩溃|n. 音乐中的即兴或简化段落|n. 马腿损伤|n. 橄榄球争抢后的开放阶段|n. 锯木场劈木过程或设备|n. 嘻哈音乐中的打击乐段
breakfast	n. 早餐；早饭|v. 吃早餐|n. 早餐餐食；早餐服务|v. 给某人供应早餐|n. 婚礼后的宴席|n. 禁食后的第一顿饭
breakout	adj. 突破性走红的|n. 越狱|n. 摆脱束缚|adj. 信号分路的|n. 突然爆发|n. 数据细分|n. 分组讨论室|n. 打砖块游戏|n. 穿出云层的能见处
breakthrough	adj. 突破性的；重大进展的|n. 重大突破；重大进展|adj. 突破防护或治疗的|n. 突破敌方防线|n. 突破防守|n. 治疗期间症状再现|n. 打通隔层或隧道
breast	n. 乳房；胸部前侧|n. 胸部；胸膛|n. 禽类胸肉|v. 迎面顶住；正面应对|n. 衣服的胸前部分|n. 内心；感情深处|n. 动物的胸脯|n. 前部；迎面部分|n. 山坡或水面的上部|n. 蛙泳|v. 登上坡顶|n. 采煤工作面的迎面
breath	n. 呼吸|n. 一口气|n. 呼出的气|n. 喘口气；短暂休息|n. 一丝；一点点|adj. 不带声的|n. 气味；香气|n. 轻微运动|v. 动词拼写错误
breathe	v. 呼吸|v. 通过气体交换呼吸|v. 吸入某种气体|v. 活着|v. 吸入某物|v. 呼出空气|v. 呼出或散发某物|v. 流露出；充满某种气质|v. 低声说出|v. 轻柔地吹过或流动|v. 透气|v. 把生活倾注于
breathing	n. 呼吸；一次呼吸|v. 正在呼吸；呼吸这件事|n. 送气符号|n. 喘息间歇；短暂停顿|n. 温和的影响；启发|n. 祈愿；内心渴望
breed	n. 品种|v. 繁殖；生育|v. 选育；培育|v. 养育；抚养|v. 造成；滋生|n. 血统；后代|n. 一类人|v. 产下；产于|v. 交配|v. 为……配种|v. 培育植物|v. 教育；教养
breeze	n. 微风|n. 轻而易举的事|v. 轻松随意地移动或推进|n. 骚动或争执|v. 轻轻吹拂|n. 板球比赛中的风|n. 让赛马轻跑|n. 虻类昆虫|n. 燃料炉渣|v. 让赛马轻跑|v. 鱼在水面下轻游|v. 嗡嗡作响
brent	v. burnt的古旧拼写
brett	n. 一种酿酒酵母|n. Brettanomyces 的简称|n. 由该酵母造成的酒味缺陷|n. 古旧的马车
brevity	n. 简洁|n. 短暂|n. 短文或短篇文字
brian	v. 守住炉火
bribe	n. 贿赂|v. 行贿；收买|n. 贿赂行为|v. 用贿赂换取|n. 诱惑物；诱因
bribery	n. 以非法利益影响决定的行贿行为|n. 行贿、受贿的整体活动
brick	n. 砖块|n. 砖这种材料|v. 用砖砌成|n. 砖状物|n. 砖红色|n. 可靠的好人|n. 篮球中的“砸框球”|n. 外接电源盒|n. 失灵的电子设备|v. 制成砖|v. 使电子设备失灵|v. 电子设备变得无法使用
bride	n. 新娘|n. 深爱的对象|n. 蕾丝连接环|v. 使成为新娘
bridge	n. 桥|n. 纽带；桥梁|v. 架桥；跨过|v. 弥合；连接|n. 船舶驾驶台|n. 桥牌|v. 衔接音乐段落|n. 连接结构|n. 电桥|n. 炉膛隔焰墙|n. 追上前方车手|n. 盐结壳
brief	adj. 短暂的|adj. 简洁的|v. 向某人作简要汇报|adj. 短的；面积小的|n. 答辩书；答复文件|n. 案件摘要；法律要点|n. 支持某立场|n. 律师书面论证|n. 新闻简报|n. 男式内裤|v. 撰写并提交法律论证书|adj. 普遍存在的
briefcase	n. 公文包|n. 同步文件夹
briefly	adv. 简要地|adv. 短暂地|adv. 简而言之
bright	adj. 明亮的|adj. 快乐乐观的|adj. 聪明的|v. 使变亮；照亮|adj. 强烈明亮的|adj. 闪亮的|adj. 光线充足的|adj. 晴朗的|adj. 明显的|adj. 鲜艳的|adj. 色彩鲜明的|adj. 清脆响亮的
brighten	v. 使变亮|v. 使更愉快、使更有希望|v. 变亮、放晴|v. 心情变好|v. 使更有光彩
brightly	adv. 明亮地
brilliant	adj. 耀眼的|adj. 卓越非凡的|adj. 极其聪明的|adj. 鲜艳明亮的|adj. 清脆响亮的|n. 明亮式切割宝石|n. 四点活字字号|n. 亮蜂鸟属鸟类|n. 一种提花棉织物|v. 把钻石切成明亮式
brim	n. 边缘；边沿|v. 装到满到边缘|v. 充满到几乎溢出|n. 帽檐|n. 淡水鱼名|v. 使充满|adj. 猛烈的；狂暴的|n. 水边；岸边|n. 地表或物体的边缘|n. 极限；尽头|n. 海；水体|n. 母猪发情期；交配
bring	v. 带来；带到|v. 导致；带来|intj. 电话铃声|v. 带来；提供|v. 提起诉讼；提出指控|v. 劝使；引导|v. 卖得；获得售价|v. 投出快速球
brink	n. 陡峭处的边缘|n. 临界关头
brisk	adj. 轻快的；动作迅速而有活力的|adj. 干脆直接的；略显冷淡的|adj. 活泼热烈的；充满生气的|adj. 令人振奋的；清爽而带劲的|v. 使振作；变得活跃|adj. 起泡的；有气的
british	adj. 不列颠的|adj. 英国的|n. 大不列颠人|n. 英国人|adj. 英联邦或大英帝国的|adj. 英国英语的|n. 古代不列颠人|adj. 英格兰的|adj. 古代不列颠人的|adj. 不列颠群岛的|n. 威尔士人（旧称）
britney	n. 啤酒（俚语）
britons	n. 英国人( Briton的复数形式 )
brittle	adj. 易碎的；脆的|n. 坚果脆糖|adj. 不耐弯折的；一碰就碎的|adj. 情绪脆弱的；易受冒犯的|adj. 容错性低的；容易整体失效的|n. 类似的脆硬甜食|adj. 可脆裂剥片的|adj. 血糖波动剧烈的|v. 变得易碎|v. 剖取猎物内脏
broad	adj. 宽的|adj. 全面的；宽泛的|adj. 概括的；总体的|adj. 开阔的；敞开的|adj. 很大的；广泛的|adj. 明显的；直白的|adj. 直露的；不含蓄的|adj. 不受限制的；自由展开的|adj. 地方口音重的|adj. 粗俗的；不雅的|adj. 软腭化的|n. 浅湖
broadband	adj. 宽频带的|n. 宽带网络|n. 宽频带
broadcast	adj. 广播的；播出的|n. 广播；播送|v. 广播；播出|adj. 向四面八方散开的|adj. 面向大众传播的|adv. 到处；四处|n. 广播节目|v. 向广大范围传播|v. 广泛发送|v. 参加广播节目|adv. 以撒播方式|n. 撒播；撒播作物
broadcaster	n. 广播设备；发射设备|n. 广播员；电视节目主持人|n. 撒种机；撒播机|n. 广播机构；电视台或广播电台|n. 撒种的人|n. 网络发送设备
broadcasting	adj. 向四面八方传播的|n. 广播电视行业|v. 正在播送；播送这一动作|n. 广播或播送行为|n. 撒播种子
broaden	v. 使变宽；扩大范围|v. 变宽；变广
broadly	adv. 开怀地；咧嘴地|adv. 概括地；笼统地说
broccoli	n. 西兰花|n. 大麻（美国俚语）
brochure	n. 宣传册；小册子
broker	n. 交易中介|v. 充当中介|v. 促成；谈成|n. 股票经纪人|n. 调解者；协调人|adj. 更身无分文的|n. 信息或交易中间程序
bronx	n. 布朗克斯鸡尾酒
bronze	adj. 青铜制的|n. 青铜|n. 青铜色|v. 使变成青铜色；把……晒成棕色|adj. 青铜色的|adj. 晒成棕色的|n. 青铜制品或雕像|n. 铜牌；第三名|v. 给……镀青铜|v. 晒成棕色|v. 获得铜牌；得第三名|n. 厚脸皮；冒昧
brook	n. 小溪；溪流|v. 容忍；忍受|n. 水草地|n. 低洼沼湿地|v. 享用；使用|v. 赚得；应得
broom	n. 扫帚|v. 用扫帚打扫|n. 冰壶刷|n. 金雀花类灌木|v. 把某人清除出去|n. 枪，尤其是霰弹枪|v. 施工中刷平膜材
brosnan	[人名] [爱尔兰姓氏] 布罗斯南 Brosnahan的变体
brother	intj. 唉，真受不了|n. 兄弟|n. 有共同父母的男性兄弟|n. 团体中的男性成员|n. 对男性的非正式称呼|n. 共同事业中的伙伴|n. 同类或平等的伙伴|n. 宗教或兄弟会成员的尊称|n. 组织成员或运动同志的尊称|n. 黑人男性同胞|n. 亲族或共同祖先的男子|n. 拟人化的尊称
brotherhood	n. 兄弟关系；兄弟情谊|n. 共同体；团体|n. 同业者群体|n. 同类事物的群体
brow	n. 眉骨|n. 眉毛|n. 额头|n. 神情；脸色|n. 山坡或悬崖的上缘|n. 鹿角的第一根角枝|n. 煤矿横向巷道|n. 船岸跳板或通道|n. 可放下的登岸坡道|v. 形成边缘；位于边缘
brown	adj. 棕色的|n. 棕色|v. 变成棕色|v. 把食物煎成棕色|adj. 与深色肤色族群有关的|adj. 与棕色人种身份有关的|adj. 反环保的|adj. Brown 的变体|n. 斯诺克棕球|v. 晒黑|adj. 昏暗的|adj. 泛指棕色人种的
brownie	n. 巧克力方形蛋糕|n. 帮人做家务的小精灵|n. 褐鳟|n. 低龄女童军|n. 低龄女童军|n. 低龄女童子军|n. 澳新甜面包|n. 棕色铜币|n. 家宅精灵或受敬奉的祖灵|n. 米勒属灰蝶|n. 寡妇岩鱼|n. 棕色玻璃高啤酒瓶
browse	n. 浏览行为|v. 随意浏览|n. 供浏览的读物|v. 边走边挑看|v. 浏览网页|v. 啃食灌木嫩枝|n. 嫩枝嫩芽|n. 动物饲料|n. 钓鱼诱饵|v. 以牧草为食
browser	n. 网页浏览器|n. 浏览者；取食树叶的动物|n. 信息浏览工具
bruckner	布鲁克纳（人名）
bruise	n. 皮肤瘀青|v. 把人打出瘀青|n. 水果碰伤斑|v. 把水果碰伤|v. 水果容易碰伤|v. 自己容易出现瘀青|v. 伤害自尊或感情|v. 用拳头打斗|v. 摇晃而损伤杜松子酒
brush	n. 刷子|v. 刷洗|n. 刷拭；梳理|n. 灌木丛|n. 短暂遭遇|n. 动物的蓬松尾巴|n. 鼓刷|n. 绘图刷工具|n. 数字笔刷预设|v. 梳理；整理|v. 用刷子涂抹|v. 拂去
brutal	adj. 残酷暴力的|adj. 直截了当而不加掩饰的|adj. 粗鲁冷酷的|adj. 严酷难熬的|adj. 刺耳而透彻的|adj. 极端强烈的金属音乐风格
bt	n. 血液检查|n. 法官审理的审判|n. 回归正统犹太教者|n. 苏云金芽孢杆菌毒素|n. 肉毒毒素|n. 蓝舌病|n. 男爵爵位缩写|n. 苏云金芽孢杆菌|n. 苏云金芽孢杆菌的缩写|n. 肉毒毒素的缩写|n. 黑云母
bubble	n. 气泡；泡沫|n. 市场泡沫|v. 冒泡；沸腾上涌|v. 逐层上涌；向上传递|n. 固体中的小空泡|n. 空心球状物|n. 虚假或不稳固的事物|n. 包围某人的氛围|n. 水平仪气泡|n. 扑克奖金线|n. 晋级临界线|n. 隔离圈
buck	n. 雄性动物|n. 一元钱|v. 弓背跳跃|v. 强烈抵抗；反对|n. 未阉割的公羊|n. 羚羊|n. 精力旺盛的年轻人|n. 一单位货币|n. 钱；收入|n. 货币单位|n. 鹿弹|n. 一种鸡尾酒
bucket	n. 桶；提桶|n. 一桶的量|v. 倾盆大雨|n. 大量液体|n. 大量；很多|n. 机器中的斗状部件|n. 破旧车辆|n. 篮筐|n. 进球|n. 水桶包|v. 装进桶里|v. 用桶提取或搬运
bud	n. 芽；花蕾|n. 萌芽中的事物|n. 朋友；伙伴|v. 发芽；长出花蕾|n. 芽生体|n. 大麻花|n. 大麻|n. 伙计；老兄|v. 以出芽方式繁殖|v. 开始长出；萌发出来|v. 使长出芽|n. 一岁断奶小牛
budget	n. 预算额度|n. 预算表|v. 编制预算|adj. 经济型的|n. 受预算限制|v. 拨出预算|v. 在预算中安排|n. 钱包；袋子|n. 一小批事物|n. 枪托承接口
buffalo	n. 水牛|n. 北美野牛|v. 使困惑、欺骗或威吓|v. 猎捕水牛或野牛|n. 野牛皮袍|n. 水牛鱼|n. 五美分硬币|n. 内战时期的掠夺者|n. 粗笨或愚蠢的人|n. 肥胖女性|n. 对黑人男性的冒犯性称呼|n. 美国金币
buffer	n. 缓冲物；隔离层|v. 缓冲；减弱影响|adj. 更偏黄褐色的|n. 抛光者；抛光工具|n. 缓冲差距；安全余地|v. 把数据暂存到内存中|n. 拳击手|n. 缓冲区（国际关系）|n. 首席水手长助手|n. 和气而迟钝的老头|n. 狗|v. 维持溶液酸度
buffet	n. 自助餐台|n. 自助餐食|n. 猛击；一记打击|v. 猛击；掌掴|v. 严厉抨击|v. 反复冲击；与……抗争|v. 挣扎前行；被推着移动|n. 矮凳|n. 飞机失速颠簸|v. 使钟声变闷
bug	n. 昆虫|n. 程序错误|v. 使烦恼；打扰|n. 害虫|n. 小虫|n. 传染病|n. 热衷；迷恋|n. 狂热爱好者|n. 窃听装置|n. 网页追踪图像|v. 行为异常|adj. 毕业前双性恋的缩略语
build	n. 体格；构造|v. 建造；组装|v. 形成；打造|v. 逐步增强|n. 软件版本|n. 建造过程|n. 游戏中的建筑|n. 游戏角色配置|v. 建立基础|v. 逐步形成|v. 扩大；增长|v. 编译软件
build-up	a. 内建的
builder	n. 建造者|n. 建筑承包商|n. 生成器；构建工具|n. 健美运动员的简称
building	n. 建造过程|n. 建筑物|v. 正在建造；建造这件事|n. 数学中的专门结构
built-in	adj. 内置在结构中的|adj. 本身固有的|n. 内置功能|adj. 随附的、预装的|n. 内置部件
bulb	n. 植物球茎|v. 鼓起；膨胀成球状|n. 球状突起|n. 延髓|n. 船首球鼻|n. 洋葱
bulgarian	adj. 保加利亚的；保加利亚人的；保加利亚语的|n. 保加利亚语|n. 保加利亚人|n. 保加利亚分腿蹲
bulk	adj. 体积大的；大宗的|n. 体积；分量|n. 大部分；主体|adj. 总体的；整批的|n. 庞大的实体|n. 膳食纤维；增加体积的食物成分|n. 散装大宗货物|n. 货物；载运物|n. 肌肉量；体格|n. 增肌增重期|v. 显得庞大；显得突出|v. 变大；膨胀
bull	adj. 看涨的|n. 公牛|n. 胡说废话|adj. 强壮的|adj. 雄性的|adj. 愚蠢的|n. 公牛|n. 雄性牛|n. 雄性牛类|n. 大型哺乳动物的雄性|n. 壮汉|n. 多头投资者
bullet	n. 子弹头|n. 项目符号|n. 极快的|n. 一发完整弹药|n. 大额到期还款|n. 拒信|n. 高速飞行物|n. 超快棋|v. 加项目符号|v. 飞速前进|v. 快速射出或击出|n. 弹弓弹丸
bulletin	n. 官方简报|intj. 提醒一下|n. 新闻简报|n. 定期刊物|v. 发布公告
bullock	n. 阉牛；役牛|v. 欺负；强迫|n. 年轻公牛
bully	n. 霸凌者；欺负弱者的人|v. 欺负；恐吓|intj. 好极了；干得好|n. 蛮横好斗的人|v. 用强硬手段压制|adj. 非常好的|adj. 爽朗而爱虚张声势的|n. 受雇的打手|n. 性工作者的看场人|n. 罐装牛肉|n. 精力充沛而潇洒的人|n. 伊顿学院球类比赛中的小争球
bum	adj. 糟糕的；不合意的|n. 屁股；臀部|v. 向某人讨要|adj. 不公平的；不合算的|adj. 受伤或有毛病的|adj. 令人不快的；不愉快的|n. 流浪汉|n. 懒汉；无能又惹人烦的人|n. 表现很差的选手|n. 纵酒狂欢|v. 闲混；无所事事|v. 使沮丧
bummer	intj. 真扫兴！|n. 令人失望的事|adj. 更糟的|n. 历史上的觅食者|n. 游手好闲的寄生者|n. 被遗弃的小羊|n. 糟糕的致幻药物体验|n. 侮辱同性恋男性的旧称
bump	n. 轻微碰撞|n. 表面隆起|n. 皮肤肿块|v. 碰撞|intj. 顶帖|n. 碰撞声|n. 孕肚|n. 论坛顶帖|n. 暂时增加|n. 毒品一小份|n. 小问题|v. 向上或向下调整
bun	n. 小圆面包；甜面包|n. 发髻|n. 北英格兰的一种烘焙食品|n. 爱尔兰和北英格兰的地方食品名称|n. 兔子的昵称|v. 盘成发髻|n. 纵酒狂欢|n. 新手|n. 年轻女孩或女性|n. 臀部|n. 阴道|n. 兔子
bunch	n. 一串；一簇；一团|n. 一伙人|v. 使聚成一团|v. 聚成一团|n. 主车群|n. 很多；一大堆|n. 一群；一些|n. 隆起；鼓包|v. 使布料打褶|v. 聚成褶皱|v. 鼓起；隆起|n. 捆成一束的木材
bundle	n. 一捆；一组扎在一起的东西|n. 包裹；捆好的东西|v. 捆在一起；打包|n. 组合套装；捆绑销售的一组产品或服务|n. 一大笔钱|v. 匆忙弄走；把人塞进|v. 匆忙离开；赶路|v. 给某人穿得暖和|v. 穿得暖和；把自己裹严|v. 赶快；匆忙行动|v. 匆忙推入、放入或弄到某处|n. 肌肉或神经纤维束
bunsen	n. 本生（1811 - 1899, 德国化学家）；本生灯
bur	n. 带刺的种子外壳|n. 带刺外壳的植物|n. 旋转式切削工具|n. burr 的另一种拼写
burden	n. 沉重负荷|n. 责任或负担|n. 令人忧虑或压抑的事情|v. 使承担负担|n. 船舶的载重量或容量|n. 体内某种有害因素的总量|n. 歌曲中反复出现的句子或主题|n. 论述的核心主题|v. 加以负荷或强加|n. 锡矿开采中的矿脉顶部部分|n. 高炉装料中矿石、熔剂与燃料的配比|n. 某些商品的固定计量单位
burdensome	adj. 费力而麻烦的
bureau	n. 管理机构；政府部门|n. 信息服务机构|n. 办公室；办公房间|n. 书桌（英式）|n. 抽屉柜（美式）
bureaucracy	n. 官僚行政制度|n. 官僚主义；繁文缛节|n. 官僚统治|n. 官僚人员或行政机构
bureaucrat	n. 官僚体系中的官员|n. 维基权限管理员
bureaucratic	adj. 官僚的；官僚机构式的
bureaucratically	adv. 官僚主义地
burger	n. 汉堡包|n. 类似汉堡的夹馅食物|n. 泛指双面包夹馅三明治|n. 巴基斯坦俚语中的西化富裕人士|n. 美国人|n. 斯里兰卡族群名称的变体|n. 法国来源的白葡萄品种
burglar	n. 入室窃贼|v. 实施入室盗窃
burke	v. 闷死|v. 压下或掩盖|v. 为卖尸而杀人
burn	n. 烧伤；灼伤|n. 灼热感；刺痛感|v. 烧毁|v. 燃烧|n. 燃烧；焚烧|n. 情绪上的刺痛|n. 犀利的羞辱；反击|n. 运动后的肌肉灼热感|v. 烧坏；烤焦|v. 被烧坏；烧焦|v. 烧出；烙出|v. 灼伤
burnable	a. 易燃的, 可燃的
burner	n. 燃烧者或燃烧物|n. 炉灶加热部件|n. 实验室加热器|n. 燃料燃烧装置|n. 焚烧装置|n. 光盘刻录设备|n. 临时手机|n. 临时号码应用|n. 临时账号|n. 大型涂鸦作品|n. 烟火催泪气体罐|n. 枪
burnout	n. 长期身心耗竭|n. 身心耗竭的人|n. 电器过热失效|n. 吸毒后精神萎靡的人|n. 火箭发动机停机|n. 原地烧胎
burst	n. 爆裂；爆发的一下|n. 一阵强烈表现|v. 爆裂|v. 使爆裂|n. 连续射击|v. 突然闯入或冲出|v. 突然迸发；突然进入状态|v. 冲破并造成开口|n. 炸弹爆炸|n. 纵情饮酒|v. 弄破|v. 沿齿孔撕开
bury	v. 埋葬|v. 埋入地下|v. 藏住；遮住|v. 熬过并活得比某人久|v. 大量压来；淹没|v. 把情绪或秘密压在心里|v. 结束；放下|v. 把球有力地射进门|n. 洞穴|n. 自治城镇；庄园|v. 以压倒性方式击败对手
bus	n. 公共汽车|n. 共享连接线路|v. 用公共汽车运送|n. 公共汽车（北美用法）|n. 总线型网络|v. 用校车接送学生|v. 乘公共汽车出行|v. 清理餐桌|v. 做清桌工作|n. 导弹分导部件|n. 救护车（俚语）|n. 飞机（俚语）
bush	n. 灌木|n. 荒野；未开发的天然植被地带|adj. 业余的；不专业的|n. 灌木枝；砍下的灌木|n. 狐狸尾巴|n. 澳大利亚荒野|n. 新西兰荒野|n. 加拿大荒地|n. 不专业的行为|n. 金属衬套；套筒|n. 带螺纹的机械套座|v. 变得蓬松
business	n. 企业；商店|n. 职业；行业；工作|n. 商业活动；营业|n. 个人的事；隐私|adj. 商业的；办公用的|n. 业务量；生意状况|n. 交易往来；客户生意|n. 企业界；工商界|n. 商业管理学|n. 事情；情况|n. 要处理的事务|n. 会议待议事项
business-friendly	adj. 有利于商业的
business-to-business	adj. 企业对企业的
businessman	n. 商人；商界人士（男性）
businesspeople	商人
bust	adj. 破产的|n. 警方逮捕；突袭行动|v. 打破；弄坏|v. 逮捕|v. 当场抓住；揭穿|n. 警方突袭；捣毁犯罪团伙|n. 失败的项目；失败品|n. 令人失望的事|n. 表现不佳的选手|n. 经济衰退期|n. 胸像|n. 胸围
busy	adj. 繁忙的；拥挤的|adj. 正忙着的；没空的|v. 使自己忙于|adj. 工作很多的|adj. 复杂花哨的；元素过多的|adj. 爱插手的；多管闲事的|n. 警察（俚语、贬义）
but	adv. 仅仅；不过|prep. 除……之外；不包括|n. 反对意见；限制条件|adv. 不过；然而|n. 外室|n. 界限；边界|n. 末端；粗钝的一端|prep. 在……之外|v. 说出 but
buta	[地名] [刚果民主共和国、乌干达] 布塔
butcher	n. 屠夫；肉商|v. 屠宰并处理|n. 残酷的杀手|v. 残酷杀害|v. 把某事物弄坏|v. 弄得无法辨认|adj. 更阳刚的|n. 看一眼|n. 剧场等场所的小贩|n. 一种王牌|v. 以屠宰为业
butter	n. 黄油；奶油|v. 涂黄油|n. 替代黄油的食品|n. 植物油脂；护肤油脂|n. 柔软物质|n. 平稳落地|n. 用头撞的人或动物|n. 插嘴的人|v. 做滑雪板头尾动作|v. 逐次加注
butterfly	n. 蝴蝶|v. 切成蝴蝶形|n. 蝴蝶形伤口胶带|n. 蝶泳|n. 紧张兴奋感|n. 蝴蝶式拉伸|n. 频繁更换伴侣的人|v. 用蝴蝶形胶带合拢伤口|n. 蝴蝶形曲线|n. 轻浮、不可靠的人|n. 蝶式期权组合|n. 蝴蝶效应造成的时间线变化
button	n. 衣物纽扣|n. 实体按钮|n. 屏幕按钮|v. 用纽扣扣好|n. 徽章|n. 旋转门闩片|n. 小圆球或小团块|n. 灾难性行动的启动手段|n. 场景收尾妙语|n. 喜剧结尾的笑点|v. 扣得上|v. 闭嘴；停止说话
buy	n. 买来的东西；划算的购买|v. 买；购买|v. 以牺牲换取|v. 收买；贿赂|v. 具有相当的购买力|v. 相信；接受为真的说法|v. 请客；替人买饮料或饭菜|v. 为某事付出代价|v. 用大幅加注虚张声势
buy-in	n. 支持；认同|n. 扑克赛事的买入制参赛方式|n. 买入金额
buyer	n. 普通购买者|n. 零售采购员|n. 生产采购员
buzz	n. 嗡嗡声；嘈杂低语声|n. 兴奋感；轻微醉意|v. 发出嗡嗡声|n. 低声耳语|n. 电话；电子邮件联系|n. 热门话题；传闻|v. 低声议论；在耳边嗡嗡说|v. 忙碌而兴奋地活动|v. 低声传播；散布传闻|v. 不停低声交谈|v. 把头发剪得很短|v. 用蜂鸣器联系
buzzfeed	n. 一篇 BuzzFeed 文章
buzzword	n. 流行词
by	adv. 经过旁边|adv. 在附近|prep. 在……旁边|prep. 经过……旁边|prep. 不晚于|prep. 由……做出|prep. 通过……方式|adv. 顺路到某处|prep. 由……创作|prep. 按照某种权威|prep. 按……分类|prep. 相差
by-product	n. 生产时顺带产生的副产品|n. 附带结果；副作用
byd	abbr. Bureau of Yards and Docks 船坞局（美国海军）; 比亚迪股份有限公司
bypass	n. 绕行道路|n. 绕行；绕开的行为|v. 绕过障碍|n. 分流管道|n. 旁路；搭桥手术|v. 绕开常规渠道|n. 替代旧道路|n. 电气分流
byproduct	n. 副产品
byrd	n. 伯德（姓氏）
byron	n. 拜伦（男子名）
c	n. 中音 C|n. C 音|num. 第三|num. 第三|adj. 加糖和炼乳的|n. 一百美元|n. C 等级|n. consonant 的缩写|n. 保守党缩写|n. 世纪缩写|n. 中锋位置缩写|v. see 的网络缩写
c-grade	adj. 平庸的；一般的
cab	n. 车辆驾驶室|n. 出租车|n. 其他车辆的驾驶舱|n. 街机游戏机柜|n. 赤霞珠葡萄酒|v. 乘出租车|n. 塔顶的值守舱|n. 四轮马车|n. 古希伯来体积单位|n. 压缩归档文件简称|n. 胸外按压、气道和呼吸|n. 认知、情感与行为
cabbage	n. 卷心菜植物|n. 卷心菜叶，作为食物|n. 甘蓝类植物|n. 亲昵称呼|v. 闲着发呆|n. 严重脑损伤者|n. 钱|n. 大麻叶|n. 棕榈树顶芽|n. 卷心菜棕榈|n. 人的头|n. 布料碎片
cabin	n. 边疆小木屋|n. 船上私人房间|n. 飞机客舱|v. 安置在小空间内|n. 小型山间旅舍|n. 船内封闭舱室|n. 飞机某一等级的客舱|n. 小房间；封闭处所|v. 限制范围|n. 铁路信号室|n. 私人办公室|v. 居住或住宿
cabinet	n. 柜子；壁柜|n. 顾问班子；决策小组|n. 内阁|n. 橱柜；带门的柜子|n. 资料宝库；收藏库|n. 街机机箱|n. 艺术品收藏|n. 设备机柜；机箱|n. 一种旧式照片尺寸|n. 肯塔基州的行政部门班子|n. 小房间；私室|n. 奶昔（罗得岛州方言）
cable	n. 缆线；粗绳状连接物|n. 有线电视或网络服务系统|v. 给……装缆线|n. 有线电视或网络服务的简称|n. 英镑兑美元货币对|v. 用缆线固定|v. 把线缠合成缆|n. 电报|n. 航海长度单位|n. 约185米的航海长度|n. 绳状建筑装饰|n. 绳状编织纹样
cadence	n. 节拍；动作节奏|n. 韵律；流畅的节奏|n. 音乐终止式|n. 声音的抑扬变化|n. 句末下降语调|n. 动作序列的节奏|n. 跑步步频|n. 自行车踏频|n. 发布频率|n. 下落；衰落|n. 结尾装饰段|n. 舞蹈收尾步
caf	n. 咖啡馆|n. 自助餐厅|n. 含咖啡因的咖啡
cafe	n. 咖啡馆；小餐馆|n. 南非英语：便利店|n. 汽车燃油经济性标准缩写
cafeteria	n. 自助餐厅|n. 机构食堂；用餐区
cage	n. 笼子|n. 束缚自由的处境|v. 关进笼子|v. 限制行动或创造力|n. 升降机轿厢|n. 球门|n. 汽车|n. 监狱；牢房|n. 护面网|v. 监禁|n. 投掷区防护网|n. 木制外框
cake	n. 蛋糕|v. 结成硬壳覆盖|n. 饼状烘烤物|n. 煎饼；薄饼|n. 压成的块|n. 容易的事|n. 钱|n. 两头都想要|n. 丰满的臀部|v. 结成块|v. 干结变硬|n. 组合烟花
calcium	n. 钙（化学元素）|n. 钙原子
calculate	v. 计算出；算出|v. 进行计算；算得出|v. 筹划；使适合|v. 预想棋步；推演变化|v. 料想；估计|v. 推算；预见
calculation	n. 计算过程|n. 计算结果|n. 估算；盘算|n. 预判；打算|n. 棋局推演
calendar	n. 历法；日历制度|n. 日历；日历本|n. 活动日程；安排表|n. 事务清单；排期表|n. 预约记录本；日程本|v. 记入日历；登记|v. 为法庭程序排定日期
calf	n. 牛犊；幼牛|n. 小腿后侧；小腿肚|n. 小牛皮革|n. 大型动物的幼崽|n. 小腿后侧肌肉|n. 冰川脱落的大冰块|n. 大岛附近的小岛|n. 无驾驶室的铁路机车|n. 笨蛋；傻小子
calif	n. 哈里发（伊斯兰教的国王）
call	n. 召唤；召集|n. 电话；通话|v. 呼喊求助或引起注意|v. 称呼或命名|n. 喊叫；呼喊声|n. 动物叫声|n. 打电话的一次行为|n. 短暂拜访|n. 船舶停靠港口|n. 决定；判断|n. 看涨期权|n. 待命值班
calm	adj. 情绪平静的|n. 平静状态|v. 使平静|v. 变得平静|adj. 安静而没有扰动的|adj. 海面平静的|adj. 无风无暴风雨的|n. 安静与无扰动|n. 无风期|n. 咖啡牛奶色斑缩写
caloric	adj. 与卡路里有关的|adj. 含有卡路里的|adj. 高热量的|adj. 与热或能量产生有关的|n. 假设的热媒介
calorie	n. 千卡；食品热量单位|n. 千卡|n. 小卡
caltech	n. 加利福尼亚理工学院
camel	adj. 骆驼色的|n. 骆驼|n. 骆驼色|n. 一种香烟品牌|n. 船舶浮托装置|n. 针对中东人的侮辱性称呼|n. 三一直角跳的仙棋棋子|n. 长颈鹿（旧称）
camera	n. 相机；摄像机|n. 游戏视角|n. 拱顶房间|n. 法官私室
camille	n. 卡米尔（女子名）
camp	adj. 夸张做作的|n. 露营地|v. 露营|v. 搭建营地|adj. 过分阴柔的|adj. 故意俗艳的|n. 夏令营等营地活动|n. 军事营地|n. 拘禁营|n. 猎人小屋或简易住所|n. 政治阵营|n. 校园的简称
campaign	n. 为目标展开的一系列行动|v. 为目标持续奔走|n. 体育赛季中的持续表现|n. 连续的角色扮演游戏剧情|n. 高炉连续作业期|n. 开阔平原（旧义）|n. 乡间远足（旧义）|v. 让参赛者持续参加赛季比赛
campaigner	n. 活动人士；倡导者|n. 参加战役的人|n. 老兵|n. 老手；有经验的人
campground	n. 露营地|n. 营会场地
campus	n. 校园；校区|n. 校园生活；校园共同体|v. 罚留校|v. 只靠手臂攀爬
can	n. 金属罐或容器|v. 能够|v. 可以；获准|v. 可以……吗；请……|intj. 表示同意或确认|intj. 表示安慰或让人放心|n. 浇水壶|n. 臀部|v. 会；懂得怎么做|v. 可能；有可能|v. 装入罐中密封|v. 装罐保存
canal	n. 人工水道|v. 开挖水道|n. 体内或植物内的管道|v. 乘船沿水道行进|n. 火星运河
cancel	n. 取消|v. 划掉|v. 取消；使作废|n. 印刷中删去的内容|v. 盖销；使邮票不能再用|v. 抵消；抵平|v. 停播；取消制作|v. 停止支持；取消邀请|n. 界限；边界|n. 被删去的页面|n. 替换页|v. 约去公因子
cancer	n. 癌症|adj. 糟透了；令人厌恶|n. 蔓延的祸害|n. 巨蟹座的人
cancerous	adj. 癌症的；患癌的|adj. 像癌细胞一样有害扩散的|adj. 讨厌至极的；恶心的
cand	[化] 萤石
candidate	n. 竞选或申请职位的人|n. 被认为有希望的人|n. 考试参加者|n. 适合被选用的对象|n. 候选基因|v. 参选|v. 列为候选对象|v. 使变白；粉饰
candle	n. 蜡烛|n. 滤芯中的突出部分|n. 旧光度单位|n. 松树春季新梢|n. 圣公会中的等级隐喻|v. 用光观察胚胎|v. 陶坯预干|v. 借光检查物品
candy	n. 糖果；甜食|n. 一颗糖|v. 糖渍；裹糖浆|n. 可卡因俚语|n. 彩珠饰品|n. 印度南部旧重量单位|v. 形成糖晶|v. 凝成糖果状
cannon	n. 大炮；炮|v. 用炮轰|n. 管状发射器|n. 台球连撞得分|n. 大力投球的手臂|v. 台球连撞|v. 猛烈射出|v. 猛撞并弹开|adj. canon的误拼|n. 马腿的管骨|n. 卷起的去骨腰肉|n. 炮杆衔铁
cannot	v. 不能；无法|v. 不得；不可以|n. 不能做的事|n. 做不到的人
canoe	n. 独木舟；划艇|v. 划独木舟；乘独木舟|n. 老式大轿车|n. 轮盘赌挡片
canon	adj. 官方认可的；属于正史的|n. 公认的规范；原则|n. 经典作品范围|n. 虚构世界的官方正史|n. 作家公认真实的作品|n. 教会法规|n. 卡农曲；轮唱曲|n. 教堂法政牧师|n. 教士团成员|n. 圣餐祷文|n. 天主教圣人名录|n. 修会规则书
canteen	n. 食堂；小餐厅|n. 水壶；水瓶|n. 食堂；小吃店|n. 临时餐饮点|n. 餐具盒|n. 军用餐具
canvas	n. 帆布|n. 画布|n. 创作基础|n. 刺绣或钩编底网|n. 图形绘图区|n. 帐篷|n. 草稿或雏形|v. 用帆布覆盖|n. 帆|n. 帆布鞋|n. canvas的旧拼法|v. canvass的旧拼法
cap	n. 便帽；鸭舌帽|n. 上限；限额|v. 盖住；封住|v. 设定上限；达到上限|n. 表示身份或职业的帽子|n. 学位帽|n. 盖子；封盖|n. 牙冠；牙套|n. 山顶；顶部|n. 蘑菇伞|n. 玩具枪火帽|n. 雷管；起爆帽
capability	n. 能力；功能；潜力|n. 访问权限令牌
capable	adj. 有能力的；能胜任的|adj. 能容纳的；能承受的
capacity	n. 容纳能力|n. 完成事情的能力|n. 学习能力；智力|n. 容量；容积|n. 最大承载量|n. 最大产量；产能|n. 潜能；发展能力|n. 身份；职能|n. 法律权限|adj. 装满规定空间的|n. 电容|n. 设备或设施的最大产能
cape	n. 岬角；海角|n. 斗篷|n. 超级英雄|v. 替人辩护；吹捧|n. 对流有效位能|v. 用斗篷引逗公牛|v. 朝向；保持航向|v. 剥兽皮|v. 覆盖成斗篷状
capital	n. 资本；资金|n. 首都|n. 大写字母|adj. 首要的；极重要的|adj. 首都的|adj. 死刑相关的|adj. 大写的|n. 生产资料；资本品|n. 资本阶级；资本方|n. 某领域的中心城市|n. 知识资本；能力资源|n. 最重要的事物
capitalism	n. 私人资本主导的社会经济制度|n. 私人拥有生产资料并以利润为目标的经济制度|n. 以私有财产权和自由市场为基础的资本主义|n. 把资源抽象为私人资本的市场制度
capsule	n. 包膜；囊状外壳|n. 药物胶囊|n. 简明压缩版|v. 概括；压缩表达|n. 器官外膜|n. 航天返回舱|n. 胶囊旅馆小房间|v. 制成胶囊|n. 植物的蒴果|n. 孢蒴|n. 眼球外膜|n. 酒瓶封套
captain	n. 首领；负责人|n. 船长|n. 球队队长|v. 担任队长；带队|v. 指挥船、飞机或球队|n. 陆军上尉|n. 海军上校级军官|n. 工人团队负责人|n. 姓名前的船长或军衔头衔|n. 超级英雄式称号|n. 美国部分军种的上校级军衔|n. 学校男生负责人
captive	adj. 被俘的；被囚禁的|n. 俘虏；被囚禁者|adj. 被迷住的|adj. 囚禁用的；与束缚有关的|n. 被关押的人|n. 着迷的人|n. 自保保险公司|v. 俘获
captivity	n. 被俘状态|n. 囚禁时期|n. 俘虏群体
capture	n. 抓获；捕获|n. 赢得；吸引住|v. 抓获；夺取|v. 吸引住；打动|n. 被捕获者；俘虏|n. 记录；采集|v. 录下；保存|v. 准确表现；传达|v. 吃掉棋子|n. 匹配结果
capuchin	[Capuchin ](天主教的)圣方济会托钵僧
car	n. 汽车|n. 轨道车厢|n. 铁路车厢|n. 电梯轿厢|n. 游乐设施乘坐舱|n. 汽车的综合性能和价值|n. 嵌合抗原受体|n. 马车|n. 地方性的马车义|n. 飞艇吊舱|n. 沿轨道滑动的滑件|n. 养鱼浮箱
caravan	n. 旅行队伍|n. 拖挂式房车|v. 结队出行|v. 乘房车旅行或居住
caravansary	n. 商队旅馆, 大旅舍
caravanserai	n. 商队旅馆, 大旅舍
carbohydrate	n. 碳水化合物|n. 碳水食品
carbon	n. 碳元素|n. 碳原子|n. 碳纸|n. 复写件|n. 煤或木炭等含碳燃料|n. 烟灰|n. 二氧化碳的简称|n. 碳纤维|v. 抄送邮件给|n. 弧光灯碳棒|n. 电池碳板
carcass	n. 死动物的躯体|n. 屠宰后的动物胴体|n. 人的尸体|n. 隐藏的支撑骨架|n. 活人的身体（俚语）|n. 历史上的燃烧弹
card	n. 纸牌|n. 卡片；硬片|n. 名片|v. 查验身份证件|n. 纸牌游戏|n. 手段；筹码|n. 卡纸|n. 节目表；赛程表|n. 电子扩展卡|n. 贺卡|n. 纤维梳理刷|v. 玩纸牌
cardinal	adj. 关键的；根本的|adj. 基数的|n. 鲜红色|adj. 基本方向的|adj. 鲜红色的|n. 枢机主教；红衣主教|n. 红雀；红衣鸟|n. 基数|n. 基数词|n. 圣路易斯红雀队球员|n. 亚利桑那红雀队球员|n. 路易斯维尔大学体育队成员
care	n. 关心；注意；责任|n. 护理；照护服务|v. 在意；关心|v. 照顾；照料|n. 忧虑；烦恼|n. 维护；保养|n. 受照护状态|v. 想要；愿意|v. 在意其影响|n. 牵挂；忧心的对象|n. 悲伤；哀愁|v. 介意；反对
career	n. 职业；一生的事业|n. 职业生涯；事业发展历程|adj. 以某事为业的|n. 人生或行动的进程|v. 疾驰；失控冲向前方|adj. 惯常反复做某事的|n. 高速前进|n. 骑士比武的冲刺路线|n. 马的短程奔驰|n. 鹰的飞行|n. 赛道；跑过的路线
carefree	adj. 无忧无虑的；轻松自在的
careful	adj. 小心谨慎的|adj. 认真细致的|adj. 忧愁的（旧义）|adj. 忧虑的（旧义）
carefully	adv. 小心而专注地|adv. 一丝不苟地|adv. 悲伤地（旧义）
caregiver	n. 照护者；护理者
careless	adj. 不在意；不担心|adj. 粗心大意；疏忽|adj. 无忧无虑的
carer	n. 照料者；护理人员
caress	n. 亲昵的表示|n. 轻柔的抚摸|v. 温柔抚摸或亲吻|v. 温柔地打动
cargo	n. 运输中的货物|v. 装载货物|n. 西方物资
carl	n. 粗野的人|n. 吝啬鬼|n. 卡尔顿学院学生|v. 粗声嘟囔
carmen	n. 卡门（女子名）
carpenter	n. 木匠|v. 做木工|n. 船上木工负责人|n. 双轮马车|n. 木蜂|n. 潮虫
carpet	n. 地毯|n. 像地毯一样铺满|v. 铺地毯|v. 铺满；覆盖|v. 严厉训斥|n. 尺蛾|n. 桌布|n. 女性阴毛（俚语）
carriage	n. 运送；运输|n. 交通工具；运输手段|n. 马车|n. 火车车厢|n. 身体部位的姿势|n. 打字机承纸架|n. 婴儿车|n. 运费|n. 步态；举止姿态|n. 举止；待人处事方式|n. 购物车|n. 所携带的行李或物品
carrier	n. 承载者；运输工具|n. 航空母舰|n. 航空母舰（英国用法）|n. 信鸽|n. 货运承运人；货运公司|n. 载波信号|n. 移动网络运营商|n. 航空公司|n. 驱动或承载之物|n. 车辆驱动或承载部件|n. 无症状携带者|n. 载体液体或气体
carrot	n. 胡萝卜|n. 奖励性激励|n. 胡萝卜橙|n. 乡下人|n. 英国境内的外地警察|n. 红发人|v. 用硝酸汞处理皮毛
carry	n. 携带或搬运的方式、姿势|v. 搬运；带到别处|v. 持有；维持|v. 随身带着|n. 陆路转运段|n. 球落地前的飞行距离|v. 把战事等推进到另一处|v. 延伸；继续到|v. 备有；供应|v. 接手；代做|v. 通过议案；作出决定|v. 进位
carry-on	adj. 随身携带的|n. 随身行李|n. 胡闹；闹剧
cart	n. 小车；推车|v. 用车运送|n. 小型车；卡丁车|n. 购物车|n. 游戏卡带|v. 搬运；带着走|v. 拖走；弄走|n. 广播磁带盒|n. 电子烟油仓|n. 分类与回归树|v. 示众惩罚
cartel	n. 限制竞争的联合集团|n. 政治团体的联合|n. 挑战书|n. 交换俘虏的协议|n. 战时谈判船
carter	n. 赶车运货的人|n. 一种鱼
carton	n. 纸盒；盒装的一份|n. 一条香烟|n. 一箱啤酒|v. 装进纸盒|n. 薄纸板|n. 靶心内的小圆点|n. 击中小圆点的一枪
cartoon	n. 幽默漫画|n. 动画片|v. 画成漫画|n. 政治讽刺漫画|n. 创作草图|n. 动画系列|n. 科学示意图|v. 画草图|n. 大型底稿
cartwright	n. 马车工匠
carve	v. 切肉分食|v. 雕刻成形|n. 分切动作|v. 开辟出一部分|n. 古代土地单位|v. 切割|v. 滑雪板刻弯|v. 筹划安排
carving	n. 雕刻作品|n. 雕刻活动或技艺|v. 用板刃刻弧线转弯|v. carve 的现在分词和动名词
cascade	n. 瀑布；瀑布群|n. 连续发生的一连串事物|v. 像瀑布一样落下|v. 按因果顺序接连发生|n. 串联的组件序列|n. 链式反应序列|v. 排成阶梯状|v. 沿链条逐级传递|n. 杂耍的瀑布式抛接|n. 论坛消息连锁|n. 卷发假发片|v. 呕吐
case	n. 具体情况；事例|n. 案件；诉讼|n. 盒子；套；外壳|v. 包住；加外壳保护|n. 需要处理的事务|n. 研究实例|n. 语法格|n. 格的语法体系|n. 病例；病情实例|n. 分支代码段|n. 同类物品箱|n. 设备运输箱
cash	n. 现金；现钞|v. 兑现支票|adj. 很棒；很酷|n. 可随时调用的资金|n. 钱；手头的钱|n. 收银台|n. 赢得现金奖|n. 钱箱；存放钱的地方|n. 印度旧小硬币|n. 东亚、东南亚旧硬币|n. 材料化学缩写|n. 美国农业安全与健康中心缩写
cashier	n. 收银员|v. 做收银员|n. 现金负责人|v. 开除出役|v. 弃置|v. 使失效
cashless	a. 无现款的,无现金的,无钱的
casino	n. 赌场|n. 小屋；休闲别墅|n. 意大利纸牌游戏|n. 特殊牌
cassette	n. 盒式磁带|v. 录到盒式磁带上|n. 类似的盒式组件|n. 胶片盒|n. 基因盒|n. 飞轮齿片组|n. 窑炉保护盒
cast	n. 投掷动作|n. 演员阵容|v. 铸造；浇铸成形|v. 投送网络视频|adj. 困住而无法站起|n. 骰子掷出的点数|n. 抛鱼线|n. 被抛散的东西|n. 铸造过程|n. 模具铸成的物件|n. 骨折固定石膏|n. 制作物件的模具
castle	n. 城堡|n. 王车易位|v. 王车易位|n. 车|n. 将棋防守阵|n. 紧贴头部的头盔|n. 宏伟大宅|n. 小塔楼|n. 三柱门|v. 安置在城堡中|v. 保护、隔离|v. 建成城堡式样
casual	adj. 非正式的；轻松的|adj. 日常穿用的；休闲的|n. 临时工|adj. 偶然发生的|adj. 偶尔的；零星的|adj. 临时的；非固定雇用的|adj. 漫不经心的|adj. 无意的；非刻意的|n. 临时从事某种工作的人|n. 临时驻留的军人|n. 休闲玩家|n. 浅度参与者
casually	adv. 随意地；轻松地
casualness	n. 偶然
casualty	n. 意外或灾祸|n. 伤亡人员|n. 军事减员|n. 急诊科（英国）|n. 附带费用|n. 受不利影响者|n. 死亡者|n. 偶然性
cat	n. 猫；猫科动物|adj. 糟透的|n. 猫；家猫这一物种|n. 猫肉|n. 含 cat 的动物名称|n. 以猫命名的物件|n. Unix 文件输出命令|n. 催化转化器的缩写|n. 双体船的缩写|n. 类别的缩写|n. 鲶鱼的缩写|n. 履带式工程机械的缩写
catalina	n. 水陆两用飞机|n. 购物券
catalog	n. 目录, 大学概况手册|vt. 编目录
catalogue	n. 目录；系统清单|v. 编入目录|n. 商品目录|n. 院校手册；课程目录|n. 作品目录|n. 一连串问题|v. 列举；编制清单|v. 加入现有目录|n. 目录名录|v. 按目录鉴定或分类邮票
catalyst	n. 化学催化剂|n. 推动进展的因素|n. 引发后续冲突的事件|n. 催化转化器|n. 施法媒介
cataract	n. 大型瀑布|n. 白内障|n. 洪流；急流|n. 大量涌来；滔滔不绝|n. 遮蔽心智的事物（比喻）|v. 像瀑布般落下|n. 蒸汽机调节器|n. 水龙卷|n. 闸门；窗栅|n. 破麻工具|v. 使猛烈涌出
catastrophe	n. 重大灾难|n. 远超预期的惨重损失|n. 剧情中的重大转折|n. 系统稳定状态的突变
catch	n. 隐藏条件；隐患|v. 抓住；赶上|v. 抓住；抓住某处|v. 听懂；领会|n. 捕获；抓获|n. 接球；接住|n. 注意到；听懂|n. 接球游戏|n. 捕获物；猎获物|n. 称心的对象；好对象|n. 门扣；搭扣|n. 声音中的哽咽
catchall	n. 装杂物的容器/地方, 截流器, 总受器, 分沫器
catchword	n. 口号, 标语, 口头禅
category	n. 类别；组别|n. 范畴（数学）
cater	v. 承办餐饮|v. 提供所需的食物或服务|v. 迎合；满足愿望|adv. 斜着；对角地|n. 古代食品采购员|n. 古旧的餐饮供应者|n. 泛指供应者|n. 四|n. 四点牌或四点骰|n. 九钟四对鸣法|v. 斜放；斜着裁剪
cathedral	n. 主教座堂|adj. 主教的；主教职务相关的|n. 大型重要的教堂|n. 宏伟重要的建筑或场所|n. 大型白蚁结构
catholic	adj. 包罗万象的|adj. 兴趣广泛的|n. 天主教徒|adj. Catholic 的小写形式|adj. 对所有人都有意义或用处的|adj. 天主教会体系的|adj. 罗马天主教的|adj. catholic 的大写形式|adj. 普遍流行的|adj. 普遍适用的
catholicism	n. 天主教信仰体系|n. 普遍性|n. 思想宽广、包容
cato	n. 加拿大军校行政与训练条例|n. 弹射器辅助起飞|n. 起飞时发生灾难
cattle	n. 牛；牛群|n. 牲畜|n. 牲口般的人|n. 动产|n. 牛肉等牲畜肉|v. 弄坏；破坏
causal	adj. 因果的；导致……的|n. 表示原因的语法词
causality	n. 原因产生结果的作用|n. 原因与结果之间的因果联系
cause	n. 原因；起因|n. 理由；充分理由|v. 导致；造成|n. 事业；目标|n. 诉讼案件|v. 促成；使……成功|n. 为了；利益|n. 事情；事项|v. 说明理由
caution	n. 谨慎；小心|n. 审慎考虑|v. 警告；提醒注意|n. 正式警告|n. 黄牌|v. 出示黄牌|n. 担保；保证金|n. 令人惊讶的人
cautious	adj. 谨慎的；小心的
cautiously	adv. 谨慎地；小心地
cautiousness	n. 谨慎；小心
cavanagh	[人名] [英格兰人姓氏] 卡瓦纳 Kavanagh的变体
cavanaugh	n. (Cavanaugh)人名；(英、西)卡瓦诺
cave	n. 洞穴|n. 隐居处；私人避难空间|v. 屈服；让步|v. 塌陷|n. 坑洞；凹陷处|n. 酒窖；奶酪窖|n. 可进入的基岩空洞|v. 掏空；冲蚀|v. 进行洞穴探险|intj. 当心！|n. 核实验屏蔽室|n. 钻孔中的碎石堵塞物
caveat	n. 警告；提醒注意|n. 附带条件；限制说明|n. 正式异议|n. 要求延期审理的通知|v. 附加限制条件|v. 正式提出异议|v. 对法律交易正式提出异议|v. 发出暂缓程序的通知|v. 警告；告诫
cavity	n. 空洞；凹陷|n. 蛀洞；龋洞
cavs	n. 较长复数名称的缩写|n. “cav”的复数|n. 骑兵部队的缩写
cct	abbr. 共同关税率（Common Customs Tariff）；全套设备协调试验（Complex Coordination Test）；恒流变压器（Constant Current Transformer）；连续冷却变态（Continuous Cooling Transformation）
ccts	abbr. closed cycle thermal system 闭合循环供热系统
cd	n. 光盘|n. 音乐光盘；音乐专辑|n. 定期存款证|n. 创意总监|n. 企业设计|n. 冷却阶段|n. 克罗恩病|n. 持续交付或持续部署|n. 外交使团|n. 碰撞检测|n. 海图基准面|n. 异装者
cease	v. 停止；终止|v. 停止做某事|n. 停止；终止|v. 不再存在；消逝
ceiling	n. 天花板|n. 上限|n. 金融交易上限|n. 室内顶部表面|v. ceil 的现在分词或动名词|n. 飞行上限高度|n. 云底高度|n. 向上取整值|n. 船舱内板
celebrate	v. 庆祝或纪念|v. 高兴地庆祝|v. 举行仪式|v. 庄重赞颂
celebration	n. 表达喜悦或纪念|n. 庆祝聚会|n. 宗教仪式|n. 节日庆典
celebrex	n. 西乐葆（药物名）
celebrity	n. 名人|n. 名声；名望|n. 仪式
cell	n. 监狱牢房|n. 生物细胞或组织小室|n. 大结构中的分隔部分|n. 电池单元|n. 生物体的细胞|n. 移动通信小区|n. 表格单元格|n. 手机|n. 修道院单人小室|n. 蜂巢小格|n. 雷暴单体|n. 牌类游戏空位
cellar	n. 地下储藏室|v. 存入地下室|n. 酒藏；收藏的酒|n. 垫底位置|n. 地下室|n. 盐皿；盐罐
cellphone	v. 用手机打电话
celluloid	n. 赛璐珞
celsius	adj. 摄氏的；摄氏温度的|adj. celsius 的非标准小写形式
cement	n. 水泥粉|n. 牢固的联结|v. 使牢固团结|n. 水泥浆或凝固物|n. 黏合材料|v. 用水泥固定|v. 用水泥覆盖|v. 使永久巩固|n. 牙骨质
cemetery	n. 墓地；公墓
censor	n. 内容审查者|v. 审查并删改内容|n. 古罗马监察官|n. 自动筛选程序|n. 古代中国的高级监察官|n. 大学职务人员|n. 责难者|n. 潜意识过滤机制|v. 使观察结果部分不可见
censorship	n. 言论审查；出版审查|n. 古罗马监察官职权
census	n. 人口普查；正式清点|v. 对……进行普查|n. 总数；清点|n. 封建人头税|n. 模式中的个体计数|v. 进行清点
cent	n. 货币的百分之一|n. 一点钱|n. 欧元的百分之一|n. 一分硬币|n. 百分之一半音|n. 核物理中的反应性单位|n. 世纪的缩写|n. 百的旧缩写|n. 摄氏温标的缩写|n. 中心的缩写
center	n. 圆心|n. 中部；中央|n. 焦点；核心议题|v. 使居中|v. 围绕；集中于|adj. 中心的；中央的|n. 球体的中心|n. 中点|n. 中心场所；中心机构|n. 中间派；中间派政党|n. 中锋；中间位置的球员|n. 中锋；中间位置的球员
centerpiece	n. 中心或核心部分
centigrade	a. 百分度的, 摄氏的
centimeter	n. 厘米
centimetre	n. 厘米, 公分
central	adj. 位于中心的|adj. 关键的；核心的|adj. 有中心的；包含中心的|n. 中心；市中心|adj. 作用于周围器官的|adj. 代数结构中心的
centralization	n. 集中, 中央集权化
centralize	vt. 集聚, 集中, 施行中央集权|vi. 集中
centre	n. 中心；中央位置
centrepiece	n. 中心装饰品
centuries-old	adj. 有几百年历史的
century	n. 一百年；世纪|n. 一百个；一百|n. 板球一百分|n. 一百分的成绩|n. 百单位赛程|n. 一百美元钞票|n. 古罗马军队中的百人队|n. 古罗马政治编制
ceo	n. 首席执行官|v. 担任首席执行官|n. 英国民事执法官|n. 当前发动机选项|n. 市工程办公室|n. CEO 的另一种大小写形式
ceos	abbr. communications enterprise operating system 通信企业操作系统; comprehensive electronic office software 综合电子办公软件
cereal	n. 谷类作物|n. 早餐谷物食品|adj. 谷物的；与谷类有关的|n. 谷粒；粮食籽粒|adj. 刻瑞斯的；与刻瑞斯有关的
ceremonial	adj. 仪式的；礼仪性的|n. 仪式程序；一套仪式|adj. 讲究礼仪的
ceremony	n. 仪式|n. 正式典礼|n. 礼节；正式客套|n. 排场；铺张的正式仪式|n. 仪式用品|n. 征兆；预兆
certain	adj. 确信的|adj. 必然的|adj. 某个特定的|adj. 确定无疑的|adj. 固定的；规定的|adj. 某个不愿点名的人|adj. 某位名叫……的|det. 某些；某个特定的|pron. 某些人或事物|adj. 屡试不爽的|adj. 某位众所周知的名人|adj. 已决定的
certainly	adv. 无疑；当然如此|adv. 当然；当然可以|adv. 确定地；肯定地
certainty	n. 确定性；确信|n. 十拿九稳的事|n. 确凿事实
certificate	n. 正式证明文件|v. 签发证明|n. 所有权或债务凭证|n. 课程完成证书|n. 验证答案的信息|n. 公钥证书|n. 英国电影年龄分级
certify	v. 正式证明属实|v. 官方认证达标|v. 书面认证文件|v. 告知、证明给某人|v. 使自己确认
cfw	[医][=cold fresh water]冷淡水
chabris	[人名] 查布里斯; [地名] [法国] 沙布里
chain	n. 链条|n. 一连串；连续系列|v. 用链拴住|v. 使受束缚|n. 连锁店；连锁企业|n. 原子链|n. 连环买房交易|n. 束缚；羁绊|v. 连接起来|v. 使受制于|n. 测量链|n. 长卷尺
chair	n. 椅子|n. 主席；主持人|n. 主席职位；主持席|v. 主持|n. 乐团席位|n. 大学讲席；教授职位|v. 把人抬在肩上庆祝|n. 铁路钢轨支座|n. 椅式构象|n. 电椅|n. 单人车辆|n. 权威席位；官职
chairman	n. 会议主持人|n. 董事会或委员会负责人|v. 担任主持人|n. 抬轿者
chairmanship	n. 主席职务或任期
chairperson	n. 会议或组织的主持人
chairwoman	n. 女主席；女主持人|n. 女杂工（旧义）
chalk	n. 白垩；白色石灰岩粉末|n. 粉笔；一块书写用粉笔|v. 给……涂粉笔或防滑粉|n. 裁缝粉笔|n. 运动防滑粉|n. 热门方；夺冠热门|n. 热门方获胜的预测|v. 用粉笔写或记录|v. 用粉末画出场地线|v. 记录；记下|v. 使变白；使苍白|n. 空降兵小队
chalkboard	n. 粉笔板；黑板|v. 在粉笔板上写画
challenge	n. 当面对决或叫阵|n. 需要克服的难题|v. 邀请参加竞争|v. 质疑或争辩|n. 法律上的正式异议或程序|n. 美国法律中的选票异议|v. 向某人叫阵|v. 使某种观点受到质疑|v. 对陪审员提出回避异议|v. 使某人感到困难|v. 对选民或选票提出异议|v. 免修课程直接参加考试
chamber	n. 房间；一组房间|n. 房间；一组房间（英国用法）|n. 议会院；立法机构的一院|n. 封闭空间；室|n. 枪膛；弹药室|n. 左轮手枪的弹巢弹膛|n. 心腔|v. 把弹药装入枪膛|v. 使枪械适用某种口径|v. 蓄势准备出击|n. 房间；住所（旧式复数用法）|n. 便器（过时简称）
chamberlain	n. 王室内务官|n. 高级宫廷或国家官员|n. 旅店侍从
champagne	n. 香槟酒|adj. 香槟色的|n. 按传统香槟法制成的起泡酒|n. 起泡白葡萄酒|n. 一杯香槟酒|n. 香槟色|adj. 纹章术语的替代形式|n. 纹章中的盾徽底部构成部分|v. 用香槟款待|v. 喝香槟
champion	n. 冠军；卫冕者|n. 事业捍卫者|adj. 冠军级的|adj. 顶尖的|n. 代表参赛者|n. 替他人争取的人|v. 倡导；支持|adj. 极好的|n. 植物中的特别优良个体|v. 挑战
chance	n. 机会|n. 偶然性；听天由命|n. 概率|adj. 偶然的|n. 可能性|v. 冒险接受|v. 偶然发现|adv. 或许|n. 命运；遭遇|v. 碰巧发生|v. 碰巧降临于|v. 欺骗；坑骗
chancellor	n. 高级行政或法律官员|n. 德语国家的政府首脑|n. 德语国家政府首脑的尊称|n. 英国财政大臣等职务的简称|n. 大学校长或名誉校长|n. 英国财政大臣的简称|n. 教会高级文书或法律官员|n. 陪审团领班|n. 衡平法院首席法官
change	n. 变化|n. 找零|v. 改变；变成|v. 使改变；把……变成……|n. 零钱；换开的钱|n. 替换物；换下来的东西|n. 现金；零钱|n. 换乘|v. 替换|v. 换衣服|v. 给某人换衣物或尿布|v. 换乘
changeable	adj. 可改变的|adj. 多变的；变化无常的|adj. 能变色伪装的
channel	n. 水道；水流的槽道|n. 海峡|n. 渠道；媒介|v. 引导；导向|n. 航道；疏浚水道|n. 河流航道|n. 槽；沟槽|n. 无线电频道|n. 电视频道|n. 分销渠道|n. 网络聊天频道|v. 开凿通道
chaos	n. 混乱；无秩序状态|n. 原始混沌|n. 混沌现象|n. 幻想作品中的混沌力量|n. 深渊；巨大裂隙|n. 存在的环境或空间|n. 先天性上气道阻塞综合征|n. 没法请人来家里的综合征
chaotic	adj. 混乱无序的|adj. 混沌的|adj. 充满混沌的|adj. 不受法则约束的|n. 混乱阵营角色
chap	n. 男子；家伙|v. 皮肤裂开|n. 裂缝；裂口|n. 章节缩写|v. 使表面裂开|n. 顾客；买主|n. 孩子|n. 分裂；破裂|n. 一击；敲击|n. 下巴；颌部|n. 夹口；钳口|v. 敲击；击打
chapel	n. 小型或附属礼拜堂|n. 机构内的礼拜室|n. 非英国国教派的礼拜堂|n. 葬礼礼堂|adj. 参加非国教派礼拜堂的|n. 印刷或新闻业的工会分会|n. 印刷所|n. 宫廷乐队或合唱团|v. 使帆船转回原航向|v. 安葬在礼拜堂中
chapter	n. 书中的一章|n. 人生或事件的一个阶段|n. 组织的分会|n. 分会的会议|v. 分成章节|n. 宗教团体|n. 分会会所|n. 位置或隔间|n. 规定的经文|v. 纳入某个章节|v. 按行政程序清除|v. 严厉责备
character	n. 故事人物|n. 特征；特点|n. 性格；品格|n. 文字或印刷符号|n. 坚强的品格|n. 非凡人物|n. 书写或印刷风格|n. 计算机字符|n. 某个人；可疑人物|n. 密码文字|n. 群表示中的特征函数|n. 身份或职务
characterise	vt. 表示...的特性, 成为/是...的特性, 刻划/描述...的性格|vi. 在文艺作品中塑造人物, 描绘性格
characteristic	adj. 典型的；有特征的|n. 特征；特点|n. 对数的整数部分|n. 航标灯的识别特征|n. 域或环的特征
characterization	n. 刻画；描绘
characterize	v. 把……描述为|v. 构成……的典型特征|v. 确定……的特征
charge	n. 服务费用|n. 指控|n. 责任范围|v. 收费；收取费用|n. 冲锋|n. 有力前进|n. 电荷|n. 受托照料的人或物|n. 负载或货物|n. 指示或嘱托|n. 带球撞人犯规|v. 交给任务或责任
chargeable	a. 应支付的
chariot	n. 古代战车|n. 仪式或游乐车|n. 棋中的车|v. 用车运送|v. 乘车行进
charitable	adj. 与慈善有关的|adj. 慷慨善良的|adj. 具有慈善机构性质或目的的
charitably	adv. 慷慨地, 慈善地
charity	n. 慈善机构|n. 救济物资或钱|n. 慈善行为；救助|n. 善意；宽容|n. 基督教之爱|n. 罚球
charm	n. 护身符；魔法|n. 魅力；吸引力|v. 使着迷；讨人喜欢|n. 手链小挂件|n. 快捷设置图标|v. 用魔法控制|v. 受魔法保护|v. 安抚；缓解|n. 金翅雀群|n. 魅数|n. 期权敏感度指标|n. 嘈杂的合声
chart	n. 地图|n. 数据图表|v. 规划路线或计划|v. 绘制地图|v. 系统记录|v. 进入排行榜|n. 正式文书|n. 坐标图
charter	n. 特许状；章程|n. 授予权利的正式文件|v. 授予或制定章程|adj. 包租的；租用的|n. 船舶包租合同|n. 车辆的临时包租|n. 契约；法律文书|v. 包租；租用|n. 特权；豁免权|n. 助长不良行为的漏洞|v. 告知被捕者宪法权利
chase	n. 追逐；追赶|n. 狩猎；打猎|v. 追赶；追逐|n. 追逐游戏|n. 追赶集团|n. 即兴独奏轮奏|v. 用饮料压烈酒|v. 追分|v. 挥棒追打坏球|v. 把投手逼下场|n. 狩猎庄园|n. 被追逐的目标
chat	n. 轻松交谈|n. 即时文字或语音交流|v. 聊天|v. 在线聊天|n. 聊天室或直播聊天区|n. 聊天区中的发言者群体|n. 聊天区（非标准或幽默用法）|v. 聊了一会儿|v. 谈论某事|v. 胡说或说谎|n. 一种食虫鸣禽|n. 澳大利亚蜜食鸟
chatter	n. 闲聊；喋喋不休的话|v. 闲聊；喋喋不休|n. 说话声；闲谈声|n. 喜鹊的啭鸣声|n. 鸟兽的细碎叫声|n. 断续的振动噪声|n. 聊天者|v. 发出连续碰撞声；振颤作响|v. 发出仿佛说话的细碎叫声|n. 可疑团体间的通信动静|n. 钻削时的振颤|n. 聊天室用户
chaudhary	n. (Chaudhary)人名；(印、尼、斐)乔杜里
chauvinistic	a. 本民族(或本性别)第一主义的, 沙文主义的
cheap	adj. 价格低的|adj. 质量差的|adj. 价值低的|adj. 下作的；不厚道的|adj. 吝啬的|adj. 资源开销小的|adj. 相对估值偏低的|adv. 便宜地|n. 交易；买卖|n. 市场|n. 价格|n. 低价；便宜货
cheaply	adv. 花费很少地|adv. 以低分
cheat	n. 欺骗；欺诈行为|v. 作弊；违规取利|v. 欺骗；骗取|n. 作弊者；骗子|n. 诈牌游戏|n. 游戏作弊手段；作弊码|v. 侥幸逃过|v. 放纵自己；破例休息|n. 雀麦属杂草|n. 劣质面包|v. 对伴侣不忠
check	n. 检查，核对|n. 限制，制止|v. 检查|v. 打勾标记|intj. 完成，没问题|intj. 请结账|n. 将军|n. 勾号|n. 支票|n. 餐馆账单|n. 冲撞拦截|n. 核验标记或凭证
checkout	n. 酒店退房；退房时间|n. 商店或图书馆结账|n. 网购结算|n. 结账处|n. 设备功能检查|n. 检查；调查|n. 飞镖比赛的终结得分
checkup	n. 体检|n. 例行检查
cheek	n. 脸颊|n. 臀部的一侧|n. 厚颜无礼|v. 对人无礼|v. 藏在脸颊里|n. 三叶虫头甲两侧的区域|n. 机器或工件两侧的对应部件|n. 马嚼子两侧的分支|n. 斧头两侧|n. 可横向移动的铸模中段|v. 用缰带向后拉马头
cheer	n. 愉快的精神|n. 欢呼声|v. 使高兴；使振作|v. 欢呼助威|n. 令人振奋的欢乐气氛|n. 体育助威声|n. 啦啦队运动|v. 鼓舞；安慰|v. 对……表示支持|n. 面部神情|n. 心境|v. 劝使采取行动
cheerful	adj. 愉快乐观的|adj. 明亮宜人的
cheerfully	adv. 愉快地；乐意地
cheerleader	n. 啦啦队队员；带动喝彩的人|n. 积极支持者；鼓吹者
cheery	adj. 愉快的；欢快的
cheese	intj. 拍照时说的“茄子”|n. 奶酪|n. 一种奶酪|n. 一块奶酪|n. 俗套、煽情|n. 钱|n. 游戏取巧|v. 对镜头咧嘴笑|v. 惹恼|v. 用取巧策略获利|v. 开局用极端策略突袭|n. 浓稠果酱
cheesy	adj. 奶酪的；与奶酪有关的|adj. 俗套煽情的；肉麻的|adj. 含奶酪的；有奶酪味的|adj. 廉价低劣的|adj. 做作的；不真诚的
chef	n. 餐馆主厨|n. 大户人家的主厨|n. 做饭的人；厨师|v. 当厨师；下厨|n. 制造非法毒品的人|n. 头部形状的圣物匣|v. 用刀刺伤|v. 使人印象深刻
chemical	adj. 化学的；与化学有关的|n. 化学物质|adj. 人工合成的；非天然的|n. 人工合成的化合物|n. 成瘾性药物|adj. 炼金术的
chemist	n. 化学家|n. 药剂师|n. 药店|n. 炼金术士
chemistry	n. 化学；化学科学|n. 默契；来电|n. 特定对象的化学作用方式|n. 某生物或环境的化学特性|n. 血液生化检查
cheque	n. 支票|adj. 棋盘格状的
cherish	v. 悉心珍爱|v. 珍惜；珍藏在心|v. 使高兴
cherry	adj. 樱桃味的；含樱桃的|adj. 樱桃红的|n. 樱桃|adj. 状况极佳的|n. 樱桃树|n. 樱桃木|n. 樱桃红|n. 咖啡果|n. 警车顶部的红灯|n. 烟头的红点|n. 处女膜；处女身份|n. 二叶子树结构
chesapeake	n. 切萨皮克湾的简称|n. 历史上的切萨皮克族成员
chess	n. 国际象棋|n. 雀麦属杂草|n. 临时军桥木板
chest	n. 箱子|n. 胸部|v. 用胸部触球|n. 国库|n. 抽屉柜|n. 胸前|n. 女性乳房|n. 胸部击球|n. 争吵；冲突|n. 棺材|v. 存入箱中|v. 放入棺材
chew	n. 咀嚼动作|v. 咀嚼食物|v. 反复思考|n. 耐嚼度|n. 耐嚼糖果|n. 嚼烟|v. 啃坏；咬碎|n. 一块嚼烟|n. 机械撕碎或磨坏
chicken	adj. 胆小的；懦弱的|n. 鸡；家鸡|n. 鸡肉|v. 因害怕而退缩|n. 胆小鬼|n. 斗胆量的游戏|n. 互不退让的冒险较量|n. 小鸡舞|n. 幼鸟；雏鸟|n. 年轻人；生手|n. 年轻、清瘦的男性|n. 一公斤可卡因
chief	adj. 最主要的|n. 首领；负责人|n. 领导地位|n. 顶部；主要部分|n. 老兄；伙计|adj. 亲密友好的|n. 盾徽上部|n. 带冒犯意味的称呼|v. 吸食大麻
chiefly	adv. 尤其；主要是|adv. 主要地；大部分地|adj. 首领的；首长的
child	n. 孩子；儿童|n. 子女|n. 未成年人|n. 后代；产物|n. 子节点|n. 雷诺曼牌第十三张|n. childe的另一形式|n. 女孩|n. 宗教语境中的“圣婴”|v. 生育；生下
child-bearing	[法] 怀胎
childbearing	n. 分娩
childbirth	n. 分娩；生孩子
childcare	n. 幼儿照料；托幼工作|n. 托幼场所
childhood	n. 儿童状态|n. 童年时期|n. 事物的初期
childless	adj. 没有孩子的
chile	n. “孩子”的方言拼写
chill	adj. 微冷的|adj. 放松随和的|n. 寒意|v. 使变冷|v. 变冷|v. 放松；别紧张|adj. 冷淡的|adj. 很酷；合潮流|adj. 没事；没问题|n. 发冷；寒战|n. 一阵恐惧|n. 冷淡；不友好
chiller	n. 惊险小说, 冰箱内的食物冷冻格, 脱蜡冷冻结晶器, 冷却装置, 冷冻工人
chimney	n. 烟囱；排烟管|n. 蒸汽火车烟囱|v. 撑壁攀爬|n. 油灯玻璃罩|n. 岩壁狭缝|n. 阴道（委婉或粗俗用法）|n. 黑眼圈或眼部淤青
chin	n. 下巴|v. 聊天|n. 聊天|n. 手机屏幕下方部分|n. 绒鼠|n. 钦族|v. 和某人聊天|v. 做引体向上|n. 谎话|n. 上流社会人士|n. 抗击下巴受击的能力|n. 飞机机头下部
china	n. 瓷器；精美瓷制品|n. 瓷制餐具|n. 瓷器；瓷制餐具|n. 中国月季等花卉|n. 中国茶|n. 朋友；伙伴|n. 中国人|n. 毛织物或相关物品|n. 较低档陶瓷|n. 菝葜根药材|n. 毛纺织物|n. 中国月季
chinese	adj. 中国的|adj. 中国人和中国文化的|adj. 中文的；汉字的|n. 中国人；华人|n. 中餐|n. 一顿中餐|n. 中餐馆|adj. 被说成异国、落后或杂乱的|adj. 带有“异国式”区别的|adj. 灯具遮光板横向排列的
chip	n. 碎片；小块|n. 缺口；崩掉的一小处|n. 集成电路芯片|v. 削下一小块|n. 筹码|n. 纪念章；小圆牌|n. 薯条|n. 薯片|n. 轻挑球；吊射|n. 体育轻击球|n. 烘焙小块配料|n. 颜色样片
chlorophyll	n. 叶绿素
chocolate	adj. 巧克力制成的；含巧克力的|n. 巧克力食品|adj. 巧克力色的|n. 巧克力饮料|n. 一颗或一块巧克力糖|n. 巧克力色|adj. 黑人（俚语）|n. 巧克力色毛的猫|n. 黑人（俚语，可数）|n. 黑人（俚语，不可数）|v. 给……加巧克力；裹上巧克力|v. 处理血琼脂培养基
choice	n. 选择；可选择的机会|n. 选择权|n. 选中的东西；选择结果|adj. 上等的；优选的|n. 可供选择的事物|n. 最好的部分；精品|adj. 善于挑选的|intj. 好极了|n. 鉴别和挑选能力|n. 可供挑选的丰富种类|n. 选择公理|n. 一种健康福利安排的缩略语
choir	n. 合唱团|v. 合唱|n. 教堂合唱区|n. 天使等级|n. 成组琴弦
choke	v. 窒息；被噎住|v. 使窒息；勒住|v. 阻碍；抑制|n. 发动机阻风门|n. 窒息式擒抱|n. 关键时刻失误|v. 堵塞通道|v. 在压力下失常|v. 哽住；停住|v. 使声音中断|v. 因情绪哽住|v. 哽咽着说
choose	v. 挑选；选择|v. 决定做；选择采取|v. 选举；选出|v. 偏爱；想要|n. 选择；挑选|n. 选择权；选择资格
chop	n. 带骨肉排|v. 切成小块|v. 用斧等砍断|n. 砍击一下|n. 手刀猛击|n. 短促海浪|n. 平分彩池|n. 解雇；丢掉工作|n. 飞机颠簸|n. 印章；印记|n. 盖章器具|n. 品质或品牌标记
chorus	n. 合唱团；合唱队|n. 一致表达意见的一群人|n. 副歌；反复段|n. 齐声念诵或说话的一群人|n. 集体歌唱|n. 一群共同发声者|n. 齐声发出的声音|n. 一致表达的意见|n. 合唱音乐作品|n. 流行歌曲的主副歌段|n. 电子音乐合唱效果|n. 集体敬拜歌曲
chr	n. 当代流行音乐广播格式
christ	intj. 天哪；该死|n. 基督形象；耶稣的艺术作品
christian	adj. 基督教的；基督徒的|n. 基督徒|adj. 基督教的；基督徒的|adj. 基督的；与耶稣基督有关的|adj. 仁慈的；正直的|n. 基督徒|n. 按基督教原则生活的人|adj. Christian 的旧式拼写|n. 欧洲人（旧式用法）|n. Christian 的旧式拼写
christine	n. 克莉丝汀（女子名）
christmas	adj. 红绿相间的|intj. 天哪；真是的|adj. 红绿辣椒酱的|n. 圣诞装饰|v. 用圣诞装饰装点|v. 给某人带来圣诞欢乐|v. 庆祝圣诞|v. 在某地过圣诞|v. 使人被圣诞庆祝包围
chrome	n. 镀层用铬|n. 界面外框|v. 给……镀铬|n. 手枪（俚语）|v. 用重铬酸盐溶液处理
chromosome	n. 染色体
chronic	adj. 长期存在的|adj. 慢性的；久治不愈的|n. 慢性病症；长期状况|adj. 长期患病的；长期受困扰的|adj. 积习难改的；惯常的|adj. 糟透的|adj. 极其严重的|adj. 很棒的|n. 高品质大麻|n. 长期患病者；惯犯
chronically	adv. 长期反复地；慢性地|adv. 极其；严重地
chronicle	n. 编年史；纪事|v. 记录；记述
chronological	adj. 按实际时间计算的|adj. 按时间先后排列的|adj. 按发行或故事时间排列的
chrysler	n. 一辆克莱斯勒汽车
chuang	n. 壮族
chunk	n. 厚实的一块|v. 切成大块|n. 语言中的固定词组块|n. 文件或数据的一段|n. 喜剧表演的一段|v. 分解成易处理的块|v. 造成重创|n. 螺旋形贝壳|v. 扔出
chunky	adj. 有明显块状或颗粒的|adj. 体态丰满或偏胖的|adj. 身形敦实的|adj. 很大的；数额可观的
church	n. 教堂|n. 基督徒共同体|intj. 强烈赞同|n. 地方教会群体|n. 基督教教派|n. 教会礼拜|n. 有组织的宗教机构|n. 其他宗教的团体或场所|n. 集会|v. 为人举行教会仪式|v. 给予宗教教育
cia	adj. 行动中被捕获的|n. 电路交互式分析器|n. 概念插图与动画|n. 文化影响评估
cigar	n. 雪茄|n. 阴茎（俚语）
cigaret	n. 纸烟, 卷烟, 香烟
cigarette	n. 香烟|v. 递烟；替人点烟
cinema	n. 电影院|n. 电影作品总称|n. 电影艺术|n. 电影业|n. 佳作；电影艺术的典范|n. 太有电影感了
circle	n. 圆（几何边界）|n. 圆形区域；圆盘|n. 圆形；围成的圈|n. 圈子；关系群体|v. 绕着移动|v. 包围|v. 圈出；用圈标记|n. 天体轨道|n. 环岛|n. 循环；周而复始|n. 循环论证|n. 黑眼圈
circuit	n. 绕行一周；一周运动|n. 电路；闭合电流通路|n. 环绕的距离；周长|n. 巡回路线；固定巡演范围|n. 巡回法院的管辖区|n. 巡回演出场所网络|n. 赛车场；比赛赛道|n. 电影院连锁|n. 循环训练的一轮|n. 环绕物；环形装饰|n. 圈定的范围|n. 巡回法院的缩写
circuitry	n. 设备中的电路系统|n. 成组的电子电路|n. 大脑的神经网络
circular	adj. 圆形的；与圆有关的|adj. 环形的；绕圈移动的|adj. 循环论证的；自我回指的|n. 通知；传单|adj. 迂回的；绕远的|adj. 传给许多人的；广泛散发的|n. 环行车；循环线路公交车|adj. 完美的；完整的|adj. 拘泥循环传说的；平庸的|n. 通知信的简称|n. 环形文件的简称|n. 圆裁斗篷
circulate	v. 循环移动|v. 在人群中走动|v. 传播；传阅|v. 使循环或流通|v. 广为人知|v. 循环重复
circulation	n. 循环流动|n. 传播；流通|n. 流通中的货币|n. 发行量；传播范围|n. 血液循环|n. 植物汁液循环
circumference	n. 圆周；边界线|n. 周长|n. 圆形或球形物体的表面|n. 图的最长环长度|v. 围住；限定
circumstance	n. 影响事情的条件|n. 生活或经济状况|n. 具体事实或情节|n. 迂回说法|v. 使处于某种处境
circus	n. 马戏团；马戏演出|n. 混乱喧闹的场面|n. 圆形城市广场|n. 古罗马战车赛场|n. 二战时期的空袭行动代号|n. 环形空间；围合处|v. 参加马戏；像马戏一样展示
citation	n. 引用行为|n. 参考文献条目|n. 传唤；出庭通知|n. 传唤文件；通知书|n. 引文；原话|n. 提及；列举|n. 法律依据的引证|n. 表彰；嘉奖状|n. 词典引文
cite	v. 引用原话|v. 注明来源|n. 引用；引用次数|v. 提及；指出|v. 正式传唤
citigroup	n. 花旗集团1998年4月6日; 花旗公司与旅行者集团宣布合并; 合并组成的新公司称为“花旗集团”; 其商标为旅行者集团的红雨伞和花旗银行的兰色字标。
citizen	n. 城市居民；市民|n. 公民|n. 某地或共同体的成员|n. 平民；非专业编制人员|n. 软件系统中的成员对象|n. 基督徒|n. 市民阶层成员|n. 革命或政治运动中的称呼|n. 表示公民身份的称谓|n. 伦敦城市学校的学生
citizenry	n. 全体公民；公民群体
citizenship	n. 公民身份；公民资格
city	n. 城市|n. 市中心|n. 依法授予的城市地位|n. 大量、到处都是
civil	adj. 公民社会或政府事务的|adj. 礼貌而克制的|adj. 民事的|adj. 世俗的；非宗教的|adj. 和平而有秩序的
civilian	adj. 平民的；非军警等职业的|n. 平民|n. 圈外的普通人|n. 文职公务员|n. 民法学者|n. 民法专业学生
civilisation	n. 文明；文明社会
civilise	vt. 开化, 使文明, (非正式)教化, 使文雅, 教育, 教导|vi. 变成文明社会
civility	n. 礼貌；客气|n. 礼貌举动；客套|n. 文明状态|n. 文职身份；文职职位
civilization	n. 文明；文明社会|n. 人类社会；文明社会|n. 文明化；教化过程|n. 文明程度；文明状态|n. 将刑事程序转为民事程序
civilize	vt. 使开化, 使文明|vi. 变文明
civilized	adj. 文明发达的|adj. 人道理性的|adj. 有品位而有礼的
claim	n. 所有权主张|n. 未经证实的说法|v. 主张拥有|v. 声称某事为真|n. 被提出的主张|n. 要求的权利或依据|n. 对未占有土地的主张|n. 法律索赔|v. 主张土地权利|v. 依法索赔|v. 夺走生命|v. 赢得奖品
claimable	a. 可要求的
claimant	n. 主张某项权利的人|n. 福利申请人|n. 提起诉讼的一方
clamp	n. 夹具；固定夹|v. 夹住并固定|v. 紧紧抓住|n. 止血夹；阻断夹|n. 车辆轮夹|n. 临时储存堆|v. 限制在范围内|v. 给车辆上轮夹|n. 燃料覆盖的堆烧堆|n. 板端横木|n. 箝位电路|n. 沉重的一步
clap	n. 拍手声；拍击|v. 拍手|v. 鼓掌|n. 雷声|n. 突然的啪声|n. 轻拍|n. 一下拍击；突然动作|v. 轻拍|v. 啪地放下；使碰撞|v. 匆忙拼凑|v. 匆忙放置；关押|n. 鹰的下喙
clarence	n. 四轮马车
clarify	v. 解释清楚|v. 澄清液体|v. 使显得光荣
clarity	n. 清晰程度|n. 易于理解|n. 思路清楚|n. 声音清晰
clash	n. 碰撞声|n. 武力冲突|v. 发出碰撞声|v. 发生激烈冲突|n. 对抗赛|n. 激烈争吵|n. 对立；冲突|n. 颜色或服装不协调|v. 使发出碰撞声|v. 激烈争吵|v. 在重要比赛中对阵|v. 搭配不协调
clasp	n. 扣件；搭扣|n. 紧握；拥抱|v. 紧紧握住；抱住|v. 扣紧；扣合|n. 奖章绶带上的附加标志|v. 紧紧依附
class	n. 类别；一组相似事物|n. 社会阶层|n. 班级；一群一起上课的学生|adj. 很棒；有品位|n. 阶层制度；阶级分化|n. 有品位；体面|n. 课程；一系列课|n. 一节课|n. 某届学生；同届班级|n. 交通工具的舱位等级|n. 同类中最好的；顶级|n. 面向对象编程中的类
class-action	adj. 集体诉讼的；与集体诉讼有关的
classic	adj. 典型的；典范的|adj. 经久不衰的；经典的|n. 典范；经典范例|n. 经典作品|adj. 古典的；第一流的|adj. 复古的；旧式的|adj. 传统的；原有的|n. 传统大赛；经典赛事|adj. 古希腊罗马的；古典时代的|n. 经典作品的作者|n. 古典文学研究者
classical	adj. 经典的；一流典范的|adj. 古希腊罗马的；古典时代的|adj. 遵循成熟原则的|adj. 古典时期音乐的|adj. 古典音乐的；非流行音乐的|adj. 熟悉古典学的|adj. 典雅纯正的|n. 古典音乐|n. 古典棋|adj. 经典物理学的|n. 经典派人物或事物
classicist	n. 古典学者, 古典主义者
classification	n. 分类；分类体系
classify	v. 分类；归类|v. 定为机密|v. 使显得有档次
classist	n. 阶级歧视者|a. 实行阶级歧视的；有阶级偏见的
classmate	n. 同班同学|n. 同一类别的成员
classroom	n. 教室
clause	n. 从句；分句|n. 独立或从属从句|n. 动词及其相关成分|n. 法律条款|n. 技术子句；组成部分|v. 给文件加注或改条款
claw	n. 动物的爪|v. 抓挠；撕抓|v. 用爪抓住|n. 带爪的脚|n. 甲壳动物的螯|n. 爪形夹具|n. 长指甲|n. 接住高空球|v. 用爪攀爬|v. 抓球|v. 用指尖费力移动|n. 爪状细部
clawback	已支付给民众钱款的收回；回收款
clay	n. 黏土；陶土|n. 红土网球场|v. 加黏土；铺黏土|n. 可塑土质|n. 人体的泥土材料|n. 飞碟靶|v. 用黏土净化|n. 黏土颗粒|n. 陶土烟斗|n. 领土；土地|n. 一种夜蛾
clean	adj. 干净的|adv. 完全地|v. 清洁，擦干净|v. 整理，收拾整齐|adj. 无污染的|adj. 正派的|adj. 清白的|adj. 利落准确的|adj. 环保的|adj. 漂亮利索的|adj. 彻底的|n. 清洁
cleaner	adj. 更干净的|n. 清洁工|n. 清洁设备|n. 清洁剂|n. 洗衣店；干洗店|n. 负责善后的人
cleanser	n. 清洁剂；清洁者
clear	adj. 透明的|adj. 清楚易懂的|v. 清除障碍|v. 澄清疑问|adj. 明亮的|adj. 畅通的|adj. 无云的|adj. 少云的|adj. 清晰鲜明的|adj. 清白的|adj. 清汤的|adj. 无明显感官刺激的
clear-cut	a. 轮廓清晰的, 明确的, 清楚的
clearly	adv. 清楚地|adv. 显然；无疑|adv. 明显地；清楚可见地
clergy	n. 神职人员群体
clergyman	n. 男性神职人员；男性牧师
clerk	n. 职员；文员|v. 担任职员；做文书工作|v. 为患者做初诊记录和检查|n. 宗教会议事务负责人|n. 教会礼拜助理|n. 教士|n. 学者
clever	adj. 手巧；动作灵活|adj. 理解快；学得快|adj. 机灵；善于随机应变|adj. 聪明；机智|adj. 巧妙的；机灵的|adj. 有创意的；机智风趣的|adj. 身体舒服；状态好|adj. 神志正常|adj. 和善；乐于帮忙|adj. 具有魔法能力的|adj. 合适的；得体的|adj. 身材匀称；相貌好看
cliche	n. 陈腔滥调, 凸印版|a. 陈腐的
click	n. 咔嗒声|n. 鼠标点击|v. 点击选择|v. 突然明白|intj. 咔嗒！|n. 弹响手指|n. 发出咔嗒声的动作|n. 网络访问次数|n. 棘爪|n. 棘爪|v. 使发出咔嗒声|v. 发出咔嗒声
client	n. 顾客；客户|n. 客户端|n. 专业服务的客户|n. 法律委托人|n. 附庸国；依附国|n. 古罗马的附庸或追随者
clientele	n. 顾客群；客户群
cliff	n. 悬崖；峭壁|n. 断崖式下跌；突然失效的临界点|n. clef的旧式拼写
clifford	n. 克利福德（男子名）
climate	n. 气候|n. 氛围；环境|n. 纬度地带|n. 地区；地域|v. 居住；栖居
climatic	adj. 气候的；与气候有关的
climax	n. 递进修辞|n. 故事高潮|n. 顶点；最高程度|n. 递进排列中的一项|n. 性高潮|v. 达到高潮；使达到高潮|v. 构成……的高潮|n. 修辞上的最高一项|n. 生态顶极
climb	n. 一次攀登|v. 上升；上涨|v. 攀登；爬上|v. 登上；攀登到顶|n. 上坡或向高处的一段路|n. 向上发展的艰难过程|v. 用手脚攀爬|v. 进行攀岩或登山运动|v. 跳起得高|v. 社会地位上升|v. 排名上升|v. 植物攀援生长
cline	n. 生物特征的渐变梯度|n. 任何连续渐变带|n. 广义圆
cling	v. 紧紧抓住|v. 贴着表面|v. 依恋并依赖|n. 窗贴装饰|intj. 叮的一声|n. 贴核水果|n. 依附；依恋|v. 使缠住并贴紧|v. 使干枯|v. 干枯；萎缩|v. 发出叮响
clingfilm	n. 保鲜膜
clinic	n. 诊所；门诊机构|n. 门诊；诊疗时段|n. 联合诊所；医生合伙机构|n. 专题咨询会；指导活动|n. 议员接待日；选民接待处|n. 技能训练课；集训|n. 临床教学课|n. 卧床病人|n. 病床受洗者
clinical	adj. 临床的；实际诊疗中的|adj. 诊所的；与诊所相关的|adj. 冷静克制的；不带感情的|adj. 客观分析的|adj. 执行精准利落的|n. 临床实习；临床教学时段|adj. 与病床或临终床有关的
clinically	adv. 冷静分析地|adv. 从临床角度；在临床上|adv. 在病人床边
clip	n. 夹子；夹具|n. 剪下的部分|v. 用夹子固定|v. 剪切|n. 速度；节奏|n. 弹匣夹|n. 弹匣|n. 剪下的一段；截取片段|n. 剪发|n. 一记耳光；一击|v. 紧紧夹住|v. 收集签名
clique	n. 排外的小圈子|n. 图论中的团|v. 抱团或暗中合谋|n. 相互链接的排他性网站群
cloak	n. 斗篷；披风|n. 覆盖物；遮盖层|v. 覆盖；披在……上|v. 掩盖；隐藏|n. 掩饰；借口|n. 网络身份遮蔽信息|v. 使隐形；隐形
clock	n. 钟；时钟|v. 计时；测量持续时间|n. 与钟或计时系统有关的|n. 汽车里程表|n. 数字电路时钟信号|n. 蒲公英种子球|n. 考勤计时器|n. 处理器时钟周期|v. 测出速度|v. 猛击|v. 注意到；看见|v. 看出；判断出
clockwise	adj. 顺时针的|adv. 顺时针地
clone	n. 克隆生物|n. 仿制品；模仿品|v. 克隆；制造克隆体|n. 克隆细胞群|n. 酷似某人的人|n. 某名人的模仿者
close	adj. 接近的|adj. 关闭的|n. 结束|v. 关上；封闭|adj. 狭窄紧凑的|adj. 纹理紧密的|adj. 严密仔细的|adj. 短的；贴近的|adj. 明显的|adv. 紧近地|n. 成交阶段|n. 音乐段落结尾
close-up	adj. 近距离的|n. 特写
closely	adv. 紧密地；密切地|adv. 秘密地；私下地
closer	adj. 更近的|adj. 距离更近|n. 收尾者；关闭装置|n. 压轴者；收尾作品|n. 促成成交的人或环节|n. 棒球终结投手|n. 砌砖收尾砖|n. 后程型赛马
closet	adj. 隐藏身份的|n. 壁橱；小储藏室|v. 私下召见|adj. 暗中保留的|n. 小房间；侧室|n. 隐秘状态|v. 秘密询问|v. 关起来隐藏|adj. 私密的|n. 私密的小空间|n. 内室|n. 更衣小室
closing	adj. 收尾的；最后的|n. 关闭；关上的动作|n. 结束；收尾|n. 房产成交手续|v. 正在关闭；关闭这一动作|n. 集合的闭包运算
closure	n. 结束；收尾|n. 情感了结|n. 封口装置|n. 编程闭包|n. 关闭动作|n. 暂时或永久关闭|n. 议会终止辩论程序|n. 包装封口部件|v. 终止议会辩论|n. 最小闭合扩充|n. 拓扑闭包|n. 封合物；封扣
cloth	n. 布料；织物|n. 餐桌布|n. 特定用途的一块布|n. 整体结构；本质|n. 代表职业或身份的服装|n. 神职人员|n. 外表；表象
clothe	v. 给……穿衣；供给衣物|v. 赋予抽象的外衣
clothes	n. 衣服|n. 床上被褥|n. 晾晒中的衣物|v. 给……穿衣；覆盖|n. cloth 的过时复数形式
clothing	n. 衣物；服装|v. clothe 的现在分词和动名词|n. 穿衣；给……穿衣|n. 制布工艺|n. 锅炉隔热外覆层
cloud	n. 云|n. 使人困惑或阴郁的事物|n. 云端|v. 使问题变模糊|v. 影响清醒判断|n. 烟尘或蒸汽形成的一团|n. 虚幻或不实在的东西|n. 浅色背景上的暗斑|n. 悬空的一群|n. 云状图形|n. 网络或通信系统|n. 好事中的阴影
cloudy	adj. 多云的|adj. 浑浊的；不透明的|adj. 含糊的；不确定的|adj. 云计算的|adj. 可疑的；不太可靠的|adj. 带有云状纹理的
clout	n. 影响力；办事分量|v. 猛击|n. 一击；重打|n. 本垒打|n. 布片；破布；补片|v. 用布补缀；包扎|n. 射箭靶心|n. 襁褓布|n. 车轴护铁片；垫圈|n. 钉子|n. 一块；碎片|v. 钉上钉子加固
clove	n. 丁香；丁香香料|n. 蒜瓣；球根的一瓣|n. 丁香树|n. 古英语重量单位|n. 狭谷|v. cleave的过去式
club	n. 棍棒；打击用的粗重物体|n. 俱乐部；社团|v. 用棍棒击打|v. 联合成团|n. 俱乐部娱乐场所|n. 梅花|n. 有共同特征的一群人|n. 俱乐部三明治|v. 大比分击败|v. 去夜店玩|v. 分摊费用|n. 艺术体操棒
clue	n. 提示；线索|n. 头绪；了解|n. 迹象；证据线索|v. 给出提示|v. 告知情况|n. 引路的线|v. 给帆索具装索
clumsy	adj. 动作笨拙；手脚不协调|adj. 做法笨拙；不够巧妙|adj. 形状或设计笨重；使用不便|n. 笨手笨脚的人
cluster	n. 一簇；一组|v. 使聚成组|v. 聚拢；聚集|n. 物理上的聚集体|n. 聚在一起的人或动物|v. 使布满成簇分布|n. 军事目标群|n. 混乱局面
clutch	adj. 关键时刻顶得住|n. 紧抓；掌握|v. 紧紧握住|n. 猛禽的爪|n. 离合器|n. 离合器踏板|n. 夹持装置|n. 手拿包|n. 关键局面|n. 一窝雏鸟；一批蛋|n. 一群；一批|v. 像用爪子一样抓取
co	n. 郡县|n. 公司|n. 公司、公司们或等|n. 公司|n. 郡县|n. 棉|n. 指挥官|n. 军官|n. 惩教机构执法人员|n. 矫正机构工作人员|n. 良心拒服兵役者|n. 共同偏移法
co-author	n. 合著者|vt. 合著
co-founder	n. (学说、组织学的)共同创立者
co-operation	n. 合作
co-operative	a. 合作的；有协作精神的；愿意配合的; 齐心协力的；合作进行的|n. 合作社；合作机构
co-ordinate	[经] 协调, 调节
co-ordination	[建] 配位
co-production	[经] 副产品生产
co-worker	n. 同事
coach	n. 教练；指导者|n. 飞机或火车普通舱|v. 指导；训练某人|adv. 乘普通舱|n. 马车|n. 火车客车|n. 长途汽车|n. 普通舱服务|v. 训练|v. 接受辅导|n. 帆船前部舱室|v. 乘坐马车或客车
coal	n. 煤|n. 一块煤；煤块|adj. 煤黑色的|n. 用于燃烧的一块煤|n. 炭火；余烬|n. 木炭|n. 低质量内容|n. 释放黑烟的炸弹|n. 钱|v. 自行补充煤炭|v. 给……加煤|v. 烧成炭
coal-burning	[建] 烧煤的
coalition	n. 联盟；联合体|n. 猎豹群
coarse	adj. 粗糙的；不光滑的|adj. 粗俗的；不文雅的|adj. 颗粒粗大的|adj. 质量较差的；不精良的|adj. 未经琢磨的；不文雅的
coast	n. 海岸|v. 靠惯性滑行|v. 敷衍维持|n. 某物的侧边或边缘|n. 地区或国土|n. 天空中的区域或方位|v. 沿海航行|v. 靠近或走到旁边|v. 沿海岸航行或跟随海岸|v. 沿岸带领或运送|v. 滑下坡或乘雪橇滑行
coastal	adj. 沿海的；海岸的
coastline	n. 海岸线
coat	n. 外套|n. 涂层；覆盖层|v. 给……涂上覆盖层|n. 动物的毛或羽毛|v. 覆盖；包住|n. 船桅的防水覆盖物|n. 衬裙|n. 某一教派或职位的服饰|n. 纹章|n. 有图案的纸牌|v. 给……穿上衣服
coax	v. 哄劝；循循善诱|v. 小心引导；逐步弄到|adj. 同轴的|n. 同轴电缆|n. 傻瓜；受骗者|v. 抚弄；逗弄
cobe	[建] 鸡冠, 蜂巢
coben	[医]吡哌乙胺，哌吡苯胺[镇咳药]; [人名] 科本
cocaine	n. 可成瘾的古柯类药物|n. 可卡因衍生物|v. 用可卡因处理或麻醉
cock	n. 公鸡|n. 男性性器官|v. 扳起枪械击锤|v. 翘起或斜转|intj. 恼怒的感叹|n. 阀门；水龙头|n. 枪械击锤|n. 冰壶场地末端圆圈|n. 翘起；倾斜的状态|n. 讨厌的蠢人|n. 胡说；骗局|n. 男子；伙计
cocktail	n. 鸡尾酒|n. 混合物；混合组合|adj. 招摇无礼的|n. 低比例混血马|n. 窝囊的人|n. 翘尾甲虫|v. 掺混使其不纯|v. 请喝鸡尾酒
cod	n. 大西洋鳕|n. 鳕鱼肉|n. 玩笑；戏仿|adj. 仿冒的；滑稽的|n. 鳕鱼属的海鱼|n. 蠢人；傻瓜|n. 货到付款|n. 死因|adj. 糟糕的；差劲的|n. 以鳕鱼名义出售的鳕科鱼|n. 地方渔业中的“鳕鱼”|n. 外形像鳕鱼的鱼
code	n. 代码；编号|n. 规范；行为准则|n. 编码规则|v. 编程|n. 法典；法律汇编|n. 暗号；密码信息|n. 计算机代码|n. 程序|n. 急救代码；紧急状态|n. 非正式群体规范|v. 给资料加代码|v. 分类标记
coder	n. 编码器
codify	vt. 编成法典
coding	n. 编码过程|n. 编程|n. 一种编码；编码结果|v. 正在编程；编程|adj. 按号限行的|n. 医学信息编码传递法|n. 戒瘾暗示疗法|n. 数学中的编码映射|n. 按号限行
coercive	adj. 强迫性的；施压的|adj. 增长快于线性尺度的
coexistence	n. 共同存在；共存
coffee	n. 咖啡饮料|n. 一杯咖啡；一份咖啡|adj. 咖啡色的|n. 咖啡豆|n. 咖啡粉|n. 咖啡树|n. 咖啡色；浅棕色|n. 饭后咖啡时间|adj. 咖啡桌的|v. 喝咖啡|v. 给咖啡喝；给人提供咖啡
cog	n. 齿轮上的齿|n. 齿轮|n. 系统中的小成员|n. 重心缩写|n. 木梁接合用的凸榫|n. 矿井顶板下的支撑柱|n. 中世纪单桅船|n. 早期船型的假设前身|n. 小型渔船|n. 骗局；假话|n. 地面航迹航向缩写|v. 装上齿或齿轮
cognition	n. 认知过程|n. 认知发展|n. 动物认知|n. 人类认知|n. 社会认知|n. 认知研究|n. 一种认识|n. 知识；知晓
cognitive	adj. 认知的；思维的|adj. 智力上的；理智的|adj. 同源的|n. 同源词
coherence	n. 前后一致、连贯|n. 形成统一整体|n. 文章的逻辑安排|n. 篇章意义关联|n. 波的相干性
coherent	adj. 统一成整体的|adj. 连贯而合乎逻辑的|adj. 在审美上有条理的|adj. 各部分协调和谐的|adj. 相干的|adj. 同类器官相贴的|adj. 相干层的|adj. 相干拓扑意义上的|adj. 相干模的|adj. 相干环的
cohesive	adj. 紧密结合的；有凝聚力的|n. 黏合物；黏结剂|n. 文本衔接手段
coil	n. 螺旋；盘绕的一圈|v. 盘绕；绕成规则的圈|n. 宫内节育器|n. 线圈|n. 一沓现金|v. 盘成圈|v. 盘成圆柱形或螺旋形|n. 黏土圈|n. 纠缠；困局|n. 喧闹；骚动|n. 化学氧碘激光器缩写|v. 用黏土盘筑
coin	n. 硬币|v. 铸造硬币|v. 创造词语|n. 筹码|n. 回报或支付手段|n. 钱（非正式）|n. 圆片状食物|n. 加密货币|v. 迅速赚取或获得钱|n. 流通或广泛使用的事物|n. 塔罗牌钱币牌组|n. 外角或角部
coincide	v. 空间重合|v. 时间重合|v. 观点一致
coincidence	n. 重合；同时发生|n. 巧合|n. 重合点|n. 对应下的不动点
coincident	a. 一致的, 符合的, 同时发生的
coke	n. 焦炭|n. 可乐饮料|n. 可乐|n. 可卡因（俚语）|n. 一份可乐|n. 一瓶、一杯或一罐可乐|v. 把煤制成焦炭|v. 变成焦炭|n. 软饮料（美国南部部分地区）|n. 软饮料（美国南部部分地区）|v. 产生积碳
cold	adj. 温度低的|adj. 冷淡的；不友好的|adv. 毫无准备地|n. 感冒|adj. 使空气变冷的|adj. 感到寒冷的|adj. 冷静客观的|adj. 毫无准备的|adj. 昏迷的；沉睡不醒的|adj. 熟记的；完全掌握的|adj. 酷的；很厉害的|adj. 离目标很远的
colgate	n. 牙膏（菲律宾英语）
collaborate	v. 合作；协作|v. 通敌合作
collaboration	n. 合作；协作|n. 合作作品；合作成果|n. 通敌；与敌对势力合作
collaborative	adj. 合作的；协作完成的|n. 合作团体
collaboratively	adv. 合作地；协作地
collapse	n. 倒塌；崩溃；昏倒事件|v. 突然塌下；倒塌|v. 突然崩溃；彻底失灵|v. 折叠收拢|v. 折叠隐藏层级内容|v. 使……收拢；使……倒塌|v. 因虚弱或疾病昏倒|n. 自动机理论中的退化映射|n. 板球中的连续失守|v. 板球击球队集体崩盘
collar	n. 衣领|n. 环状部件|v. 抓住衣领或脖子|v. 抓获或扣留|n. 颈部肉块|n. 职业类别词中的“领”|n. 植物根茎交界处|n. 逮捕|v. 给……戴上项圈|v. 围住|v. 逮捕|v. 缠住交谈
colleague	n. 同事；同业伙伴|v. 联合；结成伙伴
collect	v. 收集；聚拢|adj. 由收件人付费的|adv. 由接听方付费|v. 收取；取得|v. 收集作为爱好|v. 接；接来|v. 收款|v. 聚集；聚拢|n. 礼拜中的集体祷告|v. 推断；得出结论|v. 推断；断定|v. 撞上；撞毁
collection	n. 一组收集在一起的东西|n. 收集这一行为|n. 募款|n. 债务催收|n. 音乐中的音高集合|n. 集合的集合族|n. 推断或推论|n. 英国旧式税收管辖区|n. 牛津大学学期初考试|n. 镇定沉着
collective	adj. 集体的；合成整体的|adj. 集合的（语法）|n. 共同体；团体|adj. 能聚合的；起汇聚作用的|adj. 多源的；共同授权的|n. 集体农场|n. 集体农庄|n. 集合名词|adj. 推论的；演绎的|n. 直升机总距操纵杆
collectively	adv. 合起来；作为整体
collectivism	n. 集体主义(制度)
collector	n. 收集者；收藏者|n. 收款员；征收员|n. 集电极|n. 文集编纂者|n. 牛津大学旧称学务职务担任者|n. 总下水道；汇流污水管
college	n. 学院或大学|n. 美国的大学教育或大学|n. 爱尔兰、菲律宾的教育机构|n. 加拿大的教育机构|n. 英国大学的学院|n. 英国及其他地区的学校|n. 澳大利亚的教育机构|n. 新加坡的教育机构|n. 共同目标组成的团体|n. 选举团|n. 同事团体
collegiate	adj. 大学的；大学生的|adj. 同事般友好的；合作融洽的|n. 高中（加拿大）|adj. 学院团体的|n. 大学成员；受过大学教育的人|n. 大学同学；同事|n. 囚犯
collide	v. 相撞|v. 发生冲突|v. 使相撞|v. 相遇；接触
collision	n. 相撞；碰撞事故|n. 物理学中的碰撞|n. 命名冲突|n. 碰撞检测
colonel	n. 上校|n. 上校头衔|n. 历史上的军事领袖|n. 荣誉上校|n. 对年长男性的旧式称呼|n. 拍卖师的称呼|v. 摆出上校派头
colonial	adj. 殖民地的|adj. 殖民时期的|adj. 殖民主义的|adj. 美国十三殖民地的|adj. 美国殖民时期建筑风格的|n. 殖民者；殖民地居民|n. 殖民风格住宅|adj. 有形成群落倾向的
colonialism	n. 对外统治和扩张的政策|n. 令人反感的外来支配或影响|n. 殖民地式的词语或习惯|n. 殖民地生活
colonist	n. 殖民地居民, 移民
colony	n. 殖民地|n. 海外同胞社区|n. 生物群体|n. 殖民移民群体|n. 特定人群聚居区|n. 细胞或微生物培养群|n. 公寓区（印度）|n. 海狸童子军小组|n. 兄弟会或姐妹会筹备分会|v. 建立殖民地
color	n. 颜色；色彩|n. 表现力；丰富细节|v. 给某物上色|v. 给图画涂色|adj. 彩色的|n. 一种颜色|n. 脸色；气色|n. 彩色状态|n. 颜料；颜色|n. 肤色；种族肤色|n. 脸上的红润；红晕|v. 因充血变红
colorful	adj. 色彩鲜明多样的|adj. 丰富多彩、引人注意的|adj. 粗俗或冒犯性的
colour	adj. 与颜色有关的|n. 颜色|v. 着色；使呈现颜色
colour-code	色码|色标
colourful	adj. 色彩鲜艳的；多彩的
column	n. 建筑支柱|n. 表格竖列|n. 版面文字栏|n. 行进队列|n. 报刊专栏|n. 柱状结构|n. 广告版面单位|n. 植物合生柱|n. 化学分离柱
com	adj. 商业的；“.com”域名的|n. 委员会|n. 通信；交流|n. 命令；指挥|n. 喜剧|n. 公司|adj. 共同的；普遍的|n. 质心|n. 动量中心|n. 教会部委委员会
comb	n. 梳子|n. 蜂巢|v. 梳理|v. 彻底搜查|n. 冠状饰脊|n. 饰脊；冠饰|n. 口琴琴身|n. 波峰|v. 波浪翻卷|n. 制帽用定形模|n. 旧谷物容量单位|n. 梳状曲线
combat	n. 战斗；交战|v. 对抗；遏制|n. 为胜利而进行的斗争|v. 与……斗争；争取胜利
combative	adj. 好斗的；爱对抗的
combination	n. 组合；结合|n. 组合物；搭配|n. 密码；密码组合|n. 数学组合|n. 联合；联盟|n. 台球组合击球|n. 边车摩托车|n. 连续击打|n. 连续强制着法
combine	v. 把……结合起来|v. 兼具；把特点结合起来|v. 结合在一起|n. 联合收割机|n. 联合体|n. 职业球队选拔测试|n. 客货两用铁路车|v. 在牌戏中合并牌点|v. 受誓约约束
come	v. 向这里来|v. 到达|v. 出现|intj. 表示不耐烦|intj. 表示鼓励或催促|prep. 到了某时|v. 逐渐产生|v. 偶然成为|v. 位于顺序中|v. 接近某状态|v. 采取某种角度|v. 可获得；存在
comedy	n. 轻松的喜剧作品|n. 幽默或讽刺的戏剧作品|n. 喜剧表演或幽默娱乐|n. 喜剧体裁|n. 滑稽可笑的事件|n. 古希腊庆祝歌舞|n. 结局圆满的叙事诗|n. 创作喜剧的艺术
comet	n. 彗星天体|n. 彗星现象|n. 安第斯蜂鸟
comfort	n. 舒适；安逸|n. 安慰；慰藉|v. 安慰；抚慰|n. 舒适物；享受|n. 令人安心的事|v. 增强；巩固|v. 帮助；援助
comfortable	adj. 舒适的；让人舒服的|adj. 感到自在的；过得舒服的|adj. 放松的；有把握的|adj. 宽裕的；相当充足的|n. 绗缝被；厚被|adj. 安慰人的|adj. 强健的；勇猛的|adj. 有帮助的；能派上用场的
comfortably	adv. 舒适地；舒服地|adv. 轻松地；毫不费力地
comic	adj. 喜剧的；与喜剧有关的|adj. 逗笑的；喜剧性的|n. 喜剧演员|adj. 滑稽可笑的；荒唐逗笑的|n. 漫画书；连环漫画故事|n. 儿童杂志（英国英语）
command	n. 命令；指示|n. 指挥权；控制权|n. 掌控；驾驭能力|v. 命令；下令|v. 指挥；统率|n. 指挥职位|n. 控制范围；俯瞰优势|n. 计算机指令|v. 强令；要求|v. 凭优势控制；俯瞰|v. 赢得；博得|v. 控制；掌管使用
commemorate	v. 举行仪式纪念|v. 作为纪念物纪念|adj. 被纪念的
commence	v. 开始|v. 开始；启动|v. 开始担任|v. 取得大学学位
commend	v. 称赞；高度评价|v. 因某事表扬|v. 托付照料|v. 推荐；认为值得考虑|n. 称赞|n. 问候|v. 代为问候|v. 装点；衬托
comment	n. 评论；意见|v. 评论；说出看法|v. 发表意见；谈论|n. 评论这一行为|n. 句子的述位|n. 代码注释|v. 给代码加注释|v. 把代码注释掉|v. 评注；解释
commentator	n. 解说员；评论员|n. 中世纪法律学者|n. 中世纪法律学者的另一种写法
commerce	n. 商业贸易|n. 交往；往来|n. 性行为|n. 旧式纸牌游戏|v. 进行贸易|v. 交谈；交往
commercial	adj. 商业的；与商业有关的|n. 商业广告|adj. 商业机场|adj. 商业航班的|n. 商业交易者|n. 商业旅行推销员（旧）|n. 男性性工作者（俚语）
commercialization	n. 商业化；推向市场
commercialize	vt. 使商业化, 使商品化, 使能营利, 在...发展商业
commercially	adv. 在商业上；以商业方式
commission	n. 正式职权或任命|n. 受托完成的工作|n. 代理佣金|v. 正式派遣或授权|v. 委托订作|n. 派遣或委托|n. 官方委员会|n. 实施行为|v. 正式投入使用|n. 衬衫
commissioner	n. 政府部门负责人|n. 委托方|n. 委员会成员|n. 受命办事的人
commit	n. 提交；使改动生效|v. 犯下；实施|v. 承诺；使自己投入|v. 提交并永久保存|n. 代码提交|n. 已承诺入学的运动员|v. 托付；交给照管|v. 关押|v. 提交到版本库|v. 强制送医|v. 参加竞争；较量|v. 使困惑
commitment	n. 未来承诺|n. 投入和忠诚|n. 正式约定|n. 认真专注|n. 已作出承诺的状态|n. 交付或托付|n. 实施犯罪或错误|n. 收押或关押
committee	n. 委员会；专门小组|n. 受托监护人|n. 地区性变体
commodity	n. 可买卖的商品|n. 有用而宝贵的东西|n. 大宗原材料|n. 无差别的普通商品|n. 具有使用价值和交换价值的商品|n. 便利；适用性|n. 个人利益；个人便利
common	adj. 共同的；共有的|adj. 普遍的；人人都有的|adj. 常见的；经常发生的|adj. 大量存在的；常有的|adj. 普通的；平常的|adj. 常见种的；俗名中的|adj. 俗名的；通俗名称的|adj. 习惯法的；由惯例形成的|adj. 普通名词的|n. 共同利益|adj. 通性的|adj. 亵渎的；污秽的
commonality	n. 共同特性, 平民百姓
commonly	adv. 通常；一般来说|adv. 共同地；彼此熟悉地
commonness	n. 普通, 平凡, 共性
commonplace	adj. 平淡无奇的|n. 老生常谈；套话|n. 常见的事；惯常做法|n. 摘录；备忘|n. 摘录笔记本|v. 制作摘录笔记|v. 记入摘录笔记；分类整理|v. 说老生常谈
commonplaceness	n. 老生常谈；司空见惯的事；普通的东西 (commonplace的变形)
commonsense	a. 有常识的, 一望而知的, 明明白白的
commonwealth	n. 政治共同体|n. 共和国|n. 共同福祉
communal	adj. 共同体的|adj. 共同拥有的；公共的|adj. 按宗教群体划分的
communally	adv. 社区地；公有地
communicate	v. 传达；传递|adj. 共有的；结合的|v. 分享|v. 领圣餐；参加圣餐|v. 使参加圣餐
communication	n. 信息传递|n. 沟通与信息交换|n. 一条消息|n. 往来内容|n. 一次交流|n. 通道或开口|n. 组织间的连接|n. 交往或同伴关系|n. 领圣餐|n. 修辞上的“我们”
communism	n. 共产主义思想|n. 共产主义制度|n. 共产党的意识形态|n. 无阶级的共产主义社会|n. 被夸称为“共产主义”的福利或管制政策|n. 共产主义社会经济制度|n. 对压迫性统治的非正式称呼|n. 科学成果共享|n. 共同拥有、共享
communist	adj. 共产主义的|n. 共产主义者|adj. 共产党的|n. 共产党成员|n. 共产主义路线支持者|adj. 大写变体：共产主义的|adj. 大写变体：体现共产主义理念的|n. 激进分子（非标准）|n. 共产党统治国家的居民（不精确）|n. 大写变体：共产主义者
community	n. 共同特征形成的群体|n. 共同联系或共同认同|n. 共同居住的团体|n. 生态群落|n. 网络社群|n. 共同享有或参与|n. 相似性或共同性质|n. 常见或频繁|n. 威尔士基层行政区
commute	n. 通勤；上下班路程|v. 通勤；往返上班或上学|n. 通勤路线、时间或距离|v. 折换；减轻义务或付款|v. 把费用折成长期票或合并付款|v. 把养老金折算成一次性金额|v. 定期乘公共交通往返|v. 定期往返；来回出行|v. 以另一种方式履行誓约或义务|v. 运算可交换次序
commuter	n. 通勤者|n. 定期往返两地的人|n. 通勤交通工具或系统|n. 定期往返两地的人（地区用法）
compact	adj. 紧密密实的|adj. 小巧实用的|v. 压实；压紧|adj. 简洁精炼的|n. 协议；契约|n. 粉盒|n. 小型汽车|v. 牢固连接；结合|adj. 已约定的|adj. 紧致的（数学）|adj. 联合的|adj. 由……组成的
companion	n. 同伴；陪伴者|n. 相伴事物|n. 配套指南或资料|n. 陪同人员|n. 伴星或伴随天体|n. 船舱采光框架|n. 舱口盖或通道|n. 拓扑学中的伴结|n. 某些骑士团的低级成员|n. 家伙；无赖|v. 陪伴；随行|v. 使平等；使相称
companionship	n. 陪伴；相伴|n. 结社；团体关系|n. 学徒旅行工匠的身份|n. 组织起来的一群人
company	n. 团队；团体|n. 商业企业|n. 陪伴；相伴|n. 一群动物或鸟|n. 法人公司|n. 来客；陪伴的人|n. 特定机构或单位|v. 陪伴|v. 交往|v. 作愉快的伴侣|v. 发生性关系
comparable	adj. 可拿来比较的|adj. 相近的；相当的|adj. 可有比较级和最高级的|n. 可比对象|adj. 可比较的（数学）
comparative	adj. 与比较有关的|n. 比较级|adj. 比较研究的|adj. 相对的|n. 比较级形式|n. 比较数据|adj. 可相比的|n. 相当者；对手|n. 喜欢作比较的人
comparatively	adv. 比较而言|adv. 相对地
compare	n. 比较；对照|v. 比较异同|v. 把……比作……|n. 比较指令|v. 构成比较级和最高级|v. 相称；相比之下不逊色|n. 比喻|v. 取得；获得
comparison	n. 比较；对照这一过程|n. 比较；比较结果|n. 可比性；相提并论|n. 比较级变化|n. 比喻对象；类比|n. 明喻|n. 比较能力
compartment	n. 隔间；车厢|n. 分区；部分|v. 分隔；分区安排|n. 蛋白质功能区|n. 盾徽基座|n. 身体隔室
compass	n. 指南针；罗盘|n. 圆规|n. 音域；音高范围|n. 适度的限度|n. 范围；涉及面|n. 弧形；圆弧形状|v. 包围；环绕|adv. 在周围；绕一圈|n. 一片范围；区域|n. 边界；周界|n. 范围；触及面|n. 绕行；迂回路线
compassion	n. 对他人的悲苦怀有深切同情并想帮助|n. 理解并关怀自己或他人的痛苦|v. 怜悯某人
compassionate	adj. 有同情心的；体恤的|adj. 因特殊困境而酌情给予的|adj. 博取怜悯的|v. 同情；怜悯
compatible	adj. 兼容的；可配合运行的|adj. 合得来；相处融洽的|adj. 一致的；不矛盾的|n. 兼容产品；兼容设备
compel	v. 迫使；使不得不|v. 强烈促使采取行动|v. 压倒；使无法抗拒|v. 具有不可抗拒的力量|v. 赶到一起|v. 强行索取；逼出|v. 征服；使屈服|v. 聚集；集合|v. 召来；传唤
compensate	v. 付钱酬谢或赔偿|v. 弥补不足；抵消影响|v. 用行动弥补过失|v. 针对变化作调整
compensation	n. 补偿行为；补偿原则|n. 补偿物；赔偿金|n. 服务报酬；酬金|n. 债务相互抵销|n. 房地产合同中的补偿款|n. 建筑供暖补偿关系|n. 脑功能代偿
compensatory	adj. 补偿损失或伤害|adj. 抵消不良影响|adj. 生物学中的补偿性
compete	v. 与人竞争|v. 参加竞赛|v. 有望取胜|v. 争取同一目标
competence	n. 胜任力；能力|n. 完成特定任务的能力|n. 语言知识体系|n. 处理事务的法律权限|n. 足以维持生活的收入|n. 岩石抗变形能力
competent	adj. 有能力的；能胜任的|adj. 有管辖权的；有权处理的|adj. 足够的；适用的|adj. 功能正常的|adj. 能使外来DNA进入的|adj. 抗变形或抗流动的
competently	adv. 胜任地；适合地
competition	n. 竞争活动|n. 比赛；竞赛|n. 竞争对手群体
competitive	adj. 竞争性的；与竞争有关的|adj. 好胜的；喜欢竞争的|adj. 有竞争力的|adj. 价格有吸引力的；性价比高的|adj. 竞争性的（生物化学）
competitively	adv. 以竞争的方式
competitiveness	n. 竞争性；竞争力
competitor	n. 竞争对手|n. 参赛者|n. 伙伴；合作者
compile	n. 一次编译|v. 汇编整理|v. 编译源代码|v. 能成功编译|v. 建造|v. 连续击球得分|v. 包含|v. 创作成文
complain	v. 抱怨；发牢骚|v. 正式投诉；提出指控|v. 发出吱嘎声
complaint	n. 抱怨或投诉这一行为|n. 不满的问题或意见|n. 民事起诉书|n. 刑事控告|n. 疾病或身体不适
complement	n. 完整所需的全部数量|n. 使整体完整或和谐的补足物|n. 补语|v. 补足并使完整|n. 船舶的全部工作人员|n. 凑成直角的余角|v. 相互补充|n. 表音补充符号|n. 凑成八度的音程|n. 互补色|n. 集合补集|n. 补体蛋白
complementary	adj. 互补的；相辅相成的|adj. 互补配对的|n. 互补色|n. 互余角|adj. 互补的（量子力学）|n. 善于恭维的人
complete	adj. 完整的；齐全的|adj. 完成的；结束的|v. 完成；做完|v. 使完整；补齐|adj. 完全的；十足的|adj. 完备的（数学）|adj. 完备的（环论）|adj. 完备的（序结构）|adj. 完备的（范畴论）|adj. 完备的（逻辑）|adj. 完全的（复杂性理论）|n. 完成的调查
completely	adv. 彻底地；完全地|adv. 完全；十分
completeness	n. 完整；齐全|n. 理论完备性
complex	adj. 由多部分组成的|adj. 复杂难懂的|n. 综合系统|n. 建筑群|n. 事物集合|n. 心理情结|v. 使复杂化|adj. 复数的|adj. 复值的|adj. 复系数的|adj. 自相交的|n. 络合物
complexity	n. 复杂性；复杂程度|n. 复杂之处；复杂因素
compliance	n. 遵从；遵守|n. 合规状态|n. 服从；顺从|n. 治疗依从性|n. 合规部门|n. 结构柔顺性
compliant	adj. 顺从的；愿意服从的|adj. 符合规范的；遵守要求的
complicate	v. 使复杂化|v. 使某人卷入复杂事务|adj. 交织的|adj. 复杂的
complicated	adj. 复杂的；难以理清的|adj. 沿纵向折叠的
complication	n. 复杂化；使事情变复杂|n. 复杂情况；复杂性|n. 并发症|n. 局外人；闯入者|n. 钟表的额外功能|n. 缠绕；交织
compliment	n. 赞美；恭维；称赞的话|v. 赞美；恭维某人|n. 恭维话；客套话|n. complement 的误写|v. complement 的误写
complimentary	adj. 赞美性的；恭维的|adj. 免费的；赠送的|adj. 信件结尾的正式客套用语
comply	v. 遵从；照办|v. 履行；完成|v. 礼貌应酬|v. 包住；贴合
component	adj. 构成整体的|n. 组成部分；部件|adj. 由独立单元组合成的|n. 连通分支
compose	v. 组合成；创作出|v. 组成；构成|v. 创作；构思|v. 使镇定|v. 安排画面构图|v. 调解；解决争端|v. 包括；包含|v. 整理妥当；使归于秩序|v. 排版；排铅字
composer	n. 作曲家；创作者|n. 安抚者；使人平静的事物
composite	adj. 复合的；合成的|n. 复合物；混合体|v. 合成；拼合图像|adj. 混合爱奥尼亚与科林斯风格的|adj. 合数的|n. 复合材料|n. 合数|n. 合成图；拼接图|adj. 菊科的|adj. 多重曝光合成的|n. 菊科植物|n. 复合函数
composition	n. 组合；组装|n. 混合物；组合物|n. 艺术作品；创作|n. 各部分的比例|n. 整体构成；性格组成|n. 债务和解|n. 作文；文章|n. 复合词构成|n. 画面构图|n. 停战或和解协议|n. 清偿款；和解金|n. 清偿款；罚款
composure	n. 镇定；沉着|n. 编排；创作|n. 作品；组合成物|n. 有序安排；配置|n. 性格；气质|n. 结合；联合
compound	adj. 复合的；由多部分组成的|n. 建筑群；院落|n. 组合物；合成物|n. 化合物|v. 混合配制|adj. 复合的；涉及多种量或步骤的|n. 围起来的场地|n. 有安全保障的封闭场地|n. 多词干词|n. 复合词|v. 以较低条件和解|v. 通过协商调解
comprehend	v. 充分理解|v. 包含；容纳
comprehension	n. 理解；领会|n. 概念的内涵|n. 阅读理解|n. 集合生成式|n. 接纳异议者入英国国教会
comprehensive	adj. 全面的；综合性的|n. 综合中学（英国）
compress	v. 压紧；压缩体积|v. 浓缩内容|n. 冷敷或加压敷布|v. 被压缩；易于收纳|v. 删节；压缩篇幅|v. 压缩数字文件|n. 压缩设备|v. 拥抱（旧义，涉性）
comprise	v. 由……组成；包括|v. 组成；构成|v. 由规定要件界定
compromise	n. 妥协；和解|v. 通过让步解决|v. 折中；取中间办法|n. 有损原则的让步|n. 安全受损；信息泄露|v. 危及；使受到怀疑|v. 削弱；损害|v. 攻破安全系统|v. 以协议约束
compton	n. 康普顿（姓氏, 美国城市）
compulsion	n. 难以抗拒的冲动|n. 外部强迫|n. 依法使用强制力
compulsive	adj. 无法自控的；强迫性的|adj. 具有强迫作用的|n. 有强迫性行为的人
compulsory	adj. 必须的；强制性的|adj. 有强制力的；起约束作用的|n. 必做项目；规定项目
computation	n. 计算过程|n. 计算结果
computational	adj. 计算的；与计算有关的
compute	v. 计算；算出|n. 算力|v. 说得通
computer	n. 计算机；电脑|n. 进行计算的人|n. 女性计算员|v. 使用电脑|v. 通过电脑发送|v. 录入电脑；电脑化
computerization	n. 给...装备电子计算机, 用计算机控制, (使)电子计算机化, 电脑化
computerize	vt. 用电脑处理, 使电脑化
computing	n. 计算机的使用|n. 计算机学科|n. 计算过程|v. compute 的现在分词和动名词
comrade	n. 同伴；伙伴|n. 政治同志|n. 政治称谓|v. 友好结伴；交往
conceal	v. 隐藏；隐瞒
concede	v. 让步；认输|v. 承认属实|v. 给予；让出权利|v. 作出让步|v. 被对手得分|v. 投球被打得分
conceivably	adv. 有可能；可以设想地
conceive	v. 怀孕；受孕|v. 构想；想出|v. 设想；想象|v. 理解某人
concentrate	v. 集中注意力；专心|n. 浓缩物|v. 聚拢；集中到一点|v. 浓缩；使更浓|v. 集中分布；聚集|adj. 浓缩的
concentration	n. 集中；专注|n. 学习方向；专业方向|n. 集中程度；所占比例|n. 浓度|n. 配对记忆纸牌游戏
concept	n. 抽象概念|n. 一般化的理解|v. 构想出来|n. 泛型编程中的操作定义
conception	n. 受精|n. 头脑中的想法或构想|n. 孕育或形成的行为|n. 形成之时；开始阶段|n. 怀孕的开始|n. 理解或形成抽象观念的能力|n. 胚胎形成或着床
conceptual	adj. 概念上的；与概念有关的|adj. 设想中的；尚未实现的|adj. 概念主义的
concern	n. 牵涉利益的事情|n. 担忧；忧虑|v. 涉及；关系到|v. 使担心|n. 对某事的关注|n. 关切的表现|n. 企业；公司|v. 使感兴趣；使在意|n. 计算机中的关注事项
concerning	adj. 令人担忧的|prep. 关于；涉及|v. concern 的现在分词和动名词|adj. 重要的（旧）|n. 所涉及的事务
concert	n. 音乐会|v. 共同商定|n. 协调一致|n. 声音和谐|v. 筹划安排|v. 协调行动
concertgoers	n. 常参加音乐会者( concertgoer的名词复数 )
concession	n. 正式授予|n. 让步；承认|n. 加拿大的土地分区|n. 美国语境中的特许权|n. 英国的优惠票价|n. 修辞上的承认|n. 广义的让步或许可|n. 示好或讨好而给出的东西|n. 特许经营业务|n. 特许摊位出售的商品|n. 享受优惠价的人|v. 授予特许经营权
conch	n. 海螺|n. 海螺壳|n. 海螺号|n. 后殿穹顶|n. 巧克力精炼机|n. 巴哈马裔英国人（贬称）|n. 佛罗里达群岛居民|v. 精炼巧克力|v. 吹奏海螺
concise	adj. 简明扼要的|adj. 截短的|v. 使简明；压缩
concisely	adv. 简明地
conclude	v. 结束；告终|v. 结束；完成|v. 得出结论|v. 达成；促成|v. 推断；推论|v. 判定；裁定|v. 限制；使受约束|v. 封闭；关在里面|v. 包含；包容
conclusion	n. 结束；收尾|n. 结果；后果|n. 结论；决定|n. 逻辑结论|n. 可据以推论的实验或事物|n. 法律文书的结尾|n. 法律上的禁止反悔|n. 安排；和解
conclusive	adj. 决定性的；足以定案的|adj. 结论性的；与结论有关的
concrete	adj. 真实具体的|adj. 针对实际事物的|adj. 具体明确的|n. 混凝土|v. 使具体化|adj. 混凝土制的|n. 一类混凝土|n. 冷冻奶油甜点|v. 用混凝土覆盖|adj. 拓扑理论中的具体的|adj. 由各部分合成的|adj. 凝成固体的
concur	v. 同意；意见一致|v. 汇合；共同促成|v. 相遇；汇合|v. 会聚；趋于同一点
concurrent	adj. 同时发生的|adj. 共同起作用的|adj. 并发的|adj. 同一时期的|adj. 相交于一点的|adj. 并行移动的|n. 共同参与者或因素|n. 竞争者|adj. 权限相同且并行的|n. 历法中的余日|n. 陪同执法人员的见证人
condemn	v. 强烈谴责|v. 判刑|v. 注定遭受坏处|v. 判定有罪|v. 判定不宜继续使用|v. 判定受永恒惩罚|v. 依法征作公用|v. 宣布船只没收或充公
condense	vt. 使浓缩, 使压缩, 缩短|vi. 浓缩, 凝结
condition	n. 状态；状况|n. 条件；要求|v. 使适应|v. 使形成固定反应|n. 逻辑条件句|n. 合同条件|v. 训练身体|v. 使取决于条件|v. 限制；给……加条件|v. 护理头发|n. 身份；社会地位|v. 约定；议定
conditional	adj. 有条件的；取决于条件的|n. 条件句；条件陈述|adj. 条件句的；条件命题的|adj. 条件式的；表示假设条件的|n. 条件语气|n. 条件命题|n. 条件分支|n. 限制条件
conditionally	adv. 有条件地
conditioning	n. 行为塑造|n. 体能训练|v. condition 的现在分词和动名词|n. 试验前环境处理
conducive	adj. 有助于；有利于
conduct	v. 领导；主持；管理|v. 表现；举止|v. 传导；传输|n. 管理；指挥方式|n. 领导；管理|n. 行为；表现|n. 情节；故事发展|v. 指挥乐队或合唱团|v. 传导；起传输作用|v. 进行；实施|n. 护送者；随行人员|n. 通道；传输媒介
conductor	n. 带领者；引导者|n. 音乐指挥|n. 导体；传导体|n. 列车员；乘务员|n. 导子理想|n. 导向槽或导向器|n. 领导者
confer	v. 正式授予|v. 共同商议|v. 比较|v. 汇集|v. 促成
conference	n. 正式商谈|n. 学术会议|n. 多方外交谈判|n. 行业或商业会议|n. 体育联盟分组|v. 与学生面谈评估|n. 菲律宾体育赛区赛事|n. 比较|n. 卫理公会会议|n. 公理会联合组织或辖区|n. 一种秋梨
confess	v. 承认过错或罪行|v. 揭示隐藏的事实|v. 公开承认信仰|v. 向神或神父告罪|v. 听取告解|v. 表白爱意
confidant	n. 知己；密友
confide	v. 向某人吐露秘密|v. 把秘密或私事告诉某人|v. 信任；相信|v. 托付任务或责任
confidence	n. 自信；信心|n. 把握；信任|n. 秘密；私下托付的信息|n. 冒失的胆量；自以为是
confident	adj. 有把握的|adj. 自信的|adj. 厚颜大胆的|n. 心腹；知己（旧）
confidential	adj. 机密的；不公开的|adj. 乐于私下倾谈的|adj. 受信任的；可托付秘密的
confidentiality	n. 保密性；保密义务|n. 秘密；被托付保密的内容
configuration	n. 形状和构成方式|n. 事物的排列和布局|n. 电子排布|n. 计算机系统的设置|n. 配置计算机环境的过程|n. 数学中的点线结构
confine	v. 限制；使局限于|n. 范围；界限|n. 禁闭；囚禁|v. 与……接壤
confirm	v. 使坚定；加强|v. 证实；确认属实|v. 正式批准；批准任命|adv. 肯定；绝对|v. 为某人施坚振礼
confirmation	n. 安排得到确认|n. 证实某事属实|n. 坚振礼|n. 法律上的正式确定
conflict	n. 冲突；对立；争端|n. 不相容；安排冲突|v. 与……不合；与……冲突|v. 时间冲突；安排重叠
conform	v. 调整自己以相符合|v. 遵从习俗或规范|v. 符合规定规格
conformity	n. 遵守规范；符合标准|n. 相似；一致|n. 相似点|n. 社会同一化；服从统一标准的思想
confound	vt. 使混淆, 使狼狈, 挫败
confront	v. 正面对抗|v. 处理问题|v. 让某人面对事实|v. 迎战；交锋|v. 发生对抗|v. 并列比较|v. 对照；形成反差
confrontation	n. 正面对抗；冲突|n. 武装冲突
confrontational	adj. 对抗性的；挑衅的
confuse	v. 使困惑|v. 混淆；误认|v. 使杂乱；使复杂|v. 感到困惑|adj. 混乱的|v. 使尴尬|v. 击溃；使败退
confusedly	adv. 受困惑地, 慌乱地, 混乱地
confusion	n. 缺乏清晰或秩序的混乱|n. 困惑或误解的状态|n. 把不同事物混为一谈|n. 痴呆导致的意识混乱|n. 羞愧或窘迫|n. 角马群
congestion	n. 拥堵；堵塞|n. 过量积聚
conglomerate	adj. 聚成一团的|n. 杂合的集合|v. 聚合成一体|n. 多元化企业集团|v. 合并成企业集团|adj. 由碎石黏结成的|n. 砾岩
congo	intj. 恭喜|n. 公理会教徒
congratulate	v. 向某人道贺|v. 庆幸自己；自我称许
congratulation	n. 祝贺, 恭喜
congress	n. 代表大会；正式会议|n. 立法机构；国会|n. 聚会；会面|n. 代表联合组织|n. 一届国会|v. 聚集|v. 参加大会；开会|n. 性交|n. 狒狒群
congressional	adj. 国会的；与国会有关的|adj. 美国国会的
conjunction	n. 结合；连接状态|n. 连接词|n. 同时发生；巧合|n. 天体对齐|n. 逻辑合取|n. 占星学中的合相|n. 交汇处|n. 性交
connect	v. 接到；连接到|v. 相连；连通|v. 连接两者；使相通|v. 把……接上|n. 人脉；熟人|v. 击中；命中|v. 接入电路或网络|v. 联系；把……联系起来|v. 转乘；接上下一程
connection	n. 连接这一动作或过程|n. 连接点；两者之间的联系|n. 人与人之间的默契和亲近感|n. 通信或交通联系|n. 换乘的下一班交通工具|n. 亲属关系|n. 亲属或有用的人脉|n. 连贯性；不脱节|n. 数学中的连接结构|n. 卫理公会的整体组织|n. 性交|n. 毒品供应商
connexion	n. 连接, 团体, 生意合伙人, 亲戚
connor	n. 康纳（男子名）
connotation	n. 暗示的意味；联想色彩|n. 术语包含的相关特征总和
conquer	v. 制服；战胜|v. 克服；战胜|v. 征服；占领|v. 努力赢得；取得
conquest	n. 征服；战胜|n. 征服；克服|n. 征服所得；取得的对象|n. 追求成功的对象；恋爱征服|n. 占领据点模式|v. 针对竞争对手做广告|n. 非继承取得的财产|v. 征服
conrail	n. （美）联合铁路公司（美国一家接受联邦资助的私营公司）
conscience	n. 良心；道德感|n. 拟人化的良心|n. 意识；自觉
conscientious	adj. 认真负责的|adj. 有良知、守原则的
conscious	adj. 清醒的|adj. 有自我意识的|n. 意识|adj. 意识到；在意的|adj. 有意的；故意的|adj. 内心感到的|adj. 自觉有错的；感到内疚的
consciously	adv. 有意识地；明知地
consciousness	n. 意识；清醒状态|n. 具有认知能力的意识实体
consecutive	adj. 连续的；接连的|adj. 按顺序相接的|n. 连续进行的音程或和弦|n. 表示先后关系的语言形式|n. 交替传译
consensus	n. 协商形成共识的过程|n. 群体共识|n. 预测平均值|n. 共同认可的数据值|v. 寻求或形成共识
consent	n. 同意；许可|v. 同意；准许|n. 意见一致|v. 意见一致；赞同|n. 意见；建议|v. 让某人签署同意书|v. 准许；答应
consequence	n. 结果；后果|n. 重要性；影响力|n. 因果链|n. 推论；结论|v. 用后果管教
consequent	adj. 随之而来的；由此产生的|n. 随后发生的结果；后果|adj. 与后果有关的|n. 假设命题的结果项|adj. 顺坡形成流向的|n. 比例的后项|n. 顺坡河流
consequently	adv. 因此；所以|adv. 随后；接着
conservation	n. 保护；保存|n. 资源节约；资源保护|n. 环境与生物多样性保护|n. 文化遗产保护|n. 生物学中的保守性|n. 物理量守恒
conservative	adj. 谨慎的；稳妥的|adj. 保守的；抗拒改变的|adj. 支持保守主义的|n. 保守派人士|adj. 保守估计的；偏低的|adj. 英国保守党的|adj. 传统而不过分的|adj. 保守治疗的|n. 维护传统价值或制度的人|n. 某一领域的保守派|n. 英国保守党成员|n. 加拿大保守党成员
consider	v. 认真考虑|v. 仔细权衡|v. 考虑做某事|v. 把……看作|v. 仔细端详|v. 以……为例设想|v. 顾及；考虑到|v. 认为|v. 审议动议
considerable	adj. 重要的；值得重视的|adj. 相当大的；数量可观的|n. 值得考虑的事项（过时）
considerably	adv. 显著地；相当大地
considerate	adj. 体贴周到|adj. 考虑周全|v. 考虑
consideration	n. 考虑；思量|n. 考虑因素；理由|n. 体谅；周到|n. 报酬；酬金|n. 合同对价|n. 重要性；受重视
considered	adj. 深思熟虑的；慎重成熟的
considering	prep. 考虑到；鉴于|v. 考虑着；考虑|adv. 综合来看；考虑到这一点|n. 思量；考虑
consist	n. 列车编组|v. 存在；是|v. 相容；能够并存
consistency	n. 稳定一致|n. 连贯性|n. 相符；相容|n. 稠度；浓稠程度|n. 逻辑无矛盾性|n. 坚实持久
consistent	adj. 稳定可靠的|adj. 相符的；一致的|adj. 逻辑上不矛盾的|n. 相符的事物|n. 东正教历史上的一种悔罪者
consistently	adv. 始终如一地|adv. 总是；一贯地
console	n. 家用设备柜；游戏机|n. 电子系统控制台|v. 安慰；慰藉|n. 控制台柜；仪表台|n. 游戏主机；控制台|n. 汽车中央储物盒|n. 建筑承重托架|n. 悬臂|n. 纹章装饰框或托架
consolidate	v. 合并；集中归并|v. 巩固；加强|v. 合并债务|adj. 坚实的；凝固成整体的
consolidation	n. 巩固；整合|n. 合并多项行动|n. 肺部组织致密化|n. 2-8-0型蒸汽机车
conspicuous	adj. 显眼的；明显的|adj. 醒目的；招人注意的
conspiracy	n. 阴谋；串通|n. 秘密协议|n. 共谋违法|n. 共同协作|n. 阴谋论|n. 一群乌鸦|n. 一群狐猴|n. 语言学共同趋向|v. 密谋；共谋
conspire	v. 暗中合谋|v. 共同造成|v. 一致同意
constable	n. 基层警察|n. 警察或治安官|n. 美国地方治安官|n. 中世纪高级军职|n. 城堡守卫官|n. 海峡群岛教区首长|n. 亚洲大型蝴蝶|v. 担任治安官
constancy	n. 坚定不移, 持久不变
constant	adj. 始终不变的|adj. 持续不断的|adj. 始终如一的|n. 固定不变之物|adj. 常量级的|n. 数学常量|n. 科学常数|n. 程序常量|adj. 凝固的；坚实的|adj. 合乎逻辑的
constantly	adv. 持续不断地；不停地|adv. 频繁地；反复地|adv. 始终地；一贯地|adv. 坚定地；忠诚地
constituency	n. 选区|n. 选民群体|n. 选区居民|n. 候选人的选民|n. 支持群体；受众
constituent	adj. 构成整体的|n. 组成部分|n. 选区居民；选民|adj. 起构成作用的|n. 支持者；支持某候选人的选民|n. 句法成分|n. 构成者；决定因素|n. 授权委托人
constitute	v. 正式建立；制定|v. 构成；组成|v. 任命；授权担任|n. 法律；法规
constitution	n. 构成；结构|n. 政体；政治制度|n. 宪法文件|n. 体质；身体素质|n. 宗教法令|n. 健康状况
constitutional	adj. 构成上根本的|adj. 宪法的|adj. 体质或身心固有的|adj. 有益体质的|adj. 合宪的|adj. 实行君主立宪制的|n. 保健散步|n. 排便的委婉说法
constitutionality	n. 合宪性
constrain	v. 迫使；强制|v. 限制；使受约束|v. 使结果受资源限制
constraint	n. 限制；约束条件|n. 强迫；不得不服从的压力|n. 克制感情|n. 优化问题的约束条件|n. 数据库约束
construct	n. 拼合成的东西|n. 概念模型|v. 组合建造|v. 构成句子或论证|v. 按规则作图|n. 人工拼接的核酸片段
construction	n. 建造过程|n. 词语结构|n. 对行为的看法|n. 建成的东西|n. 建筑行业|n. 建筑或结构物|n. 构造方式|n. 对文本的解读|n. 艺术构成物|n. 尺规作图
constructive	adj. 有建设性的；有助于改进的|adj. 有实际用途的|adj. 与建造有关的|adj. 法律上视为成立的|adj. 间接推定的
consult	n. 专业咨询或就诊|v. 共同商量；征求意见|v. 向某人征求意见|v. 查阅资料|v. 考虑；顾及|v. 提供专业意见|v. 从事顾问工作|n. 商议；咨询|n. 商议后的决定|n. 商议会；会议|n. 一致；协商|v. 商议决定
consultancy	n. 咨询公司|n. 咨询服务
consultant	n. 专业顾问|n. 被征求意见的人|n. 英国和爱尔兰的资深专科医生
consultation	n. 征求意见；商量|n. 信息和建议交流会|n. 专业人士的咨询预约
consume	v. 用尽；消耗|v. 吃掉；食用|v. 完全占据（思想或注意力）|v. 彻底摧毁|v. 消费商品或服务|v. 获取并吸收信息|v. 逐渐消瘦或衰弱
consumer	n. 消耗者|n. 消费者|n. 消费群体|n. 消费者生物
consumerism	n. 消费至上的生活方式|n. 以扩大消费推动经济的理论|n. 保护消费者权益的运动或政策
consumption	n. 消费；消耗|n. 消耗量；消费量|n. 吞噬；毁损|n. 身体消瘦；消耗性衰弱|n. 肺结核等消耗性疾病|n. 因酗酒而死
contact	n. 身体或物体的接触|n. 建立联系|v. 接触、碰到|v. 联系某人或机构|n. 视线接触|n. 电接点|n. 指定联系人|n. 可联系的人或单位|n. 隐形眼镜|n. 反复接通的装置|n. 接触式杂耍|n. 岩层接触面
contagious	adj. 容易传播的|adj. 有感染力的|adj. 具有传染性的|adj. 相邻的；接壤的
contain	v. 装有；容纳|v. 包含；含有|v. 控制住；抑制|v. 含有；包含（数学）|v. 节制欲望；禁欲
container	n. 容器|n. 集装箱|n. 数据容器格式|n. 对象集合容器|n. 界面容器|n. 程序运行容器|n. 容纳者|n. 使人保持镇定的人|n. Java Web 容器|n. 填入式填字装置
contaminate	v. 污染，使有毒或有害|v. 玷污，败坏|v. 使不适合使用|v. 传染，使感染|adj. 被污染的|adj. 被玷污的
contemplate	v. 仔细观察并沉思|v. 考虑某种可能性
contemplative	adj. 沉思的；内省的|adj. 宗教隐修的|adj. 与沉思有关的|n. 沉思者；隐修者|adj. 进入反省阶段的
contemporary	adj. 同时代的|adj. 当代的|n. 同时代的人或事物|n. 同时存在的事物|n. 同代人
contempt	n. 轻蔑；鄙视|n. 受鄙视；耻辱|n. 藐视法庭；藐视权威|n. 游戏术语省略
contemptible	a. 卑鄙的, 可轻蔑的, 不足挂齿的
contemptuous	a. 轻蔑的, 鄙视的, 瞧不起人的
contend	v. 与人对抗、争斗|v. 努力争取或保住|v. 争论、辩论|v. 主张、认为|v. 应对困难
content	adj. 满足的；满意的|n. 满足；满意|n. 文章、演讲等的内容|v. 使满足；满足于|n. 所包含的东西|n. 媒体或网络内容|n. 为博取关注而制作的内容|n. 所含的量|adj. 被容纳的|intj. 同意；可以|n. 不加审查地接受|n. 令人满足的事物
contention	n. 争执；冲突；竞争|n. 论点；主张|n. 资源争用
contentious	adj. 争议激烈的|adj. 爱争执的
contest	n. 比赛；竞赛|v. 质疑；反对|n. 争议；争论|n. 较量；争夺|v. 参加竞争；争夺|v. 奋力争守；争夺|v. 通过法律程序提出异议
context	n. 背景；处境|n. 上下文|n. 文物所处环境|adj. 紧密编织的|n. 蘑菇的肉质部分|n. 公式的变量范围|n. 线程状态数据|v. 紧密结合
contextual	adj. 语境相关的；情境性的
contextualize	vt.将(音素、单词等)置于上下文中研究, ( 通过介绍来龙去脉) 使( 事件、 活动等) 溶入背景
continent	adj. 克制的；自制的|n. 大陆|n. 洲|adj. 能控制排泄的|n. 大陆本土；大陆地区|adj. 连续的；不断开的|adj. 约束性的；限制性的|adj. 能容纳的|n. 大片连续区域|n. 连续的土地或地区|n. 陆地|n. 天体的主体
contingent	adj. 可能发生但不确定|adj. 取决于某条件|n. 可能发生的事|adj. 临时的|n. 分遣队|adj. 非必然的|n. 分得的一份
continual	adj. 反复不断的|adj. 仿佛连续不断的|adj. 组成连续系列的
continually	adv. 反复地；频繁地|adv. 连续不断地
continuance	n. 继续, 停留, 持续
continuation	n. 延续；持续|n. 续篇；后续部分|n. 程序续行状态|n. 带犯规动作后的连续得分
continue	v. 继续进行|v. 恢复；接着进行|n. 续玩机会|v. 使延续|v. 使保持某状态|v. 留在；持续存在|v. 延期审理|v. 持续下注
continuity	n. 不中断；连续性|n. 函数的连续性|n. 故事的前后连贯性|n. 镜头之间的连贯一致|n. 节目间的广播插播内容
continuous	adj. 连续不断的|adj. 没有空隙的|adj. 连续的；无明显分节的|adj. 连续的（数学）|adj. 进行时的|adj. 连续的（拓扑学）
continuously	adv. 连续不断地
contract	n. 合同；协议|v. 收缩；缩小|v. 签订协议|n. 具有法律约束力的合同|n. 合同文件|n. 买凶杀人的委托|v. 缩写；缩短词语|v. 与某人签约|v. 招致；养成|v. 染上疾病|v. 皱起；紧蹙|adj. 已订婚的
contractor	n. 建筑承包商|n. 专业工程承包商|n. 设施维护承包商|n. 合同制工作人员
contractual	adj. 合同的；契约规定的|n. 合同工；临时项目雇员|n. 合同服务费项目|n. 涉外合同或正式协议
contradict	v. 反驳；否认……属实|v. 反驳某人|v. 与……相矛盾|v. 前后说法矛盾|v. 违背命令或意愿|v. 违抗某人的命令|v. 反对；禁止
contradiction	n. 自相矛盾的说法|n. 观点或事物之间的矛盾|n. 反驳；提出异议|n. 逻辑矛盾命题
contradictory	adj. 互相矛盾的|adj. 本身自相矛盾的|adj. 与……相悖的|adj. 彼此不能并存的|adj. 倾向于反驳或对抗的|n. 矛盾命题之一
contrarily	adv. 反之, 相反地, 反对地
contrary	adj. 相反的；逆向的|adj. 相冲突的；不一致的|adj. 爱唱反调的；任性的|adv. 相反地；违背地|n. 相反的一方|n. 相反命题|n. 一种作弊骰子|v. 反对；阻挠|v. 驳斥|v. 反驳某人或某事|v. 做相反的事|v. 故意作对
contrast	n. 颜色反差|n. 事物之间的差异|v. 对比两个对象|n. 具体的反差设置|n. 相反或迥异的事物|v. 形成反差|n. 修辞上的对举|n. 医学造影剂
contribute	v. 为整体贡献一部分
contribution	n. 对整体的投入或贡献|n. 捐款或支付的一笔钱|n. 作出贡献这一行为|n. 对发展或进步的贡献
contributor	n. 支持者|n. 促成因素|n. 捐助者|n. 供稿人
contributory	n. 贡献者, 捐助者|a. 贡献的, 捐助的
contrive	v. 发明, 设计, 图谋
control	n. 控制权；支配|n. 操纵装置；控制部件|n. 自制；约束能力|v. 控制；操纵|v. 抑制；克制|n. 防护措施；风险控制|n. 监测与干预措施|n. 对照组；对照实验|n. 界面控件|v. 控制实验变量|n. 核对账册；对照记录|n. 气候控制因素
controllable	adj. 可控制的|n. 可控制因素
controversial	adj. 有争议的；引发争论的|adj. 好争辩的；爱争论的|n. 有争议的人或事物
controversialist	n. 争论者
controversy	n. 争议；论战；纷争
convene	v. 集合开会|v. 召集开会|v. 聚到一起|v. 依法传唤|v. 以约定制定规则
convenience	n. 方便；便利|v. 使方便|n. 便利物品；便利设施|n. 方便的时间|n. 公共厕所（英国英语简称）
convenient	adj. 方便的；省事的|adj. 巧得可疑的|adj. 合适的（过时）
conveniently	adv. 方便地；轻松地|adv. 巧得可疑地；正好为某人解围地
convention	n. 大会；大型会议|n. 正式协议；约定|n. 惯例；约定俗成的做法|n. 代表大会；正式议会|n. 国际公约|n. 正式召集；召开会议
conventional	adj. 传统的；按惯例的|adj. 普通的；寻常的|adj. 老套的；陈腐的|adj. 常规的（非大规模杀伤性武器）|adj. 使用合成肥料和农药的|adj. 遵循叫牌惯例的|n. 传统金边债券
converge	v. 彼此靠拢；趋于一致|v. 趋于数学极限|v. 达到稳定结果
conversation	n. 谈话；交谈|n. 击剑中的刀锋交锋|n. 系统交互会话|n. 交往；往来|n. 行为方式；生活方式|n. 性行为|n. 对某主题的接触或钻研|v. 交谈（非标准动词）
conversational	adj. 健谈的；爱聊天的|adj. 交谈式的；像聊天一样的|adj. 可进行双向信息交流的|adj. 能够交谈并作出回应的
converse	adj. 相反的；反向的|n. 相反面；反面|v. 交谈|n. 交谈；交流|n. 逆命题|n. 关系反向词|v. 相处；交往|n. 转置|v. 通过交谈或学习而熟悉
conversely	adv. 反过来说；反之|adv. 另一方面；反过来看
conversion	n. 转变；改信|n. 软件移植；平台转换版|n. 化学转化|n. 橄榄球附加踢|n. 达阵后的附加得分|n. 广告转化|n. 建筑改造出的居住空间|n. 词类转换|n. 侵占或毁损他人财产|n. 转身；旋转|n. 命题项互换|n. 命题或方程式变形
convert	n. 改信者|v. 转变成|v. 换成等值物|v. 变成|n. 态度转变者|n. 转变者|v. 改作他用|v. 使改信|v. 换算数量|v. 单位换算|v. 改信|v. 广告带来目标行动
convey	v. 运送；输送|v. 传达；表达|v. 转让（法律权利或财产）|v. 运送某人|v. 秘密处理；暗中进行|v. 偷偷带走；偷窃
conveyor	n. 意义或信息的传递媒介|n. 传送设备；输送装置|n. 传送者；运送者
convict	n. 被判有罪的人|v. 判定有罪|n. 被流放到罪犯殖民地的人|n. 彩裙鱼|n. 羊头鲷的俗名|v. 使相信；使信服
conviction	n. 坚定的信念|n. 有罪判决|n. 完全确信的状态|n. 被认定有罪的状态
convince	v. 使相信；使确信|v. 说服|v. 演得令人信服|v. 战胜；压倒|v. 驳倒；证明错误|v. 证明有罪；定罪
convincingly	adv. 令人信服地
cook	n. 厨师；做饭的人|v. 烹调|v. 继续推进计划|n. 庄园主厨|n. 熟度；烹调程度|v. 被煮熟；正在烹调|v. 热得难受|v. 策划；炮制|v. 篡改；做手脚|v. 即兴演奏得精彩|v. 音乐演奏得很有劲|v. 继续琢磨或推进
cooker	n. 炉灶|n. 烹饪器具|n. 烹调用苹果|n. 做饭的人|n. 制贩或使用非法毒品的人|n. 制备毒品的容器|n. 疯子|n. 阴谋论者
cool	adj. 凉的；温度适中偏低|adj. 冷静的；镇定的|n. 凉爽；凉意|v. 变凉；冷却|adj. 凉爽的；有助于消暑的|adj. 冷色的|adj. 冷淡的；不热烈的|adj. 从容大胆的|adj. 整整一笔；不小的一笔|adj. 酷的；举止潇洒的|adj. 时髦的；流行的|adj. 可以；没问题
cooler	adj. 更凉爽；更酷|n. 保冷箱|n. 降温物或冷却设备|n. 果汁调酒|n. 印度式蒸发冷风机|n. 停尸房冷藏设备|n. 菲律宾甜味冷饮|n. 监狱|n. 保镖或门卫|n. 冷牌局|n. 强牌输掉的大损失|n. 收场酒
cooper	n. 制桶工匠|n. 一种混合啤酒饮料|v. 制作或修理木桶|v. 仿造文字|v. 故意弄伤赛马
cooperate	v. 共同合作|v. 配合以使行动畅通|v. 协调运转|v. 开展经济合作|v. 争取证人配合
cooperation	n. 合作；协作|n. 配合；帮助|n. 合作关系；合作组织
cooperative	adj. 愿意配合的|adj. 合作进行的|n. 合作社；合作企业|adj. 合作社的；与合作社有关的
coordinate	adj. 同等的；并列的|n. 坐标；位置数据|v. 协调；使同步|n. 配套服装|v. 搭配；相配|n. 平等者；同等事物|v. 置于同等等级
coordination	n. 协调工作；统筹|n. 配合状态；协同|n. 身体协调性|n. 语法并列|n. 同等地位；平行关系|n. 配位
coordinator	n. 协调员；统筹者
cop	n. 警察；监狱看守|v. 弄到；买到；拿到|v. 承担；挨到|v. 承认罪行或过错|n. 收盘时刻|n. 缔约方会议|v. 偷走|v. 采用；摆出|v. 看一眼|n. 蜘蛛（古旧）|n. 纺锤上的线团|n. 顶部；山顶（古旧）
cope	intj. 自我安慰吧|n. 自我安慰|v. 应对，撑过|intj. 别烦我，自己处理|n. 礼仪长袍|n. 覆盖物|n. 天空穹盖|n. 墙顶压盖|n. 砂型上箱|n. 矿山贡赋|v. 切削成斜接|v. 修剪鸟喙爪
coping	n. 应对压力的过程|v. 正在应对；应对这件事|n. 砖墙压顶层|n. 修剪猛禽的喙或爪
copper	adj. 铜制的|n. 铜（金属）|n. 铜红色|adj. 铜红色的|n. 警察（俚语）|v. 镀铜；包铜|n. 铜制专门物件|n. 澳大利亚或英国旧称的铜制容器|n. 铜色蝴蝶
copy	n. 副本；复制品|v. 复制；复印|v. 拷贝；复制到另一处|v. 模仿；照着做|n. 仿品；仿制品|n. 待出版的文字|n. 出版文字（不可数）|n. 练习本；作业本|n. 书的一册；一份书|n. 一期刊物|v. 抄送给|n. 新闻跑腿员
copyright	n. 版权；著作权|v. 取得版权；为作品登记版权|n. 某部作品的版权|n. 侵犯版权（非正式用法）|v. 标记为侵犯版权
cord	n. 细绳；线绳|n. 电源线|n. 绳线材料|n. 柴薪计量单位|n. 牵制；吸引力|n. 绳状人体结构|v. 给……加绳|v. 用绳捆住|n. 和弦的旧式写法|n. 机翼弦长的误拼|v. 装订时压平书籍|v. 按柴薪单位堆放
cordell	n. (Cordell)人名；(英)科德尔
cordial	adj. 真诚热烈的；由衷的|adj. 亲切友好的|n. 浓缩果汁饮料|n. 一份稀释饮料|n. 甜味药剂|n. 甜味利口酒|n. 慰藉或提神之物|adj. 使人振作的|adj. 发自内心的|n. 夹心糖果
core	adj. 核心的；最重要的|n. 果核；内部的核心部分|n. 核心；本质|v. 去掉果核|n. 技术系统的核心部件或核心区域|n. 计算机或数学中的核心单位|n. 医学或研究中的核心部位|n. 以某主题为核心的审美风格|v. 钻穿核心部分|v. 钻取核心样本|adj. 真正融入某项运动文化的|n. 核物理中的核心物质
corn	n. 谷物；主食作物|n. 玉米|n. 谷粒；种子|n. 小颗粒|n. 鸡眼；硬茧|n. 俗套煽情的作品或幽默|v. 用粗盐腌制|v. 给动物喂谷物|n. 粒状雪|n. 子弹；弹药|n. 钱|n. 马蹄炎性病变
corner	n. 角；角落|n. 边远处；一角|n. 隐蔽处；僻静处|v. 逼到角落|v. 逼入绝境|intj. 拐角提醒|n. 角落的；街角的|n. 困境；尴尬处境|n. 垄断市场|n. 完全控制某一领域|n. 球场边角区域|n. 比赛场地的角部
coronavirus	n. 日常常指相关的具体病毒|n. 冠状病毒科成员|n. 冠状病毒引起的疾病
corp	n. 公司缩写
corporate	adj. 公司的；法人组织的|adj. 组成法人；已注册为公司|adj. 合成一体的；集体的|adj. 大公司式的；冷漠而千篇一律的|n. 公司债券|n. 公司总部一方；直营的公司方|n. 公司；企业集团|n. 公司高层；管理层|n. 公司内部制作的短片|v. 使组成法人团体|v. 成为法人团体
corporation	n. 法人团体|n. 市政管理机构|n. 法西斯意大利的劳资联合组织|n. 凸出的肚子
correct	adj. 正确的；准确无误的|v. 纠正；改正|adj. 得体的；符合行为规范的|adv. 正确地|intj. 对；没错|v. 批改；评阅|v. 指出某人的错误|n. 正确答案|v. 惩戒；处罚
correction	n. 纠正行为|n. 更正内容|n. 矫治性惩罚|n. 校正量|n. 市场回调|n. 通信更正词
correctly	adv. 正确地
correctness	n. 无错误|n. 符合事实|n. 符合公认标准|n. 算法符合规格
correlate	v. 使相互对应；比较联系|v. 彼此相关|n. 相关指标；对应物
correlation	n. 相互联系；对应关系|n. 统计相关；相关系数|n. 射影空间中的对偶对应
correspond	v. 对应；相符|v. 通信；通信往来|v. 与某人发生性关系（过时）
correspondence	n. 书信往来|n. 相似；对应关系|n. 书信；来往的信件|n. 旧式的交流|n. 宗教理论中的对应关系
correspondent	n. 特派记者；驻外记者|n. 对应物；对应者|n. 通信对象|adj. 相合的；相称的|adj. 遵从的；服从的
corresponding	adj. 相应的；对应的|n. 对应关系|v. 正在对应；对应这一动作
corridor	n. 走廊|n. 狭长通行地带|n. 空中通道|n. 交通沿线带状区域|n. 要塞环形通道
corrode	vt. 使腐蚀, 侵蚀, 破坏|vi. 被侵蚀, 起腐蚀作用
corrupt	adj. 贪腐的；收受贿赂的|adj. 道德败坏的；堕落的|v. 使堕落；使败坏|adj. 损坏的；有错误的；失真的|v. 损坏数据；使无效|v. 篡改；使失真|adj. 腐坏的；变质的|v. 腐坏；腐烂|v. 损耗；糟蹋；使失去价值
corruption	n. 败坏；堕落|n. 政治或商业腐败|n. 腐烂；腐败过程|n. 生物物质的分解|n. 数据损坏|n. 变质；偏离原样|n. 腐烂物；腐败产物|n. 讹变形式|n. 由善变恶；堕落物
cortex	n. 器官或身体结构的外层|n. 植物茎或根的外层组织|n. 燧石的外表面
cortina	丝膜
cortisol	n. 皮质醇；压力调节激素
cosmetic	adj. 美容的；化妆用的|adj. 表面的；治标的|n. 化妆品|n. 表面特征|n. 改善观感的因素
cosmic	adj. 宇宙的；与宇宙有关的|adj. 宏大无比的；规模惊人的|adj. 关于超越性或宇宙意义的|adj. 与太阳同升或同落的
cosmology	n. 研究宇宙的科学|n. 关于宇宙本质的哲学研究|n. 某种文化或宗教的宇宙观
cosmos	n. 有秩序的宇宙|n. 自成体系的小宇宙|n. 和谐与秩序|n. 波斯菊
cost	n. 费用；花费|n. 代价；损失|v. 需花费；价格为|v. 使失去；使付出代价|v. 估算费用|v. 让某人付出代价|n. 方式；办法|n. 性质；状况；价值|n. 肋；侧面|n. 纹章饰带|v. 使承受；导致
costly	adj. 昂贵的；代价高昂的
costume	n. 特定风格的服饰|n. 装扮服或伪装服|n. 适合特定场合或季节的一套衣服|v. 给……穿上装扮|n. 泳装
cosy	adj. 舒适温馨的|n. 保温套|v. 变得舒适|adj. 感到暖和舒服的|n. 物品软套|v. 主动亲近|n. 温和派推理小说
cottage	n. 小屋；小住宅|n. 乡间住宅；度假屋|v. 住在度假屋里|n. 公共厕所|n. 同性恋男性聚会场所|v. 在公共厕所进行同性性行为
cotton	adj. 棉制的|n. 棉花纤维|n. 棉花作物|n. 棉制品|n. 棉织物或棉衣|v. 喜欢上；合得来|n. 旧式棉制品称呼|n. 好感|v. 加棉|v. 用棉包裹|v. 使呈棉状|v. 缓冲、隔绝声音
couch	n. 沙发|v. 躺下|v. 措辞；表述|n. 床或休息处|n. 心理治疗|v. 俯身；蹲伏|v. 放到休息处|n. 水獭巢穴|n. 底层涂层|n. 发芽麦芽层|n. 不去投票的人|n. 匍匐冰草
cough	intj. “咳咳”——借咳嗽声引起注意|n. 咳嗽；一次咳嗽声|v. 咳嗽|n. 咳嗽症状；一阵咳嗽|v. 咳出某物|v. 招供；交代信息|v. 交出；付出钱|v. 发出像咳嗽的声音|v. 招供；吐露实情|n. 像咳嗽一样的声音|n. 动物发出的类似咳嗽的叫声|v. 咳到某种状态
could	v. 过去能够|v. 在条件下可能|n. 一种可能性|v. can 的过去分词
council	n. 委员会；理事会|n. （委员会的）管理机构|n. 商议；议事|n. 教会会议
councilor	n. 议会或委员会成员
counsel	n. 商议；咨询|n. 劝告；建议|v. 劝告；提供专业意见|n. 审慎判断|n. 意图；计划|n. 律师；法律顾问|v. 建议采取某种做法
counseling	n. 咨询；辅导|v. 正在劝告；进行咨询
counselor	n. 辅导员；咨询师|n. 学校辅导员|n. 律师；法律顾问|n. 外交顾问；参赞|n. 夏令营辅导员（美国）
count	n. 计数|n. 计数结果；数量|v. 数数|v. 数出……的数量|v. 重要；算数|adj. 可数的|adj. 按件数标示的|n. 倒数|n. 一项指控|n. 伯爵|n. 贵族等级中的伯爵|v. 总数达到
counter	adj. 相反的；对立的|n. 计数筹码；标记片|n. 柜台|v. 反驳；对抗|adv. 相反地；反方向地|adv. 以错误的方式；偏离正确方向地|n. 计数的人|n. 计数员；统计员|n. 机械计数装置|n. 计数变量；计数器|n. 点击计数器|n. 商店操作台
counter-balance	抗衡；使平衡
counter-culture	n. 反主流文化；反正统文化; 反主流文化群体
counter-measure	n. 对策；对抗手段；反措施
counteract	v. 抵消作用|v. 主动对抗或阻挠|n. 对抗行动
counterbalance	n. 平衡重物|n. 制衡力量|v. 抵消影响|v. 用重量抵消
counterintuitive	a. 违反直觉的
countermeasure	n. 对策, 反抗手段, 反措施
counterpart	n. 相配的另一部分|n. 职能或特点相对应的人或物|n. 法律文件副本|n. 相似的对应对象|v. 抵消；使平衡|n. 化石的对应半块
countless	adj. 多得数不过来|det. 无数的|adj. 数不清的
country	adj. 乡村的；乡下风格的|n. 国家；国土|n. 乡村；乡下|adj. 乡村音乐的|n. 地区；地域|n. 当地居民；民众|n. 乡村音乐|n. 乡村生活方式；乡土精神|adj. 本地生产的（印度英语）|n. 原住民传统土地|n. 围岩；矿脉周围的岩层
countryman	n. 某国人|n. 同胞|n. 乡村居民|n. 定居者
countryside	n. 城市以外的乡村地区|n. 较大地区中的乡村部分|n. 乡村景色
county	n. 行政区、郡或县|n. 传统地理区域|adj. 很有地方贵族派头的|n. 伯爵领地|n. 县监狱
couple	det. 两个；几个|n. 一对；两个|v. 连接；接合|adj. 两个；几个|n. 情侣；夫妻|n. 几个；少数几个|v. 使结婚；主持婚礼|n. 电池单元中的一对金属板|n. 力偶；转动力矩|n. 建筑连接部位|n. 连接物；纽带|v. 发生性交
coupon	n. 票券；凭证|n. 优惠券；折扣券|n. 债券利息|n. 检验样品|v. 大量使用优惠券|n. 债券利息票|n. 政治支持信|n. 脸
courage	n. 不怯懦的自信|n. 克服恐惧去行动|n. 逆境中的坚定|v. 鼓励
courageous	adj. 勇敢的；有勇气的|adj. 需要勇气的；勇敢的
course	n. 过程；进程|n. 路线；行进方向|v. 流经；奔流|adv. 当然|n. 课程；专业课|n. 疗程；一段持续的治疗|n. 航向；航线|n. 一排；一层|v. 穿过；流过|n. 赛马场；赛道|n. 下层方帆|n. 月经
court	n. 院落；围合的空地|n. 法庭；法院|v. 争取；力图赢得|n. 宫廷；王室社交圈|n. 法院（正式写法）|n. 球场；比赛场地|v. 招致；自找|v. 追求结婚；求婚|v. 求偶|v. 吸引；招徕|v. 争取结盟|v. 追求；谈恋爱
courteous	adj. 有礼貌的；体贴周到的
courtesy	adj. 出于礼貌的|n. 礼貌；客气|n. 客气表示；善意举动|adj. 免费作为礼遇提供的|n. 善意提供；惠助|n. 姑且承认；权且称作|n. 屈膝礼|n. 丈夫对亡妻遗产的法律权益
courtier	n. 侍臣, 奉承者
courtship	n. 求爱；求偶|n. 宫廷式献殷勤|n. 向权贵献媚|n. 为获得某物而殷勤追求|n. 宫廷式优雅举止|n. 宫廷权术与周旋
courtyard	n. 露天围合院落
cousin	n. 堂兄弟姐妹或表兄弟姐妹；远亲|n. 较远的旁系亲属|n. 关系亲近的民族或群体成员|n. 亲近者的称呼|n. 相近或相关的事物|n. 君主或贵族间的正式称呼|n. 女性性伴侣；妓女|n. 受骗者|n. 好色者；诱骗女性的人|v. 称作亲戚|v. 视为亲戚|v. 亲近交往
cover	n. 掩护；遮蔽处|n. 书刊封面；外封|v. 盖住；遮住|v. 支付；承担费用|adj. 封面的|adj. 翻唱的|n. 盖子|n. 床罩；床上盖单|n. 防尘罩；保护套|n. 入场费|n. 翻唱歌曲|n. 保险保障
coverage	n. 人员或服务保障|n. 媒体报道|n. 通信覆盖区域|n. 无线信号接收情况|n. 防守覆盖|n. 测序覆盖深度
cow	n. 成年母牛|v. 吓住；使畏缩|n. 泛指牛|n. 牛肉|n. 大型哺乳动物的雌性|n. 讨厌的女人|n. 牛科动物|n. 止动楔|n. 西点军校三年级学员|n. 特别大的鱼|n. 烟囱帽|n. 写时复制
coward	adj. 胆小的；懦弱的|n. 胆小鬼；懦夫|adj. 纹章中夹尾的|v. 恐吓；使胆怯
cowgill	[人名] 考吉尔
coworker	n. 同事|n. “同事式”的大众品味
cozy	a. 舒适的, 安逸的, 惬意的|n. (茶壶等的)保暖罩, 舒适的座位|vt. 以假话使安心
cpi	n. 消费者价格指数|n. 坠机位置指示器|n. 每次安装成本|n. 每英寸字符数
crab	n. 螃蟹|n. 蟹肉|n. 脾气坏的人|v. 抱怨|n. 蟹状动物|n. 阴虱|v. 捕蟹|v. 弄坏；毁掉|v. 抱怨；挑剔|v. 侧向移动；向下风处漂移|v. 贴地爬行|v. 使摄影机横向移动
crack	adj. 训练有素的|n. 裂缝|v. 受力破裂|v. 解决难题|adj. 一流的|n. 狭窄开口|n. 挖苦话|n. 断裂声|n. 清脆声响|n. 猛击|n. 尝试|n. 爆炸冲击白浪圈
cradle	n. 摇篮|n. 发源地|v. 放入摇篮式承托|v. 温柔托住并保护|n. 幼年|n. 伤肢固定套|n. 听筒座|v. 摇动哄睡|v. 安抚使平静|n. 摇禾架|n. mezzotint 刻版工具|n. 承运架
craft	n. 专业技艺|n. 手艺行业；专业|v. 亲手巧制|n. 本领；技艺|n. 行业从业者；行业组织|n. 航行器|n. 航行器；交通工具|v. 精心构思|v. 合成制作|n. 力量；能力|n. 技艺；本领|n. 艺术作品
craftsman	n. 技艺精湛的工匠|n. 亲手制作物品的人|n. 艺术和手工艺创作者|adj. 某种建筑风格的|n. Craftsman 风格建筑
cramp	n. 抽筋；肌肉痉挛|v. 抽筋；痉挛|n. 限制；束缚|v. 使痉挛；使抽筋|v. 限制；妨碍发挥|adj. 狭窄的；局促的|n. 夹具；夹钳|n. 鞋楦木块|v. 限制在特定位置|v. 用夹具固定|v. 连接；结合|v. 在鞋楦上定型
crane	n. 鹤|n. 起重机|v. 伸长脖子；探头|v. 用起重机吊起或降下|n. 大蓝鹭|n. 壁炉吊臂|n. 虹吸管|n. 支撑桅杆的叉形架|n. 头骨|v. 跳跃前收身
crash	adj. 速成的；强化的|n. 车祸；撞毁事故|n. 电脑崩溃|n. 暴跌；崩盘|v. 撞毁；猛撞|v. 使猛烈撞上|v. 程序崩溃|n. 撞击声；巨响|n. 吸毒后的低落期|v. 用力击打|v. 发出巨响|v. 未经邀请闯入
crate	n. 运输用的大箱或大筐|v. 把……装进箱子|n. 破旧不可靠的交通工具|v. 把……留在箱中|n. Rust 程序包
crawl	n. 爬行；匍匐|n. 极慢的速度|v. 爬行；匍匐前进|n. 连续逛同类场所|n. 自由泳|n. 滚动字幕|v. 缓慢前进|v. 卑躬屈膝地求助|v. 到处都是；充满|v. 感到虫爬般发麻|v. 用自由泳游|v. 爬过某个区域
craze	n. 强烈而持久的爱好|n. 一时风靡的热潮|n. 陶瓷釉面的细裂纹|n. 精神失常|v. 使衰弱或损坏|v. 使精神失常|v. 变得精神失常|v. 打碎或碾成粉末|v. 使陶瓷釉面开裂
crazy	adj. 精神失常的|adj. 失控的|adj. 极度兴奋的|adj. 痴迷于；爱上|adj. 出人意料的；疯狂的|adv. 非常；极其|n. 疯子；怪人|n. 疯狂行为；混乱状态|adj. 破损不牢的|adj. 虚弱多病的
cream	adj. 奶油色的|n. 奶油；乳脂|n. 精华；最优秀的部分|v. 打成糊状；搅成泥|n. 美国标准中的乳脂制品|n. 英国标准中的乳脂制品|n. 咖啡或茶中的奶油|n. 奶油色|n. 奶油状馅料或糊状物|n. 奶油类菜肴|n. 药膏；乳膏|v. 变成奶油色；染成奶油色
create	v. 创造；创立|v. 造成；引起|v. 创造世界或生命|v. 授予头衔；任命|v. 进行创作|adj. 创造出来的|v. 首次饰演角色|v. 吵嚷；抱怨
creation	n. 创造出来的东西；作品或发明|n. 创造；创立或设立|n. 万物；整个受造世界
creationism	n. 神创世界说|n. 神有意创造万物的信仰|n. 神创人的灵魂说
creationist	n. 神灵论者, 上帝论者; 特创论者（即相信万物皆由上帝一次造成者）
creative	adj. 有创造力的|adj. 新颖有想象力的|adj. 巧妙掩饰事实的|n. 创意人员|n. 广告创意素材|adj. 创造集的|adj. 委婉指糟糕或杂乱的
creativity	n. 创造力；创意
creator	n. 创造者；创作者|n. 内容创作者|n. 造物主|n. 创造机会的球员
creature	n. 生物；动物|n. 神秘或怪异的生物|n. 人（常带贬义）|n. 创造物；被创造之物|n. 受人支配的人
credential	n. 身份或权限凭证|n. 资历或实力证明|v. 授予资格|adj. 用于介绍或推荐的
credentials	n. 身份或授权证明文件|n. 登录凭据|v. 证明具备资格或实力
credibility	n. 某人的公信力或可信度|n. 证人或证词的可信性
credible	adj. 可信的；合理的|adj. 可靠的；值得信赖的|adj. 真实可信的；有说服力的
credit	n. 信任；相信|n. 认可；尊重|n. 赊账；信用付款|n. 贡献署名；鸣谢|n. 影视演职员名单|n. 付款期限|n. 个人信用状况|n. 荣誉；光荣|n. 课程认可|n. 课程学分|v. 相信；认为可信|v. 把贡献归于
credit-card	信用卡；记帐卡
creek	n. 小溪；小河|n. 小水湾；河口小汊|n. 克里克族人|adj. 克里克族的|n. 小船码头内湾|n. 弯曲处
creep	n. 逐渐越界、扩张|n. 令人不适的怪人|v. 贴地爬行|v. 悄悄慢慢移动|v. 逐渐上升或变化|n. 爬行、蠕动|n. 逐渐变化、偏差|n. 轻微位移|v. 沿表面蔓延|v. 悄然渗入、逐渐逼近|v. 滑动、轻微错位|v. 感到皮肤发麻
crest	n. 山顶；山脊最高处|n. 浪峰|v. 达到浪峰|n. 头顶的冠状突起|n. 头盔上的羽饰|n. 斜坡或堤岸的顶部线|n. 徽标；会徽|v. 登上顶端|n. 纹章顶部图案|n. 马颈上缘|n. 昂扬的精神；勇气|n. 屋脊顶部装饰
crew	n. 团队；工作人员|v. 作为船员工作|n. 一伙人|n. 侦察队或活动小组|n. 街舞或嘻哈团队|n. 一名船员或工作人员|n. 竞技赛艇|v. 组成工作或制作团队|v. 为船或项目配备人员|n. 一群人（旧用法）|n. 带贬义的一伙人|n. 马恩岛鹱
cricket	n. 蟋蟀|n. 板球运动|n. 公平正派|n. “鸦雀无声”（幽默说法）|n. 识别信号器|n. 持续重复的航空警报声|n. 一种飞镖玩法|n. 木脚凳（方言）|n. 屋顶导水结构|v. 打板球
crime	n. 具体罪行|n. 社会上的犯罪活动|n. 严重过错或罪恶|n. 犯罪习惯或犯罪行为|n. 导致罪恶的事物|v. 施以纪律处分|v. 实施犯罪
criminal	adj. 违法的；法律禁止的|adj. 刑事的；与犯罪或刑法有关的|n. 罪犯|adj. 有罪的；犯了法的|adj. 糟糕透顶的；令人无法容忍的
cripple	v. 严重损害；重创|v. 使无法正常运作|n. 残疾人（冒犯或过时）|v. 使人严重伤残|v. 使产品功能严重受限|v. 把游戏内容削弱得过头|adj. 残废的；跛行的|n. 建筑短木撑|n. 一种南方美式食品|n. 溪流中的岩石浅滩
crisis	n. 关键转折点|n. 严重危机|n. 病情转折关头|n. 人生或心理危机|n. 戏剧冲突的高潮关头
crisp	adj. 脆的；易碎的|n. 薯片|v. 使变脆|adj. 干爽利落的|n. 脆片小吃|n. 薯片|n. 烧焦变脆的状态|v. 变脆|adj. 卷曲的|adj. 卷曲的|adj. 边缘卷曲的|adj. 卷曲的
criss-cross	n. 十字号|a. 纵横交错的; 交叉的
criterion	n. 判断标准
critic	n. 作品评论家|n. 艺术评论家|n. 爱挑错的人|n. 反对者|n. 批评行为（旧义）|n. 批评学（旧义）|v. 批评（旧式动词）
critical	adj. 关键转折的；危急的|adj. 极其重要的|adj. 爱挑毛病的；批评性的|adj. 评论或分析性的|adj. 病情危重的|adj. 病情危重的（指人）|adj. 不稳定且可能失控的|adj. 达到反应自持临界点的|adj. 临界温度的|adj. 难以准确分类的|n. 临界值；关键因素|n. 霹雳舞中的一种空中动作
critically	adv. 批判性地；审慎评析地|adv. 危重地；到了危急程度|adv. 从评论界或评论角度看|adv. 精确地；细致辨别地|adv. 处在关键位置或关键条件下
criticise	v. 批评；指责
criticism	n. 批评；指责|n. 具体的批评意见；评论
criticize	v. 批评；指责|v. 评价；评论优缺点
critique	n. 批评活动|v. 评析；批评|n. 批评性评论文章|n. 一条批评意见|n. 批评者（过时）
cromwell	n. 克伦威尔（姓氏）
crone	n. 干瘪老太婆, 老母羊
crop	n. 作物|n. 收成|n. 裁剪后的图像|v. 剪掉顶端|v. 剪短|v. 裁剪图像|n. 一批；一群|n. 露出地面的岩层|n. 短发发型|n. 嗉囊|v. 收割；采集|v. 有收成
cross	adj. 生气的；恼怒的|n. 十字形；交叉记号|prep. 横穿；越过|v. 穿过；越过|adj. 横向的；交叉的|adj. 相反的；互换的|n. 十字形图案|n. 十字架刑具|n. 画十字手势|n. 十字架饰物或标志|n. 必须忍受的困难|n. 穿过；横穿的过程
cross-check	v. 交叉核对；复查|v. 冰球中的球杆冲撞犯规
cross-cultural	adj. 跨文化的
cross-cut	a. （指锯等）有为横割木纹而设计的锯齿的
cross-trade	adj. 外国港口之间的|n. 外国港口间的贸易|v. 在外国港口间贸易
crossing	n. 交叉处|n. 渡口或通行处|n. 穿越|v. 正在交叉；穿过|n. 杂交|n. 阻挠|n. 横渡航程|n. 交叉动作|n. 支票上的平行划线|n. 人行横道|adj. 横向的|n. 十字形教堂的交叉部
crouch	n. 低伏姿势|v. 弯下身子低伏|v. 卑躬屈膝|n. 十字架|v. 画十字祝福
crow	n. 乌鸦|v. 啼叫|n. 公鸡啼叫|n. 克罗族成员|v. 得意地夸耀|adj. 乌鸦黑|n. 黑色蛱蝶|n. 铁撬棍|n. 望风者|n. 古罗马登船跳板|n. 动物肠系膜|n. 脾气坏的女人
crowd	n. 人群|v. 挤进去；推着前进|v. 聚拢；挤在一起|v. 把……挤进；塞满|n. 挤在一起的一堆东西|n. 有共同兴趣的一群人|v. 挤满|v. 推挤；把……逼到一边|n. 大众；平民|n. 古乐器名|n. 方言中的小提琴|v. 船只过分靠近
crown	n. 王冠|n. 顶部|n. 牙冠|v. 正式宣布为君主|adj. 与王冠或王权有关的|adj. 与树冠有关的|n. 胜利花环|n. 胜利或荣誉|n. 王权|n. 君主|n. 君主制政府|n. 顶点
crucial	adj. 至关重要的；决定性的|adj. 十字形的|adj. 非常棒的；特别出色的
crude	adj. 未经加工的|adj. 粗糙简陋的|n. 原油|adj. 直白不加掩饰的|adj. 粗鲁不得体的|adj. 词的未屈折词干的|n. 天然物质|adj. 未成熟的|adj. 生的；未煮熟的
cruel	adj. 残忍的；无情的|adj. 严酷的；难熬的|adj. 酷的；很棒的（俚语）|adv. 非常；极其|v. 使机会落空；毁掉成功可能|v. 以暴力刺激儿童反抗
cruelty	n. 残忍；残酷|n. 残酷行为；暴行
cruise	n. 乘船游览|v. 乘船游览|n. 飞机巡航阶段|n. 海军陆战队服役期|n. 汽车爱好者组队巡游活动|v. 以稳定速度行进|v. 悠闲地四处寻找|v. 轻松取胜|v. 参加汽车巡游|n. 降低增强剂剂量的阶段|n. 小杯；小容器|v. 巡查森林以估算木材
crumble	n. 水果酥粒甜点|v. 碎裂；瓦解|v. 弄碎成屑|v. 搓成酥粒状
crunch	n. 咔嚓声；脆响|n. 紧要关头|n. 危机；紧张局面|v. 咔嚓咬碎；压碎|v. 被踩碎并发出脆响|n. 卷腹|n. 赶工期|n. 脆顶水果甜点|n. 井号|n. 脆碎小块|n. 短缺|v. 集中计算；处理数据
crush	n. 强力挤压或撞击|n. 拥挤和挤压|n. 单恋对象|v. 压碎或挤变形|v. 以压力压倒|v. 暗恋|n. 拥挤状态|n. 令人难受的拥挤人群|n. 水果压汁饮料|n. 喜欢或暗恋的人|v. 碾成细小颗粒|v. 表现得非常出色
crushingly	adv. （强调不好的特征）极其
crust	n. 表面硬层|n. 食物的硬外层|n. 披萨饼底|n. 酥皮外壳|n. 面包尾片|n. 地壳|n. 行星外壳|n. 甲壳|n. 谋生手段|n. 厚脸皮；胆量|v. 使覆盖硬壳|v. 形成硬壳
crux	n. 核心要点|n. 关键转折点|n. 难题|n. 攀登最难点|n. 纹章十字
cry	n. 哭泣；一阵眼泪|v. 哭；流泪|v. 喊叫；尖叫|n. 叫喊；喊声|n. 喊出的话；口号|n. 公众呼声；强烈抗议|n. 动物的叫声|n. 紧急请求；呼救|v. 大声宣布；喊出|v. 强烈要求被注意|v. 动物发出叫声|v. 哭到进入某种状态
cryogenics	n. 低温学, 低温实验法
crystal	adj. 非常清楚的|n. 晶体|adj. 水晶制成的|n. 水晶般闪亮的矿物块|n. 水晶玻璃；水晶玻璃器皿|n. 冰毒|n. 眼睛|n. 表盘玻璃
crystallize	vt. 使结晶, 使具体化|vi. 结晶, 具体化
csr	n. 企业社会责任|n. 客户服务代表|n. 证书签名请求
csx	abbr. Chessie and Seaboard (railroads consolidated) 奇思沿海地区（统一铁路公司）
cube	n. 立方体|n. 三次方|v. 求三次方|n. 方块状物|n. 三维数据结构|n. 魔方|n. 办公隔间|v. 做成立方体形状|v. 切成小方块|v. 玩魔方|adj. 立方的|n. 立方英寸
cubic	adj. 立方的；立方单位的|adj. 三次的|adj. 三轴等长且互相垂直的|n. 三次曲线
cubicle	n. 工作或学习隔间|n. 更衣隔间|n. 公共厕所厕间
cucumber	n. 黄瓜植株|n. 黄瓜果实|n. 镇定的人
cue	n. 行动信号|v. 给出提示|n. 字母 Q 的名称|n. 演员提示|n. 触发标记|n. 暗示|n. 台球杆|v. 引发|v. 用球杆击球|n. 旧式的小份量|n. 心情或脾气|n. 尾巴或发辫
culinary	adj. 烹饪的；厨艺的|adj. 厨房的；与厨房有关的
culminate	v. 达到顶峰|v. 以高潮或结局告终|v. 天体升至最高点|v. 使达到高潮或收束|adj. 与顶端结构有关的|adj. 向上生长的|v. 推进至无法继续
culprit	n. 责任对象；罪魁祸首|n. 尚未受审的被告
cult	adj. 小众狂热追捧的|n. 狂热拥护某对象的小群体|adj. 与崇拜团体有关的|n. 宗教敬奉与仪式|n. 封闭而极端的宗教或思想团体|adj. kvlt 的另一种写法
cultivate	v. 种植；耕作|v. 培养；培育|v. 翻耕；松土
cultivation	n. 耕作；栽培|n. 培养；经营|n. 耕地状态；用于耕作|n. 修养；教养
cultural	adj. 文化的；与文化有关的|adj. 人为造成的
culturally	adv. 以文化方式；从文化角度看|adv. 在文化层面上；与文化有关
culture	n. 文化；社会生活方式|n. 信念与价值观体系|v. 培养生物|n. 社会规范与意识形态|n. 培养；培养过程|n. 培养物|n. 细菌培养物|v. 培养兴趣|n. 代际传承的知识|n. 栽培；培育|n. 地图上的人文信息|n. 考古文化
cumbersome	adj. 碍事的负担|adj. 难操作的；笨拙的|adj. 处理或携带起来费力|adj. 行动迟缓笨重
cumulative	adj. 累计的；合计至今的|adj. 逐次加成形成的|adj. 容易积累的|adj. 可累积股息的|adj. 重复性的；多余的（法律）
cunning	adj. 狡猾机灵的|n. 巧计；诡计|n. 实际技巧；熟练本领|n. 狡猾；心机|n. 动物的机灵本能|adj. 有技巧的|adj. 巧妙制作的|adj. 可爱的、讨人喜欢的|n. 知识；特殊学问
cup	n. 饮水杯|n. 一杯的内容物|n. 美国杯量单位|v. 使成杯状|n. 加拿大杯量单位|n. 澳新杯量单位|n. 奖杯|n. 奖杯赛|n. 国家杯赛淘汰赛|n. 高尔夫球洞杯|n. 掷骰杯|n. 甜味酒饮
cupboard	n. 橱柜；壁柜|n. 展示餐具的餐具柜|n. 餐具柜上展示的餐具|n. 柜中存放的食物等物品|n. 存放外套的壁橱|v. 收藏；囤积
curate	v. 策划展览或收藏|v. 精选内容|n. 助理牧师|n. 教区牧师|v. 从事策展工作|n. 酒吧助理|n. 锔酸根盐
curb	n. 路缘石|n. 限制；约束|v. 抑制；控制|n. 机场航站楼路边上下客区|v. 勒住；收住|v. 把车靠边停下|v. 撞坏车轮或轮胎|n. 凸起的加固边缘|n. 马术用勒衔|n. 马后腿的肿胀|v. 给……加路缘；用边界限制|v. 用脚猛踩或践踏
cure	n. 治疗方法；疗法；药物|n. 治愈；痊愈|n. 解决办法|v. 治好；使恢复健康|v. 消除疾病或不良影响|n. 保存处理；腌制过程|n. 腌鱼；腌制的鱼|v. 改掉；消除缺陷|v. 处理使适于保存或使用|v. 腌制保存食物|v. 治愈；产生疗效|v. 经处理而保存
cure-all	n. 万能药；万能办法
curiosity	n. 好奇心|n. 稀奇物件|n. 精巧做工
curious	adj. 好奇的；求知的|adj. 奇特的；不同寻常的|adj. 因好奇而产生的|adj. 相关缩略语|adj. 对某类关系感兴趣的|adj. 讲究的；难以满足的|adj. 精巧的；制作考究的|adj. 三价锔的
curiously	adv. 好奇地；探究地|adv. 奇怪的是；出人意料地
curl	n. 卷发；卷曲的一缕|n. 弯曲的线条或形状|v. 使沿弧线运动|v. 使卷曲或盘旋|v. 呈卷曲状|n. 带弧线的旋转球|n. 弯举动作|n. 巧克力卷片|v. 蜿蜒移动|v. 参加冰壶运动|v. 做弯举|v. 把头发卷成卷
currency	n. 货币；交易媒介|n. 流行；通行；被接受|n. 纸币；现金|n. 价值；估价|n. 流利；表达顺畅
current	adj. 当前的；现时的|adj. 现行的；通行的|n. 流体的流动|n. 电流|adj. 电的；与电有关的|n. 水流；洋流|n. 趋势；事态方向|adj. 快速流动的
currently	adv. 目前；现在
curricula	n. 课程
curriculum	n. 学校提供的课程体系|n. 统一规定的教学内容|n. 跑道；赛跑场地
curse	n. 超自然的祸害|n. 诅咒祷告|v. 对……施诅咒|v. 祈求降祸于|n. 祸根；灾祸|n. 脏话；骂人的话|v. 骂出脏话|v. 说脏话|v. 使遭受严重不幸|n. 月经（旧俗语）
cursory	adj. 粗略的；匆匆浏览的|adj. 草率的；不仔细的|adj. 到处奔走的；非固定的
curtain	n. 窗帘；帘子|n. 舞台幕布|v. 挂上窗帘；用帘遮住|n. 开幕；演出开始|n. 死亡；生命终结|v. 遮住；隔开；隐藏|n. 城墙主体段|n. 建筑物之间的连接墙|n. 旗帜；旗号|n. 连续液幕
curve	n. 弯道|n. 曲线|v. 使弯曲|v. 使偏转|v. 逐渐转弯|n. 成绩曲线|n. 身体曲线|v. 按曲线给分|v. 拒绝追求|adj. 弯曲的|n. 数学中的参数曲线|n. 一维曲线图形
cushion	n. 坐垫；靠垫|n. 缓冲物；减震层|n. 缓冲余量；安全余地|v. 缓和；减轻冲击|n. 坐垫；靠垫（英式等用法）|v. 给……装垫子|n. 缓冲物（历史用法）|n. 靠垫舞中的靠垫；靠垫舞|v. 使坐在垫子上|v. 掩盖；藏在下面
custody	n. 监护权；照管权|n. 拘留；羁押状态|n. 受托保管|n. 修会管辖区
custom	adj. 定制的；专门适配的|adj. 个人定制的；非标准现成的|n. 习惯；惯例|n. 传统习俗；仪式|adj. 受雇提供的；承接外部业务的|n. 惯例法；长期确立的规矩|n. 定制作品|adj. 习惯的；惯常的|n. 老顾客；惯常光顾|n. 顾客群；生意|n. 熟悉；惯常接触|n. 税费；贡金
customary	adj. 惯常的；按惯例的|adj. 习惯上享有或承担的|n. 习惯法典籍
customer	n. 顾客；客户|n. 某种人；家伙|n. 老主顾|n. 征收关税的官员
customize	v. 按需定制
cut	adj. 切过的|n. 切割动作|v. 切入；割开|v. 剔除；删减|adj. 减少的|adj. 加工成形的|adj. 肌肉线条明显的|adj. 已割礼的|intj. 停止录制|n. 切口或切下部分|n. 影视剪辑|n. 删节部分
cute	adj. 像幼崽一样可爱|adj. 讨人喜欢；迷人|adj. 故意卖可爱；矫揉造作|adj. 巧妙而别致|adj. 性感迷人|adj. 敏锐精明
cutlery	n. 锋利的刀具|n. 餐具|n. 刀具制造业
cv	n. 个人履历|adj. 心血管的|n. 角色配音|n. 交叉验证|n. 冠状病毒|n. 计算机视觉|adj. 肋椎的|n. 战斗车辆|n. 电视机|n. 目录价值|n. 基元音|n. 航空母舰
cyber-crime	电脑犯罪
cyberspace	n. 网络空间；信息世界|n. 整个互联网|n. 三维虚拟网络空间
cycle	n. 周期；一轮|n. 一整圈；完整旋转|n. 循环过程|v. 骑车|v. 循环运行|n. 循环中的各项|n. 作品系列|n. 设备程序；运行档|n. 自行车等车辆|v. 断电再启动|n. 单场比赛四种安打全得|n. 闭合路径
cyclic	adj. 周期性循环的|adj. 环状的|adj. 轮生的|n. 直升机周期变距操纵杆|adj. 由单个元素生成的|adj. 可内接于圆的|adj. 按最高循环射速射击的
cyclical	adj. 周期性反复的|n. 周期性行业股票|adj. 卷成环状的
cyclist	n. 自行车骑行者；骑车的人|n. 摩托车手
cylinder	n. 几何圆柱面|n. 圆柱形物体|n. 圆柱体|n. 机械圆筒腔|n. 发动机汽缸空间|n. 压缩气体钢瓶|n. 左轮手枪转筒|n. 蜡筒唱片|n. 磁盘柱面|v. 用滚筒压光
cynic	adj. 愤世嫉俗的；犬儒式的|n. 愤世嫉俗的人|adj. 犬儒学派的|n. 认为人人都自私的人|n. 犬儒学派成员|adj. 与天狼星有关的
czechs	n. 捷克人[语]( Czech的名词复数 )
d	num. 第四（字母序数）|num. 第四（字母序数）|n. 防守（缩写）|n. 民主党人；民主党候选人（美国缩写）|n. 自动挡前进挡|n. 数据（缩写）|n. 天；日（缩写）|n. 足球禁区弧|n. D 等；低分|adj. 宣布结束的（板球记录）|adj. 离婚的（资料缩写）|adv. 向下（填字游戏方向）
da	intj. 哼唱音节|n. 爸爸|intj. 是；对|n. 地方检察官|adj. 双重行动的|n. 肯定；“是”|n. 一种发型|n. 艺术博士|n. 域管理|n. 乳品协会|n. 多巴胺|n. 软骨藻酸
dad	n. 父亲；爸爸|n. 爸爸（称呼）|n. 大叔；老兄|v. 像父亲一样抚养|v. 表现得像爸爸|n. 一块；一团|n. 重击；砰的一下|n. 数字录音、模拟混音、数字制版|n. 弥漫性肺泡损伤|n. 荷兰天使龙|v. 猛扔；猛撞
daffodil	n. 水仙花|a. 水仙花色的
daguerreotype	n. 达盖尔银板照相法|v. 用达盖尔银板法照相
daily	adj. 每天的；每日的|adv. 每天；每日地|n. 每日产生或使用的东西|n. 英国用法：每日出现的事物|n. 英国俚语：每天的日常事物|n. 美国口语：日常代步车|n. 美国用法：每日播出或制作的媒体内容|v. 把车作为日常用车频繁驾驶|adj. 白天的|adv. 在白天
daimler	n. Daimler汽车
dairy	adj. 乳制品的|n. 乳制品加工场|n. 乳制品|adj. 含乳的；乳制来源的|adj. 乳业的|adj. 乳脂来源的|n. 奶牛场|n. 乳制品店|n. 便利店（新西兰）|n. 女性乳房（粗俗俚语）
dale	n. 谷地|n. 唱片凹槽|n. 排水槽
dam	n. 水坝|n. 坝形成的水库|v. 筑坝拦水|n. 牙科隔湿片|n. 数字资产管理|adj. 该死的；讨厌的|intj. 该死！|n. 水库|n. 高炉炉床前墙|n. 母兽|n. 跳棋王棋|n. 印度旧铜币
damage	n. 损坏；损害|v. 损坏；损害|n. 账单金额|v. 受到损害|v. 下架处理受损商品
damn	adj. 该死的；他妈的|adv. 非常；极其|intj. 该死；糟了|n. 在意；关心|n. 一点点；丝毫|v. 判罪；使受诅咒|v. 判定有罪；判罚|v. 使失去好评；使名声受损|v. 谴责为不合格或不可接受|v. 诅咒；咒骂|n. 一句诅咒|n. 二氨基马来腈的缩写
damp	adj. 潮湿的|n. 湿气；潮湿|v. 减弱振动；阻尼|adj. 沮丧的；泄气的|adj. 允许自带酒水但不卖酒的|n. 雾气；蒸汽|n. 扫兴；沮丧|n. 矿井有害气体|n. 损伤相关分子模式|n. 注意、运动控制及知觉障碍|v. 使变潮湿|v. 扑灭；削弱
dampen	v. 削弱；使减弱|v. 使变湿|v. 变得潮湿|v. 抑制振动或振荡|v. 变弱；减弱
danaher	达纳赫（人名）
dance	n. 舞蹈；跳舞动作|v. 跳舞|n. 舞会|n. 舞蹈艺术|n. 舞曲音乐|n. 舞曲；一支舞|n. 周旋；斗智|v. 轻快地移动；闪动|v. 跳某种舞|n. 艰难的动作或任务|n. 蜜蜂舞|n. 锯齿状横纹
danger	n. 危险；危险处境|n. 危险因素；风险|n. 恶作剧；捣乱|n. 铁路停车信号|n. 伤害或惩罚他人的权力|n. 法律责任|n. 困难；犹豫不决|n. 讨厌或古怪的人|v. 承担责任|v. 使陷入危险|v. 冒险
dangerous	adj. 有危险的|adj. 会造成伤害的|adj. 生命垂危的
dangerously	adv. 危险地；达到令人担心的程度
danish	adj. 丹麦的；丹麦人的|n. 丹麦酥（简称）|n. 丹麦酥|n. 丹麦人（总称）|adj. 像 Dan 的
dare	n. 挑战某人证明胆量|v. 敢于做某事|v. 向某人挑战做某事|n. 大胆无畏|n. 挑衅；向人发起挑战|n. 真心话大冒险中的挑战|v. 勇敢面对|n. 一种小鱼|v. 使害怕；使畏缩|v. 把云雀惊到地面捕捉|v. 呆望；惊愕地凝视|v. 害怕得伏下
dark	adj. 黑暗的；光线不足的|adj. 颜色深的|n. 黑暗|adj. 昏暗的；难以看清的|adj. 含义隐晦的|adj. 秘密进行的|adj. 邪恶的；阴险的|adj. 令人绝望的；阴郁的|adj. 悲惨的；沉重的|adj. 阴暗的；涉及悲惨或怪诞内容的|n. 无知；不知情|n. 天黑；夜幕降临
darkness	n. 没有光；黑暗|n. 阴郁；压抑|n. 精神上的蒙昧；缺乏同情|n. 颜色的深暗|n. 黑暗笼罩的地方|n. 秘密；隐瞒|n. 无知；晦涩；未知|n. 变暗后的结果|n. 虚无；空洞|n. 地狱；邪恶力量
darling	adj. 亲爱的；珍爱的|n. 亲爱的；亲昵称呼|adj. 可爱的；讨人喜欢的|n. 可爱的人；讨人喜欢的东西|n. 宠儿；最受偏爱者|n. 公众宠儿；受追捧者|n. 宠儿；受偏爱者（旧）|v. 称某人为亲爱的
dash	n. 横线；破折号|n. 短跑；疾奔|v. 飞快跑；冲|v. 赶紧离开|v. 毁掉；使落空|n. 摩尔斯电码中的长划|n. 猛冲；猛烈袭来|n. 猛击；重重一击|n. 少量|n. 一丝；少许|n. 神采；干劲|n. 仪表板的简称
data	n. 计算机中的信息数据|n. 作为依据的事实材料|n. 移动网络流量
database	n. 资料库；数据库|n. 结构化数据库|n. 数据库软件|n. 数据库系统|v. 录入数据库
date	n. 日期标注|n. 定好的日期|n. 恋爱约会|v. 确定事件日期|v. 与某人交往|v. 彼此交往|n. 枣|n. 枣椰树|n. 某个时间|n. 预先约定的见面|n. 约会对象|v. 给文件注明日期
datum	n. 论据, 材料, 资料, 已知数
daughter	n. 女儿|n. 女性后代|n. 子语言|n. 衰变产物核素|n. 子项、后继项|n. 创作者塑造的女性角色|n. 对年轻女性的称呼
daunting	adj. 令人害怕的|adj. 艰巨得令人望而生畏的|adj. 气势逼人的；令人震撼的|n. 使人畏惧|v. daunt 的现在分词和动名词
davidson	n. 戴维森（姓氏）
dawn	n. 黎明；破晓前后|n. 开端；初期|v. 天开始亮|v. 逐渐意识到|n. 日出|n. 太阳升起的时刻|v. 开始显现；初露希望
day	n. 白天|n. 一天；二十四小时左右|n. 从清晨开始的一天|n. 日历中的一天|n. 行星自转一周的时间|n. 工作日或上学日|n. 纪念日；节日|n. 时代；某人或某物盛行的时期|n. 一天内的较量或胜负|v. 在某地度过一天
day-by-day	adj. 每天的
day-job	全日性工作
day-to-day	adj. 日常的；琐碎平常的|adj. 每天发生的|adj. 每天重新评估的|adv. 一天一天地|n. 日常生活；平凡琐事
daybreak	n. 黎明；破晓时分
daylight	n. 太阳光；日光|n. 白昼；日间|v. 使暴露在日光下|n. 模拟日光的光源|n. 天亮；黎明|n. 公开审视；曝光|n. 开阔的空当|n. 分歧；隔阂|n. 明显差别；区别|n. 杯中饮料与杯口的空隙|v. 引入自然采光|v. 让光线进入
daytime	adj. 白天发生的|n. 白天；日间|adj. 白天的；适合白天的
dazzle	n. 耀眼强光|n. 令人目眩的华丽光彩|v. 使看不清|v. 使眼花缭乱|v. 被强光弄得看不清|n. 斑马群|n. 特殊迷彩
dazzlingly	adv. 耀眼地；灿烂地
de	intj. 哼唱音节|n. 西里尔字母名|n. 桌面环境|n. 微分方程|n. 硅藻土|n. 护航驱逐舰|n. 射精延迟|n. 矮椭圆星系|prep. 贵族称号中的“的”
dead	adj. 死的；去世的|adj. 断电的；无信号的|adv. 恰好；完全|v. 杀死|adj. 没有生物的；荒芜的|adj. 没有生气的|adj. 被彻底疏远的|adj. 注定要完蛋的|adj. 没有表情的|adj. 沉闷无趣的|adj. 闲置无产出的|adj. 过去的；消逝的
deadline	n. 最后期限；截止日期|n. 印刷界线|n. 固定不动的线|n. 监狱警戒线|v. 使无法执行任务；使停飞
deadly	adj. 致命的|adj. 怀有毁灭性敌意的|adj. 极其准确的|adj. 极其无聊的|adv. 显得极其苍白地|adv. 极其；非常|adj. 会死的；有死期的|adj. 非常棒的|adv. 致命地
deaf	adj. 听不见的；失聪的|adj. 对劝告充耳不闻的|adj. 与聋人社群有关的|adj. 聋人文化的|adj. 模糊而低沉的|adj. 腐坏或无用的|n. 聋人|v. 使听不见
deal	n. 一份；一部分|n. 划算的交易|n. 协议；安排|v. 应对；处理；设法解决|adj. 软木制的|n. 很多；相当多|n. 发牌；一轮牌|n. 交易；买卖|n. 情况；事情|n. 东西；物件|n. 性格问题；个人状况|n. 软木材料
dealer	n. 经销商；中间商|n. 发牌者|n. 毒品贩子|n. 证券交易员|n. 施加或分派某物的人
dealership	n. 经销店；汽车经销商门店
dealing	n. 商业交易|n. 待人处事；相处方式|v. deal 的现在分词和动名词
dean	n. 大学或学院院长|n. 教会高级职员|n. 群体中资历最深者|n. 山丘|v. 担任院长|v. 送去见院长
dear	adj. 昂贵的|adj. 亲爱的；惹人喜爱的|adj. 信件开头的正式称呼|adj. 亲切的；体贴的|adj. 深情的；真挚的|adj. 珍贵的；极受重视的|adj. 亲切称呼中的“亲爱的”|adj. 带讽刺意味的称呼|intj. 哎呀；天哪|n. 亲切可爱的人|n. 亲爱的人|n. 亲爱的；亲昵称呼
dearth	n. 食物匮乏；饥荒|n. 短缺；缺乏|n. 稀少所造成的昂贵|v. 使短缺
death	n. 生命终止|n. 死神形象|n. 彻底结束|n. 令人难以承受的终结或后果|n. 精神上的死寂
debate	n. 正式辩论；有组织的讨论|n. 友好的观点交锋|v. 参加辩论；争论|n. 对相反观点的泛指讨论|v. 反复考虑；权衡|n. 中世纪辩论体文学作品|n. 冲突；不和|v. 战斗|v. 为某事而斗争
deborah	n. 黛博拉（女子名）
debt	n. 应尽的义务或应还的人情|n. 欠下的钱|n. 亏欠某人的状态|n. 追讨欠款的诉讼
debut	n. 首次公开登场|n. 作品首次公开呈现|v. 正式推出|v. 首次正式亮相|n. 初次进入社交界|n. 十八岁成年礼
dec	n. 递减；减量|n. 声明；声明事项|n. 装饰|adj. 已声明的|n. 乙胺嗪|n. 碳酸二乙酯|n. 脱落的上皮细胞|v. 减少针数
decade	n. 十年；十年时期|n. 十个一组|n. 十个组成的一组|n. 十倍分档装置|n. 十比一的数量范围
decay	n. 腐坏；腐烂|n. 衰退；衰败|v. 逐渐恶化；衰退|v. 腐烂；变质|n. 衰退；衰败（省略用法）|v. 发生放射性衰变|v. 使腐烂；使恶化|n. 覆灭；毁灭|n. 数组退化|v. 发生光学衰减|v. 因阻力而失速|v. 数组退化为指针
deceit	n. 诡计；骗局|n. 欺骗性；欺诈本质|n. 欺骗行为|n. 法律上的欺诈性虚假陈述
deceive	v. 欺骗；误导
decent	adj. 合适的；恰当的|adj. 正派的；有道德的|adj. 尚可的；还不错的|adj. 穿戴得体的|adj. 相当多的；可观的|adj. 符合良好品味的；得体的|adj. 匀称美观的|n. descent 的拼写错误
decentralise	vi.vt. 分散, 以分权的方法进行的变革, 分权
deception	n. 欺骗；误导行为
deceptive	adj. 具有欺骗性；容易误导
deceptiveness	n. 虚伪；迷惑骗人
decibel	n. 分贝
decide	v. 决定结果；解决争议|v. 作出判断；决定怎么做|v. 使某人改变主意|v. 判定所有输入|v. 切开；分隔
decider	n. 决策者；裁决者|n. 决胜局；决定性比赛|n. 必停机判定机
decimal	adj. 十进制的；小数计算的|n. 小数；十进制数|n. 十进制|n. 小数位|n. 小数点|n. 一种旧式单位名称|v. 写成小数形式
decimation	n. 每十人杀一人, 大批杀害
decision	n. 作出决定|n. 决定；判断|n. 果断；坚定|n. 裁判判定的胜负|n. 投手胜负判定|v. 靠裁判判定获胜
decision-maker	n. 决策人
decision-making	n. 决策|a. 决策的
decisive	adj. 决定性的|adj. 果断的；迅速坚决的|adj. 明确的；有定论的
decisiveness	果断性
deck	n. 平台；露台|n. 甲板|n. 一副牌|n. 玩家的牌组|n. 副标题|n. 演示文稿；幻灯片组|n. 地板|n. 舞台|n. 磁带机|v. 击倒|v. 使对手无牌可抽|v. 装饰
declaim	v. 慷慨陈词, 演讲, 朗读
declaration	n. 正式声明；郑重宣告|n. 申报单；申报|n. 宣布这一行为；宣告过程|n. 声明；定义存在|n. 爱的表白|n. 宣布结束击球局|n. 起诉状
declare	v. 正式宣布；明确声称|v. 申报|v. 亮牌计分|v. 公布选举结果|v. 声明对象存在|v. 阐明；解释|v. 宣布结束击球|v. 宣战|v. 以信仰宣告
decline	n. 下降；下落|n. 下坡；向下的斜坡|n. 恶化；衰退|v. 下降；下落|v. 恶化；变弱|v. 拒绝；不愿做|n. 减少；降低|n. 拒绝；不接受|v. 使减少；使降低|v. 使变格|v. 使下沉；使向下弯|v. 转开；偏离
decorate	v. 装饰；点缀|v. 粉刷或贴壁纸改善室内外观|v. 布置室内空间|v. 授予勋章；授勋|adj. 装饰过的|v. 给代码附加功能
decoration	n. 装饰；装点|n. 装饰物；装饰品|n. 荣誉勋章；勋章|n. 免疫诱饵修饰|n. 翻修；装修
decrease	n. 减少量；下降幅度|v. 变少；降低|v. 使变少；减少|n. 编织中的减针
decree	n. 法令；正式命令|v. 以法令命令；正式裁定|n. 法院裁定|n. 神的旨意；天命|n. 海事或遗嘱认证法院的裁定
dedicate	v. 专门用于|v. 全心投入|v. 献给神或宗教用途|v. 题献作品给某人|v. 正式启用|v. 首次向公众展示|adj. 献身的；奉献的|n. 奉献者；献身者
dedication	n. 投入；奉献|n. 献词|n. 启用仪式；落成仪式|n. 权利让渡
deduce	v. 推导出结论|v. 有条理地整理或说明|v. 从来源取得|v. 源自某处|v. 扣除、减去|v. 带出、引出
deduct	v. 扣除；减去
deductible	adj. 可扣除的|n. 保险自付额
deduction	n. 演绎推理；演绎出的结论|n. 扣除额；扣除
deductive	a. 推论的, 演绎的
dee	n. 字母 D 的名称|n. dee 的另一种大小写形式|n. D 形的东西|n. 警探的口语说法|v. 做；干
deed	n. 行为；行动|n. 实际行动|n. 房产契据|n. 壮举；英勇行为|n. 法律契据|v. 以契据转让|n. 发生性关系
deem	v. 认定为；视为|v. 认为；想；判断|n. 判断；意见|v. 判决；定罪|v. 裁定；颁令|v. 施行法律
deep	adj. 深的；深入的|adj. 深刻的；复杂的|adj. 低沉的|adv. 深入地；在深处|n. 深处|adj. 达到某一深度的|adj. 落点很深的|adj. 位于深层的|adj. 浓重的；饱和度高的|adj. 沉睡的|adj. 久远的；古老的|adv. 深入地；深刻地
deepen	v. 使变深|v. 使感情更强烈|v. 使理解更深入|v. 变深|v. 使颜色或气氛更深沉|v. 使音调降低|v. 使关系更亲密|v. 使状态更沉、更稳|v. 变得更严重或强烈|v. 音调变低沉|v. 理解或技能变得更深入|v. 关系变得更亲密
deeply	adv. 非常；深深地|adv. 深深地；深入到很里面|adv. 深入地；深刻地|adv. 在深处|adv. 充分地；深深地|adv. 沉沉地；熟熟地|adv. 浓郁地；味道丰富地
deepwater	a. 深海的,海洋上的,靠近海洋的
deer	n. 鹿|n. 鹿肉|n. 动物（旧义）
default	n. 违约；未履行义务|n. 出厂默认设置|n. 没有其他选择时的结果|n. 默认值；预设标准|v. 违约；未履行义务|v. 自动采用默认值|n. 债务处于违约状态|n. 弃赛而输|n. 被告缺席应诉|v. 弃赛而输|n. 过失；疏忽|n. 缺少；不存在
defeat	n. 失败；败北|v. 打败；战胜|n. 击败；战胜|n. 挫败；使无效|v. 压制；使力量失效|v. 使无法实现；挫败|n. 毁坏；毁灭|v. 使无效；废止
defect	n. 缺陷；瑕疵|v. 叛离；转投另一方|n. 不足的数量；短缺|v. 逃离军队；临阵脱逃|v. 投奔敌军|v. 逃离本国并寻求庇护|n. 数学或科学中的不足量
defective	adj. 有缺陷的；不完整的|adj. 形式不全的|adj. 词根末辅音较弱的|adj. 不能表示全部音位区别的|adj. 省略元音标记字母的|adv. 以省略元音标记的方式|n. 有缺陷的人或物|n. 省略元音标记字母的词
defence	n. 防卫；保护|n. 防御手段；防护物|n. 辩护；辩解理由|n. 防守策略|n. 防守队；防守一方|n. 国防；军事防务|n. 禁令|v. 设防；加固
defend	v. 保护；抵御攻击|v. 为……辩护；支持|v. 为被告辩护|v. 采取防守打法|v. 卫冕；再次争取原有成绩|v. 以防守方式保存体力|v. 跟注加注|v. 击退；挡开|v. 阻止；使不能做|v. 禁止；不准
defendant	n. 民事案件中的被告|n. 刑事案件中的被告人|adj. 防御性的；用于防守的
defender	n. 保护者；捍卫者|n. 防守球员|n. 抵御进攻的战士|n. 辩护律师|n. 民事案件被告
defense	n. 防御；保护|n. 支持；辩护|n. 防守；防守队员|n. 法律辩护；被告方|n. 军事防务；国防体系|v. 防守|n. 禁令|v. 设防；保护
defensible	adj. 站得住脚的|adj. 易于防守的
defensive	adj. 防御性的；保护性的|adj. 用于威慑攻击的|adj. 以尽量降低风险的|adj. 敏感防备的；受不得批评的|adj. 属于防御而非进攻的|adj. 体育中的防守型的|adj. 处于防御姿态的|n. 防御手段；防御姿态
defer	v. 推迟；延期|v. 听从；尊重判断|v. 延后|v. 把选择权留到下半场|v. 迟延；暂不发生|v. 呈献；献给
deference	n. 恭敬；尊重|n. 礼让；听从意愿
deferential	a. 恭敬的
deficiency	n. 不足；不完善|n. （尤指营养或必需物质）缺乏|n. 曲线的亏缺量|n. 线性系统的余维
deficit	n. 不足；缺口|n. 财政赤字；收支缺口
define	v. 明确界定|v. 说明本质或身份|v. 说明词义|v. 划定边界|v. 要求说具体些|v. 规定符号所指|n. 编程宏|v. 裁定争论
definite	adj. 明确的；有确定范围的|adj. 确定无疑的|adj. 特指的|adj. 坚决的；已决定的|n. 特指表达|n. 已界定的事物
definitely	adv. 肯定地；毫无疑问地|adv. 明确果断地
definition	n. 词语或符号的定义|n. 本质的表述|n. 典型体现|n. 界定的过程|n. 确定界限|n. 定义的结果|n. 使之明确的能力|n. 图像或细节的清晰度|n. 声音的清晰度|n. 轮廓的分明度|n. 肌肉线条的清晰度|n. 程序或函数的定义
deforestation	n. 森林砍伐与清除|n. 消除程序中间结构
deform	vt. 使残缺, 使变形|vi. 变形
defy	v. 挑战；蔑视|v. 违抗；拒不服从|v. 不符合；不受……约束|n. 挑战；对抗|v. 断绝忠诚或约束
degenerate	adj. 退化的；恶化的|adj. 品格败坏的；堕落的|v. 逐渐恶化；退化|n. 堕落的人|v. 使退化；使变坏|adj. 功能退化的|adj. 多重对应的|adj. 退化的特殊形式|adj. 具有简并特征的|adj. 能级相同的
degradation	n. 降职或贬低|n. 力量或价值下降|n. 受辱或堕落的状态|n. 土地或岩石受侵蚀|n. 材料性能劣化|n. 材料逐渐分解|n. 物种或群体退化|n. 器官或身体退化
degrade	v. 降低身份或价值|v. 质量或纯度下降|v. 侵蚀并降低地形
degree	n. 学位|n. 角度单位|n. 温度单位|n. 经纬度单位|n. 形容词或副词的比较等级|n. 步骤或阶段|n. 程度|n. 多项式次数|n. 域扩张次数|n. 顶点的边数|n. 逻辑连接词数量|n. 圆弧曲率的角度表示
delay	n. 延误；耽搁|v. 推迟；延期|v. 使耽搁；使受阻|v. 拖延；迟迟不行动|n. 音频延迟效果|n. 延迟装置或延迟量|n. 棋类读秒前的宽限时间|v. 缓和；减弱|v. 稀释；调和|v. 平息；消解
delegate	n. 代表；代理人|n. 会议代表|v. 进行委派|v. 把任务交给某人|n. 立法机构代表|n. 方法引用对象|v. 委派子域管理权|adj. 被委派的|adj. 代表的；受委派的|n. 无表决权的立法代表
delegation	n. 委派；授权|n. 代表团|n. 委派机制|n. 法律上的义务履行委派
delete	n. 删除键|v. 删除；抹去|n. 删除操作|n. 删减版发行物|n. Delete 的另一种大小写形式|n. 删除控制字符|v. 击败；彻底打倒|v. 杀死
deletion	n. 被删除的内容|n. 删除的动作|n. 遗传物质缺失|n. 杀人行为
deli	n. 熟食店|n. 熟食
deliberate	adj. 故意的；有意为之的|adj. 经过审慎考虑的|v. 仔细权衡某事|v. 权衡利弊；反复思考|adj. 审慎作决定的；思虑周全的|adj. 从容缓慢的
deliberately	adv. 故意地；有意地|adv. 从容而缓慢地
deliberation	n. 慎重权衡|n. 正式审议
delicate	adj. 易损的；需小心处理的|adj. 纤细的；线条精巧的|adj. 轻柔洗涤用的|adj. 细腻谨慎的；体贴的|adj. 体弱的|adj. 宿醉不适的|adj. 精雅可口的|adj. 轻盈优美的|adj. 柔和浅淡的|adj. 讲究挑剔的|adj. 敏锐精细的|adj. 对微小变化敏感的
delicious	adj. 美味的；好吃的|adj. 令人愉快的；赏心悦目的|adj. 性感迷人的
deliciously	adv. 美味地；令人满足地
delight	n. 喜悦；快乐|v. 使某人非常高兴|n. 令人愉快的人或事物|v. 从某事中得到很大乐趣
delightful	adj. 令人愉快的
delinquency	n. 行为失范|n. 逾期债务|n. 刑事违法
deliver	v. 解救；使脱离危险|v. 送达；运送|v. 兑现；达到要求|v. 接生；使婴儿出生|v. 交给；移交|v. 发表；讲出|v. 施加；打出|v. 给药；施用药物|adj. 敏捷的；活跃的|v. 生下（孩子）|v. 使摆脱；使卸下|v. 表明；显示
delivery	n. 送达；配送|n. 送来的货物；包裹|n. 分娩；生产|n. 投球动作|n. 投出的一球|n. 说话或演唱的表达方式|n. 药物递送|n. 传球；传中球|n. 板球中的一球|n. 冰壶中的掷石|n. 外源 DNA 导入细胞
delusion	n. 顽固的错误信念|n. 被误导的状态|n. 具体的错误想法|n. 顽固不变的虚假信念
demand	n. 强烈要求|n. 要求或负担|v. 强硬要求|v. 使某人必须具备或付出|n. 购买需求|n. 特定价格下的购买量|n. 急切的要求|n. 命令|v. 声称有权得到|v. 强行要求解释|n. 峰值用电负荷|v. 传唤出庭
dement	vt. 使发狂
dementia	n. 痴呆；认知功能衰退|n. 疯狂；神志失常
demise	n. 死亡|n. 衰败、终结|n. 财产移转|n. 王位移交|n. 再入大气层时解体|v. 给予|v. 依法转让|v. 通过继承传递|v. 由继承而转移|v. 去世
democracy	n. 人民掌权的制度|n. 民主政体|n. 民主国家|n. 民主精神与信念
democrat	adj. 民主党的|n. 民主支持者|n. 民主支持者|n. 民主政体的统治者|n. 民主党成员或支持者|n. 美国民主党人|n. 大型敞篷马车
democratic	adj. 民主的|adj. 平等的；不摆等级架子的|adj. 民主党的；民主党有关的|adj. 民主党的|adj. 民主的（大写变体）|n. 民主主义者
democratize	v. (使)民主化
demographer	n. 人口统计学家
demographic	adj. 人口统计学的|n. 统计分类特征|n. 特定人群|n. 个人统计特征
demographics	n. 人口特征；人口群体
demolition	n. 拆除；拆毁工程
demonstrate	v. 演示用法|v. 显示或证明|v. 展示论证步骤|v. 参加或组织示威
demonstration	n. 演示；说明|n. 演示活动|n. 情感表达|n. 示威；抗议活动|n. 武力展示|n. 证明；论证|n. 非正式的演示
demoralization	n. 道德败坏, 堕落, 士气低落
demotivate	v. 使失去动力
denial	n. 否认某事属实|n. 拒绝承认问题存在|n. 逻辑上的否定|n. 拒绝提供或批准|n. 拒不承认责任|n. 心理防御性的否认|n. 否认历史事实|n. 撇清或不认某人
denote	v. 标示；指示|v. 表示字面含义|v. 使某事明确显现
denounce	v. 公开谴责|v. 正式控告|v. 宣布终止协议|v. 正式宣布|v. 威胁性宣布|v. 申领废弃矿权
dense	adj. 密度大的；稠密的|adj. 难懂的；晦涩的|adj. 密集的；拥挤的|adj. 厚密的；难以穿过的|adj. 不透光的；不透明的|adj. 理解迟钝的；不聪明的|adj. 稠密的（数学）|n. 灌木丛；密林
densely	adv. 密集地；稠密地
density	n. 质量密度|n. 分布密度|n. 概率密度|n. 愚钝
dental	adj. 牙齿的|adj. 牙科的|adj. 齿音的|adj. 舌冠音的|n. 动物牙齿护理|n. 齿音
dentist	n. 牙医|n. 对 Dengist 的故意误拼
dentistry	n. 牙科医学|n. 牙科治疗|n. 一次牙科手术|n. 牙科诊所
deny	v. 拒绝许可|v. 否认事实|v. 拒不给予|v. 剥夺|v. 阻止得分|v. 否认关系或责任|v. 拒绝做或接受
depart	v. 离开|v. 出发；启程|v. 去世|v. 消失；不复存在|v. 偏离；不遵循|n. 分开；分离|n. 离开；离别|v. 离开某地|v. 偏离受控飞行|v. 分配；分摊|v. 分开；使分离
department	n. 部分；分部|n. 领域；专长|n. 政府或机构部门|n. 方面；项目|n. 学校或组织内部的系、部门|n. 行政区；省级分区|n. 历史上的军事分区|n. 离开；离去
departure	n. 离开；出发|n. 偏离；不同做法|n. 去世；死亡|n. 航海中的东西向航程分量|n. 两端的东西向差值|n. 诉讼立场的改变|n. 分离；舍弃
depend	v. 取决于|v. 信赖；依靠|v. 悬挂；垂下|v. 悬而未决|v. 使取决于
dependable	adj. 可靠的；靠得住的|n. 可靠的人或事物
dependence	n. 依赖；依靠|n. 身心依赖；依赖性
dependency	n. 依赖状态；缺乏主动性|n. 软件或系统对外部功能的依赖|n. 从属关系|n. 法律上的受扶养关系|n. 对成瘾物质的依赖|n. 被依赖的软件组件|n. 属地；受外部统治的领土
dependent	adj. 依赖的；靠他人供养的|n. 受供养的人|adj. 取决于另一事件的；有条件关联的|adj. 向下垂的|n. 从属成分|adj. 依附于粒子的|adj. 低于心脏位置的|n. 非独立的动词形式|n. 缘起中的依存者
depict	v. 描绘；呈现|adj. 被描绘的
deplete	vt. 耗尽, 使衰竭
depletion	n. 耗尽；逐渐减少|n. 资源消耗过快|n. 资源逐年耗用|n. 医学上的排泄减负
deplore	vt. 悲悼, 哀叹, 对...深感遗憾
deploy	n. 软件上线；部署过程|v. 部署人员或资源|v. 展开并准备使用|v. 部署软件；上线系统|n. 军事部署
deposit	n. 银行存款|n. 定金；预付款|v. 放下；放置|v. 把钱存入账户|n. 矿藏；自然沉积物|n. 留下的沉积物|n. 押金|v. 存放；寄存|v. 托管资产|n. 寄存物|n. 存放处|v. 放下；摆脱
depositor	n. 存放者, 存款人
depredation	n. 掠夺, 破坏
depress	v. 压下；按下|v. 使沮丧；使情绪低落|v. 压低；使下降|v. 压低；使卑下|v. 降阶；降低方程的次数
depressant	a. 有镇静作用的|n. 镇静剂
depression	n. 抑郁；抑郁症|n. 低洼地|n. 经济衰退|n. 一段抑郁期|n. 低气压|n. 连续四个季度负增长|n. 按下；压低|n. 生理功能降低
deprivation	n. 被剥夺的状态；匮乏|n. 剥夺；夺去|n. 缺乏；不足|n. 剥夺教职或宗教职位
deprive	v. 剥夺；使失去|v. 使失去亲人|v. 解除神职
depth	n. 表面以下的深度|n. 前后方向的深度|n. 程度、强度或内涵|n. 低沉程度|n. 颜色深度|n. 立体感或景深|n. 最严重阶段|n. 最深处|n. 偏远深处|n. 概念的内容层次|n. 配合运转的一对齿轮|n. 弧面的拱高
deputy	n. 副手；代理人|n. 议员|n. 爱尔兰众议员|n. 副警长；治安官办公室警员|n. 矿井安全工作人员|n. 历史上的议员称呼|v. 任命为代理人
der	intj. “这不是很明显吗”|intj. 嘲笑某人愚蠢|adv. there 的非标准写法|intj. there 的非标准写法|n. there 的非标准词形|pron. there 的非标准代词形式
deregulate	[法] 解除管制
deregulatory	解除管制的
deride	vt. 嘲弄, 嘲笑
derive	v. 从……获得|v. 推导出结论|v. 源自|v. 查明词源|v. 由反应生成|v. 引水分流|v. 求导函数
descend	v. 使沿路向下；顺流而下|v. 向下走；下降|v. 是……的后代；源自|v. 降临；逐渐变坏|v. 出身于；社会地位降自|n. 下降；下坡处|v. 向下落到某处|v. 向下流动或沉降|v. 下到某处|v. 深入内心|v. 从来源传下
descendant	n. 后代；子孙|n. 派生物；后继者|n. 后代物种|adj. 向下的|adj. 由祖先传下来的|adj. 由某来源发展而来的|n. 后继语言|n. 后继词形|n. 下降点；降宫
descent	n. 下降；下行|n. 血统；出身|n. 下行路线|n. 斜坡；下坡通道|n. 衰落；下滑|n. 袭击；侵入|n. 下降理论中的胶合推广
describe	v. 用语言描述|v. 用线条描出|v. 形成几何结构|v. 为新分类单元作科学描述|v. 划分、分成类别
description	n. 文字描写；文字画像|n. 描述这一行为|n. 特征类别；种类|n. 物种正式记载|n. 语言描写实践|n. 语言描写调查
desert	adj. 荒无人烟的|n. 沙漠；荒地|v. 抛弃；遗弃|n. 贫瘠、缺乏某物的地方或环境|v. 擅离职守；逃离部队|n. 应得的惩罚或报偿|n. dessert 的旧拼法
deserve	v. 应得；值得得到|v. 赚得；赢得|v. 奖给；作为回报给予|v. 服务；款待；使受益
design	n. 解决问题的设计方案|n. 结构和功能的规划|v. 设计并制作|n. 图案或装饰样式|n. 作品的整体构成|n. 打算或计划|n. 恶意企图|n. 物品的外形与美观设计|n. 设计艺术或设计领域|v. 打算做某事|v. 指定或任命|v. 指出或标明
designate	adj. 已选定的；获任命的|v. 标明；指明|v. 指定用途或任务|adj. 候任的|v. 命名；称作
designer	adj. 设计师专门设计的|n. 设计者；设计师|n. 谋划者；耍心眼的人|n. 设计工具或软件
desirable	adj. 值得想要的；令人满意的|n. 想要的东西
desire	n. 渴望；欲望|v. 渴望；强烈想要|n. 愿望；想要的人或事物|n. 动力；动机|v. 请求；恳求|v. 提出愿望；请求|n. 强烈吸引|v. 渴望某人|v. 要求；需要|v. 思念；惋惜
desk	n. 书桌；办公桌|n. 专门部门；工作台|n. 调音台|v. 初审退稿|n. 教堂读经台；讲坛|n. 弦乐演奏席|v. 收藏；锁在桌内|v. 配备书桌
desolate	adj. 荒无人烟的|adj. 孤苦绝望的|v. 摧毁并使荒废|adj. 荒芜无生气的|adj. 被毁坏而荒废的|adj. 凄凉阴沉的|v. 使人悲苦绝望|v. 使无人居住|v. 遗弃
despair	n. 绝望|v. 陷入绝望|n. 令人绝望的事物|n. 令人绝望而放弃的对象|v. 放弃对某事的希望|v. 使人绝望
despatch	v. 派遣|n. 派遣
desperate	adj. 急需；非常渴望|adj. 绝望的；陷入绝境的|adj. 极其严重的；几乎无望的|adj. 孤注一掷的；冒险的|n. 绝境中的人|adj. 糟糕透顶的；令人震惊的|adj. 极其强烈的|adv. 拼命地；极其
desperately	adv. 拼命地；不顾危险地|adv. 极其；非常
desperation	n. 绝望中的行动|n. 绝望状态|n. 绝望引起的鲁莽或狂怒|n. 急于排尿
despise	v. 鄙视；看不起|v. 不屑理会；置之不顾
despite	prep. 尽管；不顾|n. 轻蔑；鄙视|n. 侮辱性行为；冒犯|n. 恶意；怨恨|v. 以轻蔑冒犯；使烦恼
dessert	n. 餐后甜点这一道|n. 具体的甜食
destination	n. 目的地；终点|n. 最终目标；用途；归宿|n. 指定；安排
destiny	n. 注定的状态|n. 不可避免的命运|n. 最终归宿|n. 决定未来的力量
destroy	v. 彻底摧毁|v. 破坏某种特性|v. 处死或安乐死|v. 使人崩溃；毁掉生活|v. 彻底击败|v. 删除数据或对象|v. 把身体练到筋疲力尽|v. 大吃特吃|v. 粗俗地指激烈的性行为|v. 把歌唱得很糟
destruction	n. 摧毁；破坏行为|n. 毁坏；破坏造成的结果|n. 一群野猫
destructive	adj. 造成破坏的|adj. 使整体分解的|adj. 会造成不可逆改变的
detach	v. 把……取下；使……脱离|v. 把……调离整体；分派出去|v. 脱落；自行分开
detail	n. 一个容易忽略的小细节|n. 细节整体；注重细节|v. 详细说明|n. 丰富的细节|n. 可忽略的小事或具体环节|n. 个人资料|n. 具体事项或事实|n. 临时任务小组或派遣任务|n. 细述；详尽叙述|n. 画作中的局部|v. 给车辆做深度清洁|v. 派人执行特定任务
detailed	adj. 细节丰富；周详的
detain	v. 使耽搁；拖住|v. 拘留；扣押|v. 扣留；暂不交付|v. 依法扣留货物
detect	v. 查出；检测到|adj. 已被发现的|v. 当侦探查案
detective	n. 侦探；警察侦查员|adj. 侦查的；侦探的|n. 调查隐秘信息的人；私人侦探
detector	n. 探测器；检测装置
deter	v. 阻止某事发生|v. 劝阻某人做某事|v. 使人对某事望而却步
deteriorate	v. 恶化；变得更糟|v. 使……恶化
deterioration	n. 恶化；变坏
determinant	adj. 起决定作用的|n. 决定因素|n. 行列式|n. 细胞命运决定物|n. 特定位点切割决定物
determination	n. 决心；坚定不移|n. 确定的决定；意图或结论|n. 确定；判定的过程|n. 确定；已被确定的状态|n. 正式裁定；判决|n. 朝某方向的推动或趋向|n. 朝某处的流动或集中|n. 终止；期限的结束
determine	v. 查明；确定事实|v. 下定决心；决定做|v. 限定；划定界限|v. 决定；塑造|v. 促使；使朝某方向发展|v. 裁定；作出决定|v. 给概念下定义；限定范围|v. 结束；终止
determinedly	adv. 坚定地; 坚决地; 决然地; 断然地
determinism	n. 决定论|n. 行为确定性
detrimental	adj. 有害的；不利的|n. 有害的人或事物
devaluation	n. 货币贬值|n. 价值降低|n. 价值折损；贬值
devalue	vt.vi. 降低...的价值, 贬值, 降低价值, 使(货币)贬值
devastate	vt. 毁坏
develop	v. 逐渐发展；演变|v. 逐阶段发展成|v. 促进发展；培育|v. 制定；创立|v. 冲洗胶片|v. 逐渐养成；获得|v. 揭开；查明|v. 展开棋子；出子|v. 打出更开放的球路|v. 展开数学式
develope	v. 揭露；发展（等于develop）
developer	n. 开发者；开发公司|n. 软件开发人员；软件开发公司|n. 房地产开发商|n. 照片显影人员|n. 显影液|n. 染色显色剂
development	n. 发展；展开过程|n. 进展；新情况|n. 生物的发育|n. 房地产开发项目|n. 房地产建设；开发|n. 产品开发；应用新想法|n. 照片冲洗|n. 棋子展开|n. 音乐主题的展开|n. 奏鸣曲式的展开部|n. 函数展开
developmental	adj. 与发展有关的|n. 受训的飞行管制员
deviate	v. 偏离路线或计划|v. 偏离规范或常态|v. 使偏离|adj. 偏离规范的|n. 偏离规范的人|n. 偏差值
device	n. 设备；装置|n. 硬件设备；外设|n. 谋略；计策|n. 修辞手法|n. 商标图案|n. 官方标记；专用标志|n. 自制炸弹|n. 个人徽记；格言徽号|n. 创造力；设计能力|n. 纵横填字游戏的解题手法|n. spectacle；表演场面|n. 意见；决定
devil	n. 邪恶的魔鬼|n. 淘气鬼；调皮孩子|n. 传统形象中的魔鬼|n. 心中的邪念|n. 难题；难办的事|n. 地狱的委婉说法|n. 某人；可怜鬼或幸运儿|n. 尘卷风|n. 辣味烤制食品|v. 烦扰；折磨|v. 无名无酬地做助手工作|v. 代人写作
devise	v. 设计出；想出|v. 在遗嘱中把不动产留给某人|n. 遗嘱处分不动产|n. 遗嘱或遗嘱条款|n. 遗嘱留下的房产|n. 设计；筹划|v. 筹划；谋划|v. 谋划以求得到|v. 想象；猜测
devote	v. 投入；献身于|adj. 虔诚的；沉溺的|v. 交给毁灭|v. 诅咒；咒骂
devotion	n. 投入与奉献|n. 深厚的感情与忠诚|n. 宗教虔诚|n. 祈祷活动|n. 宗教供献
dew	n. 凝结的露水|n. 清晨或傍晚植物上的露水|n. 一场或一层露水|v. 使沾上露水；使变湿|n. 轻柔而清新的降落物|n. 清晨与青春活力的象征|n. 远程早期预警|n. 定向能武器|v. 结露
di	intj. 哼唱填词音节|n. 警察督察职级|n. 直接输入|n. 直接输入盒|n. 牙齿内陷|n. 尿崩症|n. 处置指数|n. 漫射照明|n. 依赖注入|n. 直接喷射|n. 球墨铸铁|n. 下落中的变向能力
dia	n. 舒张压缩写
diabetes	n. 糖尿病|n. 甜得夸张的食物|n. 尿崩症
diagnose	v. 诊断疾病|v. 查明问题原因
diagnosis	n. 医学诊断|n. 对问题或故障的判断|n. 物种鉴别描述|v. 非标准地诊断
diagnostic	adj. 诊断性的|n. 医疗诊断手段|adj. 某疾病的特征性标志|adj. 能指示特定对象的|adj. 用于摸底评估的|n. 排查问题的工具或技术|adj. 可用于分类鉴定的特征性|n. 用于识别的线索或症状
diagonal	adj. 对角的；连接不相邻顶点的|n. 对角线|adj. 斜的；带斜线的|adj. 斜向的|n. 斜线；类似对角线的东西|adj. 对角肢的|n. 斜线符号
diagram	n. 示意图；结构图|v. 用图表示|n. 图表|n. 范畴论中的函子图|n. 填字游戏方格图|v. 按运行图安排列车
dial	n. 仪表表盘|v. 转动调节|v. 拨号呼叫|n. 调节旋钮或刻度盘|n. 电话拨号盘|v. 使用拨盘或电话|n. 日晷|n. 脸（俚语）|n. 矿工罗盘
dialect	n. 某地区、社群或社会群体的语言变体|n. 语言家族中的一种方言或语言变体|n. 被认为不标准或不正确的说法|n. 编程语言的一个变体|n. 只有口头使用或未标准化的语言|n. 某地区或种群特有的鸟鸣变体
dialog	n. 对话；交谈|n. 对话框
dialogue	n. 对话；交流|n. 台词；对白|n. 对话体作品|v. 通过对话协商|n. dialog 的非标准拼写|v. 写成对话体|v. 参与对话（过时）
diameter	n. 穿过圆心的直线|n. 直径的长度|n. 度量空间中的最大两点距离|n. 图中顶点间的最大距离
diamond	adj. 钻石制的；含钻石的|n. 钻石这种材料|n. 钻石宝石|adj. 六十周年的|adj. 极好的；很棒的|n. 钻石戒指|n. 很浅的蓝色|n. 钻石形或类似物|n. 菱形|n. 比赛场地|n. 棒球内场|n. 一张方块牌
diane	n. 黛安（等于Diana, 女子名）
diary	n. 日记；日记本|n. 日程本；约会记录本|adj. 持续一天的|v. 写日记
dicken	[男子名] [英格兰人姓氏] 迪肯 Dick的昵称
dickens	n. 表示强调|n. 魔鬼|n. 骚乱；闹事
dictate	n. 命令；要求|v. 命令；控制|v. 口述，让人记录|v. 决定；支配
dictation	n. 听写, 口述, 命令
dictionary	n. 词典；字典|v. 查词典|n. 专题词典；资料汇编|n. 信息宝库；活资料库|n. 某人的词汇；用词总汇|n. 键值映射|n. 规范语言词典|v. 收入词典|v. 编纂词典
dida	abbr. differential in-deptb analysis 差值分析
die	adv. 每天；按日|n. 切削模具；冲切工具|n. 骰子|v. 死亡|n. 螺纹板牙|n. 成形模具|v. 去世|v. 以某种身份或方式死去|v. 游戏中角色死亡|v. 非常渴望|v. 精神上逐渐崩溃|v. 尴尬或震惊得受不了
diesel	n. 柴油|n. 柴油车|v. 压缩点燃|n. 柴油发动机|n. 匀速骑行者|n. 一种酒饮俚语|n. 一种大麻杂交品种|v. 发动机断电后继续运转
diet	adj. 低脂、低糖或低热量的|n. 日常饮食|n. 控制饮食的计划|v. 控制饮食|adj. 删减版的|n. 长期摄入或接触的内容|n. 正式议会|n. 考试期|n. 刑事诉讼程序|n. 宗教活动|n. 种间直接电子传递|v. 给某人安排饮食
dietary	adj. 与饮食有关的|adj. 可作为食物来源的|n. 规定的饮食
differ	v. 彼此不同|v. 意见不同|n. 差异比较程序或结果
difference	n. 不同这一事实|n. 具体差异|n. 影响；作用|n. 分歧；不和|n. 差值；差额|n. 选择；偏好|n. 纹章上的区别标记|n. 种差|n. 异或运算|n. 集合差|v. 区分；使不同
different	adj. 不一样的|adj. 特别的；不寻常的|adj. 各种各样的|adj. 分别的；各不相同的|adv. 以不同方式|n. 数学术语
differentiate	v. 使产生差别|v. 显示两者的差别|v. 辨认出差别|v. 辨别差异|v. 因材施教|n. 分化出来的对象|v. 求导|v. 求全微分|v. 发生分化
differentiation	n. 区分；产生差异|n. 求导；微分|n. 细胞或器官分化|n. 物种分化|n. 岩浆分异
differently	adv. 以不同方式；结果不同
difficult	adj. 困难的；不容易的|adj. 难应付的；不配合的|adj. 不愿的；难以接受的|v. 使困难；妨碍
difficulty	n. 做某事有困难|n. 妨碍目标的具体障碍|n. 危险或险境|n. 难以理解或相信之处|n. 麻烦或尴尬的纠纷|n. 反对意见
diffuse	adj. 分散的；不集中的|v. 使扩散；使散布|adj. 冗长的；啰嗦的|v. 扩散；散开
diffusion	n. 扩散；分散|n. 分子扩散|n. 光的散射|n. 文化或语言的传播|n. 商品或服务的普及|n. 空气的小尺度扩散交换|n. 水汽扩散
diffusionism	弥漫说
diffusionist	n. 传流论者,(文化)传播论者
dig	n. 考古挖掘；挖掘现场|n. 戳；捅|n. 挖苦；讽刺话|v. 挖；掘出一个洞|v. 深入调查；找出|v. 戳；用肘推|n. 排球防守垫球|n. 板球的一局|v. 挖出；从地下取出|v. 开采矿石|v. 排球防守垫球|n. 重击
digest	n. 整理后的摘要或汇编|v. 消化食物|v. 在头脑中消化、理解|n. 法律汇编或法律摘要|n. 文章选编或内容汇刊|v. 整理、分类成可用形式|v. 忍受并接受|v. 自行消化|n. 哈希摘要值|v. 用温和加热处理化学物质|v. 溃疡化脓|v. 使伤口化脓
digestive	adj. 与消化有关的|adj. 促进消化的|n. 助消化的东西|n. 消化饼干
digg	abbr. 户推荐
digit	n. 数位|n. 数字符号|n. 手指或脚趾|n. 日月视直径的十二分之一|n. 历史长度单位|n. 英寸（废旧用法）|n. 动物的指（趾）状末端|n. 角度单位（废旧用法）|v. 用手指指向
digital	adj. 用离散数字表示的|adj. 与计算机和信息时代有关的|n. 数字设备或数字技术|adj. 手指的；用手指进行的|n. 数字期权|n. 数字手表|n. 数字艺术|n. 钢琴等键盘乐器的琴键|n. 手指
digitize	vt. 使成为数字, 使计数化, 使数字化
dignity	n. 尊严；人格价值|n. 庄重；体面|n. 高位；尊贵身份|n. 身居高位者|n. 基本原则；公理
dilemma	n. 两难困境|n. 棘手的问题|n. 两难推理|n. 提出两种不利选择
diligence	n. 勤勉；持续努力|n. 勤奋认真的品质|n. 应有的谨慎；尽责|n. 旧式公共马车|n. 苏格兰法律中的执行程序
diligent	adj. 勤奋专注的
dillard	迪拉德（人名）
dilute	adj. 稀的；低浓度的|adj. 减弱的；被冲淡的|v. 稀释；加水冲淡|v. 削弱；冲淡|v. 稀释股份价值或持股比例|v. 变淡；变弱|adj. 毛色较浅的|n. 浅色毛动物
dim	adj. 昏暗的|v. 使变暗|adj. 不机灵的|adj. 模糊的|adj. 不赞成的|adj. 减的（音乐术语缩略）|v. 变暗|v. 削弱|n. 昏暗|v. 使变得模糊或黯淡|v. 使看不清
dimension	n. 方面；维度|n. 空间尺寸；维度|n. 区分事物的维度|n. 世界；存在层面|n. 坐标维数|n. 向量空间的维数|n. 物理量的量纲|n. 数组的下标维度|v. 按尺寸加工|v. 指定数组大小
dimensional	adj. 维度的；尺寸方面的|adj. 有立体感的；三维的
diminish	v. 使变小、变少或变弱|v. 逐渐减少或减弱|v. 贬低其重要性|v. 削弱权威或尊严|v. 渐渐消失|v. 逐渐变细或变窄|v. 减去；删去
dimmer	n. 调光器
dine	v. 用餐；吃正餐|v. 招待吃饭；供给正餐|n. 吃饭时间|v. 以……为食
diner	n. 用餐者|n. 美式小餐馆|n. 铁路餐车|n. 请客吃饭的人|n. 安道尔纪念货币
dinner	n. 一天中的主餐|n. 晚餐|n. 午间主餐|n. 给动物吃的一餐|n. 正式宴席|n. 饭菜、食物|v. 吃正餐|v. 请人吃正餐
dinner-table	n. 餐桌（古旧写法）
dinosaur	n. 恐龙|n. 非鸟类恐龙|n. 守旧的人或事物|n. 过时的事物或做法|n. 泛指史前爬行动物
dioxide	n. 二氧化物
dip	n. 低洼处|n. 蘸酱|v. 浸入液体|v. 小幅下降|n. 向下倾斜|n. 短暂浸入|n. 短暂游泳|n. 双杠臂屈伸|n. 唇烟|n. 下跌资产|n. 笨蛋|v. 下沉或浸入
diploma	n. 文凭；毕业证书
diplomacy	n. 外交；国际谈判|n. 圆融处事；避免冲突的技巧
diplomat	n. 外交官|n. 圆融处事的人
diplomatic	adj. 外交的；国家间关系的|adj. 圆融得体的；善于避免冲突的|adj. 按底本编校并注明异文的|adj. 古文献学的|n. 古文献学；文书学
dire	adj. 预示坏事的；不祥的|adj. 迫切的；刻不容缓的|adj. 灾难性的；极其严重的|adj. 糟透的；非常差的|adj. 凶猛吓人的
direct	adj. 不绕道地进行|adj. 直达的；最短的|adj. 坦率的|v. 管理；操控|v. 指引；指向|adj. 明确的；直截了当的|adj. 直系的|adj. 直接选举或决定的|adj. 直飞的；航班号相同的|v. 把……指向|v. 命令；要求|adj. 顺行的
direction	n. 方向；朝向|n. 发展方向；趋势|n. 指导；指示|n. 导演工作；导演能力|n. 管理机构；董事会|n. 地址
directive	adj. 指导性的；指示性的|n. 指示；指南|n. 程序处理指示|n. 官方决定；正式指令|adj. 指示格的|n. 欧盟指令|n. 指示格
directly	adv. 直接地；沿直线地|adv. 直接地；不通过中间环节|adv. 直截了当地；明确地|adv. 正好；就在……对面|adv. 坦率地；直说|adv. 立即|adv. 过一会儿；随后
director	n. 负责人；导演|n. 董事|n. 导向装置|n. 精神导师|n. 武器目标指示器|n. 液晶分子对称轴|n. 八木天线引向器
directory	n. 名单目录|n. 文件夹|n. 文件清单|adj. 指导性的|n. 集体执政委员会
dirt	n. 泥土|n. 污渍|n. 丑闻；黑料|n. 卑劣；肮脏行为|n. 待淘洗的矿土|n. 雀斑|n. 粪便|n. 存款利息留存税|v. 弄脏
dirt-cheap	adj. 毫无价值的，贱如粪土的|adv. 非常便宜地
dirty	adj. 脏的；沾有污物的|adj. 下流的；淫秽的|adj. 不光彩的；卑鄙的|adv. 不公平地；卑鄙地|v. 弄脏|adj. 令人不洁的；会污染的|adj. 非法的；不正当的|adj. 走音的；带不和谐音的|adj. 不纯的；发暗的|adj. 已修改而待写回的|adj. 非常大的；很厉害的|adj. 放纵而不健康的
disability	n. 一种具体的残障或能力障碍|n. 残障状态|n. 由障碍和社会环境共同造成的功能限制|n. 法律上的资格欠缺|n. 残障津贴|n. 无力做到某事
disable	v. 停用功能|v. 使失去能力|v. 使人因伤致残|adj. 缺乏能力的
disadvantage	n. 缺点；不便之处|n. 劣势；不利条件|v. 使处于不利地位|n. 损失；不利影响
disadvantageous	a. 不利的, 蔑视的, 贬抑的
disagree	v. 不同意；持不同看法|v. 不一致；不相符
disagreeable	a. 令人不快的, 厌恶的, 不合意的
disagreement	n. 一次争论或分歧|n. 意见不一致的状态
disallow	vt. 不许, 不准, 驳回
disappear	v. 消失；不见|v. 失踪|v. 离开而不见；找不到|v. 使某人消失；弄走或杀害
disappearance	n. 消失；消失这一过程|n. 从视线中消失|n. 突然离开；失踪|n. 不复存在
disappoint	v. 使某人失望|v. 未达到预期|v. 使某人失去所期待的东西|v. 证明看法错误|v. 使计划落空
disappointment	n. 失望情绪|n. 令人失望的情况|n. 令人失望的人或事
disapproval	n. 不赞成；反对
disapprove	v. 不赞成；认为不妥|v. 拒绝批准；否决|v. 持负面看法
disassemble	vt. 解开, 拆开
disassociate	v. (使)分离
disaster	n. 重大灾难|n. 惨败；糟糕的事情|n. 滑板动作
disastrous	adj. 灾难性的；后果极其严重的|adj. 预示灾祸的；不祥的
disbelief	n. 难以相信；不相信|n. 震惊|n. 信念的丧失
disc	n. 薄圆盘|n. 椎间盘|n. 圆盘状物|n. 唱片|n. 飞盘|n. disk的另一种拼写|n. 器官的扁平圆面|v. 用圆盘耙耕地|v. 使螺旋桨迎风增阻
discard	n. 被丢弃的东西|v. 丢掉；舍弃|n. 弃牌|v. 弃牌|n. 舍弃变量|v. 解雇；弃用
discern	v. 看出，觉察到|v. 分辨，区分|v. 察觉到，尤其是看见|v. 看出差别
discernable	a. (=discernible)可辨别的, 可认识的
discernible	adj. 可察觉的；可辨认的
discharge	n. 释放；出院|v. 履行义务|v. 解除债务或责任|v. 释放；排出|v. 放出；排出|n. 排出的物质|n. 开枪；发射|n. 卸载负荷|n. 流出；排出|n. 体液排出|n. 放电|n. 河流流量
disciplinary	adj. 纪律方面的|adj. 处分用的|n. 纪律处分|adj. 学科方面的
discipline	n. 自律；行为控制|v. 训练；教导|n. 学科；专业领域|v. 管教；使服从权威|v. 惩罚以恢复控制|v. 使有秩序；约束
disclaim	v. 放弃, 弃权, 拒绝承认
disclose	v. 披露；透露|v. 揭开；使显露|n. 披露；公开|v. 打开；解开
disclosure	n. 公开；透露|n. 正式披露|n. 披露出来的事实或内容
discomfort	n. 不适；难受|v. 使不适；使烦恼|n. 烦扰；令人不舒服的事|v. 使泄气
disconcert	vt. 使困惑, 使仓皇失措, 打乱(计划等)
disconnect	n. 连接中断|n. 脱节；不一致|v. 断开连接|n. 电路隔离开关|v. 切断电源连接|v. 变得疏离；抽离|n. 特定宗教语境中的断绝关系
discontent	adj. 不满足的；不满意的|n. 不满；不满足|v. 使不满；使不安|n. 对更好处境的渴望|n. 心怀不满的人
discontinue	v. 停产；停供；停止继续提供|v. 停药；停止服用或使用药物
discord	n. 不一致；不和|n. 纷争；意见分歧|n. 嘈杂不协调的声音|n. 不协和音|n. Discord 服务器|n. Discord 账号|v. 不一致；不协调|v. 解开绳结
discount	adj. 折扣的；低价销售的|n. 折扣；减价|v. 给……打折；降价出售|n. 金融扣除；贴现|n. 缺点；不足|v. 不把……当回事；不采信|v. 贴现；扣除利息后借出|v. 预先计入；预期到|n. 贴现率|n. 把自身感受置于现实之上|v. 从账款中扣除|v. 把自身感受置于现实之上
discourage	v. 使泄气；打击信心|v. 劝阻；使不愿做|n. 缺乏勇气
discourse	n. 言语或文字论述|n. 正式长篇论述|v. 正式长篇论述|n. 一次谈话|n. 领域性的思想话语|n. 网络公共争论|v. 交谈|n. 交谈|n. 理性表达|n. 交涉或交易|v. 辩论|v. 推理
discover	v. 发现；了解到|v. 移子显露攻击线|v. 诉讼中询问当事人|v. 揭去覆盖物|v. 暴露；显露|v. 透露；公开|v. 侦察；探索|v. 显露出；表现出
discoverer	n. 发现者
discovery	n. 发现成果|n. 发现活动|n. 诉前证据开示程序|n. 开示材料|n. 揭露；揭示|n. 闪击攻击
discreet	adj. 谨慎体贴；尊重隐私|adj. 不显眼；低调
discrepancy	n. 具体的不一致或差异|n. 不一致的状态
discrete	adj. 彼此分开的|adj. 可单独辨认的|adj. 离散的|adj. 由独立元件组成的|adj. 独立声道的|adj. 离散拓扑的|adj. 析取的|adj. 谨慎的（旧式写法）
discretion	n. 谨慎得体；谨言慎行|n. 明智判断力|n. 自行决定的自由或权限
discriminate	v. 辨别；区分|v. 区别对待；歧视|v. 歧视某人或群体|v. 把……区分开|adj. 有区别的|v. 区别对待；歧视
discrimination	n. 辨别；分辨能力|n. 歧视；不公平区别对待|n. 鉴赏力；高品位的辨别力|n. 区别性特征
discuss	v. 讨论；商议|v. 传达；透露|v. 打碎；击碎|v. 吃掉；喝掉|v. 彻底查究|v. 驱散；消退
discussion	n. 讨论；商谈|n. 论述；讨论部分|n. 肿瘤扩散（旧医学用法）
disease	n. 疾病|n. 有害的社会问题|v. 使染病|n. 不安；烦扰|v. 使烦恼
disengage	v. 脱开；解除纠缠或连接|n. 击剑中的绕刃避挡
disgrace	n. 失宠；失去尊重|n. 蒙羞；受辱|v. 使蒙羞；使失去声誉|n. 丢脸的事；奇耻大辱|n. 不善待；刁难
disguise	n. 伪装装扮|n. 掩盖真相的外表|v. 伪装身份或外表|v. 掩饰真实情况|n. 伪装行为|n. 醉态|v. 改变或损坏外观|v. 穿着新奇服饰|v. 虚假言行|v. 使醉酒
disgust	n. 强烈厌恶|v. 使厌恶
dish	n. 盘子、碗等容器|n. 盘中的食物|n. 一道菜|v. 装盘、上菜|n. 餐具|n. 碟形天线|n. 八卦、闲话|v. 传播八卦|v. 说坏话、贬损|n. 有性吸引力的人|n. 凹度|n. 凹地、洼地
disharmony	n. 不调和, 不一致, 不和谐
dishonest	adj. 不诚实的；骗人的；粗劣的|adj. 妨碍诚实的|adj. 不光彩的；下流的|adj. 受辱的；受损变形的
dishonesty	n. 不诚实；欺骗性|n. 一次不诚实行为|n. 可耻；丢脸（旧义）
dishonor	n. 耻辱；名誉受损|v. 使蒙羞；玷污名誉
dishwasher	n. 洗碗机|n. 洗碗工|n. 一种欧洲鸟类|n. 一种澳大利亚鸟类
disinfect	vt. 消毒
disintegrate	v. 使分解；使碎裂|v. 自行分解；瓦解
disintegration	n. 分解、瓦解的过程|n. 分解后的状态|n. 岩石风化崩解|n. 放射性衰变
disinvestment	n. 蚀本, 投资减缩
disjunction	n. 分离, 分裂, 分断
disk	n. 扁平圆片|n. 几何圆盘|n. 圆盘状外观|n. 椎间盘|n. 软盘|n. 硬盘|n. 黑胶唱片|n. 光盘|n. 圆盘耙|n. 植物的盘状结构|v. 用圆盘耙耕地|v. 使螺旋桨迎风增阻
dislike	n. 不喜欢；反感|v. 不喜欢；反感|n. 不喜欢的事物|n. 网络上的不喜欢票|v. 点“不喜欢”|v. 使不快；冒犯
dismal	adj. 阴沉凄凉的|adj. 令人沮丧的|adj. 灾难性的|adj. 差得令人失望的|n. 阴湿沼泽地
dismay	n. 惊惧与沮丧|v. 使惊惧沮丧|n. 毁坏；令人气馁的处境|v. 使失去活力；使屈服|v. 感到惊惧
dismiss	v. 解雇；免职|v. 让……离开；解散|v. 驳回；拒绝受理|v. 排除；不再考虑|v. 不当回事；轻视|v. 轻蔑地打发；不屑置理|v. 使击球员出局|v. 罚下场
dismissal	n. 送走；遣散|n. 解雇；免职|n. 解雇通知；遣散声明|n. 释放；解禁|n. 排除；置之不理|n. 驳回案件；不予受理|n. 击球员出局；一个出局|n. 礼拜结束时的遣散祝祷
disobedience	n. 不服从；违抗
disorder	n. 杂乱；无秩序|n. 功能障碍；疾病|v. 使陷入混乱|n. 骚乱；秩序失控|v. 打乱次序
disorganize	vt. 破坏组织, 使混乱, 瓦解
disparage	vt. 蔑视, 贬损
disparity	n. 不平等；差距|n. 不相称；不协调
dispassioned	a. dispassion的变形
dispatch	n. 迅速发出的消息或货物|n. 迅速办事|v. 迅速发送货物|v. 迅速派人离开或前往|v. 迅速处理完|n. 紧急出勤任务|v. 迅速发出正式消息|v. 派记者采访报道|v. 摆脱、解除负担|v. 迅速消灭|v. 迅速击败|n. 转交处理
disperse	adj. 分散的；散布开的|v. 驱散；散开|v. 消散；散去|v. 传播；散播|v. 分布到各处|v. 使光发生色散
displace	v. 移开；弄乱位置|v. 迫使离开；使流离失所|v. 取代；顶替|v. 因更合适而取代|v. 排开等量水|v. 压抑并转移情绪
displacement	n. 移位；被排开|n. 船舶排水量|n. 位移|n. 情绪转移|n. 发动机排量|n. 置换萃取|n. 闪避；移开目标|n. 非现场指称能力|n. 排开液体的量|n. 电位移
display	n. 展示；表演|n. 电子屏幕|v. 展示；显露|n. 展示作品；展板|n. 陈列架；促销展示|n. 信息呈现方式|v. 作展示；卖弄|v. 展开队列|v. 用大字排印|v. 发现；看见|v. 展开；摊开
displeasure	n. 不满；不快；不赞成|n. 令人恼火的事|n. 失宠；受冷落|v. 使不快；冒犯
disposable	adj. 一次性使用的|adj. 可支配的|adj. 可处理的|n. 一次性用品
disposal	n. 处理；清除|n. 可支配使用权|n. 安排；处置方式|n. 食物垃圾处理机|n. 一次有效处理球
dispose	v. 处理掉；清除|v. 使倾向于；倾向于|n. 处置；安排|n. 行为；性情|v. 安排；布置|v. 分配；拨作某种用途|v. 谈条件；议价|v. 规定；决定
disposition	n. 安排或处置方式|n. 法律条款或规定|v. 移走或换位
disproportionate	adj. 不成比例的|adj. 不相称的|v. 发生歧化
disproportionately	adv. 不成比例地
disputable	a. 有讨论余地的, 未确定的
dispute	n. 争议；争端|v. 与人争辩|v. 就某事争论；讨论正反意见|n. 争论；辩论|v. 质疑；否认有效性|v. 争夺；争执某物的归属|v. 抵抗；与……抗争
disregard	n. 不顾及；漠视|v. 忽视；不理会
disrespect	n. 不尊重；无礼|v. 不尊重；怠慢
disrupt	v. 打乱；扰乱|v. 使中断；妨碍|v. 颠覆既有市场|adj. 被撕裂的；分开的
disruption	n. 对正常流程的中断|n. 持续的混乱或失序|n. 破裂或冲破
disruptive	adj. 扰乱秩序的|adj. 颠覆性的
dissatisfaction	n. 不满；不满意|n. 引起不满的问题
dissatisfy	vt. 使感觉不满, 不满足
disservice	n. 帮倒忙；有害行为|v. 给……帮倒忙
dissipate	v. 驱散；消除|v. 挥霍；耗尽|v. 自行消散；散开|adj. 放荡的；挥霍无度的|v. 使能量以热的形式散失|v. 生活放荡
dissolve	v. 使消失|v. 使融化成液体|n. 渐变转场|v. 解散组织|v. 融化|v. 溶解成溶液|v. 被溶解|v. 驱散人群|v. 拆散或断开|v. 撤销或解除|v. 画面渐变|v. 自行化解
distance	n. 空间距离|n. 遥远；远离|n. 关系疏远|v. 主动撇清关系|n. 远处|n. 差异；差距|n. 时间间隔|n. 隔离；疏离|n. 两点间距离|n. 远方|n. 完成目标的进程|n. 非空间性距离
distant	adj. 遥远的；相隔很远的|adj. 冷淡疏远的|adj. 来自其他市场的（电视信号）
distaste	n. 反感；不喜欢|n. 对味道的厌恶|n. 不适；不安|n. 不悦；恼怒|v. 不喜欢|v. 味道不好|v. 冒犯；使不悦|v. 使失去滋味
distasteful	adj. 味道难吃的|adj. 令人不愉快的|adj. 令人反感、冒犯的
distil	vt.vi. 蒸馏, 提取...的精华, 用蒸馏法提取|vi. 滴下, 渗出
distill	vt. 蒸馏|vi. 滴下
distinct	adj. 清楚可辨|adj. 与……不同|adj. 特色鲜明|adj. 彼此分开|adj. 被标明的|adj. 有斑纹的|v. 区分
distinction	n. 区别；区分开的界线|n. 辨别；区分的行为|n. 突出特点；与众不同之处|n. 荣誉；特殊资格
distinctive	adj. 有辨识度的|adj. 典型鲜明的|n. 鲜明特征|adj. 区别意义的|n. 教派特色|adj. 善于辨别的|adj. 作为独立群体的|adj. 用于分隔语句的|n. 希伯来语重音标记
distinctively	adv. 独特地；鲜明地
distinctly	adv. 清楚地；明确地
distinguish	v. 辨别差异|v. 使自己突出|v. 看清辨认|v. 授予荣誉|v. 使有别
distort	v. 使变形；扭曲形状|v. 歪曲；使失真|v. 变形；变得不规则|adj. 变形的；畸形的
distortion	n. 歪曲事实|n. 声音失真|n. 扭曲的行为|n. 扭曲后的结果|n. 音乐失真效果|n. 光学畸变
distract	v. 分散注意力|adj. 分开的|adj. 精神失常的|v. 使精神失常
distraction	n. 让人分心的事物|n. 分心的过程或状态|n. 精神极度烦乱|n. 混乱或扰乱|n. 使相对表面分离的牵引
distress	n. 强烈的痛苦或焦虑|n. 危急状态|v. 使人痛苦或焦虑|n. 造成痛苦的事物|n. 难以适应的严重压力状态|v. 把物品做旧|n. 为追债而扣押财物|n. 被扣押的财物|v. 为追债扣押财物
distribute	v. 分发；分配|v. 发放；传递|v. 配送到零售点|v. 散布；撒开|v. 分摊；均匀分布|v. 分类；分组|v. 分布式办公|v. 满足分配律|v. 把活字分拣归盒|v. 使油墨均匀铺开|v. 使词项涵盖全体
distribution	n. 分配；分布|n. 商品流通|n. 分布范围和频率|n. 依法分配|n. 分到的一份|n. 分配后的排列|n. 发行量；交付量|n. 收入或财富分配|n. 概率分布|n. 软件发行版|n. 证券配售|n. 分解为各部分
district	n. 行政区；辖区|n. 有共同特征的地区|n. 英国郡下的行政区|adj. 严厉的；苛刻的|n. 采煤工作区|v. 划分区域
distrust	n. 不信任|v. 不信任；不信赖
disturb	v. 打扰；扰乱平静状态|v. 使不安；使困扰|v. 扰乱并改变方向|n. 扰乱；骚动
disturbance	n. 扰动；受干扰|n. 喧闹；骚乱|n. 造成干扰的事物|n. 异常；失常|n. 心理失常
ditch	n. 沟渠；壕沟|v. 抛弃；甩掉|v. 使飞机迫降水面|v. 逃课|n. 沟边土堤和树篱|v. 挖沟|v. 在周围挖沟|v. 扔进沟里
dive	n. 跳水；扎入水中|v. 潜入水下|v. 头朝下跳入水中|v. 热情投入|v. 深入探究；全力投入|n. 头朝下扑向地面或其他物体|n. 俯冲动作|n. 潜水|n. 骤降；下跌|n. 低俗破旧的小酒吧|n. 为骗犯规而故意倒地|v. 头朝下扑向地面或目标
diverse	adj. 多种多样的|adj. 不同的；不相似的|adj. 形式多变的|adj. 背景多元的|adj. 属于少数群体的|adj. 有害的；邪恶的|adj. 色彩斑驳的|adj. 令人犹豫的|adv. 向不同方向地|v. 使多样化|v. 分道而行
diversion	n. 转移注意力的行动|n. 消遣；娱乐活动|n. 转移这一行为|n. 绕行路线；临时改道|n. 通过渠道排走水|n. 货物或乘客改道|n. 司法转处
diversity	n. 差异；不相同|n. 多种类型；丰富多样|n. 多元包容
divert	v. 改道；使转向|v. 分散注意力|v. 使消遣；逗乐|v. 偏离；岔开
divide	n. 分界；隔开两边的东西|n. 分歧；鸿沟|v. 把……分开|v. 分配；分摊|v. 除；用……除|n. 分割；分配|n. 山地分界；大峡谷|v. 使产生分歧|v. 是……的因数|v. 分开；分成几部分|v. 使不和；使对立|n. 分水岭
dividend	n. 股息；红利|n. 被除数|n. 努力带来的回报|v. 发放股息
divine	adj. 神的；与神有关的|adj. 神圣的；如神一般的|v. 凭直觉猜出；洞察出|adj. 超凡卓越的|adj. 美极了的；天堂般的|adj. 神学的|adj. 同 divine 的大写形式|n. 神学家|n. 牧师；神职人员|n. 神；神这一超越性概念|v. 预知；占卜得出|adj. 预感到的
division	n. 划分；分开|n. 分开的部分；分区|n. 分歧；意见不合|n. 除法|n. 除法题；除法计算|n. 师；军队编制|n. 公司部门；事业部|n. 植物或真菌的分类阶元|n. 动物分类阶元|n. 议会分组表决|n. 变奏曲式|n. 管风琴音栓组
divisive	adj. 造成分裂的
divorce	n. 离婚；婚姻解除|v. 与某人离婚|n. 分离；脱离|v. 依法解除某人的婚姻|v. 离婚|v. 使脱离；与……分离|n. 动物配对的分离|n. 分隔物；隔离
dizziness	n. 头晕；眩晕
dizzy	adj. 头晕的；眩晕的|adj. 令人眩晕的|adj. 糊里糊涂的；冒失的|v. 使头晕；使困惑|adj. 蠢的；傻的|n. 分电器
dizzying	a. 令人昏乱的；极快的；灿烂的
dna	n. 脱氧核糖核酸|n. 核心特质|n. 遗传信息|v. 进行DNA检测|phrase 未作答|phrase 未赴约|phrase 未出席|phrase 不要假定|phrase 不适用|phrase 毒品与酒精|phrase 不得配枪|v. 实施不得配枪令
do	n. 要做的事|v. 构成疑问句|v. 做；执行|v. 使某人做某事|n. 聚会|n. 发型|n. 唱名“do”|v. 代替前面的动词|v. 加强疑问语气|v. 够用；足够|v. 合适；可以接受|v. 产生某种效果
do-good	a. 空想社会改良主义的
doc	n. 医生|n. 文件；文档|n. 纪录片|n. 博士学位|n. 马丁靴|n. 受管制的原产地名称|n. 原产地认证缩写|n. 首选药物|n. 惩教部门|n. 溶解有机碳
dock	n. 码头|n. 扩展坞或充电座|v. 扣减工资|v. 扣某人的工资|v. 船只进港停靠|v. 使两个运动物体对接|n. 酸模属植物|n. 码头旁的水域|n. 火车站站台区域|n. 酒店或餐馆的区域|n. 应用程序停靠栏|n. 停靠或对接行为
doctor	n. 医生|n. 博士|phrase 西班牙语记忆口诀|v. 治疗|n. 兽医|n. 某方面的高手|n. 博士或医生称谓|v. 改造生物|v. 篡改|v. 在饮料中掺入东西|n. 教师、学者|n. 补救装置
doctoral	adj. 博士的；博士阶段的|adj. 医生的（旧用法）
doctorate	n. 博士学位|v. 授予博士身份
doctrine	n. 具体教义或信条|n. 成套教义或思想体系|n. 国家外交政策原则
document	n. 正式文件；凭证|n. 计算机文档|v. 记录；记载|n. 书写材料|n. 信息资料；记录载体|v. 用文件证明；备齐文件|n. 训诫；教条|n. 警戒的例子
documentary	adj. 非虚构的；以事实呈现的|n. 纪录片；纪录节目|adj. 与文件或记录有关|adj. 用于记录或说明|n. 纪录片体裁
dog	adj. 糟糕透顶的|n. 狗|n. 令人讨厌的人|v. 追赶以便抓住|n. 屏幕数字图形|n. 数字生成图形|n. 狗的；犬类的|n. 狗肉|n. 家伙；幸运儿|n. 卑鄙的人；家伙们|n. 机械卡爪；支撑装置|n. 热狗
dogma	n. 不可质疑的信条|n. 宗教教义
dole	n. 失业救济金|v. 少量分发|n. 救济的一份|n. 分配；分得的一份|n. 界标；边界|n. 耕地中的空地|n. 悲痛|n. 法律上的损害
doll	n. 洋娃娃；玩偶|n. 漂亮年轻女子|n. 亲爱的；宝贝|n. 好心又乐于帮忙的人|n. 一窝猪中最小的猪|v. 精心打扮|n. 铁路信号支杆|n. 巴比妥类或苯丙胺类药片|n. 跨性别女性|n. 赛马临时障碍|n. 美元|n. dal 的旧拼法
dollar	n. 元；美元|n. 钱；金钱|n. 林吉特|n. 旧英国硬币|n. 以美元支付的进口品|n. 反应性单位
dolman	n. 女斗篷, 土耳其式长袍
domain	n. 领地；管辖范围|n. 领域；专长范围|n. 一类相关范围|n. 函数定义域|n. 域名|n. 生物分类的域|n. 广义定义域|n. 整环|n. 拓扑域|n. 域名集合|n. 域相关信息|n. 域内计算机集合
dome	n. 圆顶；穹顶|v. 使呈圆顶形|n. 半球形罩子|n. 脑袋；头|n. 口交；头部|n. 圆顶状部件|v. 击中头部|v. 进行口交|n. 建筑物；房屋|n. 晶体学中的穹顶形晶面组合|n. 穹隆状地质构造|n. 按扣
domestic	adj. 家庭的；家里的|adj. 家庭事务相关的|adj. 家养的|adj. 国内的|adj. 爱待在家里的；不爱外出的|n. 家庭纠纷|n. 家仆；佣人
domestically	adv. 在国内；在本国范围内|adv. 在主场；在本国赛场
domesticate	vt. 养驯, 引进(外来词等), 教化
domestication	n. 驯化；家养化|n. 使外国法律文书在本地生效|n. 文本本地化
dominance	n. 占上风；优势地位|n. 支配地位；控制力|n. 身体偏侧优势|n. 遗传显性程度
dominant	adj. 占统治地位的|adj. 最常见的；最重要的|n. 属音|adj. 惯用的（手或身体一侧）|adj. 属主音的|n. 属和弦|n. 显性等位基因|adj. 优势卵泡的|n. 优势物种或优势个体|n. 支配方
dominate	v. 统治；控制|v. 对……产生压倒性的影响|v. 在某领域或比赛中占据优势|v. 从高处俯视|adj. 占主导地位的（少见）|n. 罗马帝国后期的专制时期|v. 在有向图中支配后续节点
domino	n. 多米诺骨牌|v. 接连倒下|n. 受连锁影响的国家|v. 使接连倒下|n. 带兜帽的化装服|n. 化装面具|n. 化装者|n. 两个方格组成的图形|n. 表演中的失误|n. 牙齿
donahue	n. (Donahue)人名；(英)多纳休
donate	v. 捐赠；捐出
donation	n. 捐赠；捐款|n. 赠与；授予
donkey	n. 驴|n. 固执的人|n. 蠢人|n. 辅助发动机|n. 箱子、工具箱|n. 牌技很差的玩家|n. 船员储物箱
donovan	n. 土豆（古旧俚语）
doom	n. 可怕的命运；厄运|n. 注定会发生的灾难|v. 使注定失败或遭殃|n. 对危险或绝望的恐惧感|n. 死亡；毁灭的结局|v. 判定有罪；判处|n. 法律；法令|n. 判决；裁定|n. 刑罚；判刑|n. 末日审判|phrase 未整理的杂物堆|v. 判断；裁定
door	n. 门；房门|n. 途径；通向某事物的入口|n. 机会；可能性|n. 一户人家；一家住户|n. 可开合的盖片或小门|n. 进入某国或某地的入口|n. 屏障；限制|n. 门票收入；票房分成|n. 远程程序接口|v. 开车门撞到骑车人或行人
doormat	n. 擦鞋垫
doorway	n. 门口；门道|n. 开口；通道；比喻性的入口
doris	n. 女朋友、妻子或伴侣|n. 某位女性，常含年长或不好看的评价|adj. 同性恋的|n. 海蛞蝓
dorm	n. 学生宿舍|v. 住在学生宿舍里
dormant	adj. 休眠的；暂时不活动的|adj. （纹章学）呈休止姿态的|adj. （建筑学）倾斜的|n. （建筑学）横梁；搁栅
dormitory	n. 多人宿舍房间|n. 宿舍楼；集体住宿建筑|n. 卧城
dosage	n. 按量给药|n. 规定剂量和疗程|n. 定量加入
dose	n. 一剂药|v. 给……服用一剂|n. 一次剂量|v. 规定剂量|v. 暗中给人下使人失去行动能力的药|n. 难以下咽的东西|n. 一大段经历|n. 性传播感染|n. 感冒|n. 打瞌睡（古旧拼法）|v. 传播性传播感染|v. 打瞌睡（古旧拼法）
dot	n. 小圆点；小斑点|n. 句号；缩写点|n. 字母上下的附加点|n. 数学中的点号|n. 音乐中的附点|n. 摩尔斯电码中的点|n. 一点；小东西|n. 持续伤害|n. 持续伤害技能或武器|prep. 对向量作点积|v. 撒上小点；点状覆盖|v. 加点号
double	adj. 由两个部分组成|adj. 两倍的|adv. 两倍地；加倍地|v. 使翻倍|adj. 双重亲属关系的|adj. 供两人使用的|adj. 折成两层的|adj. 有双重含义的|adj. 虚假不诚实的|adj. 低八度的|adv. 成双地；两个一起地|adv. 弯成两折地
double-digit	adj. 两位数的
doubling	n. 变成两倍|v. 正在加倍；加倍这一动作|n. 折返|n. 折叠或褶|n. 两面手法
doubt	n. 疑虑；不确定|v. 怀疑；拿不准|n. 疑问；待澄清的问题|v. 怀疑某人可疑|v. 预感危险；害怕|v. 使害怕|v. 害怕；畏惧
doubter	n. 抱怀疑态度的人；不信宗教的人；怀疑论者
doubtful	adj. 有疑问的；令人怀疑的|adj. 持怀疑态度的|adj. 结果未定的；没有把握的|adj. 不太可能的|adj. 可疑的；来路或品格不可靠的|adj. 模糊的；不可靠的|n. 犹豫不决的人或事物|adj. 可怕的；令人恐惧的
doubtless	adj. 确定无疑的|adv. 无疑；肯定地|adj. 无所恐惧或猜疑的
dove	n. 鸽子|n. 主张和解的人|n. 亲爱的、温柔的人|n. 鸽灰色、鸽蓝色或鸽粉色|v. dive 的过去式|n. 迷幻药片的简称|v. dive 的过去分词（非标准）
down	adj. 情绪低落的|adv. 向下|n. 绒毛；羽绒|v. 击倒；打落|adj. 朝下的|adj. 下降的；处于较低水平的|adj. 因病倒下的|adj. 停止运行的|adj. 比分落后的|adj. 已出局的|adj. 反感或敌视的|adj. 愿意接受的
downe	[人名] 唐
downgrade	n. 评级下调|n. 下坡路段|v. 降低等级|n. 质量下降|v. 降低标准或复杂度|v. 贬低|v. 软件降回旧版本|v. 下调风暴强度估计
downhill	adj. 下坡的；坡下的|adv. 向下坡|adv. 每况愈下|adj. 下坡的；速降的|adj. 越来越容易的|n. 速降项目|n. 一次速降|v. 进行速降滑雪
download	n. 下载过程|v. 下载数据|n. 下载文件|v. 非标准地表示上传|v. 非标准地表示复制|v. 非标准地表示安装|v. 少装火药|v. 下放政府职责
downscale	缩减…规模
downshift	v. (汽车等)调低速档
downside	n. 不利的一面；缺点|n. 下跌趋势；下行风险|n. 底面；朝下的一面
downsize	vt. 以较小尺寸设计；缩小尺寸；裁减人数
downstairs	adj. 楼下的|adv. 向楼下；在楼下|n. 楼下；楼下的一层|adv. 到地狱；在地狱|adv. 下体方面|n. 生殖器；下体
downstream	adj. 下游的；顺流而下的|adj. 后续的；受前环节影响的|adv. 向下游；顺流而下|v. 向下流动|v. 向下游发布软件
downtime	n. 停机造成的时间损失|n. 放松休息的时间|n. 工作放缓的空档
downtown	adj. 市中心的|adv. 在或往市中心|n. 市中心商业区|adv. 远离篮筐|n. 生殖器|n. 海洛因
downturn	n. 下行；衰退|v. 走向衰退|v. 向下转
downward	adj. 向下的|adv. 向下；下降|adj. 较低处的|adv. 在较低处|adv. 向南
doze	vi. 打瞌睡, 假寐|vt. 打瞌睡度过|n. 瞌睡
dozen	n. 一打；十二个|n. 许多；几十个|n. 旧式矿石计量单位|n. 十二这个数
draft	adj. 生啤的；桶装现取的|n. 穿堂风；气流|n. 初稿；草稿；草图|v. 起草初稿；画出草图|adj. 役用的；用于拖重物的|n. 烟道气流；抽力|n. 饮酒；喝一口|n. 桶装现取的酒液|n. 未发送的电子邮件|n. 计划草案；提纲|n. 征兵；义务兵役制度|n. 被征召者；新入选者
drag	n. 烦人的人或事|v. 拖着移动|v. 缓慢进行|v. 拖动项目|n. 流体阻力|n. 阻碍运动的力|n. 吸一口烟|n. 街道|n. 反串表演服装|n. 反串派对|n. 反串表演者|n. 特定群体装束
dragon	n. 传说中的龙|n. 极难对付的事物|n. 外形像龙的真实动物|n. 天龙座|n. 凶悍难相处的女人|n. 中国或中国帝国的代称|n. 麻将中的三种牌|n. 旧称的类龙动物|n. 丑陋的女人|n. 沼地上空的发光雾气|n. 短管大口径火枪|n. 后台常驻进程
drain	n. 排水管；下水口|n. 资源消耗源|v. 液体流走|v. 排出液体|v. 耗尽精力或资源|n. 雨水排出口|n. 排水道；水道|v. 逐渐流走|v. 排干湿地|v. 逐渐抽走；耗尽|n. 小便|n. 场效应晶体管漏极
drainage	n. 排水；排水办法|n. 排水系统|n. 下行气流
drama	n. 戏剧作品|n. 生活中的戏剧性场面|n. 戏剧性影视作品|n. 戏剧艺术；戏剧作品总称|n. 夸张的争执或网络闹剧
dramatic	adj. 戏剧性的；与戏剧有关的|adj. 引人注目的；显著的|adj. 夸张的；爱演的|adj. 歌声富有表现力的
dramatically	adv. 戏剧性地；以戏剧方式
dramatist	n. 剧作家；戏剧家
dramatize	vt. 改编成戏剧, 编写剧本|vi. 戏剧化
drastic	adj. 强烈而彻底的|adj. 作用猛烈而迅速的|n. 强效泻药
drastically	adv. 大幅地；剧烈地|adv. 以极端的方式；强烈地
draw	v. 拉出；拖动|v. 吸引注意力|v. 抽取；抽选|v. 画出或描绘|intj. 拉弓待射|n. 吸引力；吸引人的事物|n. 抽取的动作|n. 平局|n. 抽取的款项或资源|n. 高尔夫左曲球|n. 扑克中的待成牌牌型|v. 拉起身体部位
drawback	n. 缺点；不利之处|n. 关税退还|n. 一口吸入的烟
drawer	n. 抽屉|n. 侧边补充面板|n. 绘图者|n. 票据签发人|n. 与drawers有关的定语形式|n. 进行绘制或抽取的人|n. 酒吧啤酒侍者|n. 棕榈汁采集者|n. 矿井运料工
drawing	n. 图画；示意图|n. 绘画这一动作|v. draw 的现在分词和动名词|n. 绘画艺术|n. 拉动；牵引过程|n. 抽签；抽奖|n. 一小份泡茶用茶叶
drawn-out	adj. 拖得过久的
dread	n. 强烈的预先恐惧|v. 非常害怕|v. 害怕地等待|adj. 令人畏惧的|n. 敬畏|n. 令人害怕的对象|n. 发绺的简称|v. 处于极度恐惧中|v. 把头发做成发绺|adj. 令人敬畏的|n. 受人敬仰的人|n. 猛烈或可怕的力量
dreadful	adj. 可怕的；糟糕透顶的|adj. 极其严重或强烈的|adv. 非常；极其|adj. 古旧：充满敬畏或恐惧的|adj. 古旧：心怀恐惧的|n. 耸人听闻的犯罪报道|n. 刊登此类报道的报刊|n. 令人震惊的犯罪案件
dream	adj. 理想的；完美的|n. 梦|n. 梦想；愿望|v. 做梦|v. 梦想；希望|n. 幻想；空想|v. 做白日梦；空想|v. 梦见；在梦中经历|v. 考虑这种可能|n. 美国移民政策缩略词
dreamy	adj. 像梦一样的|adj. 浪漫梦幻的|adj. 迷人、英俊性感的|adj. 爱做白日梦的
dress	n. 连衣裙|n. 服装；装束|v. 给……穿衣|v. 准备以供使用|n. 外部覆盖层|n. 处理后的外观；成品状态|n. 外表；伪装的形式|v. 为某人设计或挑选服装|v. 给头发做造型|v. 装饰|v. 处理伤口|v. 处理矿石
drift	n. 主旨；大意；意图|n. 逐渐变化；漂移|v. 随水流或气流缓慢移动|v. 漫无目的地走动或生活|n. 漂流物；漂移|n. 驱动力；势头|n. 播放速度漂移|n. 旋转球横向偏移|v. 逐渐偏离原定方向|v. 被水流等带着移动|v. 把雪或沙吹积成堆|v. 因风吹而堆积
drill	n. 钻孔工具|n. 演习；操练|n. 体育训练项目|v. 钻出孔|v. 反复操练|v. 反复灌输|n. 钻具的驱动部分|v. 训练某人|v. 深入调查|v. 用力击出或投出|v. 投球击中击球手|n. 钻孔捕食的海螺
drink	n. 饮料|n. 某种饮品|v. 喝液体|v. 喝酒|n. 可喝的东西|n. 一杯酒|n. 喝一口；饮用动作|n. 酒类总称|v. 喝掉容器里的东西|v. 吸收液体|v. 充分吸收；领会|v. 短语动词中的喝
drip	n. 一滴液体|n. 穿搭风格；派头|v. 一滴滴落下|v. 慢慢漏出|n. 滴落；滴水声|n. 滴液装置；静脉输液|n. 无趣软弱的人|n. 股息再投资计划|n. 股息再投资计划（缩写）|v. 滴入；使成滴落下|v. 充满；满是|v. 下小雨；毛毛雨
drive	n. 动力；进取心|n. 驾车出行；车程|n. 驱动器|v. 驾驶车辆使人或物通过某处|n. 驱动机构|n. 车道；私人车道|n. 公共道路名称|n. 自动挡前进挡|n. 欲望；兴趣|n. 硬盘驱动器|n. 一轮进攻|n. 募捐或公益活动
driver	n. 驾驶者；驱动者|n. 推动因素|n. 飞行器驾驶员|n. 机车驱动轮
droids	(droid 的复数) n. 机器人
drone	n. 雄蜂等|n. 无人机|n. 低沉嗡鸣|v. 嗡嗡作响|n. 做苦差事的人|n. 风笛持续音管|n. 持续音型音乐|n. 低沉嘟囔声|v. 用无人机轰炸|v. 单调地说|n. 懒人|n. 乌干达特定面包车
drop	n. 一滴|n. 下降；减少|v. 落下|v. 使落下或放下|n. 滴剂；滴眼液|n. 少量|n. 落下；掉落|n. 落差；下落距离|n. 投放点；取货点|n. 优势|n. 音乐高潮段|v. 滴落
dropout	n. 辍学者|n. 脱离主流社会的人|n. 中途退出者；突然离开|n. 音视频或数据短暂缺失|n. 电子信号瞬时丢失|n. 车架轴槽|n. 神经网络随机丢弃单元的正则化技术
drought	n. 干旱期|n. 长期未成功|n. 干燥；干热
drown	v. 溺水而死|v. 被淹没；被压垮|v. 使人溺水|v. 用大量事物淹没；借此压住烦恼|v. 使声音或信息被淹没
drudgery	n. 苦差事, 苦工
drug	n. 药物|n. 毒品；娱乐性精神活性物质|v. 给人下迷药|n. 令人上瘾的事物|v. 在饮品等中加毒品|v. 用药；给药|n. 滞销货；无人需要的东西|n. 药店（美、加非正式省略）|n. 苦工；被使唤的人|v. 吸食毒品
drugstore	n. 药店；兼售日用品的商店
drum	n. 鼓|v. 敲鼓|n. 鼓状圆筒|n. 大桶|n. 施工路障桶|n. 鸡腿；火鸡腿|v. 连续快速敲击|v. 反复灌输|v. 有节奏地搏动|v. 发出鼓声般的声音|n. 穹顶承托墙|n. 柱身圆筒石块
drumbeat	n. 鼓声
drummer	n. 鼓手|n. 禽类小腿|n. 发鼓声的鱼|n. 入室盗窃者|n. 旅行推销员
drunk	adj. 喝醉的|adv. 醉着地|n. 醉汉；喝醉的人|v. drink 的过去分词|adj. 经常喝醉的|adj. 因某事而忘乎所以的|n. 惯于喝醉的人|n. 一场醉；一次酗酒|n. 醉酒状态|adj. 浸透的|v. drink 的一般过去式（方言）
dry	adj. 干的；不湿的|adj. 不含酒精的；戒酒的|v. 变干|v. 弄干|adj. 干涸的；不再出产液体的|adj. 不用砂浆砌的|adj. 禁酒的|adj. 缺少修饰或甜味的|adj. 不甜的|adj. 冷面而含蓄的|adj. 枯燥乏味的|adj. 未加音效的
dryer	n. 干燥装置或干燥剂|n. 衣物烘干机|adj. 更干的|n. 吹风机的简称|n. 油漆干燥催化剂
dual	adj. 由两个部分组成的|adj. 与两个或一对有关的|n. 一对中的另一件|adj. 语言中的双数的|adj. 具有二元性的|adj. 对偶空间的|adj. 范畴论中的对偶的|n. 几何中的对偶多面体|n. 双数|n. 向量的对偶|n. 两队对抗赛|v. 改成双车道
dub	n. 配音版本|v. 称作；命名|v. 做得很差|v. 给电影换语言配音|n. 糟糕的一球|n. 混音作品|n. 配音音乐风格|n. 电子舞曲中的低音风格|n. 字母W的简称|n. 游戏中的W简称|n. 功能性子宫出血缩写|n. 都柏林人
dubious	adj. 可疑的；难以信服的|adj. 将信将疑的；拿不准的|adj. 棋步不够理想的
dubiously	adv. 怀疑地；可疑地
duchess	n. 公爵夫人|n. 女性公爵|v. 奉承讨好
duck	n. 鸭子|n. 鸭肉|v. 低头或弯身躲避|v. 逃避责任|n. 母鸭|v. 把某物浸入水中|v. 潜入水中|v. 鞠躬|v. 压低声音|v. 短暂进入|n. 有水的低矮洞穴通道|n. 板球零分
due	adj. 应付的；欠着的|adj. 预定的；预计要来的|adj. 由于；归因于|n. 应付之物；债务；责任|adj. 适当的；应有的|adj. 到了预期时间的|adj. 正对着某个方位的|adv. 正对着；正向|n. 应得的认可或待遇|n. 会费|n. 正当的权利或名分
dugan	n. (Dugan)人名；(塞、罗)杜甘；(英)杜根
dull	adj. 不锋利的|adj. 无聊乏味的|adj. 暗淡无光的|v. 使变钝|v. 减弱；缓解|adj. 迟钝的；不聪明的|adj. 无精打采的|adj. 闷闷不乐的|adj. 阴沉的|adj. 隐约而不强烈的|adj. 低沉含混的|v. 变钝
dullness	[医] 迟钝, 浊音
duly	adv. 恰当地；按规定地|adv. 按时；在适当时候
dumb	adj. 愚蠢的|adj. 荒唐的；没意义的|v. 降低难度或智力要求|adj. 不能说话的|adj. 无言的；不用语言的|adj. 缺少通常功能的|adj. 没有自主智能处理能力的|v. 使变笨|adj. 沉默寡言的|adj. 没有发言权的|adj. 没有声音的|adj. 暗淡的；不鲜明的
dumbbell	n. 哑铃
dump	n. 垃圾倾倒场|n. 低落忧郁的情绪|v. 丢掉；处理掉|v. 甩掉恋人|n. 倾倒垃圾的车辆或船|n. 杂乱的一堆东西|n. 网络上的杂乱内容|n. 数据转储|n. 程序存储内容转储|n. 物资储存处|n. 脏乱破旧的地方|n. 排便
dungeon	n. 城堡地下的地牢|n. 游戏中的地下冒险区域|v. 关进地牢|n. 冰碛丘之间的低地|n. 城堡主塔|n. 精明的人|n. 用于特定性活动的房间
duo	n. 两人搭档|n. 音乐二人组合|n. 任意两人一组|n. 烈酒与利口酒调成的鸡尾酒|n. 二重唱或二重奏作品|n. 由两种食物组成的套餐
duplicate	adj. 相同的；重复的|n. 重复件；相同的复制品|v. 复制|adj. 供不同人重玩的|n. 同等效力的正本|n. 复式桥牌|v. 重复做；再次进行|v. 达到同样水平|n. 典当凭票|n. 复式拼字游戏|n. 同种重复标本
duplication	n. 复制；重复|n. 副本；重复项|n. 自然复制；分裂增生|n. 染色体间的序列复制|n. 复制出的核苷酸序列|n. 折叠；折痕
durable	adj. 耐用的；持久的|n. 耐用品
duration	n. 持续时间；时长|n. 整个持续期间|n. 债券久期
during	prep. 在整个期间|prep. 在期间的某个时候|v. dure 的现在分词或动名词
dusk	n. 黄昏；暮色|adj. 昏暗的；暗沉的|n. 暗沉的颜色|n. 昏暗状态|v. 开始变暗|v. 使变暗
dust	n. 尘土；细小颗粒|v. 给……除尘|v. 撒粉或喷洒|n. 除尘；打扫灰尘|n. 撒粉；少量喷洒|n. 垃圾；废物|n. 一团尘雾|n. 骚动；混乱|n. 争吵；打架|v. 做除尘工作|v. 撒成粉末状|v. 迅速离开
duster	n. 除尘工具|n. 除尘的人|n. 宽松长外套|n. 黑板擦|n. 高内角球|n. 尘暴|n. 造纸用除尘滚筒|n. 面粉筛分除尘机|n. 无产出的钻孔|n. 车载多管防空炮|n. 家居宽松连衣裙
dutch	adj. 荷兰的；荷兰人的；荷兰语的|n. 荷兰人|v. 用碱处理可可|v. 用碱处理可可|adj. 日耳曼人的；德国的（旧义）|adj. 替代品的；劣质仿制的（旧义）|adj. 节俭的（旧式说法）|adj. 与南非布尔人文化有关的|n. 南非布尔人（带冒犯性的地区旧称）|n. 宾夕法尼亚荷兰人|n. 妻子（俚语）
dutiful	a. 尽职的, 忠实的, 顺从的, 守本分的
duty	n. 责任；义务|n. 值班；执勤状态|n. 关税|n. 排泄|n. 应得之物；债款|n. 敬意；礼敬|n. 发动机效率
dwarf	adj. 矮小的；小型的|n. 神话中的矮人|v. 使显得很小|n. 矮小的同类事物|n. 矮星|v. 使显得无足轻重|v. 变得很小|v. 阻碍生长；使发育不良|n. 身材异常矮小的人|v. 使变成小型版本
dwell	v. 居住|v. 反复纠缠于|n. 保持状态的时间|n. 机构动作间的短暂停顿|n. 程序安排的延迟|v. 处于某种状态|n. 点火触点闭合角|v. 持续停留
dweller	n. 某地居民
dwelling	n. 住所；住宅|v. 居住；停留（dwell 的现在分词和动名词）
dwight	n. 德怀特（男子名）
dye	n. 染料|v. 染色；染成某色|n. 颜色；色调|n. die 的古拼写
dynamic	adj. 动态的；不断变化的|adj. 有活力的；富有感染力的|adj. 能变化并适应的|n. 互动模式；相处方式|adj. 与声音力度有关的|adj. 运行时发生的；动态的|n. 推动力量|n. 音乐力度变化|n. 力度标记|adj. 动力学的|adj. 动态动词的|n. 动态动词
dynamics	n. 动力学|n. 促成变化的力量和关系|n. 音乐中的强弱变化
dynamism	n. 活力；干劲；冲劲|n. 发展活力；持续变化|n. 动力论
dynasty	n. 世袭统治家族|n. 王朝时期或政权|n. 延续多代的家族|n. 长期称霸的团队或组织
e	n. 字母E|num. 第五|num. 第五|n. 一拍中的第二个十六分音符位置|n. 摇头丸|n. 雌激素|n. 不及格等级E|n. 集数缩写|pron. 性别中立的“他/她”
e-commerce	n. 电子商务；网上商业|n. 另一种大小写写法
e-reader	n. 电子书阅读器
each	adv. 各自；分别|det. 每一个|pron. 每一个；各自的那个|adv. 每件；每人一份|n. 单件；单个单位
eager	adj. 渴望；迫不及待|adj. 立即计算的|adj. 脆硬的；不易弯曲的|adj. 酸涩的；尖锐的|adj. 尖刻的；严厉的|v. 变得热切|v. 表达热切|v. 使人变得热切
eagerness	n. 热切；急切的期待|n. 酸涩；酸味
eagle	n. 鹰|n. 高尔夫低于标准杆两杆|n. 鹰级童军|n. 晋升鹰级|v. 打出鹰球|n. 美国十美元金币|n. 中世纪硬币
ear	n. 耳朵|n. 听觉；鉴赏力|n. 外耳|n. 倾听；关注|n. 耳状突出部|n. 面包耳|n. 谷穗|n. 警方线人|n. 建筑装饰构件|n. 建筑装饰构件|n. 报纸标题两侧版位|n. 尿布侧翼
earl	n. 伯爵|n. 伯爵头衔|n. 伯爵蝶
early	adj. 提前的；较早的|adj. 清早的；一大早的|adv. 提前；早些时候|adj. 来得早的|adj. 早期的；初期的|adj. 早期的；初发阶段的|adv. 趁早；及时|adj. 早型的（恒星）|n. 早班
earn	v. 凭努力赢得回报|v. 获得收入或利息|v. 工作赚钱|v. 使某人获得收入或回报|v. 凭资格获得位置|v. 使牛奶凝结|v. 牛奶凝结|v. 强烈渴望|v. 悲伤
earner	n. 赚钱的人|n. 赚钱的产品或计划
earnest	adj. 认真而真诚的|adj. 热切投入的|n. 认真严肃的态度|n. 当真；现实|adj. 专注的|adj. 严肃认真的|adj. 勤奋用力的|adj. 重要而严肃的|n. 定金；保证金|v. 认真对待|v. 古语“你赚取”
earnestness	n. 认真；诚挚；正经
earnings	n. 收入；赚到的钱|n. 企业利润|n. 投资回报
earphone	n. 耳机, 听筒
earth	n. 土壤；泥土|n. 地面；陆地|n. 岩土；地面物质|n. 接地；地线|n. 动物地穴|n. 地区；国家|n. 尘世；世俗生活|n. 今生；现世|n. 世上的人；全人类|n. 类地行星|v. 使接地|v. 埋葬；埋入土中
earthquake	n. 地震|n. 剧烈动荡|n. 地球上的地震|v. 发生地震
ease	n. 轻松；不费力|n. 舒适；自在|v. 消除忧虑；使安心|v. 减轻疼痛|v. 自行减弱|n. 缓解；减轻|v. 减轻负担；使得到喘息|v. 降低难度；放宽要求|v. 缓慢小心地移动|v. 平稳驶入；慢慢移动|n. 解除痛苦|n. 便利；享受
easily	adv. 容易地；毫不费力地|adv. 轻松地；不感到不适地|adv. 绝对；无疑|adv. 很容易就会；很可能
easiness	n. 容易, 轻松, 安适
east	adj. 东边的；向东的|adv. 向东；往东|n. 东；东方|adj. 来自东方的（风）|adj. 东方的；东部的|adj. 东方的；来自东方的|n. 东部地区及其居民|adj. 教堂礼仪东方的|n. 教堂中的礼仪东方
easter	n. 复活节|v. 过复活节|n. 复活节节期|v. 在某地过复活节|adj. 向东的|adj. 更东的|n. 复活节领圣体|n. 复活节学期|n. 春分节庆|n. 逾越节|n. 东风|v. 向东移动
eastern	adj. 东方的；东部的|adj. 来自东方的（风）|adj. （约定或视角中的）东方的|adj. 东正教的|adj. 东方的；亚洲的|adj. 东方教会传统的
easy	adj. 容易的；不费力的|adv. 放松地|adj. 舒适安逸的|adj. 自然随和的|adj. 容易答应的；顺从的|adv. 温和地；不严厉地|adv. 轻松地；至少|n. 容易的事|adj. 自在的；安心的|adj. 在性关系上很随便的|adj. 资金宽裕的|n. 字母 E 的无线电报码词
eat	v. 吃；摄入|v. 吃饭|v. 消耗；耗掉|n. 吃的东西；一顿饭|v. 吃起来；适合食用|v. 吃起来有某种效果|v. 使烦恼；使焦虑|v. 承担损失|v. 腐蚀；侵蚀|v. 表现得极好；大获成功|v. 吞掉；处理掉|v. 挨中；被击伤或击毙
eater	n. 吃东西的人或动物|n. 适合食用的食物|n. 会消除其他结构的配置
ebay	v. 在eBay上拍卖
ebb	n. 退潮|n. 逐渐衰退|n. 低潮；低谷|v. 退潮；退落|v. 逐渐减弱|adj. 低浅的|n. 一种欧洲鹀鸟|v. 用网桩拦鱼|v. 使退回
eberle	[人名] 埃伯利
eccentric	adj. 偏离中心|adj. 古怪的；不合常规的|n. 古怪的人|adj. 轨道偏心的；椭圆的|adj. 不同心的|adj. 目标不同的|n. 怪人|n. 偏心圆|adj. 离心收缩的|adj. 卵孢子偏心的|n. 偏心轮|n. 离心训练
echo	n. 回声|v. 发出回声|n. 重复的话|n. 回应与认同|n. 对早先事物的再现|n. 间接影响|v. 传开并反复出现|v. 使声音回荡|v. 重复某人的话或观点|v. 回显输入|n. 诗歌中的回声式押韵|n. 命令回显
eclipse	n. 天体遮挡|n. 日食或月食|v. 遮住天体|n. 遮蔽；衰落|v. 盖过；使失色|n. 鸟类暗淡杂羽期|v. 发生省略变化
ecological	adj. 生态学的；生态的|adj. 环保的；对环境危害较小的
ecologically	adv. 以生态方式|adv. 从生态学角度看
ecologist	n. 生态学者
ecology	n. 生态学|n. 某系统的相互关系研究|n. 生态关系格局
econometric	a. 计量经济学的
economic	adj. 经济的|adj. 节省而划算的|adj. 经济学的|adj. 家庭管理的
economical	adj. 节俭的；花钱谨慎的|adj. 省钱的；节省资源的；划算的|adj. 经济学上的；与经济有关的|adj. 失分率低的
economically	adv. 节省地；不浪费地|adv. 从经济角度看|adv. 按神学中的神圣安排
economics	n. 经济学
economist	n. 经济学家|n. 政治经济学家|n. 家庭管理者|n. 节俭而善于安排资源的人
economy	n. 经济体系|adj. 经济实惠的|adv. 乘经济舱|n. 经济学；经济事务的研究|n. 节约使用资源|n. 经济舱|n. 对系统资源的管理|n. 神学上的神治安排|n. 居所的管理
ecosystem	n. 生态系统|n. 生物与环境的相互联系|n. 生态网络；相互依存的体系
ed	n. 版本；版次|n. 勃起功能障碍|n. 编辑|n. 教育|n. 急诊科|n. 排除饮食|n. 进食障碍|n. 片尾；片尾曲或片尾字幕段落|phrase 存在情况存疑
edge	n. 边缘；边界线|n. 优势|n. 刀刃；切割边|v. 小心地推移|v. 缓慢移动|n. 几何中的边|n. 边沿；临界点|n. 锋利；强烈感|n. 边缘端；数据产生处|v. 险胜；略胜|v. 修剪草坪边缘|v. 给刀具磨刃
edible	adj. 可安全食用的|n. 可食物|adj. 还吃得下的|adj. 种植食用植物的|n. 含大麻成分的食品
edit	n. 文字修改|v. 修改文字|v. 剪辑照片或录音录像|n. 文件或网页的改动|n. 剪辑版本|n. 精彩片段合集|n. 主题精选系列|v. 担任出版物编辑|v. 修改电子内容|v. 剪辑影片|v. 删改即兴场景|n. 即兴场面的删改
edition	n. 版本；版次|n. 一版印刷品；一批出版物|n. 某一版的单本作品|n. 一届；一次举办
editor	n. 编辑内容的人|n. 媒体机构中的编辑或选稿负责人|n. 编辑文件的软件|n. 文字校订编辑|n. 某份文件的编辑者|n. 视频剪辑人员|n. 电影胶片剪辑机
editor-in-chief	n. 主编（尊称）
editorial	adj. 编辑的；社论的|n. 社论|adj. 时尚杂志式的|n. 广播或电视评论
editorship	n. 编辑的职位, 编辑工作
educate	v. 教育；培训；使了解|adj. 受过教育的
education	n. 教育过程|n. 所受教育；学识|n. 教养；养育
educational	adj. 教育的；与教育有关的|adj. 有教育意义的；启发性的|n. 教育活动；教育讲座|n. 旅行行业考察团
educationalist	n. 教育家
educator	n. 教育者；教师
efe	abbr. early fuel evaporation 早期燃油蒸发; endoctrinal fibroelastosic 内分泌膜弹性组织增生症; expected field emergence 预计野外事件
effect	n. 结果；影响|n. 印象；感染力|v. 促成；实现|n. 生效；起作用|n. 特殊效果|n. 声音效果|n. 科学效应|n. 因果影响|n. 个人物品|n. 实施；实现|n. 意旨；意思|n. 实际情况；实质
effective	adj. 有效的；能产生预期效果的|adj. 效果显著的；有说服力的|adj. 能实际运作的；有实用能力的|adj. 生效的；实际起作用的|adj. 没有负系数的|adj. 非平凡作用的；有效作用的|adj. 近似的；着重实际变化的|n. 可执行任务的士兵
effectively	adv. 有效地；有力地|adv. 实际上；实质上
effectiveness	n. 有效性|n. 达到结果的能力|n. 效果的程度
efficacy	n. 产生预期效果的能力|n. 有效程度
efficiency	n. 效率；资源利用率|n. 单间公寓|n. 效能；产生效果的能力
efficient	adj. 高效的；节省资源的|adj. 能量利用率高的|adj. 起致因作用的|adj. 有效的；能产生作用的（旧用法）|n. 致因；原因
efficiently	adv. 高效地；有效率地
effort	n. 努力；付出|n. 尝试；成果|n. 作用力|v. 努力|v. 鼓舞；增强
effortless	adj. 毫不费力的；轻松自然的
egalitarian	adj. 平等主义的；主张平等的|n. 平等主义者
egg	n. 动物的卵、蛋|n. 作为食物的鸡蛋|v. 怂恿、煽动|n. 广义的动物卵|n. 卵细胞|n. 卵形的东西|n. 卵形物|n. 对人的非正式称呼|v. 扔鸡蛋攻击|v. 裹蛋液|n. 卵形的军事或政治物体|n. 贬义族群称呼
ego	n. 自我意识；自我中心感|n. 心理学中的自我|n. 自尊；自我评价|n. 谱系图中的本人
egregiously	adv. 过份地, 卓越地
egyptair	埃及航空公司
egyptian	adj. 埃及的；埃及人的|n. 埃及人|n. 吉卜赛人（过时用法）
ehrlich	n. 欧利希（德国细菌学家）
eight	n. 数字或符号 8|num. 八；数值为8|n. 一张8点牌|n. 八点钟|num. 八个的；由八项组成的|adj. eighth 的旧拼写|n. 八人赛艇|n. 八人艇比赛|n. 八人艇的八名桨手
eighteen	num. 十八
eightfold	a. 八倍的, 八层的|adv. 八倍地, 八层地
eighty	num. 八十
eighty-five	num. 八十五
eighty-nine	num. 八十九
either	adv. 也不|det. 两者任一|pron. 两者之一|det. 两边各自；两者都|det. 三个或更多中的任一个|pron. 两者都
eject	v. 强行赶走|v. 使机器中的东西出来|v. 强行抛出或移除|v. 将运动员罚出场|v. 从飞机中弹射出来|v. 从机器中出来|n. 意识所推断的对象
elaborate	adj. 复杂而详细的|v. 详细发展；使更完善|adj. 精巧华丽的|v. 详细说明；补充细节
elapse	vi. 逝去, 过去|n. 逝去, 过去
elastic	adj. 可拉伸并回弹的|n. 松紧材料|adj. 用松紧带制成的|adj. 衣物带松紧的|adj. 对价格变化敏感的|adj. 轻快而有弹力的|adj. 恢复力强的|n. 橡皮筋、松紧带|n. 发圈|adj. 无处不在、包罗一切的
elbow	n. 肘部|v. 用肘挤着前进|n. 弯折处|n. 篮球场罚球线与罚球区交界处|n. 肘击|v. 用肘击打|v. 推挤、挤动|v. 挤走，使失去职位|n. 侦探|n. 绳子的相邻交叉处
elder	adj. 较年长的|n. 长老；社群领袖|n. 年长者；长辈|n. 老年人|n. 前辈；先辈|n. 教会长老|n. 黑接骨木|n. 接骨木属植物|n. 可主持宗教仪式的神职人员|n. 摩门教低阶圣职人员|n. 摩门教男传教士|n. 摩门教男性称谓
elderly	adj. 上了年纪的|n. 老年人群体|adj. 老旧的；年久而显得脆弱的|n. 一位老年人
elect	adj. 当选待任职|v. 选择；决定|v. 选举选出|adj. 精选的；选中的|n. 被选中者|n. 上帝拣选者
election	n. 选举过程|n. 当选；选出的结果|n. 所选项目|n. 选择；抉择|n. 上帝的拣选|n. 被选出的人
electoral	adj. 与选举人有关|adj. 与选举有关
electric	adj. 用电的；与电有关的|adj. 电声乐器的|adj. 令人激动的；充满强烈感染力的|n. 电力供应|n. 电动产品|n. 电动版的某物|n. 可带电的绝缘物|n. 电子计分的击剑项目或装备系统
electrical	adj. 电气的；电子的|n. 电气工程师
electrician	n. 电工|n. 电学家（旧）
electricity	n. 电；电现象|n. 电力；供电产生的功率|n. 电学；电学研究|n. 兴奋感；感染力|n. 电能；所供应的电|n. 电力供应；电力公用事业
electrification	n. 通电或带电状态|n. 改用电力的电气化工程
electrify	vt. 通电, 上电, 使带电, 使电气化
electron	n. 电子；带负电的亚原子粒子|n. 历史上的一种金属合金
electronic	adj. 电子设备产生的|adj. 网络上的；电子化的|n. 电子设备|adj. 电子控制的|adj. 电子的
electronically	adv. 以电子方式
electronics	n. 电子学；电子技术|n. 电子设备|n. 电子电路
elegance	n. 举止与外表的优雅|n. 风格的简洁优美|n. 思想或证明的简洁严密之美|n. 精致享受或奢华物品
elegant	adj. 优雅的；精致得体的|adj. 简洁而精准的|adj. 状态不错的|n. 一种鹦鹉
element	n. 基本组成部分|n. 最适合的环境|n. 一小部分|n. 一点成分；一丝|n. 因素|n. 风雨等恶劣天气|n. 圣餐礼中的饼和酒|n. 特定群体|n. 基础知识|n. 电热元件|n. 基本成分（古旧复数）|n. 天空（古旧）
elementary	adj. 基础的；基本的|adj. 非常简单的|adj. 小学的|adj. 基本组成的|adj. 基础的；入门的|n. 小学|adj. 初等的|adj. 尘世元素的|n. 元素精灵；元素超自然存在
elephant	n. 象；大象|n. 庞大笨重的东西|n. 中国象棋的象|n. 象亚科成员|n. 象牌纸|n. 计数节拍词|n. 象牙
elevate	v. 抬高；升高|v. 提升价值或品质|v. 提高程度或数值|v. 提升职位|v. 使获得尊崇地位|v. 提升思想境界|adj. 被抬高的|v. 提高声音|v. 使振奋|v. 使微醺|v. 贬低其重要性
elevation	n. 提升；抬高|n. 高地；隆起处|n. 高昂状态；升华|n. 星体高度；仰角|n. 山地相对高度|n. 日晷中的角度|n. 武器抬高角度|n. 建筑立面图|n. 弥撒中的举扬圣体|n. 一种旧式鸦片混合物
elevator	n. 提升或提振之物|n. 电梯|n. 谷物筒仓|n. 升降舵|n. 拔牙挺|n. 提肌|n. 增高鞋|v. 乘电梯
eleven	num. 十一|n. 十一人球队|n. 十一人足球队或首发阵容|n. 超过满分十点|n. 夸张的感叹号拼写
elgin	n. 埃尔金大理石雕；埃尔金（人名, 或地名, 指美国伊利诺伊州的一个城市）；爱而近（手表品牌名）
elicit	v. 引发反应或情绪|v. 问出或获取信息|adj. 被引出的；显露的|v. 通过推理得出
eligible	adj. 符合条件；有资格|adj. 适合被选择结婚|n. 符合条件的人
eliminate	v. 彻底去掉|v. 排除或淘汰|v. 使设施失效或使人失去战斗力|v. 排泄废物|v. 杀死|v. 在合并报表中抵销内部交易影响
elimination	n. 消除；排除|n. 淘汰出局|n. 节目中淘汰选手|n. 消元|n. 通过排除得出结论|n. 排出废物|n. 合并报表中的抵销
elite	adj. 顶尖的；精英的|n. 精英阶层；上层人士|n. 顶尖者；精英|adj. 上层的；贵族式的|n. 精英字体
elitism	n. 精英主义
elizabethan	adj. 伊丽莎白一世时期的|adj. 伊丽莎白二世时期的|n. 伊丽莎白一世时代的人|n. 伊丽莎白二世时代的人|adj. 俄国女皇伊丽莎白时期的
eloquent	adj. 能言善辩的；有说服力的|adj. 表达效果强的；很能说明问题的|adj. 功能关键的（脑区）
else	adj. 其他的；另外的|adv. 另外地；否则
elsewhere	adv. 在别处；到别处|n. 别处；另一个地方
elude	v. 躲避；逃脱|v. 甩掉追兵；摆脱追赶|v. 使人难以理解|v. 想不起；从记忆中溜走
email	n. 电子邮件系统|n. 一封电子邮件|v. 给某人发邮件|v. 通过邮件发送内容|n. 邮件总量|n. 电子邮件地址|v. 发邮件；写邮件|n. 珐琅；搪瓷
embark	v. 登船|v. 开始踏上|v. 让人登船|v. 投入某事|v. 用树皮覆盖
embarrass	v. 使人难堪|v. 阻碍，妨碍|v. 使陷入财务困境|v. 使困惑，使措手不及
embarrassment	n. 尴尬；难堪|n. 令人难堪的人或事|n. 多得反成负担的东西|n. 困惑；犹豫|n. 功能受损；机能障碍|n. 经济困窘；贫困
embassy	n. 常驻使馆；外交代表机构|n. 临时外交使团|n. 使馆建筑或大使官邸|n. 大使的职务或出使任务|n. 关于出使的书面记述
embed	v. 嵌入材料中|v. 置于某种环境中|v. 嵌入文件或数据|n. 嵌入式记者|v. 保结构嵌入
ember	n. 发热的余炭|n. 闷烧的灰烬|adj. 按季节循环的
embodiment	n. 具象化；体现的过程|n. 典型体现；化身|n. 身体经验的塑造方式
embody	v. 具体体现；代表|v. 体现原则或理想|v. 构成；包含在整体中|v. 聚成一体
embrace	n. 拥抱|n. 接纳|v. 拥抱|v. 欣然接纳|n. 包围|n. 包含；环抱|v. 接受并承担|v. 包围|v. 包含；涵盖|v. 穿上；装备|v. 接纳为朋友|v. 非法影响审判
embryo	n. 受精后的早期胚胎|n. 人类孕早期的胚胎|n. 事物的雏形|n. 卵中或变态前的早期生物|n. 母体内的早期幼体|n. 种子里的胚
emerge	v. 显现出来|v. 从某处或处境中出来|v. 逐渐为人所知
emergence	n. 出现；显现|n. 紧急情况（旧义）|n. 表面突起（生物学）
emergency	n. 紧急情况|n. 急诊部门|n. 临时替补者|n. 内急|n. 突然出现；突发事件
emerson	n. 爱默生（Ralph Waldo Emerson 美国思想家, 诗人）
emigrate	v. 移居国外
emigration	n. 迁出；移居国外|n. 迁出者群体；移民群体
eminent	adj. 杰出的；卓越的|adj. 有声望的；重要的|adj. 高耸的；高处的
emissary	n. 使者；特使|n. 颅骨导静脉|n. 湖水地下排出通道
emission	n. 排放物；发出的东西|n. 发出；排放这一行为|n. 节目；播出内容
emit	v. 发出；释放|v. 散发出来|v. 编译生成机器指令或字节码|v. 生成特定计算机代码
emitter	n. 发出或释放东西的物体|n. 晶体管的发射极
emmanuel	n. 以马内利（耶稣基督的别称）；伊曼纽尔（男子名, 等于Immanuel）
emory	n. 埃默里
emotion	n. 情绪；情感|n. 生物的情绪反应|n. 动荡；震动
emotional	adj. 与情绪有关的|adj. 感情用事的|adj. 感情强烈的|adj. 能打动人的|adj. 容易受情绪影响的|adj. 容易流露感情的|adj. 情绪激动、几乎落泪的|n. 感情用事的人
emotionally	adv. 带着情绪地；情绪强烈地|adv. 在情感上；从情感方面看
empathy	n. 对他人感受的共情|n. 理解他人立场的能力|n. 读心式感知情绪的能力|n. 一种摇头丸
emperor	n. 皇帝；帝王|n. 帝国君主；皇帝（不限性别）|n. 皇帝这一头衔|n. 神圣罗马帝国皇帝|n. 塔罗牌“皇帝”|n. 一种较大的弹珠|n. 皇鲷科鱼类|n. 帝王蝶类|n. 帝王蜻蜓|n. 帝企鹅|n. 帝企鹅的替代说法
emphasis	n. 强调；着重|n. 重点；着重关注|n. 重音；语句中的突出|n. 醒目排版；文字强调|n. 区别强调辅音的语音特征
emphasise	v. 强调；着重指出
emphasize	v. 强调；着重指出
emphatically	adv. 强调地；斩钉截铁地|adv. 明确地；绝对地|adv. 表面上；从表现看
empire	n. 帝国|n. 庞大事业集团|adj. 法兰西帝国风格的|n. 帝国政体|n. 帝国属地|adj. 大写形式|adj. 帝国属地生产的|n. 支配力
empirical	adj. 基于实际经验而非纯理论|adj. 可由科学实验验证|adj. 来自观察或仪器测量|n. 实际取得的测量结果
employ	n. 受雇状态|v. 雇用|v. 使用|v. 使忙于；使专心于|n. 职业|n. 雇用或使用|v. 聘用新人
employable	a. 适宜雇用的, 有资格任职的, 可利用的
employee	n. 员工；雇员
employer	n. 雇主
employment	n. 工作；职业；就业|n. 雇用；聘用|n. 受雇状态；就业状态|n. 用途；使用|n. 所从事的活动|n. 就业人数；就业率
empower	v. 授予权限或法律权利|v. 增强信心和行动能力
empty	adj. 空的；里面没有东西|adj. 空洞的；没有诚意或效果的|v. 清空；倒出|adj. 空集合；不含元素|adj. 空手的；没有携带东西的|adj. 不能带来满足的；虚空的|adj. 虚幻的；不真实的|adj. 缺乏头脑、常识或礼貌的|adj. 饿的；肚子空的|n. 空瓶；空容器|v. 流入；排向|adj. 空缺的；没有……的
emulation	n. 效仿并争取超越|n. 系统模拟|n. 嫉妒性的竞争
enable	v. 使能够；赋予能力|v. 使成为可能；提供条件|v. 使获得资格或授权|v. 纵容；助长|v. 启用；开启功能|v. 使坚定；使坚强|v. 使电路元件动作
enact	v. 使法案成为法律|v. 扮演角色|v. 做成；促成
enchantingly	adv. 夺人心魂地；可爱地, 迷人地
enclose	v. 围住；圈起|v. 随信附上；装入
enclosure	n. 信中附上的材料|n. 围起来的区域|n. 附入或随附的行为|n. 围闭某片范围的行为|n. 通过权利限制进入|n. 英国历史上的圈地|n. 宗教团体的禁入区域
encode	v. 把文字编成代码|n. 一次编码操作|v. 把信息转换成另一种形式|v. 基因编码蛋白质
encompass	v. 环绕；包围|v. 涵盖；包括在范围内|v. 全面涵盖；完整说明|v. 绕行；环行
encounter	n. 意外相遇|n. 对抗；冲突|v. 意外遇到|v. 正面面对|n. 比赛；对赛|n. 任务相遇阶段|v. 交战|n. 性接触；性经历|n. 法外处决|v. 彼此相遇|v. 法外处决
encourage	v. 给人打气|v. 鼓励采取行动|v. 促进、扶持发展
encouragement	n. 鼓励这一行为|n. 鼓励人的话或行动|n. 促进或支持某事的因素|n. 受到鼓励的感觉
encyclopaedia	n. 百科全书
encyclopedia	n. 百科全书（纸质参考书）|n. 在线百科全书|n. 某领域的全面知识总结
end	n. 终点；尽头|n. 结束；终止|n. 目的；目标|n. 结局；死亡|n. 末端；一端|n. 结果；结局|n. 剩余物；零碎物|n. End 键|v. 结束；终止|v. 以……结束；结束某事|v. 结束；终止某事|n. 球场的一半；场地端区
end-of-life	n. 产品或服务停止销售和支持|n. 临近死亡及临终照护|v. 终止产品或服务的销售和支持
enda	[人名] 恩达
endanger	v. 使……陷入危险|v. 冒……的风险
endangered	adj. 濒危的；处于危险中的
endeavor	n. 认真努力；艰苦尝试|v. 努力尝试去做|v. 有目的地努力开展工作|v. 竭力使自己投入|v. 尝试某事
endeavour	n. 努力；尝试|v. 努力做；力求
ending	n. 结束；收尾|n. 结尾；最后部分|v. 正在结束；结束这件事|n. 词尾
endless	adj. 无尽的|adj. 延伸不见尽头的|adj. 数不清的|adj. 没有结果的
endorphin	[化] 内啡肽
endorse	v. 公开支持；认可|v. 在票据背面签名转让|v. 给驾照记分|n. 纹章学小柱|v. 报告或描述症状
endow	vt. 捐赠, 捐助, 赋予
endurance	n. 耐力；持久力|n. 承受困难的能力|n. 船上物资的供应时长
endure	v. 坚持下去|v. 忍受；熬过|v. 持续；长存|v. 经受考验而不屈|v. 忍耐承受|v. 使变硬
enemy	n. 敌人；仇敌|n. 敌对势力；敌军成员|n. 有害因素；威胁|n. 敌人的；敌方的|n. 敌方角色|v. 使成为敌人
energetic	adj. 精力旺盛的|adj. 能量高的|adj. 作用强劲的|n. 高能材料
energise	vt. 供给…能量；使精力充沛（等于energize）
energy	n. 推动力；劲头|n. 精力；做事的劲头|n. 物理学中的能量|n. 正能量或负能量|n. 游戏中的行动资源|n. 气场；氛围|n. 神学中的外在作用
energy-efficient	adj. 节能的；耗能少的
energy-intensive	adj. 耗能大的
enforce	v. 执行；实施（法律、规定）|v. 加强；有力地证明|v. 增援；加固防御|v. 使更强烈|v. 努力；尽力|v. 迫使；强令|v. 强行取得；强行通过|v. 以暴力推动；驱使|v. 增强；使更有力|v. 催促；强烈要求|v. 证明；表明
enforcement	n. 强制执行；监督落实|n. 使规定生效；付诸实施|n. 约束力；强制手段
engage	v. 吸引并使人投入|v. 使某人参与交谈|v. 聘请或雇用|v. 博得好感并与人建立联系|v. 与对手交战|v. 交战或交锋|v. 受雇或接受聘用|v. 接合或使机构开始传动|v. 齿轮彼此咬合|v. 使自己受合同约束|v. 缠住或使陷入纠缠
engagement	n. 连接；啮合|n. 投入感；参与度|n. 预约；出席或演出安排|n. 订婚期；婚约|n. 交战；战斗|n. 一次内容互动|n. 互动量；参与度指标|n. 交剑距离；有效交锋
engels	n. 恩格斯（德国社会主义哲学家）
engender	vt. 产生, 引起|vi. 发生, 形成
engine	n. 机械动力装置|n. 汽车发动机|n. 推动者；动力|n. 机车|n. 机车|n. 软件或硬件引擎|n. 战争器械|n. 工具；器具|n. 机智；诡计|n. 巧妙设计；阴谋|n. 天赋；才智|n. 达到目的的手段
engineer	n. 工程师；工程专业人员|v. 设计建造；工程处理|n. 土木工程师|n. 操控局势的人|n. 策划者；阴谋家|v. 进行基因改造|v. 设法促成；巧妙安排|v. 策划；谋划|n. 军事工程师|n. 炮兵；武器操作员|n. 发动机操作员|n. 消防设备操作员
engineering	n. 工程学；工程技术|n. 有计划地操控或设计|v. engineer的现在分词和动名词|n. 船舶机舱|n. 工程人员办公区
english	adj. 英语的|n. 英语|adj. 英格兰的|adj. 英格兰人的|n. 英语变体|n. 英语课或英语学科|n. 英语表达|n. 球的侧旋|adj. 英制的|adj. 非阿米什人的|adj. 竖向的|n. 一种字体字号
engrave	vt. 刻上, 雕刻, 铭记
engraving	n. 雕刻技艺|n. 版画制作艺术|n. 版画；雕版印刷品|v. 正在雕刻；雕刻|n. 音乐制谱
enhance	v. 增强；提高|v. 通过添加细节改善|v. 增加；逐渐变大|v. 抬高；举起|v. 使影像显影增强
enhancement	n. 改进；提升|n. 影像增强程度
enjoy	v. 享受；从……中获得快乐|v. 享有；拥有并受益于|v. 感到满足；觉得愉快|v. 与……发生性关系
enjoyable	adj. 令人愉快的
enjoyment	n. 享受；愉悦|n. 愉快的心境|n. 令人快乐的活动|n. 权利的行使
enlarge	v. 使……变大|v. 变大|v. 扩大容量、范围或思想空间|v. 详细阐述|v. 释放|v. 风向转为更顺航向|v. 延长期限
enlighten	v. 照亮|v. 使明白；增长见识
enlightenment	n. 启发；理解|n. 觉悟；开悟
enlist	v. 报名参军|n. 入伍者|v. 登记；报名加入|v. 招募；争取加入|v. 争取支持；获得帮助
enliven	vt. 使活泼, 使生动
enormous	adj. 巨大的；极其多的|adj. 异常的；反常的|adj. 极其邪恶的；骇人的
enormously	adv. 极其；非常|adv. 令人震惊地
enough	adv. 足够地；达到所需程度|det. 足够的|adv. 相当；颇为|adv. 偏偏；说来也奇怪|intj. 够了！住手！|pron. 足够的数量或程度|det. 足够的（后置用法）|n. 足够；足够之处
enquire	v. 询问；打听
enquiry	n. 询问；调查；探究
enrage	vt. 激怒, 使暴怒
enrich	v. 提升；使更丰富|v. 使变富或更富有|v. 使装饰更华美|v. 给土壤增加养分|v. 给食品强化营养|v. 提高同位素含量|v. 提高某成分的比例
enrol	vt. 登记, 使加入|vi. 参军, 注册
enroll	v. 登记入册|v. 招收为成员|v. 报名加入|v. 报名入学或选课|v. 报名加入（澳新）|v. 包裹；裹住|v. 蜷成一团
enrollment	n. 报名；注册；在册状态|n. 报名者；在册人员|n. 报名人数；注册人数|n. 登记记录；注册手续
enslavement	n. 奴役；被奴役
ensure	v. 确保；保证发生|v. 向某人保证
entail	v. 必然需要；带来|n. 限定继承的财产或安排|v. 限定财产继承|n. 精细雕刻装饰|v. 指定世袭持有人|v. 雕刻装饰
enter	v. 进入（空间）|v. 进入某种状态或阶段|v. 输入|n. Enter 键|n. 按一下 Enter|v. 使进入；插入|v. 记入记录|v. 加入协议|v. 生效|v. 开始从事|v. 依法占有土地|v. 向法院提交记录
enterprise	n. 企业；事业组织|n. 事业；大胆的项目|n. 进取心；开创精神|n. 积极参与事业|v. 着手进行困难或危险的事|v. 承担并尝试完成|v. 收留；安置
entertain	v. 使人开心；娱乐|v. 招待客人；请人到家里做客|v. 考虑；接受某个想法|n. 娱乐；乐趣|n. 接待；欢迎|v. 供养；留用；收容|v. 迎战；遭遇敌人|v. 引入；带入|v. 帮助；接听电话
entertainer	n. 职业艺人|n. 表演助兴的人|n. 招待客人的人
entertainment	n. 娱乐活动|n. 娱乐节目；演出|n. 供养；维持生活|n. 收用；服役|n. 军饷；工资|n. 接待；供给食宿
enthrone	vt. 立...为王, 使登基, 任为主教, 崇拜
enthusiasm	n. 强烈热情；兴奋投入|n. 热衷的兴趣；爱好|n. 神灵附体般的狂热
enthusiast	n. 热衷者；爱好者|n. 宗教狂热者
enthusiastic	adj. 热情投入的|adj. 神灵附体的；神圣启示的
enthusiastically	adv. 热情地；兴致勃勃地
entire	adj. 整个的；全部的|adj. 边缘完整的|adj. 单片组成的|adj. 在整个复平面上复可微的|adj. 未阉割的|adj. 纯粹的；完全的|adj. 内部的；里面的|n. 整体；全部|n. 未阉割的公马|n. 完整邮品|n. 出厂供应的黑啤
entirely	adv. 完全地；彻底地|adv. 完全归于；只由……承担
entitle	vt. 给...权利, 取名为, 给予名称, 叫做
entitlement	n. 应得的权利；理所当然感|n. 行使某事的权限|n. 应得的待遇或所得|n. 依法发放的政府福利
entity	n. 独立单位；实体|n. 数据库对象|n. 独立存在|n. 存在性；身份|n. 灵体；鬼魂|n. 无实体外星生命
entrance	n. 进入；入场|n. 入口；门口|n. 入场权；进入资格|v. 使着迷；使惊叹|n. 正式接任；取得占有|n. 开始；进入某领域|n. 开始演奏或演唱|n. 登记；报关记录|n. 船首入水角|n. 船首水下部分|v. 使进入恍惚状态
entrench	vt. 围以壕沟, 防护, 保卫, 使处于牢固地位|vi. 掘壕, 侵犯
entrepreneur	n. 企业家；创业者|n. 演出组织者；剧院经理|n. 中间人；牵线人|n. 艺人经纪人
entrepreneurship	n. 创业创新与承担风险|n. 企业家精神
entrust	v. 托付；交给照料
entry	n. 进入；入场|n. 进入许可；入场资格|n. 入口；门厅入口|n. 词条；列表项目|n. 接管；占有|n. 保险合同开始生效|n. 门厅；玄关|n. 记录；数据库中的一项|n. 音乐进入；开始演奏|n. 通往后院的通道|n. 教会内部的小组聚会|n. 矩阵中的元素
envelope	n. 信封|n. 包裹物；外套|n. 安全性能范围|n. 气球外皮|n. 路由信息包|n. 数学包络|n. 包络线|n. 声音轮廓|n. 包膜；膜间空间|n. 彗发外层|n. 堡垒土工掩体|v. 装入信封
enviable	adj. 令人羡慕的
envious	adj. 嫉妒的；眼红的|adj. 过分谨慎的；吝惜的|adj. 恶毒的；带恶意的|adj. 令人嫉妒的
environment	n. 周围环境；外部条件|n. 自然环境；生态环境|n. 系统所处的条件|n. 社会或政治环境|n. 计算机运行环境|n. 进程的环境变量集合|n. 函数执行时的作用域环境
environmental	adj. 环境相关的|adj. 环保的|n. 运行环境因素
environmentalist	adj. 环保主义的；环境保护方面的|n. 环保主义者|n. 环境决定论者
environmentally	adv. 在环境方面；对环境而言
envisage	vt. 面对, 正视, 想象
envision	v. 想象；设想
envy	n. 嫉妒；羡慕不满|v. 嫉妒某人|v. 想要别人拥有的东西|n. 令人羡慕的对象|n. 敌意；恶意|n. 竞争；较量|n. 恶名；众怨|n. 一种红皮食用苹果|v. 对……抱有嫉妒情绪|v. 吝惜给予|v. 恶意攻击|v. 伤害；贬低
ep	n. 迷你专辑|n. 执行制片人|n. 一集|n. 极压指标|n. 预计位置|n. 电动大奖赛|n. 晚祷
epa	n. 二十碳五烯酸|n. 英式淡色艾尔|n. 持续性授权委托书
ephemera	n. 生命短促的人(或物), 蜉蝣
ephemeral	adj. 短暂的；转瞬即逝的|adj. 只持续一天的|adj. 雨后短暂有水的|n. 短暂之物
epic	adj. 史诗的；与史诗有关的|adj. 英雄般宏大的|n. 史诗；长篇英雄叙事诗|adj. 极其精彩的；非同寻常的|n. 史诗般的一连串事件|n. 大型用户故事|adj. 史诗的（大写旧式写法）|adj. 史诗语言的|adj. 满同态的|n. 显式并行指令计算的缩写|n. 外延集成电路的缩写|n. 史诗的特殊大写写法
epidemic	adj. 流行病的；流行的|n. 流行病|adj. 像流行病一样蔓延的|n. 疾病流行；流行过程|n. 有害现象的大量出现|n. 观念或信念的广泛传播
episode	n. 一段事件或经历|n. 连续剧的一集
epithet	n. 描述性称呼|n. 代替姓名的称呼|n. 侮辱性称呼|n. 神祇的特定称号|n. 史诗固定称语|n. 分类学名后词|v. 称作；冠以称号
epley	[人名] 埃普利
epoch	n. 重要时期|n. 划时代事件|n. 计时基准时刻|n. 地质年代单位|n. 一次完整训练轮次|v. 按时间分段|n. 联合化疗方案
epochal	a. 新纪元的, 划时代的
equal	adj. 相等的；相同的|n. 同等地位的人；匹敌者|v. 等于；相当于|adj. 足以胜任的；能应付的|v. 使相等；调平|v. 比得上；达到同样程度|v. 意味着；等同于|adj. 公平的；公正的|adj. 均匀的；稳定不变的|adj. 同声部的；非混声的|n. 平等；相等状态
equality	n. 相等；平等状态|n. 人人平等；平等待遇|n. 数值或价值相等
equally	adv. 同等地；平均地|adv. 同样地；同等程度地|adv. 同样地；同理
equate	v. 把……等同于……|v. 设为相等|n. 汇编符号定义语句
equation	n. 方程；等式|n. 相等关系；平衡|n. 观测修正值
equator	n. 赤道|n. 其他球体的赤道|n. 物体的中线|n. 天球赤道
equid	n. 马科动物(包括马,驴等)
equine	adj. 马的；与马有关的|adj. 马属的|n. 马；马类动物
equip	v. 配备必需品|v. 使具备技能|n. 游戏装备|v. 装备或启用|v. 穿戴、打扮
equipment	n. 装备；设备|n. 配备；装备的过程或状态|n. 男性生殖器官
equity	n. 公平；公正|n. 净值；净资产|n. 衡平法；衡平原则|n. 平等；机会公平|n. 英国历史法律中的衡平管辖
equivalent	adj. 相当的；等价的|v. 使等价；使相等|adj. 集合等势的|n. 等价物；相当物|adj. 等价关系中的|adj. 范畴等价的|adj. 化学结合能力相等的|adj. 等面积的|adj. 等量但不重合的|n. 当量
era	n. 时代；长期时期|n. 个人兴趣阶段|n. 地质年代单位|n. 地球自转角缩写|n. 棒球自责分率缩写|n. 可重构阵列缩写|n. 爆炸反应装甲缩写|n. 皇家海军机舱技师职位缩写
eradicate	v. 连根拔除|v. 彻底根除|v. 已被根除的
erase	v. 擦掉文字或痕迹|v. 清除存储介质|v. 删除文件或数据|v. 被擦掉或被清除|v. 抹去群体的社会存在|n. 数据擦除操作|v. 使跑垒者出局|v. 杀死；干掉
erect	adj. 直立的；竖直向上的|v. 搭建；建造|v. 竖起；竖直放置|v. 建立；创立|adj. 硬直的；勃起的|adj. 处于勃起状态的|v. 使竖起或突出|v. 抬高；提升|v. 发生勃起|v. 提出并确立论点|adj. 精神挺立的；不屈的|adj. 向上举起的
erica	n. 石南属植物
ericsson	n. 爱立信公司
erik	n. 埃里克（姓氏）
erode	v. 逐渐磨损或侵蚀|v. 逐渐削弱
erosion	n. 自然侵蚀的结果|n. 逐渐丧失|n. 表面逐渐磨损|n. 流体的磨蚀|n. 牙釉质酸蚀|n. 浅表性溃疡或损伤|n. 图像的收缩操作|n. 数学形态学中的基本运算
errand	n. 跑腿办事的一趟|n. 这趟行程的目的|n. 一趟差事（旧式说法）|n. 托人带去的口信|v. 派人去办差事|v. 自己出去跑腿
erroneous	adj. 有错误的；不准确的|adj. 由错误导致的|adj. 判断失误的|adj. 偏离方向的；反复无常的|adj. 法律上行使权力时有错误的
error	n. 错误状态|n. 一个具体错误|n. 故障；任务中途失败|n. 误差|n. 基因突变|n. 语言偏误|v. 发生故障|v. 显示或包含错误|n. 罪过；过犯|n. 体育比赛中的失误|n. 审判错误|v. 犯错
erupt	v. 喷发；猛烈喷出|v. 情绪或反应爆发|v. 突然冒出；长出|v. 大量突然出现
erwin	n. 欧文（男子名, 等于Irving）
es	n. 环境科学|n. 紧急服务|n. 工程样品|n. 西里尔字母 С／с|v. is 的读音拼写|n. 小学（菲律宾英语）|n. 行政秘书（菲律宾英语）
escalate	v. 逐步加剧；增强|v. 把问题上转给更高层级|v. 攀登；向上爬|v. 乘自动扶梯上行
escape	n. 逃脱；脱身|v. 逃离；逃脱|v. 躲开；逃避|n. 漏出；逸出|n. 逃脱者；逃逸物|n. 暂时远离现实的休闲|n. 退出键；转义键|n. 转义字符|v. 逃过逮捕或惩罚|v. 被忽略；想不起|v. 使字符按字面解释|v. 按键退出程序或命令
escapism	n. 逃避现实, 逃避主义
escort	n. 护送队；护卫队|v. 护送；陪同保护|n. 陪同者；护卫人员|n. 押送警卫|n. 社交陪同者|n. 护送；陪同保护|n. 陪侍人员；色情行业从业者|v. 押送离开；强制带走|v. 陪同参加正式约会|v. 从事陪侍工作|n. 致敬陪同队伍
eskimo	adj. 与相关北极民族有关的|n. 历史上的北极原住民族群成员|adj. 与相关语言有关的|n. 美国爱斯基摩犬|n. 加拿大爱斯基摩犬|n. 埃德蒙顿球队成员的旧称
especially	adv. 尤其；格外|adv. 尤其是；特别是|adv. 特意地；专门地
espionage	n. 秘密获取情报的活动
essay	n. 文章；短论|v. 尝试|n. 试验；检验|n. 尝试|n. 邮票或钞票设计稿|v. 向前出发；进入战斗
essence	n. 内在本质|n. 真实本性|n. 重要特征|n. 植物或药物浓缩物|n. 食用香精或植物提取物|n. 香气或香水|n. 构成物质|n. 精神实体
essential	adj. 必不可少的|adj. 极其重要的|n. 必需品；必要成分|adj. 生物必需的|adj. 本质的；基本的|n. 基本要素|adj. 真实存在的|adj. 数学中的特定性质|adj. 特发性的|adj. 本质性的；非物质的
essentially	adv. 本质上；实质上
establish	v. 使稳定；使站稳|v. 创立；建立|v. 证实；确立为事实|v. 制定；正式确立
establishment	n. 建立；确立|n. 机构；营业场所|n. 统治阶层；既有权威|n. 已建立的状态|n. 人员编制|n. 国教制度
estate	adj. 以前用过的；二手的|n. 遗产；遗产总额|n. 土地权益；土地所有权范围|n. 大片地产|n. 政府地产|n. 住宅区（英国）|n. 旅行车（英国）|n. 组织的全部信息技术资源|n. 状态；状况|n. 身份；等级|n. 境况；财富|n. 贵族人士
esteem	n. 尊重；敬意；高度评价|v. 尊重；敬重|v. 珍视；看重|v. 把……看作|v. 估量；评估
esthetic	a. 审美的
estimate	n. 估计值；大概判断|v. 估算；估计|n. 报价；费用估价|v. 评估价值|adj. 估算的|n. 上界估计
estimation	n. 估计；估算过程|n. 估计值；估算结果|n. 评价；看重程度
etc.	phrase 等等；以及其他类似项目
eternal	adj. 永恒的；永久的|adj. 超越时间的|adj. 没完没了的；持续不断的|adj. 极其糟糕的；讨厌至极的|n. 永生者；不死者
ethic	n. 道德准则；行为风气|adj. 道德上的|n. 行为的道德性
ethical	adj. 道德规范的|adj. 合乎道德的|adj. 伦理学的|adj. 处方药的|n. 处方药
ethically	adv. 在道德上；合乎道德地|adv. 在伦理方面
ethics	n. 道德观；道德原则|n. 职业或行业道德规范|n. 伦理学；道德哲学
ethnic	adj. 族群的；民族的|adj. 具有族群特色的；异国文化的|adj. 民俗的；传统族群风格的|n. 族群成员|adj. 异教的|n. 异教徒|n. 古希腊城市的居民名
ethnicity	n. 族群身份；族裔特征|n. 族群；族裔群体|n. 种族；共同祖先
ethos	n. 精神气质；价值风气|n. 诉诸信誉的说服方式|n. 作品的典型精神气质
eu	n. 《星球大战》扩展宇宙
euro	n. 欧元|n. 欧洲足球锦标赛|adj. 欧洲的；欧洲人的|n. 一欧元硬币|n. European 的缩略|n. European 的缩略|n. 一种岩袋鼠|n. euro 的不推荐变体
eurobonds	(eurobond 的复数) n.欧洲债券
european	adj. 欧洲的|n. 欧洲人|adj. 欧盟的|adj. 欧洲白人族裔的|n. 欧盟居民|adj. 欧式期权的
euthanasia	n. 为结束痛苦而人道地结束生命|n. 纳粹时期以“安乐死”为名的系统性杀害|n. 安静的死亡或促成这种死亡的手段
evacuate	v. 撤离某地|v. 疏散某人|v. 排空；抽空|v. 排出体内或容器中的内容物|v. 抽空；使失去内容|v. 使无效；撤销
evade	v. 巧妙躲开；回避|v. 逃脱；溜走|v. 用诡辩搪塞
evaluate	v. 评估；评价|v. 求出表达式的值|v. 结果为某个值
evaluation	n. 评估；评价|n. 求值；运算结果|n. 确定变量或表达式的值
evaporate	v. 蒸发|v. 蒸干水分|v. 宣泄；消散|v. 消失；失去效果|v. 使消失；使化为乌有|adj. 已蒸发的
eve	n. 前夕|n. 某事发生前夕|n. 夜晚|n. 内源性病毒元件缩写
even	adj. 平的；平整的|adj. 平稳的；变化不大的|adj. 均匀的；相等的|adv. 甚至|v. 弄平；整平|adj. 偶数的|adj. 整齐的；便于取整的|adj. 两清的；互不相欠的|adj. 扯平的|adv. 更加|adv. 不如说；确切地说|n. 偶数
evening	n. 傍晚；晚上|n. 晚间；下班后的晚上|n. 末期；衰退阶段|n. 晚间聚会；晚会
evenly	adv. 均匀地；平整地|adv. 平均地；公平地分配|adv. 无余数地；整除地|adv. 按偶数方式
event	n. 发生的事情|n. 安排好的活动|n. 比赛项目|n. 结果；结局|n. 程序事件|n. 非凡的人|n. 时空事件|n. 概率事件|n. 事务；事业|n. 严重病情发作|v. 发生|v. 散出；蒸发
eventually	adv. 最终；终于|adv. 从某处往后（除有限例外外）|adv. 可能；或许（不规范用法）
ever	adv. 曾经；在任何时候|adv. 不断地；持续地|adv. 极其；真是|adj. 曾经出现过的|adv. 始终；总是|adv. 做过；曾经有过|det. 每一个
ever-present	adj. 始终存在的|n. 场场参赛的运动员
everlasting	adj. 永恒的；永久的|adj. 持续很久的；没完没了的|adj. 不断的；老是发生的|adj. 很耐穿的；耐用的|adj. 植物名称中的 everlasting|adj. 强化语气的词|adv. 永远地|adv. 不断地；没完没了地|n. everlasting 花；一种植物|n. 永恒者；不朽者|n. 一种耐用布料|n. 旧式装饰滚边
every	det. 每一个；人人|det. 每隔；每逢|det. 一切美好的；所有的
everybody	pron. 大家；每个人
everyday	adj. 日常使用的|adj. 普通的；常见的|adv. every day 的误拼|adj. 白天普通的|n. 每天；平常日子|n. 日常事务或平常日子
everyone	pron. 每个人；人人
everything	pron. 一切；所有相关事物|pron. 最重要的因素|pron. 几乎所有事情|pron. 整体情况|pron. 全部力气；全部心力|v. 对某物做各种处理
everywhere	adv. 到处；各处|adv. 到过许多地方；各处|n. 所有地方
evidence	n. 支持说法的事实材料|v. 证明或显示|n. 法庭证据|n. 可客观验证的证据整体|n. 作证者
evidence-based	adj. 以证据为依据的
evident	adj. 显而易见的
evil	adj. 存心害人的|adj. 道德败坏的|n. 邪恶|n. 祸害；伤害|adj. 令人不快的；糟糕的|adj. 不祥的；会带来灾祸的|adj. 有害的；不应采用的|adj. 有害的；无用的|adv. 邪恶地|adv. 有害地|adv. 糟糕地；不充分地|n. 疾病
evoke	v. 唤起记忆、情感或画面|v. 引发反应|v. 召唤出来
evolution	n. 逐步发展；演变|n. 队形调动；军事演练动作|n. 位置或布局的变换|n. 逐步展开；渐次形成|n. 曲线的展开|n. 开方；逆乘方运算
evolutionary	adj. 进化的；与生物进化有关的|adj. 渐进发展的；具有进化形式的
evolutionist	n. 进化论者
evolve	v. 逐步改变或发展|v. 逐渐变成|v. 逐步形成|v. 进化出性状|v. 使种群发生进化|v. 放出气体|v. 逐渐进化|v. 按序展开|v. 卷起或展开|v. 按序运行
exact	adj. 精确的；完全一致的|adv. 恰好；正是|v. 强行索取；勒令履行|adj. 严谨的；一丝不苟的|adj. 明确严格的|v. 强行取得；施加（报复等）|adj. 正合的（同调代数）|adj. 保持短正合列的（同调代数）|v. 使必须；迫使
exactly	adv. 准确地；恰好地|adv. 正是；恰恰|intj. 正是如此；完全正确
exaggerate	v. 夸大；言过其实|adj. 夸张的；过分渲染的
exaggeration	n. 夸大；言过其实|n. 艺术夸张|n. 堆积；堆高
exam	n. 考试；测验|v. 检查；检验
examination	n. 检查；查验|n. 正式考试|n. 医学检查|n. 法律盘问
examine	v. 仔细检查|v. 检查健康状况|n. 一次查看|v. 通过考试评估|v. 正式盘问
examiner	n. 检查或调查人员|n. 命题考官|n. 阅卷评分人员
example	n. 代表性例子|n. 说明规则的示例|n. 榜样；行为范例|n. 类似案例；先例|n. 例题；练习题|v. 由……体现|n. 警示性典型
exanimation	n. 死, 昏迷, 晕厥, 意气消沉
excavation	n. 挖掘；挖空的过程|n. 挖出的空腔|n. 考古发掘|n. 一次挖掘工程|n. 露天开挖处|n. 考古发掘地点|n. 挖掘出隐藏的特质|n. 挖出的土料|n. 考古发掘出的遗物或遗迹
exceed	v. 超过数量或大小|v. 胜过标准或预期|v. 超出限制|v. 占优势|v. 做得过度
exceedingly	adv. 极其；非常
excel	v. 胜过某人或某物|v. 在某方面表现出色|v. 超过；超出
excellence	n. 卓越；优秀|n. 专长；拿手之处|n. 优点；美德
excellent	adj. 质量上乘；极好的|adj. 特别好；出色的|adj. 胜过一般水平|adj. 在某方面高超，不论品德|adv. 出色地（过时）
except	prep. 除……之外；……除外|v. 排除；不包括|v. 提出异议；反对
exception	n. 排除；不纳入|n. 例外；特殊情况|n. 程序异常|n. 法律异议；保留条款|n. 异议；不满
exceptional	adj. 非同寻常的；罕见的|adj. 特别优秀的|adj. 几何学中的特殊对应对象|n. 例外项；特殊值
exceptionally	adv. 异常地；格外地
excerpt	n. 摘录；片段|v. 摘录；节选
excess	adj. 过多的；额外的|n. 过量；超出限度|n. 差额；超出部分|n. 暴饮暴食；过量饮食|n. 保险自付额|n. 球面超额|v. 因人员过剩而让员工离岗
excessive	adj. 过度的；过量的
excessively	adv. 过分地；程度过高地|adv. 过度地；做得太多地
exchange	n. 交换；互换|n. 交谈；言语交锋|v. 交换；互换|v. 更换；换成|n. 交易所；交易场所|n. 汇兑差额；外汇交易|v. 相互发出；交锋|n. 电话交换局|n. （棋局中）兑子|n. （棋局中）这次兑子|n. 交换所得物|n. 物质交换
exchequer	n. 国库；财政机构|n. 一笔可用资金|v. 在财政法院起诉
excite	v. 使兴奋；使激动|v. 激起；引发感情|v. 使电子跃迁到高能级|v. 使电磁装置产生磁场
excitement	n. 兴奋；激动|n. 令人兴奋的事；刺激
exciting	adj. 令人兴奋的；激动人心的|v. excite 的现在分词和动名词|adj. 性刺激的|n. 引起兴奋的过程
exclaim	v. 突然喊叫|v. 激动地说出|n. 喊叫声；叫喊
exclude	v. 不让进入；挡在外面|v. 不计入；不考虑|v. 拒绝采纳证据|v. 排除诊断可能|v. 排出；逐出
exclusion	n. 排除；不让参加|n. 保险除外项目|n. 推出；排出
exclusionary	a. <正>排斥（性）的, 排除在外的
exclusive	adj. 排除不符合条件者的|adj. 专属而高档的|n. 独家消息；独家报道|adj. 排他的；具有排斥性的|adj. 全部独占的|adj. 不包括听话人的“我们”的|n. 限制词|adj. 只与彼此交往的|n. 排斥他人的群体成员
exclusively	adv. 只；完全限于
excursion	n. 短途游览|n. 学校组织的实地参观|n. 偏离主题|n. 飞机偏离跑道或滑行道|n. 音高偏离|v. 外出游览
excuse	n. 借口；辩解理由|v. 准许免除；允许离开|v. 为……开脱；为……辩护|n. 蹩脚的替代品|v. 原谅；宽恕|v. 为……道歉；请求谅解|n. 免责理由
execute	v. 执行；实施|v. 运行；启动|v. 依法处死|v. 表演；完成动作|v. 签订并使生效|v. 运行成功
execution	n. 执行方式；实施|n. 实施完成；完成情况|n. 死刑执行；处决|n. 执行判决或遗嘱|n. 合同正式生效|n. 程序运行|n. 扣押债务人财产
executive	adj. 行政管理的；管理层的|n. 高管；行政主管|adj. 执行性的；用于落实的|n. 行政机关；行政部门|adj. 专用的；高级的|n. 进程协调程序；监督器
exemplary	adj. 值得敬佩的|adj. 堪作榜样的|adj. 以儆效尤的|adj. 具有示例作用的|n. 例子；实例|n. 书籍或文字的抄本
exemplify	vt. 例证, 例示
exempt	adj. 免于；获准不受……约束|v. 使免于；准许豁免|adj. 不享有加班费资格|adj. 隔绝的；分离的|adj. 非凡的；出众的|n. 获豁免者|n. 法国警察的一种旧称|n. 英国王室卫队的下士级军官
exercise	n. 练习；训练题|n. 锻炼；运动|v. 训练；练习|v. 锻炼身体|n. 行使；运用|n. 履行；执行|v. 行使；使用|v. 使困扰；使费心|n. 考验；试炼|v. 使行动；使投入
exert	v. 施加影响或力量|v. 使自己全力行动
exhaust	n. 排气系统|n. 废气|v. 耗尽；用光|v. 使精疲力竭|n. 蒸汽排出物|n. 室内排出的污浊空气|n. 排气管|v. 彻底抽出|v. 把容器排空|v. 彻底讨论|v. 排出废气|adj. 耗尽的
exhaust-pipe	排气管
exhaustion	n. 完全耗尽|n. 极度疲劳|n. 提取药材成分|n. 抽成真空|n. 穷尽式处理
exhaustive	adj. 全面无遗漏的|adj. 使人筋疲力尽的
exhibit	n. 展品|n. 展览|v. 展示物品|v. 显露出|n. 一次展示|n. 法庭证物|v. 提交物证|v. 参加公开展出|v. 施用药物
exhibition	n. 展示；展出|n. 公开展览；展览会|n. 难看的公开表现|n. 能力或情感的表现|n. 英国学校或大学奖学金|n. 表演赛|v. 进行性暴露展示
exile	n. 流放；流亡|n. 流亡者；被流放的人|v. 流放；放逐
exist	v. 存在；真实存在
existence	n. 存在；存在状态|n. 现实；物质世界
existential	adj. 关于存在的|adj. 关乎存亡的|adj. 存在主义的|adj. 经验性的|adj. 存在句法的|n. 存在句的省略说法|n. 存在类型的省略说法
exit	n. 离开；退场|n. 出口|v. 离开；出去|n. 舞台上的退场|n. 死亡；离世|v. 去世；离世|v. 退出程序|v. 离开某地或情境|v. 离开交通工具|n. 一种产科手术缩写|v. 放弃领先位置|v. 退场
exotic	adj. 异国的；异域风情的|n. 外来者；外来生物|adj. 复杂型期权的|adj. 特殊投注的|n. 脱衣舞者|n. 特殊粒子
expand	v. 展开；使变大|v. 变大；膨胀|v. 扩大；扩充|v. 详细阐述|v. 扩大；增长|v. 展开说；详述|v. 心情舒展；变得乐观慷慨|v. 展开子项|v. 展开数学式|v. （数学式）展开成|v. 扩分数
expansion	n. 扩大；扩张；膨胀|n. 扩建部分；扩建工程|n. （电子游戏）资料片|n. 蒸汽膨胀过程
expansive	adj. 范围广、内容全面|adj. 健谈而善于交际|adj. 可膨胀的、可扩张的|adj. 表现出扩张性的
expect	v. 预料；预计|v. 要求；认为有义务|v. 认为理应得到|v. 怀孕|v. 等待；等候|v. 停留；等待
expectancy	n. 期待；预期|n. 被期待的状态|n. 期望值|n. 未来权益|n. 所期待的事物
expectation	n. 预期；期待|n. 预期的事；期待的结果|n. 前景；未来的希望|n. 期望值|n. 机会的预期价值|n. 算术平均数|n. 期待自然痊愈的治疗方式
expedite	v. 加快进度|v. 快速高效地完成|adj. 畅通无阻的|adj. 迅速高效的|v. 担任加速事务的人|v. 解除阻碍；释放
expedition	n. 军事远征|n. 有明确目的的远行|n. 重要的长途行程|n. 远征队；考察队|n. 迅速办理|n. 迅速；迅捷|n. 办理或催办事务|v. 参加远行
expel	v. 赶出；排出|v. 开除；取消成员资格|v. 驱逐出境|v. 发射；射出（旧义）
expend	v. 消耗；用尽资源
expenditure	n. 支出行为；花费|n. 支出额；花费的金额
expense	n. 开支；花费|n. 代价；以……为代价|v. 报销；列入费用账目|n. 损失
expensive	adj. 昂贵的；价格高的|adj. 耗费大量时间或资源的|adj. 挥霍的；花钱无度的|adj. 让对手得分很多的
experience	n. 亲身经历；体验|n. 经验；经历积累|v. 经历；体验；遭遇|n. 做过的一项活动|n. 由经历得到的知识|n. 游戏经验值|n. 试验；检验
experiment	n. 实验；试验|v. 做实验；进行试验|n. 经验；实际熟悉|v. 体验；感觉到|v. 用实验检验；试用
experimental	adj. 实验的；以实验为基础的|adj. 试验性的；探索新路的|adj. 用于实验的|adj. 从实践或亲身经历中得到的|n. 实验对象
experimentation	n. 实验实践；反复试验|n. 用于验证假设的实验过程
expert	adj. 熟练而专业的|n. 专家|adj. 专家的；专业的|n. 专家级选手|adj. 有经验的|v. 请专家评审
expertise	n. 专业知识和能力|n. 专家意见或建议|v. 提供专业意见
expire	v. 死亡|v. 到期；失效|v. 结束；期满|v. 呼出|v. 缓慢散发|v. 使结束
explain	v. 解释；说明|v. 解释原因；说明缘由|v. 解释；作说明|v. 使变平；铺平|v. 展开；显露
explainable	a. 可说明的, 可辩解的, 可解释的
explanation	n. 解释这一行为或过程|n. 解释、说明或理由|n. 澄清分歧并达成谅解
explanatory	adj. 解释性的；说明用的|adj. 乐于解释的；善于说明的
explicatory	a. 解说的, 说明的
explicit	adj. 明确具体的|adj. 露骨直白的|n. 文本结尾|phrase 书末完
explicitly	adv. 明确地；明白地
explode	v. 炸毁|v. 爆炸|v. 情绪爆发|v. 猛烈推翻|v. 制作分解图|v. 激增|v. 无限增大|v. 突然出现；迅速走红|v. 拆分字符串|v. 解压数据|v. 驳倒；否定|v. 射精
exploit	n. 漏洞利用程序|v. 利用资源或机会|v. 剥削；占便宜|n. 成就；壮举|n. 游戏机制利用|n. 英勇壮举
exploitation	n. 开发利用|n. 不当利用；占便宜|n. 剥夺权益；强迫剥削|n. 电影营销发行
exploration	n. 探索；考察|n. 地理探索；探测未知区域|n. 矿产勘查|n. 医学检查
explore	v. 系统调查；深入研究|v. 到某处探索|n. 随便探索；游览一番|v. 作诊断性检查|v. 正在探索|v. 漫无目的地转悠|v. 寻找；追寻|v. 亲身尝试；亲身体验|v. 寻求性关系多样性
explorer	n. 探索者|n. 探险家；远行考察者|n. 文件浏览器|n. 牙科探针|n. 职业探索项目参与者|n. 消防服务探索项目参与者
explosion	n. 爆炸|n. 突然激增；大量涌现|n. 爆炸声
explosive	adj. 会爆炸的；易爆的|adj. 爆炸般猛烈的|adj. 爆发式增长的|adj. 令人震惊的；冲击性强的|adj. 容易发怒的|n. 爆炸物；爆炸性物质|adj. 爆破音的|n. 塞音
export	n. 出口商品|v. 出口；销往国外|adj. 出口的；与出口有关的|n. 出口；出口行为|v. 向别处传播|v. 导出数据|v. 带走；带到外面|v. 送出供国际收养
expose	v. 揭露；使显现|v. 使接触；使暴露于|v. 使胶片感光|v. 对外提供（功能或接口）|v. 遗弃（婴儿）
exposure	n. 暴露；无遮蔽状态|n. 揭露；曝光|n. 一次摄影曝光|n. 暴露于恶劣天气|n. 财务风险敞口|n. 朝向；面向的一面|n. 已感光的胶片部分|n. 曝光参数|n. 场地接受日照或风的程度
express	adj. 快速直达的|adj. 明确的；明说的|adv. 乘快车；直达地|n. 快车|v. 表达；传达|adj. 如实描绘的|adj. 快捷简便的商业服务|n. 快速寄送服务|v. 挤出；压出|n. 马尼拉地区的快车|n. 快枪|n. 明确的表示或陈述
expression	n. 表达；表现|n. 措辞；表达方式|n. 表情；神情|n. 惯用语；习语|n. 数学表达式|n. 基因表达|n. 代码表达式|n. 声音或音乐的表现力|n. 朗读时的感情表现|n. 威士忌调配品种|n. 挤出；压出
expressive	adj. 富有表现力的|adj. 能传达说话人的感情或态度的|adj. 表达能力强、能表示更多概念的|n. 表达态度的词语或短语|n. 象征性或拟声表达
expressly	adv. 明确地；明白地|adv. 特意地；专门地
exquisite	adj. 精美绝伦的|adj. 罕见卓越的|adj. 极度的；强烈的|adj. 极其细致敏锐的|adj. 精确的|adj. 精巧而玄奥的|n. 花花公子
exquisitely	adv. 精致优美地；细腻地|adv. 极其；强烈地
extend	v. 延伸；扩大|v. 延伸至；占据|v. 扩大；扩展|v. 延长时间|v. 伸直；伸展|v. 给予；表示|v. 兑水增量；掺入以延长使用|v. 继承；扩展类|n. extent 的误拼|v. 依法估价或转让土地|v. 续服役；续任
extension	n. 延伸；扩大；延长|n. 建筑扩建部分|n. 扩展部分；能力延伸|n. 延伸状态|n. 还款延期许可|n. 伸展练习|n. 电话分机号|n. 文件扩展名|n. 软件扩展；插件|n. 大学社区教育项目|n. 接发、延长甲或假睫毛|n. 占据空间或时间的性质
extensive	adj. 范围广阔的|adj. 数量或程度很大的|adj. 具有延展性的|adj. 具有可加和扩展性质的
extensively	adv. 广泛地；大量地|adv. 在很大程度上
extent	n. 范围；数值区间|n. 程度；规模|n. 文件系统中的连续存储区段|adj. 伸展开的|n. 财产估价|n. 扣押债务人财产的法律令状
exterior	adj. 外部的；外表的|n. 外部；外表|adj. 对外的；外国的|adj. 户外的|n. 国外；对外范围
exterminate	v. 彻底消灭（害虫等）|v. 彻底结束
external	adj. 外部的；外表的|adj. 外部提供的；外来的|adj. 外部的；体外的|adj. 外显的；可从外部察觉的|adj. 对外的；外国的|adj. 独立于心智而存在的；客观的|adj. 外置的；不在主机内的|n. 外在形式；表面特征|adj. 校外参加考试的|adj. 使用外部驱动器的|n. 外部赋值变量
extinct	adj. 不再存在的；已废止的|adj. 灭绝的|adj. 熄灭的|adj. 消退的；被压制的|adj. 不再活动的|adj. 已完全衰变的|adj. 已死亡的；与人隔绝的|n. 熄灭；消灭|v. 熄灭|v. 压制；消灭|v. 使灭绝
extinction	n. 灭绝；消失|n. 辐射消光|n. 同时刺激辨别障碍|n. 条件反应消退
extinguish	v. 扑灭；熄灭|v. 彻底消除；使破灭|v. 使相形见绌；遮住光彩|v. 压制；平息|v. 逐渐熄灭；消退|v. 杀死|v. 废除；使失效
extra	adj. 额外的；多出来的|adv. 格外地；特别地|n. 额外项目；附加费用|adj. 夸张的；出格的|n. 报纸号外|n. 临时演员|n. 夸张劲儿；出格行为|adj. 特别好的|n. 板球中的额外得分|n. 特级品；高级档次|n. 额外惩罚值勤日
extract	n. 取出的东西|n. 书面摘录|n. 提取物；浓缩液|v. 拔出；取出|v. 提取成分|v. 摘录；引用|v. 选出；提炼出|n. 某种来源的提取成分|n. 浓缩药物制剂|n. 旧科学观念中的本质|n. 血统；出身|n. 法律文书副本
extraction	n. 提取；抽出|n. 出身；血统|n. 提取物；精华|n. 撤离；救出|n. 拔牙
extracurricular	adj. 课外的|n. 课外活动|adj. 职责之外的|n. 职责外活动|adj. 婚外的|n. 婚外关系
extraneous	adj. 外来的；不属于其中的|adj. 非必要的；无关的
extraordinarily	adv. 异常地；格外地
extraordinary	adj. 非同寻常的；异常的|adj. 特别出色的|adj. 特派的；额外任命的|n. 非常规事项；额外款项
extravagant	adj. 过分的；夸张的|adj. 挥霍的；铺张浪费的|adj. 价格过高的；贵得离谱的|adj. 越出界限的；游荡的
extravagantly	adv. 挥霍无度地
extreme	adj. 最边缘的|adj. 极度的|adj. 过度的；超出常态的|n. 极端；极限|adj. 激进严厉的|adj. 极限运动的；高危的|n. 两端；极端情况|n. 极端手段|adj. 最后的；终极的|adv. 极其|n. 生命最后时刻|n. 困境；艰难处境
extremely	adv. 极其；非常
extremist	adj. 持极端观点的|n. 极端分子|adj. 与极端主义有关的
exuberantly	adv. 兴高采烈地, 活跃地, 愉快地
eye	n. 眼睛|n. 视觉；观感|n. 注意；关注|v. 仔细观察|n. 虹膜颜色|n. 眼光；辨识力|n. 带意味的目光|n. 针眼|n. 金属环扣|n. 炉灶火眼|n. 风暴中心|n. 眼状斑纹
eyebrow	n. 眉毛|v. 用眉毛示意|n. 眉形老虎窗|n. 废纤维团|v. 积聚废纤维
eyeglass	n. 镜片
eyesight	n. 视力；视觉能力|n. 视野；能看见的范围
f	adj. female 的缩写|intj. 表示惋惜的网络反应|n. 不及格成绩|n. 键盘功能键|num. 第六个字母|num. 第六个字母|adj. false 的缩写|adj. fine 的缩写|n. 粗俗词的委婉缩写|n. feminine 的缩写|n. 英国体系中的一种成绩等级|n. 铅笔硬度等级
fable	n. 寓言|n. 传闻；引人谈论的故事|n. 虚构；谎话|n. 作品情节|v. 编写或讲述虚构故事|v. 捏造并谎称为真
fabric	n. 整体结构；基础框架|n. 织物；布料|n. 建筑实体；建筑材料|n. 布料的质地|n. 建筑物（古）|n. 建造；建筑工程（古）|n. 构造；做工；组织方式|n. 岩石晶粒结构|n. 陶器烧制材料|n. 互联网络结构|v. 用布覆盖
fabricate	v. 建造；构造|v. 制造；生产|v. 捏造；编造|v. 切割整理禽类
fabulous	adj. 神奇非凡的|adj. 棒极了；极好的|adj. 寓言或神话的|adj. 虚构的；不可信的|adj. 夸张而阴柔的|adj. 时髦华丽的|adj. 爱编故事而不可靠的
face	n. 脸；面部|n. 面子；名誉；尊严|v. 面向；朝向|v. 面对并处理|n. 面部表情|n. 做鬼脸；难看的表情|n. 票面金额；面值|n. 嘴|n. 全套面部化妆|n. 公众形象；门面人物|n. 厚脸皮；胆量|n. 一面；一方面特征
facet	n. 宝石切面|n. 一个方面|v. 切出宝石切面|n. 项目中的一个环节|n. 筛选维度|n. 复眼的一个小眼面|n. 光滑界面|n. 脊柱小关节|n. 柱身凹槽之间的窄面|n. 多面体的边界面
facetime	v. 用 FaceTime 视频通话|v. FaceTime 视频通话|v. 泛指视频通话
facial	adj. 脸部的；面部的|n. 面部护理|adj. 面部护理的|adj. 表面上成立的（法律）|n. 面部表演默片|n. 击打脸部的犯规（体育俚语）|n. 射在他人脸上的性行为（俚语）
facilitate	v. 使更容易|v. 促成；推动实现|v. 主持并引导
facility	n. 设施；便利条件|n. 专门场所；设施建筑|n. 容易；轻松|n. 熟练；才华|n. 信贷安排|n. 厕所|n. 心智能力受损状态|n. 和蔼；亲切
fact	n. 与虚构相对的事实|n. 真实存在的情况|n. 可作为判断依据的具体事实|n. 得到广泛认可的基本事实|n. 某主题的事实资料或实际情况|intj. 确实如此|n. 数据仓库中的最小事实值|n. 行动或行动领域|n. 错误或犯罪行为|n. 值得称道的功绩
facto	[法] 实际上, 事实上
factoid	n. (仅因出现在出版物上而被信以为真的) 仿真陈述
factor	n. 影响结果的因素|n. 数学因子|v. 找出因子|v. 因式分解|n. 商业代理人|n. 佣金代理人|n. 创业融资者|n. 应收账款融资机构|n. 因果影响因素|n. 生产要素|v. 由其他对象相乘得到|n. 替人办事者
factory	adj. 原装的；出厂的|n. 工厂|n. 制造某物的机制|n. 集约化养殖场|n. 创建对象的程序机制|n. 出厂状态|n. 警察局（英国俚语）|n. 作为因素的状态（苏格兰旧用法）|n. 海外商馆
factual	adj. 基于客观事实的|adj. 真实准确的|n. 纪实类节目
faculty	n. 大学教师群体|n. 大学院系|n. 能力；心智能力|n. 获授的权力或资格|n. 教堂改建许可|n. 某职业的成员
fad	n. 短暂风潮|n. 黄素腺嘌呤二核苷酸
fade	v. 逐渐变弱、衰败|v. 褪色、变淡|v. 逐渐消失、变得听不见或看不见|n. 高尔夫右曲球|n. 渐变短发|n. 渐弱或淡出效果|v. 高尔夫打出曲球|v. 使褪色或变淡|adj. 古旧：乏味、无力|adj. 古旧：强悍、果敢|n. 口语：打架|n. 俚语：悄悄离开
fail	v. 失败；未成功|v. 未能做到|v. 失灵；停止正常运转|adj. 很糟；失败的|n. 交易失败|n. 不及格|n. 失败的事；失败结果|n. 劣质的东西；糟糕表现|v. 未顾及；遗漏|v. 辜负；使失望|v. 考试不及格|v. 使某人不及格
failing	n. 缺点；弱点|prep. 若不成；如果没有|v. fail 的现在分词或动名词
failure	n. 失败；未达到目标|n. 未履行；没有做应做的事|n. 失败者；失败之作|n. 故障；失灵|n. 破产
faint	adj. 虚弱得头晕|adj. 微弱而隐约|v. 晕倒；失去意识|adj. 缺乏勇气或干劲|adj. 无力地进行|adj. 极少的；轻微的|n. 一次昏厥|v. 气馁；失去勇气|adj. 令人不适的|n. 昏厥状态|v. 逐渐消失
faintly	adv. 微弱地；隐约地
faintness	n. 微弱, 衰弱, 模糊
fair	adj. 美丽的；好看的|adj. 公平的；公正的|adj. 尚可的；合理的|n. 集市；交易会|adj. 清白的；无瑕的|adj. 浅色的；金发的|adj. 晴朗的；宜人的|adv. 坦率地；公正地|n. 庆典集会；地方展会|n. 贸易展览会|n. 游乐会；流动游乐园|adj. 顺风的
fairly	adv. 公平地|adv. 相当；颇为|adv. 有利地；合适地|adv. 正当地；妥当地|adv. 轻柔地；安静地|adv. 几乎；简直|adv. 工整清楚地
fairness	n. 公平；公正|n. 美貌；美好
fairy	adj. 精灵般的；奇幻的|n. 精灵；仙女|n. 迷人的女巫或魅惑者|n. 仙境；魔法世界|n. 漂亮的年轻女子|n. 针对男同性恋者的贬称|n. 女性化男子或男孩的贬称|n. 一种蜂鸟|n. 中国传说中的仙人
faith	n. 信任；信心|n. 信念；信仰|n. 宗教信仰|n. 忠诚；守信|intj. 凭我的信仰|n. 可信性；真实性
faithful	adj. 忠诚的；忠贞的|adj. 有信仰的；坚定信奉的|adj. 可靠的；值得信赖的|adj. 忠实于原貌的；如实的|n. 信徒；坚定支持者|n. 忠实的人或事物；老搭档|adj. 对伴侣忠贞的|adj. 忠实的；单射的（数学）|adj. 湮灭子为零的（环论）
faithfully	adv. 忠实地；如实地|adv. 谨上；敬上
faithfulness	n. 忠诚；守信；坚定不变
fake	adj. 假的；伪造的|n. 假货；伪造品|v. 伪造；仿造|v. 假装；装出|adj. 虚伪的；做作的|n. 假动作|n. 骗局；欺骗|n. 绳圈；绳索的一圈|v. 欺骗；诈骗|v. 弄虚作假地改善|v. 即兴演奏|v. 盘绕绳索
fall	n. 下落；跌落|n. 秋天；秋季|v. 落下|v. 使下降|n. 下降；减少|n. 失势；衰败|n. 假发片|n. 替人背锅；惩罚|v. 变得更糟|v. 失守或衰落|v. 阵亡|v. 适逢
fallacy	n. 逻辑谬误|n. 欺骗性的假象
fallout	n. 有害颗粒降落现象|n. 降落的有害颗粒|n. 负面后果|n. 拒绝已默认接受的报价|n. 拒绝报价的人|n. 临时替补嘉宾
false	adj. 不真实的|adj. 建立在错误前提上的|adj. 仿制的；人造的|adj. 逻辑上的“假”|adj. 不诚实的|adj. 不忠的；背信的|adj. 错误的；不可靠的|adj. 临时的；辅助性的|adj. 走音的|adj. 逻辑零|n. “假”这一选项|adj. 名称中的“伪”
falsehood	n. 虚假性；不真实|n. 假话；谎言|n. 撒谎和欺骗的品性
falsely	adv. 虚假地；错误地
fame	n. 名声；声誉|n. 成名；广为人知|v. 使成名|n. 传闻；传说
familiar	adj. 熟悉的；常见的|adj. 熟悉；了解|adj. 亲近的；友好的|adj. 家族的；家庭的|n. 侍灵|n. 家宅成员|n. 教会家属或随从|n. 亲近的朋友|n. 宗教裁判所官员
familiarity	n. 亲密；熟稔|n. 过分亲昵；冒犯性的随便|n. 熟悉；了解|n. 一次熟络的举动
family	adj. 适合全家|n. 家庭；家人|n. 大家庭；扩展亲属|n. 核心家庭|n. 家人；亲属们|n. 关系紧密的团体|n. 同类事物的集合|adj. 同性恋的（俚语）|n. 同性恋社群成员（俚语）|n. 家世；门第|n. 集合族（数学）
family-friendly	adj. 适合全家|adj. 支持家庭生活|adj. 儿童可接触的
famine	n. 饥荒；严重粮食短缺|n. 一场饥荒|n. 严重缺乏|n. 饥饿；饥饿导致的营养不良
famous	adj. 广为人知的|adj. 受到公众关注的|v. 使出名
fan	n. 扇子|n. 风扇|n. 粉丝；爱好者|v. 扇风；吹拂|n. 扇形物|v. 向四面展开|v. 扇走；驱散|v. 煽动；激起|n. 扇风|n. 扬谷扇|n. 风车辅翼|n. 树枝扇形分支
fan-like	扇状
fanciful	adj. 富有幻想而不切实际的|adj. 虚构的；想象出来的
fancy	adj. 装饰华丽的|n. 想象力|n. 一时兴起的念头|n. 喜欢；爱慕|v. 想要|adj. 上等的|adj. 技巧高超的|adj. 花哨而多余的|n. 脑中的形象|n. 未经深思的想法|n. 喜爱之物|n. 团体爱好
fantasise	v. 梦想, 幻想
fantastic	adj. 极好的；棒极了|adj. 奇幻的；幻想中的|adj. 不可信的；难以置信的|adj. 怪诞的；反常的|n. 异想天开的人
fantastical	adj. 奇幻的；幻想中的|adj. 异想天开的；富于奇思妙想的|adj. 精彩绝伦的；非凡的|n. 奇幻之物；奇幻人物
fantasy	n. 幻想；想象中的事物|n. 奇幻文学或影视类型|v. 想象；构想|v. 幻想某事；设想某种经历|v. 想象；在脑中设想|n. 奇幻风格的设计|n. 一种药物的俚语名称|v. 喜欢；中意
far	adj. 遥远的|adj. 遥远的（时间）|adv. 远远地；到很远的程度|adv. 远远地；大大地|adj. 长的；很长一段的|adj. 较远的一端|adj. 极端的；偏向一端的|adj. 差别很大的|adj. 段外存储的|n. 二粒小麦|n. 一窝小猪|n. 楼面面积比缩写
far-off	adj. 遥远的；久远的
farc	abbr. Federal Addiction Research Center 联邦上瘾研究中心; Fuerzas Armadas Revolucionarias de Colombia (Spanish=Armed Revolutionary Forces of Colombia) （西班牙语）哥伦比亚武装革命力量; Federal Archives and Records Center 联邦档案履历中心; Field Artillery Replacement Center 野战炮兵补充训练中心（美军）
farcical	a. 笑剧的, 滑稽的, 笑剧性的
fard	a. 涂有胭脂的
fare	n. 交通费；车票钱|v. 进展；表现|n. 付费乘客|n. 食物；饭菜|n. 供消费的内容|v. 结果如何；遭遇如何|v. 向前发展；推进|n. 旅程；行进|n. 嫖客|v. 行进；旅行|v. 吃饭；进餐
farewell	intj. 再见；告别|n. 告别；临别道别|adj. 告别的；最后的|n. 离开；离去|v. 向……告别
farfetched	a. 牵强的, 靠不住的, 乱七八糟的
farm	n. 农场；农庄|v. 从事农业|n. 租来耕种的土地|n. 集中设置同类设施的场所|n. 服务器群|v. 把土地用于农业|v. 种植某种作物|v. 把某事交给他人经营|v. 反复刷取资源|v. 反复获取某种网络收益|n. 食物；供给|n. 宴席；盛宴
farmer	n. 农民；农场经营者|n. 严格说的农业经营者|n. 税收承包征收人|n. 承包采矿或王室收益的人|n. 普通人；未获名校奖学金者|n. 经营农村育婴院的人
farmland	n. 农田；耕地
farsighted	a. 能看到远处的, 有先见之明的, 远视的
farther	a. 更远的, 进一步的|adv. 更远的, 此外, far的比较级
fasb	n. 美国财务会计准则委员会 Financial Accounting Standards Board
fascinate	vt. 令人入神, 使着迷|vi. 入迷
fascinating	adj. 引人入胜的；迷人的|v. fascinate 的现在分词和动名词
fascination	n. 着迷感；被吸引的状态|n. 令人着迷的事物|n. 施魔法般的迷惑
fashion	n. 流行趋势|n. 时尚与服装行业|v. 制作；塑造|n. 方式；做法|n. 形式；样式；构造|v. 调整；使适合|n. 上流社会生活|v. 按标准加工|v. 伪造
fashionable	adj. 时髦的；流行的|adj. 当时流行的；盛行的|adj. 有教养的；上流的|n. 时髦人物；花花公子
fast	adj. 快速的|adv. 快速地|n. 禁食，斋戒|v. 禁食；斋戒|adj. 忠贞不渝的|adj. 节奏快的|adj. 传输速度快的|adj. 睡得很沉的|adj. 不易褪色的|adj. 走快的|adj. 感光度高的|adv. 牢牢地
fast-food	adj. 快餐的；与快餐有关的|n. 一份快餐
fast-growing	快速增长的
fast-moving	adj. 移动迅速的|adj. 发展迅速的|adj. 销售很快的
fasten	v. 系牢；扣紧；固定连接|v. 使一击击中；使打击生效
fastening	n. 扣件；紧固件|v. 正在固定；固定（动名词）
faster-than-light	adj. 超光速的
fat	adj. 肥胖的|adj. 油腻的；脂肪多的|n. 脂肪|v. 使变胖；催肥|adj. 厚的；大的|adj. 圆鼓鼓的|adj. 丰盛的；丰富的|adj. 肥沃的；多产的|adj. 收益丰厚的|adj. 富裕的；幸运的|adj. 高尔夫击球打厚的|adj. 重要的；分量重的
fatal	adj. 致命的；导致毁灭的|adj. 使程序终止的|n. 致死事件|n. 导致程序终止的错误|adj. 命中注定的|adj. 预示死亡或大灾难的
fate	n. 决定事情走向的命运力量|n. 命运，尤指不幸的遭遇|v. 使……注定发生|n. 由命运造成的结果|n. 不可避免的事件或结局|n. Fate 的另一种大小写形式|n. 化学物质在生物圈中的最终归宿|n. 胚胎发育的最终分化归宿
father	n. 父亲|n. 孩子的生父|n. 祖先；始祖|n. 对老年男子的尊称|n. 对牧师的尊称|n. 父亲般的人|n. 某领域的奠基者|n. 神父；牧师头衔|n. 早期教会权威|n. 某概念的拟人化父亲形象|v. 成为父亲；生育|v. 促成；产生
fatherly	a. 父亲的, 如父亲的, 慈爱的
fatigue	n. 疲劳；疲惫|v. 使疲劳|v. 变得疲劳|n. 材料疲劳|v. 因疲劳而失效|v. 使材料因反复受力而疲劳失效|n. 杂务；苦差事|n. 军用工作服的定语形式|v. 使沙拉变蔫
fault	n. 责任；过错|n. 品格上的缺点|n. 缺点；弱点|n. 错误；失误|n. 地质断层|v. 责怪；批评|v. 发生断裂|v. 犯错；出差错|n. 缺陷；瑕疵|n. 缺少；不足|v. 发生页面错误
faultless	a. 完美的, 无缺点的
faulty	adj. 有缺陷的；出故障的|adj. 有过错的；应受责备的
fauna	n. 动物群；动物区系|n. 动物志；动物目录书
favor	n. 帮忙；善意的帮助|n. 好感；恩宠|v. 偏爱；看重|n. 小礼物|n. 偏袒；偏见|v. 更常使用；偏用|v. 有利于；促成|v. 给予帮助；礼貌请求|v. 像；长得像|n. 宽待；减轻惩罚|n. 受偏爱的人或事物|n. 外貌；面容
favorable	adj. favourable 的美式拼写
favorably	adv. 以赞许或有利的方式
favorite	adj. 最喜欢的；偏爱的|n. 最喜欢的人或事物|v. 收藏；设为收藏项
favoritism	n. 偏爱, 偏袒
favour	n. 帮忙；善意；支持|v. 偏爱；支持；赞成
favourable	adj. 讨人喜欢的；给人好印象的|adj. 有用的；有利的|adj. 表示赞成或支持的|adj. 合适的；恰逢其时的|adj. 吉利的；预示好运的|n. 支持率
favourably	adv. 赞许地；有利地
favourite	adj. 最喜欢的|n. 偏爱的人或物|n. 最受偏爱或信任者|n. 最被看好的参赛者|n. 浏览器收藏项|v. 偏爱|v. 加入网页收藏|v. 添加到收藏列表|adj. 珍爱的；深受喜爱的|n. 太阳穴旁的垂卷发
fax	n. 传真机|n. 传真文件|v. 传真发送|n. 头发|n. 脸|n. 事实（非标准写法）
fcc	adj. 面心立方的|adj. 面心立方的另一种大小写形式|n. 联邦惩教综合设施|n. 未来邮轮抵用金
fcpa	abbr. Foreign Corrupt Practices Act 反国外行贿法; Foreign Contempt Practices Act 外国（人）藐视行为法案; Fellow of the Canadian Psychological Association 加拿大心理学协会成员; Fujitsu Computer Products of America 美国富士通计算机产品公司
fear	n. 恐惧|v. 害怕；担心会发生|n. 具体的恐惧；害怕的对象|n. 敬畏|v. 感到害怕|v. 为……担心|v. 敬畏|v. 恐怕；遗憾地说|adj. 健壮的；能胜任的|n. 酒后焦虑|v. 使害怕|v. 为……忧虑
fearful	adj. 令人害怕的|adj. 胆小的；容易害怕的|adj. 糟糕得可怕的|adj. 感到害怕的|adv. 极其；非常
fearsome	adj. 令人畏惧的；骇人的|adj. 感到害怕的；胆怯的
fearsomely	adv. fearsome（可怕的）的变形
feasible	adj. 可行的；做得到的
feast	n. 盛宴；丰盛大餐|v. 享用盛宴|n. 节日；宗教节庆|n. 赏心悦目的事物|v. 尽情欣赏|v. 设宴款待|v. 供人享用；丰盛地喂养
feat	n. 壮举；出色成就|adj. 灵巧的；漂亮的（旧）|v. 塑造；制作（旧）|v. 包含并突出呈现（非正式）
feather	n. 羽毛|v. 给……装羽毛；装箭羽|v. 修成羽状|n. 动物腿部的长毛|n. 箭羽|n. 导向凸条|n. 同类；性情|v. 饰以羽毛状边缘|v. 墨水洇开|v. 轻轻触碰|v. 轻柔地移动|n. 劈石楔片
feature	n. 重要项目；主要内容|n. 面部特征|n. 软件功能|n. 显著特征；特色|v. 以……出演；包含|n. 专题报道；重点内容|n. 专题节目；专题内容|n. 形状构件；结构特征|n. 模型特征；输入变量|n. 音乐客串或合作出演|n. 语言单位的组成成分|v. 以……为重点
federal	adj. 盟约或协议形成的|adj. 联邦中央政府的|n. 联邦探员|n. 联邦主义支持者|n. 美国内战中的联邦一方成员|adj. 盟约神学的|adj. 爱打听并泄露他人私事的|n. 旧时的联邦人员|n. 联邦党成员|n. 联邦的名词化形式
federally	adv. 在联邦层面；由联邦政府
federation	n. 联合成政治实体|n. 联邦制国家或联合政体|n. 由多个团体组成的组织|adj. 联邦时期建筑风格的|n. 互联服务提供者的联合网络
fee	n. 权利或手续费用|n. 专业服务费|n. 额外小额费用|n. 可继承的土地权益|n. 以服务换取的土地使用权|n. 封建采邑土地|n. 附带服务条件的可继承土地|n. 占有物或所有物|n. 报酬或付款|n. 奖励|v. 付酬或雇用
feeble	adj. 身体虚弱的|adj. 微弱无力的；无效的|v. 使变弱
feed	n. 动物饲料|n. 连续供应的内容或信号|n. 网站内容流|n. 社交媒体信息流|v. 给……喂食|v. 取食；以……为食|v. 把材料送入机器|n. 机器送料装置|n. 一顿饭|n. 聚餐|v. 把……当食物给……|v. 给机器提供处理材料
feedback	n. 反馈意见；评价|n. 回馈信号|n. 音响啸叫|v. 向某人提供反馈|v. 使音响产生啸叫|v. 通过专门渠道传达
feel	n. 触感|n. 模糊印象|n. 直觉和把握|v. 用触觉感知|v. 感受到情绪|v. 感觉上像|n. 抚摸行为|n. 初步理解|v. 摸索着感知|v. 凭触觉察觉|v. 有某种情感态度|v. 表示同情
feelgood	[人名] 菲尔古德
feeling	n. 情绪；感受|n. 情绪状态；感情|n. 身体感觉|n. 爱意；好感|n. 直觉；分寸感|n. 看法；态度|v. 感受；感觉着|adj. 富有感情的|adj. 动情的；感人的
fell	adj. 凶狠冷酷的|v. 砍倒；使倒下|n. 伐木|n. 兽皮、毛皮|v. 击倒；杀死；摧毁|v. “fall”的过去式|v. “fall”的过去分词|adj. 尖锐或辛辣的|adj. 巨大的|adj. 热切专注的|adv. 猛烈地|n. 布料折缝部分
fellow	n. 同伴；伙伴|n. 学术机构成员；研究员|n. 男人；家伙|n. 同事；合作伙伴|v. 与……结伴或合作|n. 成套的配套物件|n. 同类的人或物|n. 同类者；同伴们|n. 英国学术或专业团体成员|n. 北美学术奖助人员|n. 美国奖学金或研究项目成员|n. 同种动物；同群动物
fellowship	n. 共同目标的伙伴团体|n. 亲密的共同体联系|n. 学术奖学金或资助|n. 学术研究职位|n. 相伴的一群人|n. 医学专科培训阶段|n. 合伙损益分摊|v. 接纳为团契成员|v. 参加团契交往
female	adj. 女性的；雌性的|adj. 女性的；雌性特征的|n. 女性；雌性个体|adj. 女性或雌性相关的生理机制|adj. 阴性的；阴性语法的|adj. 内接口的；带内螺纹的|n. 内接口；内螺纹接头|adj. 缺少 F 因子的|n. 缺少 F 因子的细菌
feminine	adj. 女性相关的|adj. 生理上的女性的|adj. 女性使用的；女性名字的|adj. 有传统女性气质的|adj. 阴性的；阴性语法的|n. 阴性|n. 阴性词|adj. 前元音和谐的|adj. 以非重读音节结尾的|n. 女性特质|n. 女人
femininity	n. 女性气质；女性特质
fence	n. 围栏；栅栏|v. 用围栏围住|v. 保护；防守|n. 销赃者|n. 口头辩论技巧|n. 机械防护栏；导向装置|n. 屏障；隔阂|n. 比赛边界线|v. 销赃|v. 击剑|v. 跳过围栏|v. 含糊应答；回避
fend	v. 自理；自立应付|v. 挡开；防住|n. 自立维生|n. 敌人；恶魔
ferraro	[人名] 费拉罗
ferry	n. 渡船|v. 运送；带到|v. 用船渡过|n. 渡口|n. 渡运服务|v. 来回接送|v. 乘船渡行|n. 渡运经营权
fertile	adj. 土地肥沃；高产|adj. 想象力丰富；创意多|adj. 有生殖能力的|adj. 能继续发育的|adj. 可转化为裂变材料的
fertiliser	[化] 肥料
fertility	n. 肥沃度；生育能力|n. 人口出生率|n. 总和生育率；女性平均生育数
fertilize	vt. 施肥, 使丰饶, 使受精
fertilizer	n. 天然肥料|n. 化学肥料
festival	n. 主题节庆活动；节展|n. 节日；节庆日|adj. 节庆的；节日的|n. 神祇庆典|n. 炸玉米面包
fetch	n. 取回；取来|n. 取回游戏|v. 取来；取回|n. 调取；获取|n. 吸引力；吸引来源|v. 卖得；获得某价格|v. 使进入某状态|intj. 方言委婉脏话|n. 风浪生成区|n. 风程；起浪距离|n. 计策；花招|n. 活人幽灵；分身
feudal	adj. 封建的；与封建制度有关的
feudalism	n. 封建制度
fever	n. 发烧；发热|n. 发热性疾病|n. 狂热；激动状态|v. 使发热|v. 变得发热|n. 一群魟鱼|n. 针对特定群体的性吸引
feverish	adj. 发热的；像在发烧的|adj. 异常亢奋的；忙得近乎失控的|adj. 近乎病态地渴望的
feverishly	adv. 兴奋地
few	det. 一些，但不多|det. 很少，没几个|pron. 少数人或事物|det. 少量云|det. 降水概率约一成
fiber	n. 一根纤维|n. 膳食纤维|n. 坚韧和意志力|n. 纤维材料|n. 纺织或制造用纤维|n. 映射中某点的原像|n. 态射上的纤维|n. 轻量执行单元|n. 组织中的长管状细胞
fibre	n. 一根纤维|n. 纤维材料|n. 膳食纤维|n. 坚韧和意志力|n. 映射的纤维|n. 态射的拉回结构|n. 轻量级执行线程|n. 组织中的长管状细胞
fiction	n. 虚构文学|n. 编造的说法|n. 法律拟制
field	n. 田野；开阔地|n. 农田；牧场|n. 比赛场地|v. 回答；应对|n. 乡间土地；田野（常用复数）|n. 矿产资源区|n. 机场；机场场地|n. 参赛队伍；参赛者整体|n. 场；作用范围|n. 数据字段|n. 画面帧；场|v. 接球并处理
fierce	adj. 猛烈的；凶猛的|adj. 坚决有力的；拼命的|adj. 神态凶悍的；气势吓人的|adj. 很棒的；非常好的|adj. 很有范儿的；大胆出众的|adv. 非常；极其
fifteen	num. 十五|n. 爱尔兰甜点方糕
fifth	adj. 第五的|n. 第五位的人或物|n. 五分之一|n. 第五个|n. 约750毫升的酒瓶|n. 五度音程|n. 复调旋律中的第五声部|v. 用第五声部演唱|v. 第五个表示支持|v. 分成五份
fifty	n. 面值50的钱|num. 五十|n. 板球50分
fifty-six	num. 五十六
fight	n. 打斗；冲突|n. 斗争；对抗|v. 与某人或某方战斗|v. 为某事奋斗|n. 人与人之间的格斗|n. 格斗比赛|n. 斗志；战斗力|v. 打斗；战斗|v. 互相打斗|v. 使参加战斗|v. 对抗；竭力阻止|v. 彼此冲突；不协调
figuratively	adv. 以比喻方式|adv. 下面是比喻说法
figure	n. 身材|n. 数字|n. 数额|v. 弄懂|n. 图表|n. 人物形象|n. 代表人物|n. 显得怎样|n. 形状|n. 纹样|n. 舞步组合|n. 修辞形象
file	n. 档案；文件夹中的材料|n. 电脑文件|n. 一列；纵队|n. 锉刀|v. 提交官方文件|v. 保存电脑文件|v. 排成一列移动|v. 用锉刀磨削|n. 一列；名单|n. 叙述的线索|n. 档案柜（北美简称）|n. 国际象棋的竖列
filer	n. 文件编档员, 文件装钉员, 锉磨工人
filing	n. 归档或提交文件|v. file 的现在分词和动名词|n. 锉削碎屑|n. 已提交的正式文件
fill	n. 足量；尽情满足的量|v. 装满；填满|v. 变满|v. 充满（情感等）|n. 装满的一份|n. 填满；装满的动作|n. 填充材料|n. 音乐填充段|v. 满足要求；办理|v. 填补职位空缺|v. 补牙|v. 堵住；阻塞
filling	adj. 很顶饱的|n. 填充物|n. 馅；馅料|n. 补牙材料；补牙|v. 正在填；填满这件事|n. 织物中的纬纱|n. 酿酒用麦汁补充液|n. 圣灵充满的宗教体验
film	n. 薄膜；薄层|n. 电影艺术；电影业|v. 用胶片拍摄|n. 胶片；感光材料|n. 电影；影片|v. 拍摄；录像|n. 细丝|v. 覆上一层薄膜
filmmaking	n. 影视制作|n. 实体胶片制造
filter	n. 过滤器；滤网|n. 筛选机制|v. 过滤；筛出|n. 信号滤波器|n. 说话的克制|n. 摄影滤镜|n. 社交媒体滤镜|v. 使光线变柔和；使内容不集中|v. 滤过；渗过|v. 陆续进入；逐渐到来|n. 数学中的滤子|v. 骑摩托车穿行车道
final	adj. 最后的；最终的|adj. 决定性的；不可更改的|n. 期末考试|adj. 最终目的的|n. 决赛|adj. 表示目的的|adj. 词末的|n. 本科毕业年级的最终考试|n. 音节的韵尾部分|n. 调式主音|v. 进入决赛
finalize	v. 敲定；定案|v. 执行最终化处理
finally	adv. 终于；最终|adv. 最后；最后一点|adv. 归根结底；说到底|adv. 最终确定地；彻底地
finance	n. 资金管理|v. 为……提供资金|n. 金融学|n. 资金；财务状况|n. 分期贷款；融资安排|v. 经营资金；处理财务|v. 支付赎金|v. 勒索赎金
financial	adj. 财务的；金融的|adj. 会费已缴清的；资格有效的
financially	adv. 在财务上；从金钱方面
financing	n. 融资；筹资|v. 正在融资；提供资金
find	n. 有价值的发现|v. 找到；定位到|v. 认为；觉得|n. 寻找、发现的行为|v. 替某人找到|v. 研究发现|v. 获得；找到机会|v. 获得；弄到|v. 得到；获得回应|v. 挑出；指出|v. 裁定；认定|v. 供给；提供
finding	n. 研究结果|n. 正式裁定|n. 发现物|n. 偶然找到|v. find 的现在分词和动名词|n. 制鞋材料和工具|n. 珠宝配件
fine	adj. 好的；优秀的|intj. 好吧；行|n. 罚款|v. 对……处以罚款|adj. 像样的；真够可以的|adj. 还好；不错|adj. 质量尚可的|adv. 很好地；顺利地|intj. 好吧，就这样|n. 细小颗粒|n. 乐曲的结尾|n. 结束记号
fine-grain	[医]细粒，细粒状的
finely	adv. 切得很细；弄成细小薄片|adv. 优美地；出色地
finger	n. 手指|n. 竖中指手势|v. 指出；归咎于|v. 用手指触碰或探查|n. 动物的指状肢端|n. 动物的指状部分|n. 手指状物体|n. 手指形食物|n. 伸出的狭长部分|n. 指示或触碰的工具|n. 怀疑或责任的指向|n. 约一指高的量
fingernail	n. 手指甲
fingerprint	n. 指尖纹路|n. 留下的指纹痕迹|v. 给人采集指纹|n. 独特识别特征|n. 公钥的唯一标识|n. 参与留下的痕迹|v. 用特征组合识别
fingertip	n. 指尖, 指套
finish	n. 结束；结局|v. 完成；做完|v. 结束；告终|n. 表面涂层；表面效果|n. 收尾；润色|n. 得分射门；最后一击|v. 给表面做最后处理|v. 使彻底结束；毁掉|n. 织物整理处理|n. 比赛结束及其安排|v. 催肥待宰动物|v. 达到性高潮
finite	adj. 有限的；有界的|adj. 限定人称或数的（动词形式）|n. 有限的事物|adj. 有限生成的
finnish	adj. 芬兰的；芬兰人的|n. 芬兰语|adj. 芬兰语的
fire	n. 火；燃烧|n. 火灾|v. 点燃|v. 解雇|adj. 太棒了|intj. 开火|n. 火堆；炉火|n. 取暖器；炉子|n. 引火材料|n. 枪炮火力|n. 激情；热情|n. 活力；热忱
firefight	n. 交火；枪战|v. 进行交火
fireman	n. 消防员|n. 蒸汽锅炉司炉工|n. 机车助手|n. 棒球救援投手|n. 煤矿安全检查员
fireplace	n. 壁炉；炉膛
firm	adj. 牢牢稳住的|adj. 结实不软的|n. 商业企业|v. 使稳固、加强|adj. 坚定不变的|adj. 态度坚决的|adj. 经得住压力的|adj. 可靠扎实的|n. 公司名称或合伙企业|v. 压实、变结实|v. 变稳固|v. 下跌后回升
firmly	adv. 坚定地|adv. 牢固地|adv. 明确地；确定地
first	adj. 第一个；最先的|adj. 最重要的；最优秀的|adv. 首先；先|adv. 第一次|n. 第一名；最前者|adj. 第一家庭成员的|adj. 从零开始编号时的第一项|n. 第一挡|n. 前所未有的事情|n. 一垒|n. 英国大学一等学位|n. 初版书
first-class	a. 最好的, 第一流的, 优秀的|adv. 最好地, 第一流地, 优秀地
first-generation	adj. 第一代移民或其家庭的|adj. 初代产品的
first-timer	n. 初次参加者
first-year	第一年的
firsthand	adj. 亲身的；直接得到的|adv. 亲自地；直接地|adj. 全新的；未转手使用的
fiscal	adj. 财政的|adj. 财政年度的|n. 财政官员|adj. 一般财务的|n. 检察官|n. 首席法律官|n. 公诉人|n. 非洲伯劳
fish	n. 鱼|n. 鱼肉|v. 捕鱼；捕捞水中动物|v. 旁敲侧击套取信息|n. 鱼类（生物分类）|n. 纸牌游戏|n. 捕鱼活动|n. 寻找或套取|n. 荧光原位杂交技术|v. 在水中搜寻其他东西|v. 用作鱼饵|v. 在杂物中摸索寻找
fisher	n. 捕鱼者；渔夫|n. 北美毛皮动物|n. 该动物的毛皮
fisherman	n. 捕鱼者；渔民|n. 捕鱼船
fishery	n. 捕鱼业；渔业|n. 渔场；渔业资源区|n. 捕鱼权|n. 渔业公司
fishing	n. 捕鱼；钓鱼|v. fish 的现在分词和动名词|n. 捕捞鱼类或其他海鲜|n. 捕鱼业；渔业|n. 捕鱼地点
fissure	n. 狭长裂缝|n. 分歧；裂痕|v. 裂开；形成裂缝|n. 身体组织中的深长裂沟|n. 皮肤与黏膜交界处的裂口
fist	n. 拳头|v. 用拳头击打|n. 指示手符号|n. 一番尝试或表现|v. 握成拳|v. 用拳头抓住|n. 电报码手法|n. 字迹|n. 一群男子|n. 猛禽的爪|n. 放屁|n. 马勃菌
fit	adj. 合适；恰当|adj. 健康强健|n. 合身程度|v. 适合；适用于|adj. 适用于某目的或环境|n. 部件之间的配合|n. 紧密配合的部位|n. 抽搐；癫痫发作|n. 症状突然发作|n. 情绪爆发|n. 一阵活动|n. 一套服装
fitness	n. 适合程度|n. 身体健康与健身状态|n. 繁殖适应度|n. 外貌吸引力
fitter	adj. 更健康；更强健|n. 装配工；安装工|n. 癫痫患者|n. 煤炭经纪人|n. 默片配乐选配人
fitting	adj. 恰当的；相称的|n. 配件；零部件|n. 试衣；调整衣服合身|n. 可搬走的室内物品|v. fit 的现在分词或动名词|n. 管道连接件|n. 装配；安装加工|n. 抽搐发作|v. 准备做某事
five	n. 数字5或写出的“5”|n. 五点钟|num. 数值5|num. 五个成员组成的|n. 面额为五的钞票|n. 五个单位的长度、数量等|n. 五岁儿童|n. 短暂休息，通常五分钟|n. 篮球五人阵容或球队
fiver	n. (英)(非正式)五镑, 票面为五镑的钞票, (美)(非正式)票面为五元的钞票
fix	n. 修理；解决办法|n. 被操纵的结果|v. 固定；粘住|v. 修理；修复|n. 困境|n. 理解；看法|n. 位置确定|v. 执着于；认定|v. 准备食物或饮料|v. 操纵；做手脚|v. 给动物绝育|v. 转化为稳定形式
fixable	a. 可固定的
fixate	vi. 使固定, 使不变, 注视|vt. 使固定, 注视
fixture	n. 房屋固定装置|n. 常驻某处的人|n. 灯具|n. 预定比赛|v. 安排比赛|n. 工件固定装置|n. 测试固定条件|v. 装上固定装置
fizzle	n. 嘶嘶声, 失败|vi. 发嘶嘶声, 失败
flag	n. 旗帜；旗子|v. 标记以示重要|v. 变弱，衰退|n. 旗帜图案|n. 旗语；挥旗示意|n. 布尔标志；状态标记|n. 命令行选项|n. 剧情预兆标记|n. 石板|n. 板岩砂岩|v. 示意拦停|v. 指出并提醒注意
flagship	n. 最重要、最具代表性的成员|n. 一组中的主舰或核心成员|n. 旗舰|v. 作为旗舰；代表
flagstone	n. 石板
flame	n. 火焰|n. 短暂热烈的恋人或恋情|v. 燃烧；冒火焰|adj. 火焰色的|n. 网上的辱骂性攻击|n. 火焰般的颜色|n. 火焰色|n. 热情或激情|v. 情绪爆发；热情高涨|v. 在网上猛烈抨击|n. 木材的火焰状卷曲纹理|n. 一种康乃馨
flammable	adj. 可燃的|adj. 易燃的|adj. 一触即发的|n. 可燃物
flap	n. 松垂的活动片|n. 拍动或拍击声|v. 使上下拍动|v. 拍动；飘动|n. 铰接的活动板|n. 飞机襟翼|n. 骚动；风波|v. 扑球失误|n. 鳐鱼侧鳍|n. 闪音|n. 未完全分离的组织瓣|n. 外阴（俚语）
flare	n. 突然闪光|n. 强光或强热的来源|n. 向外张开的部分|v. 向外张开|v. 猛烈燃烧|v. 突然发出强光|n. 突然爆发或加剧|n. 喇叭裤|n. 镜头光晕|n. 炎症发作|v. 燃烧掉多余气体|v. 使炎症加剧
flash	adj. 时髦显眼的；炫耀的|n. 闪光|n. 一瞬间|v. 使闪烁；使短暂发光|adj. 手头很有钱的|adj. 爱炫耀钱财的|adj. 极快的|n. 手电筒|n. 灵感或才智的突然迸发|n. 醒目炫目的风格|n. 相机闪光灯|n. 闪存
flat	adj. 平坦的|adj. 沉闷乏味的|n. 漏气的轮胎|n. 公寓；套房|adj. 胸部平坦的|adj. 没有变化的|adj. 固定的|adj. 语气平淡的|adj. 人物单薄的|adj. 降半音的|adj. 音偏低的|adj. 断然的
flatiron	n. 熨斗
flatter	adj. 更平的|v. 奉承；讨好|v. 用夸奖满足虚荣心|v. 使显得更好看|v. 用虚假希望安慰|v. 自以为；自我陶醉|n. 整平工具|n. 平面锤|n. 扁条拉模|n. 使变平的人或物|n. 出租公寓住户|v. 古语：自我安慰
flavor	n. 味道；风味|v. 给……调味|n. 调味物；香料|n. 口味；品种|n. 特色；意味|n. 一种类型|n. 风格；个人特色|n. 粒子种类|n. 气味；芳香
flavour	n. 味道；特色|v. 给……调味；赋予特色
flavouring	n. 调味料
flaw	n. 裂缝；断口|n. 缺点；瑕疵；破绽|v. 使有缺陷|v. 出现缺陷；裂开|n. 碎片；薄片|n. 薄冰片|n. 阵风|n. 短时风暴|n. 突然的喧闹或混乱
fledge	vt. 喂养, 用羽毛盖上, 装上羽毛|vi. 长羽毛
flee	v. 逃跑；逃走|v. 逃离；逃避|v. 迅速消失
fleet	adj. 迅速轻快的|n. 船队；车队|v. 漂浮|n. 一批相关的事物|n. 一大群人|n. 舰队；海军舰队|adj. 浅薄的（土壤）|n. 海军编制中的舰队|n. 瓦楞纸板的波纹|n. 海湾；水道|n. 驳船停泊处|n. 房屋；地板；大房间
fleeting	adj. 转瞬即逝的|n. 铁路连续放行模式|v. fleet 的现在分词和动名词
fleme	懒惰, 懒散, 吊儿郎当, 偷懒
flemming	[人名] [英格兰人姓氏] 弗莱明 Fleming的变体
flesh	n. 身体的柔软肉组织|n. 可食用的动物肉|n. 皮肤|n. 裸露的身体部位|n. 人的肉身|n. 与灵魂相对的肉身|n. 人的欲望与败坏本性|n. 水果或蔬菜的果肉|n. 肉色、黄粉色|n. 温柔、恻隐之心|n. 亲族、血缘|v. 用肉喂猎兽
flexibility	n. 柔韧性；灵活变通|n. 选择余地；调整空间
flexible	adj. 能弯曲而不断裂|adj. 能适应变化，能够变通|adj. 愿意让步，态度不僵硬|adj. 可以改造或调整成不同形式|n. 柔性材料或包装
flexibly	adv. 易曲地, 柔软地
flicker	n. 闪烁的光|v. 闪烁|v. 一闪而过|n. 短暂的一闪|n. 啄木鸟|v. 扑动；拍动|n. 弹拨者
flight	n. 飞行|n. 一次飞行|n. 航班|n. 一段楼梯|n. 相隔楼梯的一层|n. 球的飞行路线|n. 箭或投射物的轨迹|n. 一组葡萄酒试饮|n. 一组饮品试饮|n. 幻想或想象|n. 逃跑|adj. 迅速的
fling	n. 猛扔；投掷|v. 猛扔；掷出|n. 猛甩身体；舞动|n. 放纵一阵|n. 尝试|n. 苏格兰乡村舞|n. 短暂恋情|n. 讥讽；挖苦|n. 无足轻重之物|v. 猛冲；突然移动|v. 甩动；猛踢|v. 讥讽；嘲弄
flip	adj. 轻浮而不严肃|n. 翻转；翻面动作|n. 彻底转变|v. 把……翻过来|v. 弹动；快速转动|adj. 讽刺的|adj. 轻佻而不尊重|intj. 真烦；怎么回事|n. 短线买卖获利|v. 使某方胜出|v. 倒戈作证|v. 使某人倒戈作证
flo	n. 弗洛（女子名）
float	n. 浮具|v. 漂浮|v. 漫无目的地飘动|v. 提出想法|n. 木筏|n. 抹平工具|n. 游行花车|n. 泳池浮床|n. 送货车|n. 待付资金|n. 公开发售|n. 未结算支票总额
flock	n. 鸟群|n. 羊群；动物群|v. 成群涌向|n. 牧师带领的信徒|n. 一大群人|n. 宗教会众|n. 填充用纤维团|n. 一绺羊毛或头发|n. 绒屑涂层材料|v. 拥向某人|v. 植绒覆盖|v. 给圣诞树覆雪
flood	n. 洪水；水灾|n. 大量涌来的事物|v. 泛滥；涌入|v. 使大量充斥；使应接不暇|n. 涨潮；潮水涌入|v. 淹没；灌满|n. 泛光灯|n. 经血；月经流出|n. 水面；与陆地相对的水域|v. 刷屏干扰聊天|v. 大量出血
floodgate	n. 水门, 水闸, 防潮水闸
flooding	n. 泛滥；大量涌入|v. 正在淹没；涌入|n. 情绪淹没；情绪失控|n. 洪泛疗法；集中暴露疗法
floodwater	n. 洪水
floor	n. 房间的地面|n. 自然空间的底部|v. 给建筑铺地面|v. 击倒在地|n. 建筑的分层底板|n. 桥等结构的承重面|n. 建筑的一层|n. 议会中的议员席区域|n. 发言权|n. 向下取整后的整数|n. 在地面上进行的体操项目|n. 体操用地垫或地面
flora	n. 植物群|n. 植物志|n. 微生物群
flour	n. 面粉；食用细粉|n. 标准小麦粉|v. 撒粉；裹粉|n. 其他材料的粉末|n. flower 的旧拼写|v. 磨成粉|v. 使汞分散成细珠
flourish	n. 装饰性笔触|v. 蓬勃生长|v. 兴盛繁荣|n. 华丽挥动|n. 仪式性华彩乐段|v. 处于鼎盛期|v. 使发展壮大|v. 夸张挥动|n. 建筑装饰|v. 炫示性动作|v. 卖弄辞藻|v. 用笔作花饰
flow	n. 连续流动|n. 液体或比喻之物的流动|v. 流动|v. 顺畅进行|n. 涨潮|n. 顺畅和连贯|n. 流量或流动速率|n. 心流状态|n. 月经流量|n. 说唱节奏感|n. 软件流程|v. 涌出或产生
flower	n. 花|v. 开花|n. 植物学上的花|n. 开花植物|n. 花枝；切花|n. 开花状态|n. 精华；最优秀者|n. 鼎盛时期|n. 赞誉；认可|v. 用花朵图案装饰|v. 发展成熟；达到顶峰|n. 外阴
flu	n. 流感|n. 肠胃型流感
fluctuant	a. 变动的, 波动的, 起伏的
fluctuate	v. 波动|v. 犹豫不定|v. 使波动|adj. 上下翻涌的|adj. 摇摆不定的|v. 起伏；波动|v. 随波起伏
fluctuation	n. 波动；起伏|n. 摇摆；不稳定|n. 体液波动感
fluency	n. 流畅性|n. 语言流利程度|n. 熟练而自然的发挥
fluent	adj. 语言流利的|adj. 流畅的；流动自然的|adj. 流畅接口的|n. 连续变量（旧数学术语）
fluid	adj. 流体的；流动的|adj. 易变的；尚未确定的|adj. 流畅的；动作连贯的|n. 流体|adj. 容易变现的|n. 液体|n. 输液|adj. 性别认同流动的
flumist	[医]鼻内用流感疫苗<生物制品>
flush	adj. 平齐的|n. 冲厕所|v. 冲厕所|v. 脸红|adj. 手头富裕的|adv. 突然完全地|n. 突然涌动|n. 清空缓存|n. 脸红|n. 红色晕染|n. 情感涌动|n. 同花
fluster	n. 慌乱, 激动, 紧张不安|vt. 使紧张, 使慌张, 使激动|vi. 慌乱
fly	adj. 时髦漂亮的|n. 双翅目昆虫|n. 飞行（旧用法）|v. 飞；飞行|n. 苍蝇|n. 类似的飞虫|n. 仿昆虫钓鱼拟饵|n. 扩胸动作|n. 蝶泳|n. 一次飞行|n. 高飞球|n. 传球路线
flywheel	n. 储能稳速的飞轮
foam	n. 泡沫；泡沫团|n. 泡沫材料|v. 起泡；冒泡沫|n. 海浪泡沫|v. 口吐白沫|v. 用泡沫覆盖|n. 海面|n. 暴怒|n. 运动鞋
focus	n. 光学焦点|n. 注意力集中|n. 关注重点|v. 把注意力或精力集中于|v. 集中注意力|v. 专注于某事|n. 圆锥曲线焦点|n. 成像是否清晰|n. 清晰度或对焦状态|n. 界面当前焦点|n. 句子或语篇重点|v. 使光线汇聚
focus-group	v. 用焦点小组检验想法
foe	n. 敌人；对手|adj. 敌对的|n. 能量单位|n. “言论自由”的缩略语|n. “邪恶势力”的缩略语
fog	n. 浓雾|v. 起雾|n. 表面的雾膜|n. 头脑迷糊|v. 因水汽变蒙|v. 变模糊|v. 使变模糊|v. 用雾覆盖|v. 使表面被水汽遮住|v. 使难以理解|adj. 非法取得的真护照|n. 照片上的银雾
foggy	adj. 雾蒙蒙的；模糊不清的|adj. 头脑昏沉的；糊里糊涂的|adj. 长满或带有高草的
fold	n. 折叠一下|n. 牲畜圈|v. 折叠|v. 失败；垮掉；解散|n. 折起或包住的部分|n. 地面的缓坡或凹曲|n. 地层褶皱|n. 报纸折线以上的版面|n. 网页首屏分界|n. 可折叠代码段|n. 倍数中的一份|n. 农场围场
folder	n. 纸质文件夹|n. 电脑文件夹|n. 折叠者或折叠工具|n. 折叠刀
folding	adj. 可折叠的|n. 折叠；折痕|n. 代码折叠|n. 纸钞|v. 正在折叠；折叠|n. 把羊圈在耕地上放牧|n. 地层褶皱
folk	adj. 民间的；民族传统的|n. 人们；普通人|adj. 平民的；普通民众的|adj. 民间流传的|n. 家人；亲属|n. 民间音乐|adj. 地方建筑的|n. 民族；部族；族群
follow	v. 跟随；追赶|v. 遵照；执行|v. 理解；听懂|n. 关注；订阅|v. 接着出现|v. 信奉；奉行|v. 持续关注|v. 关注账号；订阅|v. 由此可知；因此|n. 跟随球击|v. 沿着；从事
follower	n. 跟随者|n. 拥护者；信徒|n. 社交媒体关注者|n. 后续的东西|n. 模仿者|n. 追赶者|n. 侍从；随从|n. 随动部件|n. 求婚者；追求者|n. 幼牛|n. 烛顶匀蜡器|n. 澳式足球的跟球球员
following	adj. 接下来的；下面的|n. 追随者群体|n. 下列内容；下文|adj. 下文将要说明的|prep. 在……之后|prep. 按照；遵照|v. follow 的现在分词和动名词|adj. 顺风的|n. 职业；行业|n. 社交媒体上的关注对象
followup	v. 把…探究到底；回答
fond	adj. 喜爱；喜欢|adj. 亲切的；充满感情的|adj. 溺爱的；宠爱的|n. 锅底焦香残渣|adj. 荒唐的；傻气的|adj. 愚蠢的；简单的|adj. 受宠爱的；被珍视的|n. 蕾丝底纹|n. 同源档案集合|n. 基础；底部|n. 储备；存量|v. 愚爱；痴爱
fondness	n. 喜爱；偏爱；亲切感
food	n. 食物；吃的东西|n. 一种食品；食品种类|n. 精神食粮；滋养某种思想或活动的东西|n. 毒品（俚语）
foodie	n. 美食爱好者
fool	adj. 愚蠢的|n. 傻瓜；判断力差的人|v. 欺骗；愚弄|n. 文学或影视中的滑稽角色|n. 受骗者；被弄得出丑的人|n. 对某事特别着迷或乐此不疲的人|n. 水果奶油甜点|v. 胡闹；做傻事|n. 宫廷小丑|n. 伙计；朋友|n. 塔罗牌“愚者”|v. 使某人变成傻瓜
foolish	adj. 不明智的|adj. 傻气的；愚笨的
foot	n. 人的脚|n. 底部；根部|n. 英尺|v. 支付账单|n. 动物的足|n. 步行|n. 床边等供脚放置的地方|n. 桌尾|n. 支脚；小支撑部件|n. 英尺的缩写|v. 用脚踢|v. 合计账目
football	n. 足球运动|n. 英式足球|n. 美式橄榄球|n. 足球；比赛用球|n. 加式橄榄球|n. 澳式足球|n. 盖尔式足球|n. 橄榄球（澳大利亚等地）|n. 橄榄球|n. 橄榄球（部分地区）|n. 踢法；比赛风格|n. 争来争去的话题
footballer	n. 英式足球运动员|n. 一种鱼|n. 美式橄榄球运动员
footprint	n. 脚印|n. 行动留下的痕迹|n. 占用空间|n. 程序占用的磁盘空间|n. 留下的先例或人生轨迹|n. 建筑占地轮廓|n. 市场存在范围|n. 生态影响|n. 程序崩溃留下的记录|n. 卫星覆盖范围|n. 物体的平面轮廓
footstep	n. 脚步, 脚步声, 足迹
for	prep. 给；面向|prep. 为了某人的利益|prep. 因为；由于|prep. 引出不定式的主语|prep. 朝向；前往|prep. 适合；适用于|prep. 用于；供……使用|prep. 支持；赞成|prep. 用于治疗或消除|prep. 给……让位|prep. 等待；准备迎接|prep. 寻找；搜查以找出
forage	n. 动物饲料|v. 搜寻并收集食物|v. 动物觅食|n. 觅食行动|v. 翻找|n. 军队征取饲料|v. 一路搜掠
forb	n<美>非禾本草本植物
forbid	v. 禁止；不准|v. 禁止某人进入或接近|v. 阻止；妨碍|v. 诅咒；使遭殃|v. 蔑视；挑战
forc	[计]= FORmula Coder,公式编码器
force	n. 影响力；力量|n. 物理学中的力|n. 强制力；暴力|v. 迫使某人做某事|n. 一种物理力|n. 产生重大改变的力量|n. 造成物理作用的力量|n. 施加影响的因素或力量|n. 影响某事的力量|n. 法律上的强制力或暴力|n. 军队或警察部队|n. 有组织的行动力量
forceful	adj. 强有力的；强硬施压的
forcefully	adv. 强有力地；强硬地
ford	n. 涉水处；浅滩|v. 涉水渡过|n. 福特汽车|n. 水流
fore	adj. 前部的|adv. 在前面|n. 前部；前方|adv. 在船头方向|intj. 注意来球|adj. 先前的|adv. 以前|n. Fore族人
forecast	n. 预测；预报|v. 预测；预报|v. 预示；预兆|n. 复式赛精确预测|v. 预先筹划
forecaster	n. 预报员
forefather	n. 祖先
forefront	n. 最前沿；领先位置|v. 使成为关注重点
forehead	n. 额头；前额|n. 厚脸皮；冒失的胆量|n. 手机屏幕上方区域
foreign	adj. 外国的；在外地的|adj. 外国的；来自别处的|adj. 涉及别国的|adj. 外来的；不属于系统的|adj. 陌生的；不合适的|adj. 另一司法辖区的|adj. 外部组织的；他行的|adj. 被排斥的；被放逐的|adj. 户外的；在外面的|n. 外国人|n. 外国人|n. 外国车辆
foreign-born	adj. 在国外出生的|n. 在国外出生的人
foreigner	n. 外国人|n. 行业中的私活
foremost	adj. 最靠前的|adj. 最重要的；最杰出的|adj. 最先的|adv. 在最前面|adv. 首先|adv. 最重要地|adj. 船头附近的
foresee	v. 预见；预料|v. 预先提供；预作准备
foreseeable	adj. 可预见的；可预料的
foreshadow	vt. 成为前兆, 预示
foresight	n. 远见；预见力|n. 准星|n. 向前观测；前视读数
foresighted	a. 有先见之明的, 深谋远虑的
forest	n. 森林；大片林地|n. 密集的一大片|n. 森林绿|n. 历史上的特许林地|n. 无环图的集合|n. 活动目录中的域集合|v. 植树造林
forester	n. 林业工作者|n. 森林袋鼠|n. 森林居民|n. 斑蛾|n. 森林蝴蝶
forestry	n. 林业科学|n. 森林经营与更新|n. 植树育林的实践|n. 商业性树木种植业|n. 人工林场|n. 林地
foretell	vt. 预言, 预告, 预示
forethought	n. 事先的考虑, 事先的筹划, 深虑, 先见
forever	adj. 永久的；永恒的|adv. 永远；永恒地|adv. 很久；好像永远那么久|adv. 老是；不断地|n. 很长的一段时间|n. 永远不会到来的未来
forge	n. 锻造炉|v. 锻造金属|v. 努力建立|n. 锻造工场|n. 软件协作平台|v. 仿造伪造|v. 捏造虚假内容|v. 艰难前进|v. 突然加速领先|n. 锻造过程
forgery	n. 伪造行为|n. 伪造品；赝品|n. 金属锻造|n. 创造；编造
forget	v. 忘记；记不起|v. 忘了做；疏忽漏做|v. 把东西忘在某处|v. 不再记着；别再提|v. 忽略；没意识到|v. 轻度骂人或诅咒语
forgetful	adj. 健忘的|adj. 舍去结构的
forgetfulness	[计] 忽视
forging	n. 锻造过程|v. forge 的现在分词和动名词|n. 锻造件
forgive	v. 原谅某人|v. 原谅某事|v. 免除债务|v. 给予宽恕|v. 宽容缺点|v. 抵消负面影响
forgiveness	n. 原谅的行为|n. 宽恕之心
fork	n. 叉子；叉状工具|n. 道路分岔处|n. 人生岔路口；选择时刻|v. 分叉；分成多支|n. 道路的分支|n. 河流的分流处|n. 分支；叉头|n. 比喻性的分岔点|n. 软件分支；副本|n. 代码分支|n. 内容分支|n. 信息源分叉
form	n. 形状；外形|n. 形式；结构；组织方式|n. 表格；填写用的文件|v. 形成某种形状|v. 塑造；使成形|v. 形成；成形|n. 艺术中的形式|n. 惯例；既有做法|n. 年级；年级学生|n. 范本；样式|n. 词形；语法形式|n. 窗口；对话框
formal	adj. 正式的；合乎规范的|adj. 官方的；正式提出的|adj. 拘谨的；不随意的|n. 晚礼服|n. 正式舞会；正式着装活动|adj. 形式或结构上的|adj. 形成阶段的；与形成有关的|adj. 礼仪性的；传统正式的|adj. 正式成立的；组织有序的|adj. 按严格规则定义的|adj. 只涉及符号形式的|n. 形式参数
formally	adv. 正式地；庄重地|adv. 正式地；按官方程序地|adv. 按严格规则地；形式化地
format	n. 版式；开本|n. 呈现形式|v. 排版；编排|n. 广播节目类型|n. 文件类型|v. 转换页面规格|v. 格式化存储设备
formation	n. 聚拢成形|n. 形成后的结构|n. 形成过程|n. 军事编组|n. 行进队形|n. 比赛阵型|n. 地质岩层|n. 职业或宗教培育|n. 范畴论结构
formative	adj. 对成长阶段有塑造作用的|adj. 用于促进学习的形成性评价|adj. 有形成或塑造能力的|n. 构词单位|n. 促成形成的因素|n. 派生词
former	adj. 以前的|adj. 前者的；前者|n. 成形者；创立者|n. 成形模具；样板|n. 某年级学生
formerly	adv. 以前以某名或身份出现|adv. 以前；曾经
formidable	adj. 令人敬畏的；气势强大的|adj. 难以战胜的；难以克服的
formula	n. 数学公式|n. 化学式|n. 成功方法|n. 配方；处方|n. 固定说法|n. 婴儿配方奶|n. 逻辑公式|n. 教义正式表述
formulate	v. 明确表达；拟定
formulation	n. 方案或配方的形成|n. 药品或产品制剂、配方
fors	abbr. 方程式救援座位
forsake	v. 抛弃；背弃；放弃|v. 拒绝接受|v. 躲避；避开|v. 使失望；不再支持
forth	adv. 从此以后；向前发展|adv. 从某处向外出现|adj. “第四的”的误拼|adv. 越过边界向外|n. “第四个”的误拼|prep. 从……出来；离开……
forthcoming	adj. 即将发生的|adj. 可得到的；会提供的|adj. 坦诚配合的；愿意提供信息的|n. 出现；来到|n. 将来出现的事物|v. forthcome 的现在分词或动名词
forthright	adj. 坦率直接的|adj. 直言不讳的|adj. 简单明了的|adv. 直截了当地|adv. 立即|adj. 确定的|adj. 径直向前的|adv. 迅速地|adv. 径直地|n. 直路
fortnight	n. 两周；十四天
fortnightly	adj. 每两周一次的|adv. 每两周一次地|n. 双周刊
fortunate	adj. 因好运而发生的；碰巧有利的|adj. 幸运的；走运的|adj. 吉利的；预示顺利的
fortunately	adv. 幸运的是；幸亏|adv. 幸运地；走运地
fortune	n. 命运，尤其是好运|n. 好运|n. 财富，个人拥有的钱|n. 算命结果|n. 幸运饼干里的纸条|n. 偶然发生，机缘|n. 一大笔钱|v. 为某人算命|v. 给某人带来命运或好运|v. 发生，发生在某人身上
forty	num. 四十|adj. 像堡垒的|n. 四十盎司啤酒瓶
forty-four	num. 四十四|adj. .44 口径的|n. .44 Magnum 手枪
forum	n. 讨论场所|n. 讨论活动|n. 网络论坛|n. 小组讨论会|n. 古罗马公共广场
forward	adj. 前面的；前部的|adv. 向前；继续推进|n. 足球前锋|v. 转发；转寄|adj. 前线的；前方的|adj. 朝向前方的|adj. 向前运动的|adj. 向前发展的|adj. 按正常顺序的|adj. 未来的；预期的|adj. 进度超前的|adj. 冒失大胆的
forward-thinking	adj. 有远见且进步的
forwards	adv. 向前；朝前方|v. forward 的第三人称单数现在时|adj. 向前的
fossil	n. 生物遗骸化石|n. 远古生命的保存证据|n. 陈旧过时的事物|n. 化石词|n. 守旧的人
foster	adj. 寄养的；提供寄养照护的|adj. 寄养的|v. 寄养；养育|v. 促进；培养|adj. 寄养家庭的|n. 寄养父母|n. 寄养照护；监护|v. 呵护；珍视|n. 林务员；护林人|v. 共同受养育或训练
foul	adj. 脏的；污秽的|n. 犯规|v. 弄脏|v. 堵塞；妨碍|adj. 粗俗的；下流的|adj. 讨厌的；令人厌恶的|adj. 恶心的；令人作呕的|adj. 恶劣的；风雨交加的|adj. 犯规的；不正当的|adj. 界外的|n. 界外球|v. 玷污；损害名声
found	v. 建立组织或机构|v. 以……为依据|v. 开始建造|v. 熔化金属或玻璃|v. 熔铸成形|n. 食宿供给|n. 熔炉的最高温熔化阶段|n. 制梳用薄锉刀
foundation	n. 地基；支撑物|n. 基础；根基|n. 建立；奠基|n. 建筑下部结构|n. 基金；捐赠基金|n. 基金会；公益机构|n. 粉底|n. 理论依据；学科基础|n. 基础牌堆
foundational	adj. 根本的；基础性的|adj. 与基础或地基有关的
founder	n. 创始人|v. 进水下沉|v. 失败、告终|n. 共同祖先|v. 失足、跛行|n. 熔炼工|n. 铸造工|n. 马的严重蹄叶炎|n. 美国建国先贤|v. 使船进水沉没|v. 使马跛行
fountain	n. 喷泉|n. 来源|v. 喷涌而出|n. 泉水源头|n. 喷泉装置|n. 汽水机|n. 现打汽水或其杯装饮料|n. 喷泉烟火|n. 液体储槽|n. 纹章中的波纹圆形图案|n. 杂耍抛接套路|n. 喷涌状事物
four	n. 数字4|num. 四|n. 四个单位|n. 四点钟|n. 四岁的人|n. 板球中的四分球|n. 篮球四号位|num. 四个组成的一组|n. 四人赛艇|n. 大学四人赛艇|n. 四便士的酒
four-year	四年的|四年制的
fourfold	a. 四重的, 四倍的, 四垒的|adv. 四倍, 四重
fourteen	num. 十四
fourth	adj. 第四的|n. 第四个；第四位者|n. 四分之一|n. 汽车第四挡|n. 音乐四度|n. 更小的时间单位|v. 第四次支持提议
fowler	n. 捕猎野鸟的人
fox	n. 狐狸|n. 狡猾的人|v. 用计谋骗过或智胜|n. 狐狸皮毛|n. 猎狐㹴|n. 有吸引力的人|n. 红棕色头发的女性|n. 莱斯特城俱乐部相关人士|n. 叉头框蛋白缩写|v. 使困惑或难住|n. 一种鱼|n. 小股绳
foxhole	n. 散兵坑
fraction	n. 一部分|n. 分数|n. 分离出的成分|n. 少量|n. 圣餐中掰饼|n. 破裂；破碎|v. 分成若干部分|v. 分馏
fracture	n. 断裂处；破裂|n. 骨折|v. 断裂；使断裂|n. 岩石裂隙；断层|v. 把人逗得大笑
fragile	adj. 易碎的；不结实的|adj. 脆弱的；容易被破坏的|adj. 身体虚弱的|adj. 情感脆弱的；过于敏感的|n. 易碎物品
fragment	n. 碎片；片段|v. 破碎；分裂|n. 句子片段|n. 代码片段|n. 网址片段|v. 使分裂；使破碎|v. 使文件碎片化|n. 无性繁殖产生的个体片段|v. 通过分裂进行无性繁殖
fragrant	adj. 芬芳的；芳香的
frame	n. 结构框架|n. 画框|n. 理解语境|v. 组合构建|n. 组合成的结构|n. 体格|n. 电影画面|n. 斯诺克一局|n. 保龄球计分回合|n. 网页滚动区域|n. 棒球一局|v. 使适合；调整
framer	n. 组成者, 构成者, 筹划者
framework	n. 建筑骨架|n. 基本概念结构|n. 支撑结构|n. 树木主枝骨架|n. 软件开发框架|n. 语言分析体系
franch	n. 法语；法国
franchise	n. 商业经营授权|n. 获授权经营的店或企业|v. 授予权力或经营授权|n. 选举权|n. 官方授予的权利|n. 体育队伍的长期实体|n. 品牌带来的消费号召力|n. 获授权的虚构作品系列|v. 授权他人销售或分销|n. 公司法人资格或所有权确认|n. 法律豁免|n. 公司或国家的成员资格
franco	n. 法国人|n. 卢卡旧货币|n. 赤道几内亚使用的非洲法郎|n. Franco的大小写变体
frank	adj. 坦率的；直言不讳的|n. 热狗肠；香肠|adj. 明显的；无疑的|adj. 不受限制的；自由的|adj. 慷慨的；大量的|adj. 放纵的；不受约束的|n. 免费邮寄权|n. 免邮标记|n. 苍鹭|n. 猪栏；猪圈|n. 法郎的旧式拼写|n. 法兰克人
frankly	adv. 坦率地；直截了当地|adv. 说实话；坦白说|adv. 明显地；十足地
fraud	n. 欺诈罪；骗钱|n. 为不当获利而欺骗|n. 冒充身份进行欺骗|n. 骗子；冒牌货|n. 陷阱；捕捉装置|v. 欺骗；骗取
free	adj. 自由的；不受约束的|adj. 免费的|adj. 没有；免于|v. 释放；使自由|adj. 附送的；不另收费的|adj. 畅通的；未被堵住的|adv. 免费地|n. 任意球|n. 免转会费签入的球员或转会|n. 自由泳项目|v. 使摆脱；解除困扰|adj. 内心无愧；不受道德束缚
free-range	adj. 自由放养的|adj. 可自由外出的|adj. 自由放养式育儿的
freedom	n. 自由状态|n. 不受某项限制|n. 自由使用或进入的权利|n. 坦率；不拘束|n. 失礼的放肆行为
freelance	adj. 自由职业的|n. 自由职业者|v. 做自由职业|v. 以自由职业方式提供服务|n. 中世纪雇佣骑士
freely	adv. 自由地；畅通地|adv. 不受限制地；无拘束地|adv. 自愿地；主动地|adj. 坦率的；不拘束的|adj. 慷慨高贵的；美好的
freestyle	n. 自由选择方式的体育项目|v. 即兴发挥或即兴说唱|n. 广义的自由式比赛|n. 即兴说唱|n. 随性即兴的做法|v. 即兴跳舞|v. 不受限制地即兴做某事|n. 一种拉丁电子舞曲
freethinking	n. 自由思想|a. 自由思想的
freeze	v. 结冰|v. 机器或程序卡住|v. 因害怕或惊讶而僵住|n. 严寒天气|n. 行动暂停|n. 程序或系统卡死|n. 工资或招聘冻结|v. 冷冻某物|v. 降到冰点以下|v. 冷得厉害|v. 使人僵住|v. 冷落或疏远
freezer	n. 冷冻柜；冰柜|n. 冷冻室；冷冻格|n. 系统冻结装置|n. 步态冻结患者
freight	n. 货运；货物运输|n. 货物；运输中的物品|v. 给运输工具装货；租用其运货|n. 运费|n. 负担；重负|n. 附带的情感或文化含义|v. 运输货物|v. 装载或储存物品|v. 比喻承载负担|adj. 装满货物的|n. 货运列车|v. 装载；运载（常与up连用）
frenchmen	n. 法国人（Frenchman的复数）
frenzy	n. 狂热忙乱；疯狂状态|n. 狂躁；暴怒|adj. 疯狂的；狂乱的|v. 使发狂|v. 呈现狂热状态
frequency	n. 发生率；发生频率|n. 频率（每秒振动次数）|n. 频繁；经常发生的程度|n. 频数；出现次数|n. 气质；氛围；调调
frequent	adj. 经常的；频繁的|v. 常去；常光顾|adj. 间隔很短的|adj. 惯于反复做某事的|adj. 拥挤的；挤满人的|adj. 常被传述的
frequently	adv. 频繁地；经常地|adv. 对无穷多个项成立
fresh	adj. 刚有的；最近的|adj. 新鲜的；未变质的|adj. 清爽的；凉爽宜人的|adj. 鲜嫩的；仍然绿色的|adj. 淡水的；无盐的|adj. 精力充沛的；休息好的|adj. 未经训练的；生疏的|adj. 时髦的；很酷的|adj. 无礼的；冒失的|adv. 刚刚；最近|adj. 年轻鲜活的|adj. 微醉的
freshener	n. 清凉剂
freshly	adv. 刚刚；最近|adv. 无礼地；冒失地
freshman	n. 大一新生；第一年成员|n. 新手；初学者
freshness	n. 新鲜；清新
fret	n. 乐器品格|v. 烦躁；恼怒|v. 磨损；磨破|v. 忧虑；操心|n. 液面波动|n. 烦躁；恼怒|n. 装饰格纹|n. 福斯特共振能量转移|n. 荧光共振能量转移|v. 使恼火；使烦躁|v. 使水面起波纹|v. 挥霍；耗尽
freud	n. 佛洛伊德（856-1939, 奥地利心理分析学家及精神病学家）
friction	n. 表面相互摩擦|n. 阻碍运动的摩擦力|n. 意见或利益冲突|n. 按摩疗法|n. 特定历史冲突
friday	adv. 在星期五|n. 星期五|n. 个人工作周的最后一天
fridge	n. 冰箱|v. 放进冰箱冷藏|v. 让角色为推动他人而退出剧情|v. 摩擦某物|v. 摩擦、磨蹭|v. 抖动、扭动
friend	n. 朋友|n. 帮助者；支持者|n. 熟人|n. 支持者|n. 有益的东西|n. 警告时的称呼|n. 一群同伴|v. 加为好友|n. 友元|n. 攀岩保护器|n. 恋人|n. 亲属
friendliness	n. 友好；亲切
friendly	adj. 亲切友好|adj. 友好的、亲切的|adj. 对某事物友好、易于使用|adj. 适合、不妨碍|adj. 没有敌意的|adj. 友方的|adv. 友好地|n. 友谊赛|n. 友方人员或单位|adj. 有利的、助益的|adj. 亲和数的
friendship	n. 友谊；友情|n. 一段朋友关系|n. 善意；友好
fright	n. 惊吓；恐惧|n. 吓人的丑东西；吓人相貌的人|adj. 害怕的|v. 使害怕
frighten	v. 使……害怕；吓到|v. 受惊；变得害怕
fringe	adj. 非主流的；边缘的|n. 装饰性的边饰；流苏|n. 外围；边缘部分|n. 边缘的一圈植物或物体|n. 边缘群体|n. 边缘团体的；外围团体|n. 城市或地区的外围|n. 刘海|v. 给……加流苏边|v. 形成……的边缘|n. 外围地区的人或居民|n. 衍射条纹
fritillary	n. 贝母, 豹纹蝶
fritz	v. 出故障|n. 故障状态|n. 德国人（冒犯性）|n. 澳大利亚式加工肉肠
frizzle	n. 拳发, 拳曲|v. (使)拳曲
frog	n. 青蛙|n. 弓根|n. 道路（伦敦俚语）|n. 蛙形鱼饵|v. 捕捉青蛙|v. 像青蛙一样摊开|v. 拆掉针织部分|n. 砖面凹槽|n. 马蹄蛙|n. 铁路辙叉|n. 电车线导向部件|n. 变节政客
from	prep. 来自；源于|prep. 从……移开；从……取下|prep. 使免于；排除在外|prep. 始于；来自某个年代|prep. 从……开始|prep. 从……中减去|prep. 不同于；区别于|prep. 由……制成|prep. 由于；因……而|prep. 从很小的时候起
front	adj. 前面的；最前方的|n. 前面；前端|n. 门面人物；掩护组织|v. 面向；朝向|adj. 前元音的|n. 建筑物正面|n. 领域；战线|n. 天气锋面|n. 战线；前线|n. 敌方方向|n. 假象；伪装|n. 开端；开始阶段
frontier	n. 边疆；边界地带|n. 前沿；尖端领域|v. 在边疆开拓生活|n. 堡垒外防御工事|v. 置于边疆
frost	n. 霜；霜层|n. 霜冻天气；严寒|v. 给……覆霜|v. 结霜|n. 冷漠；冷硬|v. 给蛋糕加糖霜|v. 惹恼；使生气|n. 冻结|n. 霜白色|n. 失望；骗局|n. 柔光扩散器|v. 给马蹄钉防滑尖
frown	n. 皱眉；蹙眉的表情|v. 皱眉；蹙眉|v. 对……不赞成；不以为然|n. 嘴角下垂的悲伤表情|n. 表示不赞成的表情|v. 用不悦的表情压制或斥责|v. 用皱眉表达
frugal	adj. 节俭的；不浪费的|adj. 朴素省钱的；节俭供应的
fruit	n. 可食的水果或类似部分|n. 成果；结果|n. 植物学上的果实|n. 植物受精后形成的结构|n. 水果的；结果实的|v. 结果实|n. 对男同性恋者的贬称|n. 性结合产生的后代|n. 疯子；古怪的人|n. 专业缩略语
fruitful	adj. 富有成效的；有成果的|adj. 肥沃的；适合结果的
fruition	n. 实现；成果|n. 享受；满足|n. 结果实
fruitless	adj. 不结果实的|adj. 徒劳的；无成效的|adj. 不能生育的|adj. 不含水果的
frustrate	v. 使未能如愿|v. 阻碍，妨碍|v. 使烦恼、使受挫|adj. 徒劳无效的
frustration	n. 挫败感；懊恼|n. 使受挫的行为或受挫状态|n. 令人受挫的事物|n. 无明确对象的恼怒
fry	n. 炸薯条|v. 煎、炸食物|n. 英式煎肉蛋早餐|n. 鱼苗|v. 正在煎炸|v. 被高温灼伤|v. 被电击致死或遭处决|v. 烧坏电子元件|n. 羊肝|n. 羊羔或小牛的睾丸|n. 兴奋状态|n. 后代、幼崽
fsa	n. 灵活支出账户或安排|n. 加拿大邮政前向分拣区|n. 有限状态自动机|n. 佛罗里达州评估考试|n. 企业特定优势|n. 古物学会会士
ftc	abbr. （美）联邦贸易委员会（Federal Trade Commission）；（日）公平贸易委员会（Fair Trade Commission）
fuel	n. 燃料；能量来源|n. 助长因素；推动力|v. 助长；加剧|n. 给身体提供能量的食物|v. 给……加燃料
fulfil	v. 履行；实现；满足
fulfill	v. 履行；完成|v. 使满足；实现自我|v. 满足要求；符合条件|v. 配货并发货|v. 填满
fulfillment	n. 完成；履行；满足
fulfilment	n. 实现；完成|n. 满足感|n. 订单履行
full	adj. 装满的|adj. 完整的；详尽的|adj. 全部的；整个的|adj. 完整授权的；正式的|adj. 吃饱的|adj. 充满……的|adj. 手头拿满的；忙不过来的|adj. 丰满的；圆润的|adj. 满的（月亮）|adj. 宽松的；褶量足的|adj. 浑厚饱满的|adj. 全神贯注于……的
full-time	adj. 全职的；全日制的|adv. 全职地；全时间地
fully	adv. 完全地；充分地|adv. 足足；整整|adv. 完全同样地|adv. 真的；确实|adv. 吃饱；吃到满足|v. 交付审判
fulton	n. 富尔顿（姓氏）
fume	n. 臭气, 烟, 激怒|vt. 熏|vi. 冒烟
fun	adj. 好玩；有趣|n. 乐趣；开心|adj. 俏皮的；夸张有趣的|n. 嬉闹；热闹的玩乐|v. 逗弄；取笑
function	n. 功能；作用|v. 起作用；发挥功能|v. 运转；在起作用|n. 职位；职责|n. 正式活动；社交活动|n. 由……造成的结果|n. 依存关系|n. 数学函数|n. 程序函数|n. 生理功能|n. 活动；聚会|n. 化合物的特性行为
functional	adj. 运转正常的|adj. 实用的；有用途的|adj. 偏重实用功能的|adj. 职能上的；与职责有关的|adj. 功能性的（医学、心理学）|adj. 函数的；与函数有关的|adj. 函数式的|n. 泛函|n. 线性泛函|n. 函数封装对象
functionalism	n. 功能论, 机能心理学, 功能主义, 实用第一主义
fund	n. 资金；资金来源|v. 资助；为……提供资金|n. 基金管理机构|n. 基金；资金运作产品|n. 大量储备|v. 把钱投入基金|v. 把债务转为有息股票
fundamental	adj. 根本的；极其重要的|n. 基本原则；基本概念|adj. 根基性的；构成基础的|n. 基础知识；基本要素|n. 基础频率|n. 最低部分音
fundamentally	adv. 从根本上；本质上
funding	n. 筹资或供资过程|n. 所提供的资金|v. fund 的现在分词和动名词
funeral	n. 葬礼；丧礼|n. 葬礼布道
funny	adj. 好笑的；滑稽的|adj. 奇怪的；不对劲的|adj. 因不满而表现得别扭|adv. 奇怪地；反常地|n. 笑话|n. 漫画|n. 幽默；笑点|adj. 同性恋的（冒犯性用法）|adv. 以带有同性恋特征的方式（冒犯性用法）|n. 狭窄的双头小艇
fur	n. 动物的毛|n. 毛皮材料|v. 覆上毛皮状层|n. 一张毛皮|n. 毛皮衣物|n. 毛皮状覆盖层|n. 浓密的人体毛发|v. 表面形成毛状覆盖层|n. 纹章中的毛皮纹样|n. 猎物中的兔类|n. 兽迷爱好者|n. 阴毛
furious	adj. 暴怒的|adj. 猛烈的；来势汹汹的
furlough	n. 休假；暂时离岗|v. 让员工无薪停工|n. 休假；假期|n. 休假批准文件|n. 无薪停工安排|v. 准许休假
furnace	n. 工业炉；熔炉|n. 暖气炉|n. 酷热之地|n. 磨炼；苦难|v. 在炉中加热|v. 呼出热气
furnish	v. 给场所配家具设备|v. 提供事物|v. 向某人提供某物|n. 工程材料
furnishing	n. 家具、装饰和室内用品|v. furnish 的现在分词和动名词|n. 动物被毛中较长的一绺毛
furniture	n. 家具|n. 门等物品的配件|n. 版面上的辅助元素|n. 动物的装备或装具|n. 装饰或点缀物|n. 武器的枪托和前托|n. 活字版的填空材料|n. 板球的三柱门|n. 混合音栓|n. 悬挂的织物和床品|n. 衣服或服装|n. 武器和盔甲
further	adj. 更远的|adv. 更远地|v. 帮助推进；助长|adj. 另外的；更多的|adv. 更进一步地|adv. 进一步地|adv. 此外；而且|adv. 关于前述事项；继而|v. 促进；推动发展
furthermore	adv. 此外；而且|adj. 更进一步的
fuse	n. 引信|n. 保险丝|v. 使熔化|v. 使融合|n. 爆炸装置的点火机构|n. 易怒的脾气|v. 融合在一起|v. 给电路装保险丝|v. 因保险丝熔断而停运|n. 点火火柴|v. 安装引信|v. 发生核聚变
fuss	n. 大惊小怪；过度操心|v. 过分操心；过度兴奋|n. 抱怨或闹出的动静|n. 特别疼爱或赞赏|v. 反复摆弄；坐立不安|v. 亲昵照料；宠爱|v. 打扰某人|v. 哭闹；闹脾气|v. 抚弄；宠爱
futile	adj. 徒劳的；注定不会成功的|adj. 无关紧要的；轻浮空洞的
future	adj. 未来的；将来的|n. 未来；将来|n. 前景；命运走向|n. 将来的事情|n. 希望；值得期待的前景|n. 将来时|n. 期货合约|n. 表示未来结果的对象|n. 小联盟潜力球员
futurist	n. 未来派画家, 未来主义者
futurologist	n. 未来学家
g	n. 重力|n. 重力加速度单位符号|n. 重力加速度单位|n. 比赛场次|n. 进球数|n. 底层|n. 一千|n. 朋友；帮派成员|n. 克|n. 一千|n. 好；没问题|num. 第七个字母（小写）
gaap	n. 公认会计原则
gadget	n. 小巧的器具或设备|n. 消费电子产品|n. 叫不出名字的小东西|n. 攻击中利用的机器码片段|n. 把问题一部分转换为另一问题的构造|n. 玻璃吹制用夹具
gain	n. 获得；收益|v. 获得；取得|v. 获益；取得进展|n. 所得；收益|v. 赢得；在竞争中获胜|v. 增加；增长|v. 逐渐追近|v. 到达；登上|v. 体重增加|adj. 直接的；近的|adj. 合适的；方便的|adj. 容易的；顺手的
gaine	(只刻出头部的) 半身雕像的下半部
gainful	a. 有利益的, 唯利是图的
galapagos	n. 加拉帕戈斯群岛（厄瓜多尔）
galaxy	n. 星系|n. 群星般耀眼的一群人或事物|n. 银河风格的图案|n. 银河（旧式义）|v. 使呈星系状|v. 聚成发光整体
galilei	n. 伽利略[意大利天文学家]
gallery	n. 画廊；展馆|n. 剧院楼座|n. 艺术品交易画廊|n. 观众；听众|n. 法庭旁听席|n. 有顶长廊|n. 图像库；可浏览集合|n. 地下通道|n. 矿井巷道|n. 发动机油道|n. 节目制作控制室|n. 灯具部件
gallon	n. 加仑；体积单位|n. 英制加仑|n. 美制液体加仑|n. 大量液体|n. 美制干加仑
gallop	n. 马的奔驰|v. 奔驰|n. 快速行动|v. 骑马疾驰|v. 使马奔驰|v. 飞快奔跑|v. 匆匆浏览或草率推进|n. 心脏奔马律|n. 奔马节奏|v. 使线路剧烈摆动|v. 迅速蔓延
galway	n. 戈尔韦帆船
gamble	n. 下注；赌博|n. 冒险行为|v. 冒险|n. 冒险尝试|v. 赌博；下注|v. 拿……冒险|v. 操作赌场设备
gambler	n. 赌徒|n. 敢冒大风险的人
game	adj. 愿意上场|n. 游戏；比赛活动|n. 一项具体游戏|v. 玩游戏|adj. 受伤仍敢战斗|adj. 顽强坚持|n. 比赛项目；运动会|n. 游戏的省略说法|n. 行业；专业领域|n. 像游戏一样的较量|n. 军事演习|n. 不正当的盘算或套路
gang	n. 一群人；团伙|n. 帮派|n. 工班；作业小组|n. 犯罪团伙|n. 政治集团|n. 成组工具|n. 网络上称呼大家|v. 联装；组合|n. 链式劳役队|n. 一套装备|n. 联装开关单元|n. 成束电线
gant	n. 甘特图
gaol	n. 监狱；监禁|v. 监禁；把……关进监狱
gap	n. 缺口；破口|n. 可通过的空隙|n. 空档；空闲时间|n. 缝隙；不严密处|n. 中断；间歇期|n. 空缺；不足|n. 外野手之间的区域|v. 弄出破口|v. 调节间隙|v. 远远超过|n. 山口；隘口|n. 海岸崖间的避风处
gape	n. 裂口, 张嘴, 打哈欠|vi. 裂开, 张嘴, 打哈欠
garage	n. 车库|v. 把车存入车库|n. 修车行|n. 加油站|n. 车库摇滚|n. 机库或容纳大型设备的棚库|n. 运河避让支道|n. 英国车库舞曲
garbage	adj. 糟透的；垃圾般的|n. 废弃物；生活垃圾|n. 胡说八道；无意义的话|n. 食物垃圾|n. 垃圾桶；垃圾处|n. 无价值的人或事|n. 未释放的无用内存|n. 被误读的数据|n. 腐烂的植物废料|n. 动物内脏和肉类废料|n. 容易投进的球|v. 去除动物内脏
garden	n. 花园；园地|v. 做园艺；打理花园|adj. 普通的|n. 园地（复数）|n. 花园的；园地主题的|n. 住宅庭院|n. 以花园命名的街道|n. 雷诺曼牌第20张|n. 一簇；一团|n. 阴毛或其遮盖的生殖器|v. 整理板球场地|v. 吸食大麻
gardener	n. 园艺工；园丁|n. 糟糕的赶车人
gareth	n. 粗俗俚语：女性生殖器
garlic	n. 大蒜；蒜头|n. 蒜；蒜味|v. 加蒜调味
garment	n. 一件衣服|n. 外在形式；外壳|v. 给……穿上衣服|n. 特定宗教服装的简称
garth	n. 回廊围合的草地庭院|n. 院子、花园或小块围地|n. 林中空地|n. 异教信仰团体或家户|n. 仪式或诗歌中的圣地|n. 捕鱼坝或拦鱼堰
gas	n. 气体|n. 汽油|adj. 很棒的|adj. 逗趣的；古怪好笑的|n. 一种气体|n. 燃气灶上的炉头|n. 肠胃气|n. 天然气供应|n. 有趣的人或事|n. 吹嘘；空谈|n. 快速球|n. 油门
gasolene	n. 汽油
gasoline	n. 汽油|adj. 汽油的；汽油驱动的|n. 一种汽油|n. 劲很强的大麻|n. 伏特加能量饮料
gasp	n. 突然吸气；惊呼声|v. 惊讶得突然吸气|v. 喘气；呼吸急促|intj. 惊呼“啊！”|v. 喘着气说出|v. 急切渴望|n. 一支香烟
gate	n. 房屋外的门|n. 可移动的闸门|n. 机场登机口|v. 限制对……的访问|n. 围墙或栅栏上的入口|n. 交通或贸易通道|n. 活动票房收入|n. 逻辑门|n. 五的计数符号|v. 用门把……关在里面|v. 给……安装门或闸|n. 场效应晶体管控制端
gatekeeper	n. 把关者；入口控制者|n. 守门人|n. 进行把关的人|n. 一种蝴蝶|n. 身份状态的控制部分|n. 平台守门企业
gather	v. 收集；搜集|v. 聚集；集合|v. 拢起；收拢|n. 布料褶皱；抽褶|n. 聚会|v. 推断；得知|n. 车轴内倾角|n. 砌体收拢处的下表面|n. 玻璃料团|v. 积脓|v. 收集熔融玻璃|v. 取得；赢得
gatherer	n. 收集者；搜集者|n. 收租人；收税人|n. 打褶附件|n. 玻璃采料工
gathering	n. 聚会；集会|v. 正在聚集或收集|adj. 正在聚拢的|n. 聚集的一群人或物|n. 募捐所得；收集物|n. 收集；采集活动|n. 书册中的折页组|n. 脓肿；疖肿
gauge	n. 测量标准或工具|n. 估计；判断|n. 测量仪表|v. 测量；确定容量|v. 估计|n. 测量行为|n. 金属或金属丝的规格厚度|n. 铁路轨距|n. 针织密度|v. 评估；判断能力或性格|n. 铁路限界|n. 半范数
gay	adj. 同性恋的|adj. 同性恋的（严格指同性恋者）|adj. 广义的同性恋相关|adj. 同性恋的（口语）|adj. 尤指男性同性恋的|adj. 快乐、活泼的（旧式）|adj. 鲜艳、喜庆的（旧式）|n. 同性恋者|adj. 同性恋的（俚语）|adj. 迷恋某事（俚语、幽默）|adj. 举止女性化或夸张的（贬义俚语）|adj. 糟糕、没劲的（贬义俚语）
gaze	n. 凝视；目光|v. 凝视；专注地看|n. 观看与被观看的关系|v. 凝视；盯着看|n. 被凝视的对象
gazette	n. 报纸；定期刊物|n. 官方公报|v. 刊登在公报上|v. 在公报中宣布任命或身份状态
gdp	n. 国内生产总值|n. 鸟嘌呤核苷二磷酸
gear	n. 装备|n. 齿轮|n. 挡位|v. 使适合；面向|n. 衣物|v. 装上传动齿轮|v. 穿戴；装备|v. 借款投资|adj. 棒极了|n. 物品；家当|n. 起落架|n. 毒品
gen	n. 消息；内情|n. 一代人|n. 某一代产品或版本|v. 自动生成|n. 鸟的位置消息|n. 非恋爱主题的同人作品|n. 发电机|n. Gen 运动成员|n. 团体豁免编号|n. Gen 运动成员|n. 一先令|v. 进行基因工程改造
gender	n. 社会性别；性别身份|n. 语法性|v. 按某种性别称呼或归类某人|n. 生理性别类别|n. 连接器的公母属性|v. 把事物看作带有某种性别特征|adj. 很有性别感的；令人性别愉悦的|n. 种类；类别|n. 动词的语态或类别|n. 性行为；性交|n. 甘美兰木琴类乐器|v. 产生；促成
gender-neutral	adj. 不按性别区分或限制
gene	n. 遗传单位|n. DNA或RNA片段
genealogist	n. 系谱学者, 系谱专家
general	adj. 总体的；普遍的|adj. 普遍的；常见的|adj. 概括的；笼统的|n. 将军|adj. 最高级别的|adj. 广泛适用的|adj. 杂类的；非专门的|n. 战略家；战术家|n. 全身麻醉药|n. 全身麻醉|n. 象棋中的将（帅）|n. 将军（称呼或头衔）
generalise	vt.vi. (使)一般化, 从...引出一般性结论, 泛论, 概括出, 归纳出, 使广义化
generalist	n. 多面手, 通才
generalization	n. 把局部结论扩大到整体|n. 从具体事例提炼共同概念|n. 由事实归纳一般原则|n. 笼统而过分的看法|n. 数学上的推广
generalize	v. 由个案归纳规律|v. 泛泛而谈|v. 从事实提炼概念|v. 扩散至全身
generally	adv. 通常；一般情况下|adv. 概括地说；不涉及细节地|adv. 普遍地；广泛地|adv. 一般情况下成立地|adv. 整体地；全部合在一起地
generate	v. 引起；产生结果|v. 产生能量或物质|v. 繁殖；生育后代|adj. 被生成的|v. 由曲线生成几何体|v. 出现；生成
generation	n. 生成；产生|n. 一代；家族世代|n. 一代人的时间|n. 繁殖；生育|n. 技术的一代；发展阶段|n. 某出生年代的一代人|n. 流行文化的某一代版本|n. 录音复制的代次|n. 种族；血统|n. 后代；子孙|n. 几何生成|n. 细胞自动机的一次迭代
generational	adj. 代际的；跨世代的|adj. 一代人中出类拔萃的|adj. 非常好的
generative	adj. 能产生的；有创造力的|adj. 生殖的
generator	n. 发电机；能量转换设备|n. 产生者；来源
generous	adj. 宽厚大方的|adj. 慷慨给予的|adj. 足量的；丰厚的|adj. 醇厚提神的|adj. 出身高贵的
generously	adv. 慷慨地；充分地
genetic	adj. 基因的；遗传学的|adj. 由基因造成的|adj. 有共同语言源流的|adj. 起源上的；发生源头的|adj. 有共同宗教源流的
genetically	adv. 从基因或遗传角度|adv. 从起源或发展过程来看|adv. 具有共同语言来源地
geneticist	n. 遗传学家
genetics	n. 遗传学|n. 遗传构成
genius	adj. 天才般的；绝妙的|n. 天才人物|n. 天才般的创意或灵感|n. 非凡才智|n. 守护某人或某地的神灵
genome	n. 完整遗传信息
genre	n. 类型；体裁|v. 按类型归类
gentle	adj. 性情温和体贴|adj. 轻柔而不强烈|adj. 温顺而容易控制|adj. 平缓而非陡峭|adj. 委婉而有礼|adj. 出身良好|n. 出身高贵的人|n. 钓鱼用的蛆虫饵|n. 受训的猎鹰|v. 变得温和|v. 使出身高贵|v. 驯服或驯化
gentleman	n. 有教养的男子；绅士|n. 先生；这位男士|n. 装腔讲究的男子|n. 旧时有产的非贵族男子|n. 业余爱好者|n. 非职业运动员
gently	adv. 轻柔地；温和地|adv. 出身高贵地|adv. 举止高雅地
genuine	adj. 真的；正品的；真诚的|adj. 本来的；原生的
genuinely	adv. 确实；真心地
geocentric	a. 以地球为中心的, 由地球中心所见成测量的
geographer	n. 地理学者
geographic	adj. 地理的；地理位置的|adj. 地理方向的
geographical	adj. 地理上的|n. 为逃避问题而搬家
geography	n. 地理学|n. 某地的地形环境|n. 某类事物的空间分布|n. 其他行星的地理特征|n. 地方的物理布局|n. 整体结构或各部分的相对布局|n. 市场或经营区域|n. 地图册或地名录|n. 地理学著作|n. 厕所
geological	adj. 地质的；与地球地质有关的
geologist	n. 地质学家
geology	n. 地质学|n. 某地区的地质构造
geometry	n. 几何学|n. 几何体系|n. 空间形态|n. 几何对象
geophysical	adj. 地球物理学的
germ	n. 萌芽；胚种|n. 病菌；病原微生物|n. 最初想法；雏形|v. 萌发；开始生长|n. 函数芽|n. 德国人（贬称）|v. 像寄生物一样生长
german	adj. 德国的|n. 德国人|adj. 德国人的；德国文化的|adj. 德语的|n. 有德国血统的人|adj. 同胞的|adj. 亲表的|adj. 关系密切的|n. 古代日耳曼部落成员|n. 德国葡萄酒|n. 一种字号|n. 德国制造的汽车
germans	n. 德国人, 德语( German的名词复数 ); [医]德国人; [人名] 杰曼斯
gerontologist	[医] 老年病学家
gesture	n. 身体手势|n. 表示态度的举动|v. 做手势|n. 设备操作手势|v. 用手势表达|v. 示意某人做某事|n. 姿势；体态|v. 用动作伴随说明
get	v. 得到；获得|v. 收到；接收|v. 变得；开始处于|v. 理解；明白|n. 难回击的球|n. 所得物；收获|v. 有；持有|v. 拿来；取来|v. 使变得|v. 使做某事|v. 使来到；带到|v. 到达；进入某种位置或状态
ghost	adj. 离开而不参与的|n. 幽灵；鬼魂|n. 模糊的影像；淡淡的轮廓|v. 无解释地突然断联|n. 光学重影|n. 电视重影|n. 代笔作者|n. 虚构人员|n. 被盗用身份的死者|n. 文件或记录副本|n. 替补演员|n. 涂鸦残影
giant	adj. 非常大的|n. 神话中的巨人|n. 大型组织；行业巨头|n. 高大的人|n. 巨型动植物|n. 巨星|n. 非凡人物；强者|n. 旧金山巨人队球员|n. 纽约巨人队球员|n. 限定性的具体用法提示|n. 超长以太网数据包|n. 体操中的大回环
gift	n. 礼物；赠品|n. 天赋；才能|v. 赠送；捐赠|n. 意外得到的好处|v. 轻易让出；拱手送给|n. 授予权；任命权|n. 配子输卵管内移植术缩写
gig	n. 演出；演出工作|n. 临时活儿；自由职业工作|v. 参加一场演出|v. 参加演出|v. 做临时或自由职业工作|n. 十亿字节|v. 拿某人开玩笑|n. 军事处分|n. 十亿倍单位的简称|n. 鞭陀螺|n. 怪人；傻瓜|n. 享乐之事
gigantic	adj. 巨大得惊人|adj. 非常棒；令人兴奋|adj. 以巨人的方式
giggle	n. 咯咯笑声|v. 咯咯地笑|n. 好玩的事；乐趣
gill	n. 鳃|n. 鳃裂或鳃盖|n. 蘑菇鳃状褶皱|n. 禽类喉下肉垂|n. 下巴下的肉|n. 小量酒液单位|n. 美国旧制容量|n. 小溪|n. 峡谷|v. 去掉鱼鳃|v. 用鳃网捕鱼|v. 被鳃网缠住
girl	n. 女孩|n. 年轻女性|n. 对女性的亲昵称呼|n. 女朋友|n. 女儿|n. 女性朋友|n. 雌性动物|n. 雌性的|n. 亲昵地指机器或车辆|n. 女仆|n. 可卡因|n. 皇后牌
girlhood	n. 少女时代, 少女们
give	n. 弹性；松动性|v. 给予；提供|v. 在压力下松动；塌陷|v. 发表；宣布|v. 呈现出；散发某种感觉|v. 播出；提供节目|v. 估计；预测|v. 通向；通往|v. 产生；得出|v. 使某人产生|v. 承认；姑且同意|v. 献身于；投入于
give-and-take	n. 互相让步，达成妥协|n. 谈话中的来回交流
gizmos	(gizmo 的复数) n. 小发明, 小玩意儿
glacier	n. 冰川|n. 高山终年冰雪区
glad	adj. 高兴的；欣慰的|n. 剑兰|adj. 令人愉快的；明亮欢快的|v. 使高兴
gladly	adv. 高兴地；愉快地|adv. 乐意；当然可以
gladwell	[人名] 格拉德韦尔
glamor	n. 魅力, 迷人的美, 魔法|vt. 迷惑
glamorous	adj. 迷人时髦的；有光彩的|adj. 与魔法魅惑有关的
glamour	n. 迷人的美貌；华丽魅力|n. 吸引力；令人向往的光彩|n. 人为制造的光环；过度美化|n. 魔法；使现实看似更美的幻术|n. 使景物变形的雾气或朦胧幻象|n. 能提升形象的装饰或象征物|n. 漂亮迷人的女子|v. 施魔法迷惑
glance	n. 一瞥；看一眼|v. 转眼看向|v. 快速浏览；看一眼|v. 瞥一眼|n. 闪光；一闪|n. 斜击球|v. 使闪耀|v. 使斜向移动|v. 斜撞后弹开|v. 闪耀；闪烁|v. 闪闪发亮|n. 幼鱼触碰亲鱼取食
glare	adj. 光滑刺眼的|n. 刺眼的强光|n. 怒视|v. 怒视，瞪着|n. 耀眼的华丽|n. 光滑反光面|v. 强烈发光|v. 显得耀眼华丽|n. 通话碰撞|n. 透明黏稠物|v. 射出耀眼的光
glass	n. 玻璃材料|n. 玻璃杯；杯子|v. 装玻璃；镶玻璃|n. 一杯的量|n. 玻璃器皿|n. 镜子|n. 放大镜|n. 篮球场篮板|n. 玻璃制的；透明的|n. 镜头或光学镜片|v. 用玻璃杯砸伤|v. 用望远镜等观察
glazing	n. 上釉或装玻璃的过程|n. 窗户或墙体中的玻璃部分|v. 正在上釉、装玻璃或罩染|n. 上釉或装玻璃所用的材料|n. 建筑物的全部窗玻璃|n. 绘画中的透明罩染色层|n. 玻璃质材料覆盖的工艺
glide	n. 滑行；平稳移动|v. 平稳滑行|n. 滑音|n. 家具脚垫|n. 声音连读|v. 无动力滑翔|v. 使……滑动|n. 剑刃贴滑攻击|n. 鸢类鸟|n. 华尔兹滑步|v. 声音平滑过渡
glieberman	[人名] 格利伯曼
glimpse	n. 短暂的一瞥|v. 短暂瞥见|v. 初步了解到|n. 一点模糊认识|v. 短暂看向|n. 一闪的微光|n. 片刻|n. 隐约显现的一点色泽或形态|v. 发出微弱闪光|v. 隐约出现|v. 短暂显露一角
glitter	n. 闪耀的光泽|v. 闪耀；闪闪发光|n. 亮粉；亮片装饰|n. 浮华；华丽外表|v. 华丽耀眼；外表夺目
global	adj. 全球的|adj. 整体的；全局的|adj. 全局的（计算机等）|adv. 在全球范围内|n. 全局标识符|adj. 球形的|adj. 与球体有关的
globalisation	n. 全球联系日益紧密|n. 资本主义模式的全球支配
globalization	n. 全球化
globalize	vt. 使全球化
globally	adv. 在所有地方或情境中|adv. 遍及整个地球；在全球范围内
globe	n. 球形物体|n. 地球|n. 地球仪|n. 灯泡或灯罩|n. 古罗马圆阵|n. 女性身体部位|n. 群体|n. Mesodon属陆地蜗牛|v. 变成球形|v. 使成球形
gloom	n. 昏暗；幽暗|n. 阴沉气氛；悲观情绪|n. 忧郁；低落|v. 变暗；显得阴沉|v. 显得忧郁；变得闷闷不乐|v. 使变暗；使模糊|v. 使忧郁；使气氛低沉|n. 火药制造用烘干炉|v. 隐约发光；微微闪现
gloominess	n. 黑暗, 沮丧
gloomy	adj. 昏暗而压抑的|adj. 忧郁悲观的|n. 悲观者；悲观的事物
gloria	n. 赞颂词；《荣耀颂》|n. 轻薄面料
glorious	adj. 光荣的；值得赞颂的|adj. 极好的；令人愉快的|adj. 明亮耀眼的|adj. 渴望荣耀的|adj. 过分自负的；自吹自擂的|adj. 狂喜的；酩酊兴奋的
glory	n. 壮丽；辉煌|n. 荣誉；声望|n. 胜利；成功|n. 值得赞誉的品质|n. 赞美；颂荣耀|n. 神的显现与荣耀|v. 欢欣；因……而自豪|v. 夸耀；自夸|n. 雾虹|n. 圣光光环|n. 自负；夸耀|n. 辉煌之物
glove	n. 手套|n. 棒球手套|n. 接球本领|v. 用手套接球|v. 戴上手套|n. 避孕套（俚语）|n. 挑战|v. 板球中用戴手套的手触球
glow	n. 柔和的光|n. 内在的热情|v. 发出柔光|n. 红润或色彩的光泽|v. 发热到发红|v. 流露强烈情感|v. 明亮而稳定地闪耀|v. 感到灼热|v. 热烈地凝视|v. 使变热或发红|v. 与网络钓鱼执法有关|v. 向当局举报某人
glowingly	adv. 热心地；白热地；灼热地
glue	n. 胶水；黏合剂|n. 纽带；凝聚力|v. 用胶粘住|v. 使紧贴；使目不转睛|v. 涂胶；施胶|n. 植物黏液
glut	n. 过剩；过多|v. 使填满；使过饱|v. 使市场供过于求|n. 吞下的东西|n. 填住开口的东西|n. 劈木头用的木楔|n. 支护后面的填木|n. 砌砖时的填补块|n. 窑炉灰坑的拱形开口|n. 支点垫块|n. 宽吻鳗|n. 一场比赛独进五球
gmat	abbr. 格林尼治天文平时（Greenwich mean astronomical time）；研究生管理专业入学考试（Graduate Management Admissions Test）
gnashers	(gnasher 的复数) vt. (尤指在愤怒或痛苦时)咬(牙), 切(齿), 磨(牙)；用牙咬|vi. 咬牙切齿；磨牙；(上下牙)互相叩击|n. 咬牙切齿(的动作), 磨牙
go	adj. 可以开始运行|n. 尝试|v. 去；移动|v. 开始|n. 围棋名称写法|n. 去；行动|n. 轮次；轮到的机会|n. 一段活动；一次完成|n. 经历；一段处境|n. 许可；批准|n. 干劲；活力|n. 围棋
go-ahead	adj. 积极进取的|n. 批准；可以开始的许可|adj. 潇洒有活力的|adj. 使一方领先的|n. 一种鞋
go-to	adj. 首选的；最常用的|adj. 可靠的；遇到难题时值得找的|n. 惯常选择；首选对象
goa	n. 果阿音乐|n. 藏羚羊|phrase 到达时目标已离开
goal	n. 目标；目的|n. 球门；终点区域|n. 进球动作|n. 一分；进球得分|n. 受事；动作承受者|v. 进球；得分
goat	n. 山羊|n. 史上最伟大者|n. 史上最伟大|n. 山羊肉|n. 好色的男人|n. 替罪羊|n. 笨蛋或笑柄|v. 把某人当替罪羊|n. 庞蒂亚克 GTO 汽车|n. 语音识别难以识别的人|n. 滚轴德比中的阻挡者|n. 英国“全能人才政府”成员
god	n. 神祇；至高神|intj. 恼怒或沮丧的感叹|n. 偶像|n. 被奉若神明的人或事物|n. 权势极大的人|n. 某方面的顶尖高手|n. 极英俊的男子|n. 多人地下城游戏的运营者|n. 创造并统治宇宙的神|v. 奉若神明|v. 神化
godlike	a. 似神的, 庄严的
gold	adj. 金制的|n. 金；黄金|n. 极有价值的人或物|adj. 金色的|adj. 高级的；珍贵的|adj. 唱片销量达到金唱片级别的|adj. 完成并可发布的|n. 金币；金制钱币|n. 金黄色|n. 靶心|n. 金牌|adj. 金色开放获取的
golden	adj. 金制的；与金有关的|adj. 金色的；呈金黄色的|adj. 辉煌繁荣的|adj. 极有利的；难得的|adj. 金婚的；五十周年的|adj. 晚年退休生活的|adj. 没问题的；妥妥的|n. 金毛寻回犬|n. 金毛寻回犬|adj. 姜黄调味或着色的饮料|n. 一种东南亚鱼|v. 变成金色
goldman	n. 高曼（姓氏）
golf	n. 高尔夫球运动|v. 打高尔夫|n. 字母G的通信代号|v. 以最少字符写成
good	adj. 品德好；有益的|adj. 有能力的；擅长的|adv. 充分地；彻底地|n. 好处；积极结果|adj. 有偿付能力的；可靠兑现的|adj. 守规矩的；乖的|adj. 不用了；我没问题|adj. 接受；同意|adj. 有用的；能正常使用的|adj. 有效的；能干的|adj. 味道好的|adj. 令人满足的；分量足的
good-for-nothing	adj. 无用的；没价值的|n. 无用之人；没出息的人
good-natured	adj. 性情温和友善
goodby	int. 再见（等于goodbye）
goodbye	intj. 再见|n. 告别|v. 告别
goodman	n. 对男性的旧式称呼|n. 丈夫；一家之主
goodness	n. 善良；好的品质|intj. 天哪；哎呀|n. 有益部分；营养成分|n. 上帝；谢天谢地|n. 基督教美德
goods	n. 商品；货品|n. 真东西；关键信息；真本事|n. 货物；货载|n. 某人的特点；某种货色|n. 货运列车|n. 女性身体（俚语）|n. 男性生殖器（俚语）|v. good 的第三人称单数现在时
goodwill	n. 善意；友好支持|n. 商誉|n. 关系影响力|n. 旧货店|n. Goodwill 旧货店|n. 员工自愿付出
google	v. 用谷歌搜索|n. 一次网络搜索|v. 用搜索引擎搜索|v. 能在网上搜到|n. 搜索结果|num. googol 的误拼|v. 投出 googly 球|v. 投出这种球|v. 像 googly 一样运动|v. google 的大写变体
goose	n. 鹅|n. 母鹅|n. 鹅肉|n. 傻瓜|v. 刺激；催促|v. 轻轻加速|n. 裁缝熨斗|n. 年轻女子|n. 鹅棋|v. 戳或捏臀部|v. 违规载客|v. 把演员嘘下台
gorge	n. 峡谷|v. 狼吞虎咽|adj. 漂亮极了|n. 花的喉部|n. 胃中食物；反胃|n. 通道堵塞物|v. 大口吞下|v. 塞满；吃到满足|v. 堵塞；使通道塞满|n. 喉咙外部|n. 咽喉内部|n. 凹形线脚
gorgeous	adj. 极其漂亮的|adj. 穿着华丽的|adj. 非常令人享受的
gospel	n. 《福音书》；新约四福音|n. 关于耶稣生平的福音记述|n. 福音教导；神的恩典|n. 被大力推广的理念|n. 绝对可靠的权威说法|n. 福音音乐|v. 宣讲福音
gossip	n. 爱传闲话的人|n. 关于私事的闲话|v. 传播他人私事|n. 闲聊|n. 娱乐圈八卦|v. 闲聊|n. 传播协议中的消息交换|n. 教父或教母|n. 熟人|n. 对教亲或朋友的称呼|v. 为人安排教父母|v. 在节庆中欢聚
gould	adj. 金的；金子般的（旧式拼写）|n. 金子（旧式拼写）
govern	v. 治理；统治|v. 约束；控制行为|v. 决定；支配结果|v. 执政；掌管政府|v. 起决定作用|v. 调节；控制流量或速度|n. 治理；统治|v. 处理；照管|v. 引导；掌舵|v. 照料；照看|v. 操作；控制器械|v. 支配语法形式
governance	n. 治理过程或权力|n. 治理制度或体系|n. 组织治理与问责机制|n. 治理机构或治理者群体|n. 受治理的状态
government	n. 政府机构|n. 统治性的国家行政权力|n. 对系统的管理|n. 某人领导的一届政府|n. 执政党或执政联盟|n. 语法支配关系|n. 辩论中的正方|n. 政府登记的法定姓名
governor	n. 行政区最高长官|n. 自动调节装置|n. 州长等职位名称|n. 管理机构成员|n. 父亲|n. 老板或雇主|n. 对男性的称呼|n. 支配其他成分的成分|n. 年轻人的导师或监护人|n. 舵手或领航员
gown	n. 宽松长袍|n. 女式长裙|n. 职业或学术礼袍|n. 大学群体|n. 男士室内长袍|n. 外科医生手术袍|v. 给……穿长袍|n. 服装或装束
gpa	n. 平均绩点|n. 肉芽肿性多血管炎|n. GMP支付年龄
gpas	盖氏人格评估系统学说
gps	n. 卫星定位系统|v. 用GPS定位|n. GPS接收器|n. Goodpasture综合征
grab	n. 突然一抓|v. 突然抓住|v. 赶紧拿取|n. 强行夺取|n. 抓取机械|n. 抓取装置|n. 新闻短片|n. Grab 叫车|v. 伸手去抓|v. 抓住并控制；逮捕|v. 吸引注意力|v. 快速吃喝
grace	n. 优雅的魅力|n. 动作的优美与从容|v. 给……增添光彩|n. 餐前或餐后祷告|n. 宽限期|n. 上帝的恩典|v. 给予尊荣|v. 赐予神恩|n. 纸牌游戏中的特殊着法|n. 装饰音|n. 大学管理机构的决议|n. 宽恕与赦免
graceful	adj. 动作或形态优美|adj. 宽厚而得体|adj. 平稳而不造成突变
gracious	adj. 亲切有礼|adj. 优雅迷人|adj. 圆通得体|adj. 体恤宽厚|adj. 宽容迁就|adj. 大方地接受|adj. 仁厚慈善|intj. 天哪；真受不了
grade	n. 等级；评级|n. 考试成绩；分数|n. 程度；档次|v. 给……评分|n. 坡度|n. 年级|n. 地面高度|n. 肿瘤恶性程度等级|v. 分级；分类|v. 整平；平整土地|v. 给数据标级|n. 比较级别
gradual	adj. 逐渐的；渐进的|n. 弥撒中的应唱经文|n. 弥撒歌书
gradually	adv. 逐渐；逐步|adv. 逐步地
graduate	adj. 已获得学位的|adj. 研究生阶段的；学位相关的|n. 大学毕业生|v. 毕业|adj. 分级的；按阶段排列的|n. 高中毕业生|v. 从某校毕业|v. 使获得学位；授予毕业资格|v. 标出刻度；分成等级|v. 逐渐变成；渐变|v. 逐步调整；分级安排|n. 完成某教育阶段的人
graduation	n. 毕业；毕业过程|n. 毕业典礼|n. 离开团体|n. 刻度；刻度线|n. 液体摊晾蒸发处理
graffiti	n. 公共场所的涂写|v. 在表面上涂写|n. 历史上的非正式刻写
graham	n. 含麦麸的全麦面粉|n. 格雷厄姆甜饼干
grain	n. 谷物；粮食|n. 纹理方向|n. 微小颗粒|n. 其他粮食作物的籽粒|n. 一粒谷物|n. 谷物作物|n. 皮革表面纹理|n. 胶片颗粒感|n. 历史重量单位|n. 旧制重量单位|n. 历史长度单位|n. 克拉分度单位
gram	n. 克|n. 豆科植物|n. 豆类种子|n. 奶奶；外婆|n. 留声机录音|n. graham 的误拼
grammar	n. 一种语言的语法系统|n. 语法；语言结构规则|n. 规范用法观念|n. 语法书|n. 某领域的基本规则|n. 形式句法系统|n. 形式语言规则系统|n. 规则教科书|n. 文法学校的简称|n. 模式组合规则|v. 按语法规则说话
grammatical	adj. 合乎语法的|adj. 语法的；与语法有关的
gramme	n. 克
grand	adj. 宏大的；等级高的；程度强的|adj. 亲属关系隔一代的|n. 一千元（或一千英镑等）|adj. 很好的；棒的|n. 三角钢琴|n. 祖辈或孙辈|adj. 形式完整齐全的|n. 每分钟一千转
grandchild	n. 孙辈；孙子或孙女
grandma	n. 祖母；外祖母|v. 称作“grandma”|v. 像祖母一样照料
grandmother	n. 祖母；外祖母|n. 女性祖先|n. 死藤水的尊称
grandmotherly	a. 老祖母的, 唠叨的, 溺爱的, 慈祥的, 老祖母似的
grandparent	n. 祖父母；外祖父母|v. 充当祖父母
granite	n. 花岗岩|n. 坚硬顽强；冷硬
grannie	n. 奶奶, 老奶奶, 老婆婆, 外婆, 婆婆妈妈的人, 唠叨挑剔的人, 接生婆
granny	n. 祖母；奶奶|adj. 老派的；老奶奶风格的|n. 年长女性|v. 成为祖母|v. 像老奶奶一样操心；絮叨|n. 会引开小羊的老母羊|n. granny knot的省略说法|n. 总决赛
grant	n. 资助金；授予物|v. 准许；批准|n. 授予|n. 让步；承认|n. 法律上的财产转让|n. 转让文书|n. 资助申请|v. 授予；给予|v. 承认；姑且同意|v. 同意；答应|n. 五十美元钞票
grape	adj. 葡萄味的；含葡萄的|n. 葡萄|adj. 深紫红色的|n. 葡萄藤|n. 葡萄色；深紫红色|v. 采摘葡萄|n. 类似葡萄的其他果实或植物|n. 葡萄弹；葡萄霰弹的简称|n. 马腿上的疥癣性肿瘤|n. 负责给飞机加油的紫衣技术员|n. 脑袋|n. 敏感词的网络规避拼写
graph	n. 数据图表|v. 绘制成图|n. 函数图像|n. 点线网络结构|v. 绘制函数图像|n. 拓扑图空间|n. 映射的图|n. 字符的实际字形
graphic	adj. 图画的；图像的|adj. 描写生动而直白的|n. 图画；图像|n. 电脑图像；游戏画面|adj. 具图纹状纹理的|n. 一种蛾
grapple	n. 徒手扭打|v. 抓住并牢牢控制|v. 徒手扭打|v. 艰难处理问题|n. 扭打行为|n. 带爪抓取工具|n. 葡萄苹果混合风味|v. 用钩工具固定或连接|v. 借助钩索攀爬|v. 使用抓钩搜寻|v. 用抓钩钩起
grasp	n. 抓力；掌握|n. 理解；领会|v. 抓住；握住|v. 理解；领会|n. 可获得的范围；把握|v. 抓住机会；把握机会
grass	n. 草；草本植物|n. 草坪|v. 铺草；用草覆盖|n. 类似草的植物|n. 户外现实生活|n. 大麻|n. 告密者|v. 告密；出卖|v. 用草喂养|n. 示波管上的干扰纹|n. 雷达显示噪声|n. 青草季节
grassland	n. 草地；草原
grassroots	adj. 基层的；草根民众的
grateful	adj. 感激的；感谢的|adj. 令人愉快的；合意的
gratification	n. 满足感；愉悦|n. 满足欲望的行为|n. 酬金；奖励
gratify	vt. 使满足
gratitude	n. 感激；感谢之情
grave	adj. 严肃庄重的|adj. 严重的；重大的|n. 坟墓|adj. 低沉的|n. 埋葬地点|n. 死亡；毁灭|n. 重音符号|adj. 口腔后部发音的|adj. 有影响力且庄重的|n. 藏有尸体的地方|n. 死者|n. 历史官员或伯爵
gravel	n. 碎石；砾石|v. 铺碎石|n. 某种规格的碎石|n. 砾石路骑行|v. 使困惑；使烦恼|v. 使不知所措|n. 地质学中的砾石颗粒|n. 结石；结石病|n. 马蹄脓肿导致的跛行|n. 夜盲症|n. 一种兴奋剂的俚称|v. 搁浅；卡在沙石中
graveyard	n. 墓地；墓园|n. 牌类游戏中的弃牌区|n. 被淘汰事物的最终去处|n. 清晨极早、十分冷清的时段|n. 混合饮料（美国俚语）
gravitate	v. 受重力移动|v. 自然趋向；被吸引到
gravitation	n. 引力, 重力, 沉下
gravity	n. 重量；沉重|n. 严重性；严肃性|n. 重力|n. 低音；低沉音调|n. 万有引力；引力|n. 引力理论；引力定律|n. 比重；相对密度
gray	adj. 灰色的|n. 灰色|v. 变灰|adj. 阴沉的；沉闷的|adj. 模糊的；有争议的|adj. 头发灰白的|adj. 年老的|adj. 与老年人有关的|n. 灰色动物或东西|v. 逐渐老龄化|n. 灰鲸|n. 灰人
graze	n. 轻微擦伤|v. 吃草；在草地上觅食|v. 擦着表面经过|n. 轻擦；擦伤这一动作|n. 放牧；吃草|v. 让牲畜吃草；供牲畜放牧|v. 少量多次地吃|v. 使轻微擦伤|v. 照料放牧中的牲畜|v. 边购物边偷吃未付款食品|v. 长出可供放牧的草
gre	n. GRE 研究生入学考试|n. gree 的旧形式
grease	n. 动物油脂|n. 油脂；油污|v. 涂油；润滑|n. 钱（俚语）|v. 用钱打通关节|v. 使顺利进行|n. 未洗羊毛|n. 马后踝炎|v. 平稳着陆|v. 杀死|v. 发生性关系|v. 欺骗；占便宜
great	adj. 大的|adj. 很棒的|adj. 重要的|intj. 太好了|adj. 特别大的|adj. 隔着多代的|adj. 伟大而令人敬佩的|adj. 引人注目的|adj. 杰出的|adj. 非常热衷的|adv. 很好地|intj. 真棒啊（反讽）
great-grandparent	n. 曾祖父母；外曾祖父母
great-great-grandparent	n. 曾祖父母的父母
greatly	adv. 极大地；非常|adv. 高尚而慷慨地
greatness	n. 伟大；卓越；宏大|n. 傲慢；自大
gree	n. 格力（品牌名）
greedy	adj. 贪婪的；贪得无厌的|adj. 贪吃的|adj. 尽可能多匹配的|adj. 每步取局部最优的|adj. 贪恋地追求的
greek	adj. 希腊的；希腊人的；希腊语的|n. 希腊人|adj. 难懂的；像天书的|adj. 大学兄弟会或姐妹会的|n. 希腊菜|n. 听不懂的话；难懂的术语|n. 兄弟会或姐妹会成员|n. 占位用的无意义文字|n. 狡猾的无赖|n. 快活的人|n. 肛交|n. 衍生品价格敏感度指标
greeks	n. 衍生品的敏感度指标|v. Greek 的第三人称单数现在时|v. greek 的第三人称单数现在时
green	adj. 绿色的|adj. 缺乏经验的|n. 绿色|v. 使变绿|adj. 脸色难看；不舒服|adj. 未成熟的|adj. 充满活力的；新鲜的|adj. 天真的；不了解情况的|adj. 嫉妒的|adj. 环保的|adj. 绿党或环保主义的|adj. 绿党的
greengrocer	n. 蔬菜水果商, 菜贩
greenhouse	n. 温室|v. 放进温室培育|n. 全球气候高温状态|v. 培育、扶植|n. 飞机座舱玻璃罩|n. 手术台防菌罩
greenwash	漂绿
greet	v. 迎接；问候|v. 映入眼帘；被感受到|adj. 古旧：伟大的|n. 古旧：哭泣、哀悼|v. 迎面来到；到达|v. 向……搭话；称呼|v. 互相问候|v. 方言：哭泣
greeting	n. 问候语|n. 问候，致意|v. greet的现在分词和动名词
grenier	n. (Grenier)人名；(西)格雷涅尔；(法)格勒尼耶；(英、德)格雷尼尔
grey	adj. 灰色的|n. 灰色；灰色的东西|v. 变灰；使变灰|adj. 有黑人和白人混合血统的|n. 皇家苏格兰灰骑兵团成员
grey-haired	adj. 头发灰白的|adj. 年长而老练的
grief	n. 悲痛；哀伤|n. 困苦；麻烦|n. 令人悲伤或痛苦的事情|v. （游戏中）故意捣乱
grievance	n. 遭受的不公或困难|n. 受委屈后的不满和怨气|n. 令人痛苦或烦恼的事|n. 抱怨或烦心事|n. 正式申诉|n. 违规或不当行为
grieve	v. 使悲痛|v. 为……悲痛；哀悼|v. 经历悲痛|n. 地方官|n. 管事；农场管理人|v. 伤害|v. 提出申诉
grim	adj. 阴沉严峻的|adj. 冷硬而不屈的|adj. 阴森可怕的|adj. 恶心糟糕的|adj. 凶狠残酷的|n. 滥交的女性|n. 愤怒|n. 幽灵|v. 使变得阴沉严厉
grimly	adv. 严格地, 冷酷地, 可怕地
grin	n. 露齿的笑容|v. 露齿笑|v. 用咧嘴笑表达情绪|v. 咧嘴做出某种笑脸|n. 陷阱；套索|v. 像龇牙的动物一样露齿
grind	n. 研磨；磨削|n. 枯燥苦差事|v. 磨碎|v. 磨制成形或磨利|v. 努力工作或学习|n. 磨成的粉末|n. 咖啡研磨度|n. 滑板或滑雪板的摩擦滑行动作|n. 持续苦干；奔波赚钱|v. 用磨料磨去材料|v. 被磨碎或磨光|v. 艰难摩擦着移动；发出刺耳摩擦声
grip	n. 抓握；握法|n. 摩擦力；抓地力|n. 控制；掌控|v. 抓紧；握牢|v. 控制；着手处理|n. 握把；抓握处|n. 抓持装置|n. 理解力；理智|n. 手提旅行包|n. 拖动控制点|v. 强烈影响|v. 牢牢吸引注意力
groan	n. 痛苦或悲伤的呻吟|v. 呻吟；发出低沉的声音|n. 不满或强烈感受的低沉声音|n. 受压时的吱嘎声|v. 因承重而吱嘎作响；塞满|v. 苦苦追求；竭力争取
grocer	n. 杂货商；食品和日用品零售商|v. 经营杂货生意
grocery	n. 食品和日用品等杂货|n. 杂货店|v. 购买杂货|v. 供应杂货
groom	n. 新郎|n. 马夫；马匹护理员|v. 打理仪容|v. 护理动物|n. 梳理；清洁护理|v. 为活动作准备|v. 培养接班人|v. 整理并排序待办事项|v. 压实并整理雪道|n. 宫廷侍从|n. 仆人；普通男子|v. 诱导并伺机剥削
grope	v. 摸索|n. 摸索
gross	adj. 恶劣的；严重失当的|adj. 总的；未扣除的|adj. 令人恶心的|n. 总额；毛额|v. 收入总额达到|adj. 肉眼可见的；大体的|adj. 粗俗的；有失道德的|n. 主体；大部分|adj. 粗糙的；不精致的|adj. 厚重的；稠密的|adj. 肥胖的；体形臃肿的|adj. 浓重得难以透视的
ground	adj. 研磨成颗粒的|n. 地面|n. 基础；依据|v. 罚禁外出|adj. 经过研磨处理的|n. 地形|n. 土壤；泥土|n. 水底|n. 理由；根据|n. 背景；环境|n. 战场；争夺的地盘|n. 优势；进展
ground-based	adj. 陆基的; 以地面为基础的
ground-breaking	adj. 开创性的；突破性的|n. 破土动工仪式
groundbreaking	adj. 开创性的；前所未有的|n. 破土动工；开始施工|n. 奠基仪式
grounding	n. 基础知识|n. 船只搁浅|n. 电气接地|n. 罚孩子禁足|v. ground 的现在分词或动名词|n. 恢复清醒|n. 禁飞|n. 意念接地|n. 刺绣底布
groundless	a. 无根据的, 无理由的
groundwork	n. 基础；准备工作
group	n. 组；群；一组人或物|v. 把……分组|n. 群；群论中的群|n. 音乐团体|n. 社会群体|n. 比赛分组|n. 企业集团|v. 聚成一组|n. 曲线上的除子|n. 星系群|n. 元素周期表中的族|n. 官能团
grouping	n. 一组；组合体|n. 分组；归类|n. 弹着点集中区域|v. 正在分组；分组
grow	v. 变大；增加|v. 成长；成熟|v. 种植；培育|v. 生长于；存在于|v. 长出；萌发|v. 逐渐变得|v. 黏住；固定住
grower	n. 种植者|n. 长得快的东西|n. 越接触越喜欢的作品或事物|n. 勃起后明显变大的阴茎
growl	n. 动物的低吼|v. 低吼|n. 人的低吼声|n. 肚子的隆隆声|n. 不满的低声嘟囔|v. 低吼着说出|n. 乐器的低沉隆隆声|n. 死亡咆哮唱法|v. 乐器发出低沉音色|v. 发送软件通知|v. 用乐器吹出低吼音色|v. 进行死亡咆哮演唱
grown-up	adj. 已成年的|n. 成年人|adj. 成人的；适合成年人的|adj. 思想成熟的
grownup	n. 成年人
growth	n. 增长；增加|n. 心理成长|n. 经济增长|n. 生长；长大|n. 生长物；长出来的东西|n. 异常肿块
guarantee	n. 保证；承诺|v. 保证会做到|v. 使……确定|n. 法律担保；保证责任|n. 产品保修|v. 为债务担保|n. 保证的接受者|n. 保证人；担保人
guard	n. 守卫；护卫人员或物件|n. 警戒；防备状态|v. 保护；防卫|v. 提防；保持警惕|n. 爱尔兰警察|n. 护卫队|n. 护卫队（复数用法）|n. 剑格|n. 机器防护罩|n. 护具|n. 篮球后卫|n. 担任 guard 位置的球员
guardian	n. 守护者；保护人|n. 未成年人的法定监护人|n. 无行为能力者的法定监护人|n. 守关首领；关底敌人|n. 方济各会修道院的上级|n. 美国太空军军人
guardianship	n. 监护身份；监护职责
guarding	n. 守护、警戒的职责|v. 正在守护；守护这一行为|n. 防护栏|n. 防卫性肌肉紧张
guess	n. 猜测；估计|v. 猜测；推测|v. 猜中；猜对|v. 猜想；估计|v. 我想；我觉得|v. 凭记忆复述
guesswork	n. 凭猜测作出的判断
guest	n. 受邀的客人|n. 酒店住客；顾客|n. 受邀嘉宾|n. 系统临时用户|v. 作为嘉宾出现|v. 客座演奏|n. 非寄生性巢居昆虫|n. 巢居者|v. 接待；款待
guidance	n. 引导过程|n. 建议与咨询|n. 制导系统
guide	n. 向导；导游|n. 指南；指导手册|v. 带领；引导|n. 指示牌；引导标志|n. 提示标记|n. 图例|n. 导向部件|v. 驾驶；操舵|v. 影响；掌控|v. 指导训练|v. 担任向导|n. 印刷导向装置
guideline	n. 指导原则|n. 行动指引|n. 排字辅助线|v. 制定指引
guild	n. 行业行会|n. 正式组织或法人团体|n. 生态学中的共同特征物种群|n. 多人游戏公会
guilt	n. 过错责任|n. 内疚感|n. 法律上的有罪状态|v. 用内疚感迫使|adj. 过时：镀金的|v. 过时：犯罪
guilty	adj. 对不诚实行为负有责任|adj. 感到内疚的|n. 有罪答辩|n. 有罪判决|adj. 被判定犯有罪行|adj. 应受责备的|n. 被宣布有罪的人
guinea	n. 英国旧金币|n. 珍珠鸡|n. 针对意大利裔人士的美国贬称
guitar	n. 吉他|n. 吉他类弦乐器|v. 弹吉他
gulf	n. 海湾|n. 鸿沟；间隔|n. 巨大差距|n. 深渊；深坑|v. 吞没；卷入|n. 吞咽处；喉咙|n. 吞没处；漩涡|n. 矿脉中的大型矿藏|n. 勉强及格者所在的学位名单末位|v. 使勉强及格者获得学位
gum	n. 牙龈|n. 口香糖|n. 植物树胶|n. 类似树胶的黏性物质|n. 一块口香糖|n. 桉树等树胶树|v. 涂胶使黏住|v. 使卡住、失灵|n. 软糖|n. 简易蜂箱|n. 空心木容器|n. 橡胶套鞋
gun	n. 枪；炮|v. 使加速|v. 全力支持|n. 炮声；枪炮的拟人化指代|n. 扳机式发射器|n. 枪手|n. 肱二头肌|v. 努力争取|v. 针对；企图攻击|n. 大浪冲浪板|n. 图案发射器|n. 电子枪
gunpowder	n. 火药|n. 火药茶|n. 印度辣味香料粉|v. 用火药炸毁
gurn	[人名] 古恩
gurner	[人名] 格纳
gustav	n. 冠军
gut	adj. 凭直觉的|n. 肠道；肠胃|n. 内在直觉|v. 摧毁内部；掏空核心|adj. 肠衣制的|n. 肚子；腹部|n. 肠衣|n. 容易的课程|v. 剖开取出内脏|v. 使精神崩溃|n. 狭窄水道|n. 蚕丝腺囊
gutenberg	n. 古腾堡（人名, 德国活版印刷发明人）
guy	n. 男人；家伙|n. 人；大家|n. 有个性的对象|n. 伙计；老兄|n. 东西；部件|v. 嘲弄；挖苦|v. 滑稽模仿|n. 盖伊·福克斯像|n. 衣着古怪的人|n. 向导；引导者|n. 升降辅助绳|n. 稳定结构的支索
gwyn	n. 格温（女人名）
gym	n. 学校体育馆|n. 健身房|n. 体操|n. 体育课|v. 去健身房锻炼
gymnasium	n. 室内体育馆|n. 欧洲的升学中学|n. 古希腊公共锻炼场
gymnastics	n. 体操运动|n. 脑力或艺术上的复杂技巧
h	n. 小时|num. 第八个|num. 第八个|adj. 硬质铅芯的|adj. 高社会地位方言的|n. 命中数|n. 十六进制标记|n. 家庭电话|n. 命中数|n. 半年|n. 硬质铅笔等级|v. “有”的缩写
habit	n. 日常习惯|n. 不自觉的惯性行为|n. 难以戒除的坏习惯|n. 修道服或长袍|n. 特定活动的服装|n. 外表或装束|n. 生物或晶体的外形结构|v. 给……穿衣|v. 使……居住
habitat	n. 生存条件与环境|n. 物种自然分布地|n. 具有特定自然特征的区域|n. 人的生活空间
habitation	n. 住所；居所|n. 居住；居住状态|n. 团体分支或集会处|n. 农场；牧场；种植园
habitual	adj. 习惯性的；反复的|adj. 惯常做某事的|adj. 惯常的；通常的|adj. 表示惯常或反复动作的|n. 惯常做某事的人；惯犯|n. 惯常结构
habitually	adv. 出于习惯地|adv. 经常地；通常地
hack	n. 砍削工具|n. 实用窍门|v. 粗砍、砍倒|v. 未经授权侵入计算机系统|n. 砍击|n. 尝试|n. 临时装置或办法|n. 代码临时修补|n. 巧妙技术成果|n. 非法入侵计算机网络|n. 修改版游戏或软件|n. 受雇做例行工作的人
hacker	n. 入侵计算机系统的人|n. 进行改动或破解的人|n. 计算机技术爱好者|n. 善于用巧办法解决问题的人|n. 历史用法中的行事者|n. 砍切工具|n. 英国地区的农具|n. 出租车司机|v. 结巴地说话
haddad	n. (Haddad)人名；(法、西)阿达；(塞、瑞典、阿拉伯、英)哈达德
hagel	[人名] 哈格尔
hail	n. 冰雹|v. 下冰雹|v. 大声叫住|n. 一场冰雹|n. 密集猛烈的一阵|v. 降下冰雹|v. 连续倾泻|v. 称作；誉为|v. 招手叫停交通工具|v. 发信号联系|v. 来自；源于|adj. 健康的；完整无损的
haim	n. (Haim)人名；(德、罗)海姆；(法)安；(以)哈伊姆
hair	n. 一根毛发|n. 头发或体毛的整体|n. 无脊椎动物的细毛|n. 植物的毛状突起|n. 毛状细丝或纤维|n. 一点点；极小差距|n. 枪械中的保险或弹簧装置|n. 复杂性；棘手程度|v. 去毛|v. 长出毛发|v. 使长毛；装上毛|v. 给小提琴弓装弓毛
haircut	n. 理发|n. 发型|v. 给资产折价|n. 债务或投资的削减|n. 抵押品折价
hairstyle	n. 发型；发式
half	adj. 一半的|adv. 一半地|n. 一半；两个部分之一|n. 二分之一|adj. 不完整的；约一半的|adj. 同父异母或同母异父的|adv. 大约一半地|adv. 部分地；不完全地|n. 半份标准饮料量|n. 同父异母或同母异父的兄弟姐妹|n. 半程马拉松|prep. ……点半
half-century	n. 五十年；半个世纪|n. 板球单局五十分|n. 一局五十分
halfway	adj. 中途的；中间的|adv. 到一半；途中|adv. 还算；勉强达到可以接受的程度
hall	n. 走廊；门厅|n. 大厅；会议厅|n. 庄园宅邸|n. 大学宿舍楼|n. 专业教育或资格授予机构|n. 客厅|n. 大学食堂|n. 中世纪世俗建筑的主厅|n. 为人群让出的通道|n. 大学食堂提供的一餐|n. 英国西部大铁路的蒸汽机车车型
hallucination	n. 幻觉；虚假的感官知觉|n. 错误想象；误记或误判|n. 人工智能幻觉；自信编造的错误信息
hallucinogen	n. 迷幻剂
halo	n. 日月周围的光环|n. 名望或神圣感形成的光环|v. 给……围上光环|n. 星系周围的物质晕|n. 类似光环的效果|n. 圣像头上的光轮|n. 光环效应造成的偏差|n. 艺术史中的圆环光轮|n. 固定头颈的环形支具|n. 赛车驾驶舱前的防滚架|n. 头灯的简称|n. 高空跳离、低空开伞
halt	n. 停止；中止|v. 停下；停止|n. 小型铁路站|n. 无人值守的小火车站|n. 饥怒孤疲检查缩写|v. 使……停下|v. 使……中止|adj. 跛的；瘸的|n. 跛行；跛足|v. 跛行|v. 犹豫不决|v. 有缺陷；不顺畅
halve	vt. 二等分, 对半分享, 把...减半
ham	n. 火腿，腌制猪腿肉|n. 表演过火的人|v. 表演过火|n. 猪腿的一块肉|n. 业余无线电操作员|adv. 非常强烈地|n. 膝后部|n. 大腿后侧|n. 非垃圾邮件|n. 家，家乡（旧式）|n. 匈牙利国王的头衔缩写
hamburger	n. 汉堡|n. 汉堡肉饼|n. 碎牛肉|n. 三横线菜单图标|n. 汉堡式对折|n. 撞得稀烂的东西|n. 汉堡人|v. 弄伤弄坏
hamlet	n. 小村庄；小聚落|n. 没有自己教堂的小村庄|n. 哈氏鲈属的鱼|n. 抗肿瘤蛋白质复合物
hammer	n. 锤子|v. 反复敲打|n. 锤击；敲击|n. 锤骨|n. 击弦槌|n. 钟锤|n. 击锤|v. 锤炼成形|v. 反复强调|v. 猛击|v. 彻底击败|v. 使系统超负荷
hamper	n. 大篮子|v. 妨碍；拖累|n. 礼品篮|v. 束缚；限制|n. 洗衣篮|n. 束缚物；障碍|n. 碍事的物品|v. 装进篮子
hance	n. 拱腰, 椭圆拱脚尖最短半径的弧
hand	n. 手|n. 能力；手艺|v. 递给；传给|v. 管理；掌管|n. 类似手的部分|n. 一手牌|n. 一把；一组|n. 马高单位|n. 一方；一边|n. 工人；帮手|n. 老手；能手|n. 帮助
handbook	n. 领域参考手册|n. 非法下注场所
handbrake	n. 手煞车
handful	n. 一把的量|n. 少数，约五个|n. 一小群；一撮|n. 难以应付的人或事|n. 四英寸宽|n. 五年监禁
handicap	n. 妨碍因素|n. 比赛让步|v. 使处于不利地位|n. 身体或心理方面的不利条件|n. 让步赛|v. 给比赛者设置让步|v. 评估胜负机会|n. 古老纸牌游戏|n. 古英语交易游戏
handkerchief	n. 手帕|n. 脖巾；颈巾
handle	n. 把手；柄|v. 触摸；握住|v. 操纵；使用|v. 管理；控制|n. 手段；机会|n. 赌博总额|n. 网名；代号|v. 对待；处理|v. 论述；涉及|v. 经手；经营|v. 承受；应付|v. 手球犯规
handling	n. 处理；操作；搬运|v. 正在处理；处理这件事|n. 笔触；用笔方式|n. 销赃；处理赃物|n. 操作机构；操控装置
handsome	adj. 好看的；漂亮的|adj. 英俊的；有吸引力的|adj. 漂亮的；令人满意的|adj. 慷慨的；体面的|adj. 可观的；相当大的|adj. 灵巧的；熟练的|v. 使变漂亮
handwriting	n. 手写这一行为|n. 个人笔迹|n. 手写的文字|n. 可辨认的特色或标志|v. 正在手写；手写这一行为
handy	adj. 方便好用|adj. 在手边|adj. 手巧能干|adj. 爱动拳头的|adj. 小型散货船的|n. 小手|n. 手枪|n. 手淫（粗俗）|n. 手机
hang	v. 悬挂着|v. 挂起|v. 闲待；闲逛|v. 停止响应|n. 悬挂形态|n. 停止响应|n. 窍门；理解|n. 聚会；消遣场所|n. 一起消遣的人|n. 丝毫不在乎|v. 飘浮不散|v. 使倾斜悬着
hap	n. 运气；命运|n. 偶然事件；一件运气|v. 发生；降临|n. 正在发生的事|n. 被褥；小毯子|n. 一类慈鲷鱼|n. 医院获得性肺炎|n. 有害空气污染物|v. 碰巧降临于|v. 裹好；给……盖上
happen	v. 发生；出现|v. 碰巧；恰好|v. 偶然遇见；碰巧发现|adv. 也许；或许|v. 降临于；发生在……身上|v. 变得流行
happily	adv. 愉快地；高兴地|adv. 乐意地；愿意地|adv. 幸运地；幸好|adv. 或许；碰巧
happiness	n. 幸福；快乐|n. 兴盛；福祉|n. 好运；幸运|n. 自然流露的优美
happy	adj. 快乐的；满足的|adj. 幸运的；顺利的|adj. 愿意的；满意的|adj. 恰当的；巧妙的|adj. 爱使用……的|adj. 祝……快乐|adj. 幸运的；受祝福的|adj. 机敏熟练的|n. 令人高兴的人或事|v. 变得高兴起来|v. 使高兴或活跃起来
harassment	n. 持续攻击或批评造成的困扰|n. 故意纠缠或恐吓|n. 军事袭扰
harbor	n. 避难处；藏身处|n. 港口；避风港|v. 收容；为……提供藏身处|v. 在避风港停泊|v. 心里一直怀有|n. 材料混合箱|n. 黄道宫位；天体所在宫|n. 庇护；避难|v. 把猎物赶入藏身处
harbour	n. 港口；避风港|v. 停泊；窝藏
hard	adj. 坚硬的|adj. 困难的|adv. 费力地；困难地|v. 使变硬；使坚固|adj. 确凿的；明确的|adj. 大角度的；急转的|adj. 肌肉紧实的|adj. 难以欣赏的|adj. 实体的；纸质的|adj. 手动的；物理的|adj. 极端的；大幅的|adv. 用力地
hard-line	[法] 主张强硬路线者
hard-wire	v. 用固定电线连接|v. 把功能固定在硬件中|v. 使行为模式自动化
harden	v. 变硬|v. 使变硬|v. 加强；使更坚强|v. 加固系统以抵抗攻击|v. 变得或使变得不易受影响|v. 勃起|v. 使辅音变强|v. 使辅音失去腭化或软化特征
hardline	adj. 强硬的；不妥协的|adj. 硬商品类别的；五金零售类的|n. 五金商品集合|n. 广义耐用品商品类别|n. 实体有线连接；固定线路
hardly	adv. 几乎不；仅仅勉强|adv. 不大可能；才不是|intj. 才不是；哪有|adv. 艰难地|adv. 严厉地；苛刻地|adv. 用力地；奋力地
hardship	n. 艰难困苦；苦日子|n. 负担；障碍|v. 使受苦；使遭受困苦
hardware	n. 五金、工具和修理设备|n. 计算机硬件|n. 设备、器材|n. 电子设备|n. 金属配件|n. 枪械|n. 奖牌、奖杯|n. 五金店（菲律宾英语）
hardwire	[计]电路, 硬连线
hardworking	adj. 勤奋认真的
hardy	adj. 强健耐劳|adj. 植物耐寒耐逆境|adj. 勇敢果断|adj. 厚脸皮的|n. 耐受力强的事物|n. 铁砧工具|n. 铁砧方孔
hare	n. 野兔|n. 野兔肉|v. 飞快跑开|adj. 灰白而苍老的|adj. 寒冷的|n. 追踪游戏中的领跑者|v. 烦扰、粗暴催逼
harlan	n. 哈伦（男子名）；哈尔纶聚偏氯乙烯纤维
harm	n. 身体损伤或物质损坏|n. 心理或抽象伤害|n. 不利后果、损失或祸害|v. 伤害或损害|n. 造成伤害或损失的事物
harmful	adj. 有害的；会造成伤害的
harmfully	adv. 有害地；伤害地
harmless	adj. 无害的；安全的|adj. 无恶意的；不冒犯人的|adj. 未受伤的（旧）
harmonious	adj. 关系和睦的|adj. 搭配协调的|adj. 和谐悦耳的
harmonisation	n. 和谐, 协调, 相称
harmonise	vi.vt. 以和声歌唱/演奏, (使)协调, (使)一致, (使)相称, (使)调和
harmony	n. 和谐；协调|n. 协调的组合；和谐效果|n. 和声学；和声理论|n. 和弦；同时发出的音|n. 音高之间的和声关系|n. 经文或史料的对照汇编
harness	n. 挽具；安全带式装备|v. 给……套上挽具；拴住|v. 控制并利用|n. 电线束；线缆组件|n. 劳动装备；工作用具|n. 全套军装；铠甲|n. 织机综框|v. 给……披挂铠甲
harsh	adj. 粗糙或令人不适|adj. 严厉而苛刻|v. 尖刻地批评|v. 扫兴
harshness	n. 粗糙事物, 刺耳, 严肃
harvest	n. 收割；收获过程|n. 收成；收获物|v. 收割；采收|n. 成果；收获|n. 收获季；收割时节|v. 采集资源；猎取|v. 进行收割|v. 取得；赢得成果|n. 秋天|n. 秋分收获仪式
haste	n. 匆忙；迅速|n. 急迫；冲动|v. 催促前进|v. 赶快行动
hasten	v. 使加快|v. 使提前|v. 赶快行动
hasty	adj. 仓促的；草率的|adj. 易怒的；性急的|adj. 快速的|adj. 猛烈的
hat	n. 帽子|n. 角色；身份|n. 抽签容器|n. 进入抽签范围|n. 脱字符|v. 给……戴帽子|n. 帽式开关|n. 抑扬符号|n. 网站用户权限|n. 剑桥旧称|n. 最高天文潮|n. 人类非洲锥虫病
hatch	n. 舱口；地板或天花板上的活板门|v. 孵化；破壳而出|v. 破壳|v. 策划；酝酿计划|n. 暗门；活板门|n. 传递窗；窗口式开口|n. 检修舱门|n. 船甲板开口|n. 孵化|n. 同一批孵出的幼鸟|n. 蜉蝣集中出现期|n. 出生；出生记录
hate	n. 讨厌的对象|n. 仇恨|v. 非常不喜欢；憎恨|n. 网络攻击和恶意评论|n. 偏见和仇视|v. 感到仇恨|v. 在网上攻击或嘲讽
hatred	n. 憎恨；仇恨
haul	n. 漫长的路程|n. 一大批收获或所得|v. 拉运到某处|v. 用力拉或拖重物|v. 费力搬运或运输|n. 用力拉一下|n. 购物展示视频|v. 拖动；使局势前进|v. 被叫去问责|v. 快速行动|n. 制绳用的一束线|n. 一场比赛进四球
haunt	n. 常去的地方|v. 鬼魂反复出没|v. 持续困扰|n. 动物出没处|v. 跟踪纠缠|n. 鬼魂|v. 居住停留|v. 使习惯于|v. 专心从事|v. 不断逗留
have	v. 拥有|v. 包含|v. 经历|v. 构成完成时|n. 有钱或有特权的人|v. 手头有|v. 有某种亲属或关系|v. 吃喝|v. 进行或做|v. 有安排|v. 患有|v. 反意疑问句中的助动词
haven	n. 安全的庇护处|n. 宁静之地|n. 避风港；港湾|v. 使进入庇护处；提供庇护|v. have 的古旧形式
havoc	n. 广泛破坏；浩劫|n. 一片混乱；大乱|intj. 战争劫掠信号|v. 劫掠|v. 造成严重破坏
hawaiian	adj. 夏威夷的；夏威夷文化或语言的|n. 夏威夷原住民|adj. 夏威夷原住民的|adj. 夏威夷州的|adj. 夏威夷州居民的|n. 火腿菠萝披萨|n. 夏威夷州居民
hawk	n. 鹰科猛禽|n. 外形相近的猛禽|n. 强硬派|n. 用力清嗓|v. 叫卖兜售|v. 咳出痰液|v. 大声清嗓|n. 澳大利亚的一类蜻蜓|n. 自利而不合作的一方|n. 刺骨的冷风|n. 抹灰托板|v. 用鹰捕猎
hawthorne	n. 霍桑（男子名）；霍桑（美国加利福尼亚州西南部城市）
hay	n. 干草；牲畜饲料|n. 饲料植物混合物|n. 大麻（俚语）|v. 割草制饲料|n. 捕兔网|n. 树篱|n. 捕兔网|n. 围地|n. 圆形乡村舞蹈|n. 皮特曼速记中的 h 符号|v. 设置捕兔网
hayward	n. 庄稼看守人|n. 猕猴桃品种
hazard	n. 危险；风险|n. 危险障碍；危险源|v. 冒险；承担风险|v. 冒险提出；大胆猜测|n. 交通危险源|n. 高尔夫球场障碍区|n. 处理器流水线冒险|n. 台球术语|n. 骰子赌博游戏|n. 机会；不确定性|n. 押上的东西；赌注|n. 网球发球区一侧
haze	n. 空气中的薄雾|n. 思绪或记忆的模糊|n. 液体或气体的浑浊|n. 表面的朦胧污层|v. 变得朦胧|v. 用难受仪式整新成员|v. 强迫或骚扰|n. 透明材料的雾度|n. 啤酒或葡萄酒中的浑浊物|v. 在牛仔竞技中驱赶牛|v. 用厌恶刺激驱赶野生动物
hazy	adj. 雾蒙蒙的|adj. 模糊不清的|adj. 不清澈的|n. 浑浊型啤酒
he	n. 男性|pron. 他|n. 高爆炸物|n. 高等教育|n. 健康教育|n. 家庭娱乐|n. 水力发电|pron. 性别未知者的传统泛指“他”|pron. 性别未知动物的“它”|adj. 水力发电的缩写|det. 他的|intj. 轻笑声
head	n. 头部|n. 顶部；最前端|n. 负责人；主管|v. 领导；负责|adj. 与头部有关的|adj. 首要的；首席的|adj. 顶部的；最前端的|n. 头脑；才智|n. 脑海；记忆|n. 牲畜头数|n. 桌子首位|n. 标题
headache	n. 头痛|n. 麻烦事；令人头疼的问题
headhunter	n. (原始社会中)猎取人头者, 物色人才的人
heading	n. 标题；主题|n. 航向；行进方向|v. head 的现在分词和动名词|n. 桶盖材料|n. 矿井巷道或掘进面|n. 缝线上的凸出部分|n. 砖石的外露端|n. 旗帜连接带
headline	n. 新闻标题；文章标题|v. 担任主打；领衔演出|n. 主打节目；头牌|v. 给……加标题|n. 页码栏标题|n. 船首绳
headlong	a. 头向前的, 仓猝而用力的, 轻率的|adv. 头向前地, 猛然地, 用力地
headmaster	n. 男校长
headphone	n. 耳机
headquarters	n. 军事指挥部|n. 组织总部|n. 活动或影响力中心|v. 将总部设在
headshot	n. 个人头像照|n. 射中头部的一枪|n. 演员用头像照和简历组成的资料页|v. 爆头击杀
headway	n. 向前移动；前进势头|n. 向目标取得进展|n. 前进速度或航行进程|n. 连续车辆之间的运行间隔|n. 下方的净空高度|n. 矿井中的横巷
heal	v. 治愈；使恢复|v. 恢复健康；愈合|v. 修复关系；弥合分歧|n. 治疗技能|n. 治疗效果|n. 健康
health	n. 健康；身心无恙|n. 整体状况；运转情况|n. 身体状况；体质|n. 生命值；耐久度|n. 疗法；药物|n. 祝健康或兴旺的祝酒|n. 英雄；战士
healthcare	n. 医疗保健；卫生保健；健康护理, 健康服务
healthy	adj. 身体健康的|adj. 有利于健康的|adj. 显出健康状态的|adj. 相当大的；有益的
heap	n. 一堆；堆积物|n. 大量；许多|v. 堆放；堆成一堆|v. 大量给予|n. 一群；一大群人|n. 堆（树形数据结构）|n. 堆内存|n. 破旧不堪的东西|n. 很多；大量|v. 堆成或弄成一堆|adv. 非常；很多
hear	v. 听见声音|v. 听见并辨认出|v. 听取；听某人说|intj. 听着；明白吗|v. 听取并接受请求|v. 得知；听说|v. 收到联系|v. 审理案件|v. 我懂你的感受|v. 师从；受教于
hearing	adj. 有听力的|n. 听力|n. 听得见的范围|n. 听到的消息|n. 公开听证会|n. 法律听证|v. hear 的现在分词或动名词|n. 听见这一行为|n. 责骂
heart	n. 心脏|n. 内心感情|n. 中心与核心|v. 喜欢；爱|n. 心地与性格|n. 勇气与斗志|n. 记忆|n. 心形符号|n. 红桃牌|v. 给内容点心|n. 活力与肥力|n. 亲昵称呼
hearty	adj. 热情真挚的|adj. 精力充沛的；热切的|adj. 丰盛有营养的|adj. 开朗活泼的|adj. 有力而坚定的|n. 水手同伴；老朋友
heat	n. 热能|n. 高温；炎热|n. 情绪或局势的激烈状态|n. 暖气系统|v. 加热；使变热|n. 辣度|n. 压力；负面关注|n. 预赛；预赛组|n. 比赛的一轮|n. 炎热天气|n. 暖气产生的热量|v. 变热
heating	adj. 加热的；供暖的|n. 供暖系统|n. 加热过程|v. 正在加热；加热
heatstroke	n. 中暑
heave	n. 一次用力提举|n. 向上的起伏|v. 费力提起|v. 上下起伏|v. 干呕或呕吐|n. 船的短时升降幅度|n. 干呕的一下|v. 用力投掷|v. 用力发出|v. 用绳索拉起|v. 推动到某处|v. 费力挣扎
heaven	n. 天空|n. 神或诸神的居所|n. 死后有福者的居所|n. 广义的天堂或神圣居所|n. 神圣的天界|n. 死后有福者的来世|n. 天堂这一宗教观念|n. 乐土；天堂般的地方或经历|n. 极乐状态；幸福得出神|n. 某类人或动物的理想乐园|n. 天空或天穹|v. 送入天堂
heavenly	adj. 天堂的；天国的|adj. 美妙至极的；令人陶醉的|adj. 天上的；天空的|adj. 上帝王国的；天国的|adj. Heavenly 的大写写法|adv. 极其愉悦地；美妙地|adv. 神奇地；靠上天的力量
heavily	adv. 沉重地；负重很大地|adv. 在很大程度上|adv. 装备或防护得很强|adv. 长得厚重或肌肉发达地|adv. 费力地；气喘吁吁地
heavy	adj. 重量大的|adj. 难以承受的；负担重的|adj. 声音大而强烈的|adv. 很大程度地；非常|adj. 严肃的；沉重的|adj. 高的；大量的|adj. 闷热潮湿的|adj. 过度从事某活动的|adj. 困倦的|adj. 油腻难消化的|adj. 强烈的；有力的|adj. 负重的；心情沉重的
hectare	n. 公顷
hed	abbr. 高能检波器（high-energy detector）；皮肤单位剂量
hedge	n. 树篱；灌木围栏|v. 用树篱围住|v. 含糊其辞；避免承诺|n. 保护屏障|n. 含糊保留的说法|n. 避险安排|v. 阻挡；围住|v. 对冲风险|v. 修筑或修理树篱|v. 降低风险暴露|n. 土堤围栏|n. 低劣的；不体面的
heel	n. 脚后跟|n. 鞋跟|v. 紧跟在后面|v. 向一侧倾斜|n. 袜子后跟|n. 掌根|n. 高跟鞋|n. 末端；后部|n. 面包头|n. 卑鄙的人|n. 倾斜|v. 使紧跟
height	n. 从底部到顶部的距离|n. 高于基准面的高度|n. 高峰；顶峰|n. 高处；高地|n. 高处；高地（方言）|n. 元音舌位高度
heighten	v. 增强；加剧|v. 加高；抬高
heir	n. 财产继承人|n. 头衔或职位的继承人|n. 事业或角色的接班人|v. 继承
helicopter	n. 直升机|v. 用直升机运送|v. 乘直升机旅行|n. 带翼果实|v. 像叶片一样旋转|v. 过度保护和监视|n. 混凝土抹平机|n. 蜻蜓|n. 旋转棍戏法|n. 直升机式地板旋转动作
helium	n. 氦元素|n. 一份氦样品
helix	n. 螺旋曲线|n. 耳轮|n. 科林斯柱头的螺旋饰|n. 划艇空中翻转|v. 形成螺旋形
hell	intj. 见鬼；糟了|intj. 当然；强烈地|n. 极度痛苦的处境|adv. 像地狱一样|adv. 非常|intj. 更不用说；甚至|n. 极热之处|n. 用于加强语气的固定表达|n. 对……极其有害或痛苦|v. 赶快；冲|v. 快速而喧闹地移动|n. 赌博场所
hello	intj. 见面问候|intj. 接电话时的“喂”|n. 一次问候|intj. 呼唤并确认有人回应|intj. 讽刺对方没注意到明显事实|intj. 困惑或突然发现|v. 向某人问候
helmet	n. 头盔|n. 头盔状的东西|v. 戴上或覆盖头盔|n. 像头盔一样的人或物
help	intj. 救命；帮帮我|n. 帮助；援助|v. 帮助某人或某物|v. 帮忙|v. 忍不住；无法避免|intj. 笑死我了|n. 帮手；有帮助的东西|n. 帮助文档|n. 求助；支持|v. 帮人取食物或饮料|v. 有助于促成|n. 学习辅助材料
help-seeker	n. 求助者
helpful	adj. 有帮助的；有用的
helpless	adj. 无法自卫的|adj. 无援而无力的|adj. 不能独立行动的|adj. 控制不住的|adj. 无法挽救的
helplessly	adv. 无保护地；任由……摆布地|adv. 无法自制地；无法自救地|adv. 束手无策地；无能为力地
hem	intj. 清嗓声；犹豫声|n. 衣物折边|v. 围住；困住|n. 清嗓声；犹豫声|n. 边缘；边界|v. 清嗓；吞吞吐吐|v. 做折边|v. 给衣物加折边|n. 金属回折边|pron. 他们（过时形式）
hemings	[人名] 赫明斯
hemisphere	n. 地球半球|n. 几何半球|n. 天球半球|n. 活动或思想领域|n. 半球地图或投影图|n. 大脑半球
hemorrhage	n. 大量出血|v. 大量出血|n. 大量流失|v. 大量损失
hen	n. 母鸡|n. 雌鸟|n. 雌鱼或雌甲壳动物|n. 女性|n. 女性|n. 女性婚前聚会|n. 亲爱的；姑娘|adv. 从这里；离开这里|n. 跨性别女性的阴茎|n. 像母鸡一样的人|n. 硬壳蛤|n. 大锡壶
hence	adv. 因此，由此|adv. 从现在起……以后|adv. 从这里离开|adv. 离开人世|intj. 走开！|v. 叫人走开|v. 离开
henceforth	adv. 今后；从现在起|adv. 下文中；从此处往后
henry	n. 电感单位|n. 吸尘器（英）|n. 高收入但未富裕者|n. “高收入但尚未富裕”的缩写|n. 粪便（英俚）|n. 大麻的俚语计量|n. 海洛因（俚语）
her	det. 她的|pron. 她；她本人|det. 某位未说明性别者的|n. 一个女性；雌性动物|pron. 尊称形式“她”
herald	n. 传令者；消息使者|n. 预兆；先兆|v. 宣布；预示|v. 热烈欢迎；高度评价|n. 纹章官|n. 一种蛾|n. 广告传单
herb	n. 调味香草|n. 药草|n. 大麻|n. 草本植物|n. 草、草本植被|n. 窝囊或不酷的人
herd	n. 兽群；畜群|v. 成群驱赶；被集中带走|n. 动物群|n. 乌合之众；随大流的人群|v. 成群活动|v. 聚成一群|v. 看管；放牧|v. 加入一群；与人结伴|n. 牧人|v. 做牧人|v. 组成兽群|v. 驱赶兽群
herder	n. 牧人, (美)(非正式)监狱看守
here	adv. 在这里|adv. 到这里为止|adv. 到这里来|adj. 还活着|adv. 这个人，就是某某|intj. 给你|intj. 喂，我要说的是|intj. 喂！注意！|intj. 到|intj. 到这儿来|n. 这个地方|n. 到这一点
heresy	n. 宗教异端|n. 非正统观点
heretic	n. 宗教异端|n. 主流观念的挑战者|adj. 异端的
heritage	n. 可继承的财产；遗产|n. 传统；传承下来的价值|n. 与生俱来的权利；继承权|n. 文化或语言背景
hero	n. 英雄；勇者|n. 榜样|n. 主角|n. 广告或影视中的重点对象|n. 网页首屏重点区域|n. 菜肴的主角|v. 逞英雄；表现得像英雄|v. 称赞为英雄|v. 突出；重点展示|n. 当前玩家|n. 英雄三明治
heroic	adj. 英雄的；高尚非凡的|adj. 英勇的；表现出英雄气概的|adj. 英雄式大小的|n. 英雄诗体
heroin	n. 海洛因|n. 女性英雄（旧形式）
heroine	n. 女英雄|n. 女主角|adj. 女英雄般的
hers	pron. 她的；属于她的|pron. 她家；她那里|pron. 敬称式的 hers
herself	pron. 她自己；她本人（反身）|pron. 她本人（强调）|pron. 她；这位女士本人|pron. “她本人”（敬称大写）
herz	赫茨（人名）
hesitant	adj. 犹豫的；有所顾虑的
hesitate	v. 犹豫；迟疑|v. 说话结巴；吞吞吐吐|v. 迟疑地说出或暗示
hesitation	n. 犹豫的行为|n. 疑虑；举棋不定|n. 说话时的停顿或结巴
hey	intj. 引起注意|intj. 非正式问候|intj. 抗议或责备|intj. 表示惊讶|intj. 没听清或感到困惑|v. 用“hey”打招呼|intj. 句末寻求认同|intj. 歌曲中的填充音节|n. 交错穿行的舞步
hi	intj. 嗨；你好|adj. high的非正式拼写|intj. 喂；嘿|n. 一声问候|intj. 表示惊讶或嘲讽|n. 高档或高速范围|n. 高光谱成像
hi-tech	adj. 高科技的|n. 高科技；高科技产品
hide	n. 动物的皮|v. 藏起某物|v. 躲起来|n. 性命；自身安全|n. 观察野生动物的隐蔽处|n. 秘密藏身处|n. 人的皮肤|n. 宠物的躲藏结构|n. 历史土地单位|v. 用皮鞭抽打
hierarchical	adj. 层级的；有上下级的|adj. 分级排列的；按层次分类的|adj. 神职等级的
hierarchy	n. 等级制度|n. 事物层级|n. 权威成员体系
higgs	n. 希格斯玻色子|adj. 希格斯的；与希格斯机制有关的|v. 使受到希格斯机制作用
high	adj. 高的；在上方的|adj. 地位高的；重要的|n. 高点；高峰|v. 上升|adj. 有指定高度的|adj. 兴高采烈的|adj. 奢华的；富裕的|adj. 傲慢的；自负的|adj. 热衷的；很感兴趣的|adj. 波浪大的|adj. 高纬度的|adj. 高的；大量的
high-calorie	adj. 高热量的
high-energy	adj. 精力充沛的；充满活力的|adj. 释放大量能量的|adj. 高能的（物理学）
high-income	adj. 高收入的；面向高收入者的
high-profile	adj. 备受关注的；重要而出名的
high-quality	adj. 质量上乘的
high-risk	adj. 高风险的
high-speed	adj. 高速的；高速运行的
high-tech	n. 高科技
high-technology	n. (=high-tech)高科技
high-value	adj. 高价值的；重要的
high-visibility	adj. 醒目的反光或荧光材质|adj. 刻意引人注意的
highland	n. 高地|adj. 苏格兰高地相关的
highlight	n. 亮部；高光|n. 亮点；最精彩的部分|v. 强调；突出|n. 挑染的发束|v. 成为……的亮点|v. 标亮；用荧光笔标出|v. 给头发挑染|v. 在聊天中点名提醒
highly	adv. 高度地；很赞赏地|adv. 非常；极其
highschool	na. 〈美〉中学；〈英〉大学预科
highway	n. 主要公路；高速公路|n. 通向目标的道路|n. 车辆通行的公共道路|n. 高于周围地面的道路|n. 计算机中的公共连接通路|v. 在公路上行驶
hijack	n. 劫持交通工具|v. 劫持交通工具|v. 强行把事情带偏|n. 强行接管并改道|n. 篡改议案的修正案|v. 彻底改写法案|n. 扑克中的特定位置|n. 拦路抢劫者
hike	n. 徒步，远足|v. 徒步，远足|n. 突然上涨|v. 突然提高（价格等）|v. 向上猛拉|intj. 走，前进！|n. 开球发球动作|n. 向上猛拉|v. 发球启动比赛|v. 使帆船向背风侧倾斜
hill	n. 小山丘|n. 坡道|n. 植物周围的土堆|n. 一丛植物周围的土丘|v. 堆成小丘|v. 给植物培土|n. 棒球投手土墩|n. 唱片表面的凸起
hilton	n. 希尔顿（姓氏）；希尔顿集团（主营酒店和香烟等）
him	pron. 他；它（雄性）|n. 男性个体|pron. him和其他人并列|pron. 介词后或be后用him|pron. 最厉害的那个人|pron. 他自己（旧式）|pron. 敬称大写形式|pron. His Imperial Majesty缩写|pron. Her Imperial Majesty缩写
himself	pron. 他自己；他本人（反身）|pron. 他本人；亲自|pron. 他（特殊爱尔兰英语用法）|pron. 那位先生；他本人（爱尔兰英语）|pron. Himself（敬称写法）
hinder	v. 妨碍；使难以完成|v. 阻止；拖延|adj. 后部的；后面的|adj. 更后面的|n. 臀部|v. 造成伤害
hindrance	n. 障碍；阻碍物|n. 妨碍；阻挠
hinge	n. 铰链；合页|n. 关键；转折支点|v. 给……装铰链|v. 取决于|n. 类似铰链的天然连接部位|n. 集邮贴纸铰|n. 上下半部分的中位数|n. 方位基点|n. 偏心转动|n. 多元关系中的连接者|n. 身体不适|v. 石片断裂
hint	n. 线索；提示|n. 暗示|v. 暗示；提示|intj. 提醒你注意暗示|n. 一丝；少许|v. 间接提及；暗示某事|n. 字体微调信息|n. 数据库查询提示|n. 时机；机会|v. 为字体添加微调信息
hip	adj. 时髦而懂行|n. 髋部|intj. 欢呼起头语|n. 屋顶的斜接角|n. 玫瑰果|v. 用髋部撞击|v. 使某人知情|n. 桥梁斜接处|n. 吸毒者（旧俚语）|n. 住房信息包|n. 较高的中间点|n. 历史知情演奏
hippocampus	n. 大脑海马体|n. 神话海马兽
hire	n. 新雇员|n. 租用费|v. 租用物品|v. 雇用人|n. 受雇状态|v. 租用房屋|v. 出租或出卖服务|v. 花钱请人完成|v. 受雇工作|n. 报酬|v. 为某种功能购买
his	det. 他的|pron. 他的|det. 某人的（性别未指明）|pron. 他的家|det. 它的|det. 名词后的古旧所有格标记|n. 健康信息系统；医院信息系统|pron. His 的另一种大小写形式|pron. 祂的；他的（尊称写法）
hisa	abbr. Hawaii International Services Agency 夏威夷国际旅行社; Headquarters and Installation Support Activity 司令部和设施支援勤务（美国陆军）; home improvement and structural alterations 家庭改善及结构改变
hispanic	adj. 伊比利亚半岛及其文化的|adj. 西班牙语地区或其文化的|n. 西班牙语国家出身的人|adj. 西班牙的|n. 有西班牙血统的人|adj. 混血的|n. 混血者
historian	n. 历史撰写者|n. 历史研究者|n. 能提供病史的人
historic	adj. 历史性的；重大而值得纪念的|adj. 历史上的；与过去有关的|adj. 保留旧时面貌的|adj. 历史叙述中使用的时态或语气|n. 历史著作；历史记述|n. 历史学家
historical	adj. 与已记录的历史有关|adj. 与过去一般有关|n. 历史题材作品|adj. 与历史学这门学科有关|adj. 因过去的事件而闻名或具有历史意味|adj. 构成历史相关的复合形容词|adj. 只在名义或历史背景上成立|adj. 生物学中的历史性
historically	adv. 从历史角度看|adv. 历来；过去通常|adv. 历史上罕见地；达到空前程度
history	n. 过去发生的一切|n. 历史学；对过去的研究|n. 有记录的过去|n. 某对象的一段经历|n. 历史叙述或记录|n. 病史或家族病史|n. 浏览历史|n. 完了；成为过去|n. 共同经历；旧日纠葛|n. 具有历史意义的事件|v. 叙述；记录
hit	n. 击打；碰撞|n. 热门成功作品|v. 击打|v. 开关灯|adj. 大获成功的|n. 打击；损失|n. 袭击|n. 弹丸命中|n. 搜索命中|n. 网站访问次数|n. 大致正确的答案|n. 棒球安打
hitherto	adv. 到目前为止；此前|adv. 说到这里为止；截至这一点|adj. 此前的；过去的|adv. 到这里为止|adv. 关于此事；为此目的
hoard	n. 藏起来的储备|n. 珍宝藏品|v. 积存、囤积|v. 留存以备将来|n. 施工围挡|n. 城堡木制防护结构|n. 广告牌|n. horde的误拼
hobby	n. 业余爱好|n. 偏爱反复谈论的话题|n. 已灭绝的小马品种|n. 小型猎鹰
hockey	n. 曲棍球类运动|n. 场地曲棍球|n. 冰球|n. 粪便（俚语）
hoffa	n. (Hoffa)人名；(英)霍法|霍法
hoist	n. 起吊装置|n. 提起；助力|v. 吊起；升起|v. 举起奖杯庆祝|v. 被升起|n. 旗帜的垂直旗幅|n. 旗帜或帆升至最高处的状态|n. 特定纵帆的位置|v. 吊起受鞭打者|v. 把代码移出循环|v. 偷走|v. 抢劫
hold	n. 抓握；握住|n. 拿着；抱着的动作|v. 抓住；拿住|v. 拿着；保持|n. 关养动物的地方|n. 暂缓令；保留指令|n. 预留物；保留项|n. 控制力；影响力|n. 坚持下去的能力|n. 定型力|n. 控制性擒抱|n. 静止保持练习
holder	n. 容纳或固定物品的器具|n. 持有某物的人|n. 卫冕冠军|n. 船舱工作人员
holding	n. 持有的资产|v. 正在拿着；持有|n. 法院裁定|n. 受他人支配的地产或租期|n. 逻辑上的一致性|n. 歌曲的副歌或反复段落|n. 束缚或影响力|n. 控股公司或企业集团
hole	n. 凹坑；坑洞|n. 穿孔；破洞|n. 漏洞；缺陷|v. 打穿；打孔|n. 高尔夫球洞|n. 软件漏洞|n. 破地方|n. 困境；债务困境|v. 摧毁；击垮|v. 击入洞中|v. 挖孔；钻孔|adj. whole 的过时拼写
holiday	n. 节日|n. 法定休息日|n. 个人假期|n. 学校假期|v. 休假|v. 度假旅行|n. 暂缓付款期|n. 覆盖空缺
holiness	n. 神圣；圣洁|n. 尊敬的宗教领袖
holistic	adj. 整体性的；着眼整体的|adj. 整体观的；整体论的
hollow	adj. 空心的；内部有空腔的|adj. 空洞的；没有实际意义的|adj. 空口的；不真诚的|n. 空腔；凹洞|adj. 空荡回响的；低沉的|adj. 凹陷的；瘦削的|adv. 彻底地；完全地|n. 山间小谷；凹地|n. 凹处|n. 空虚感|v. 挖空；挖出空腔|adj. 体操中的屈体姿势
holy	adj. 神圣的|adj. 受宗教敬仰的|adj. 圣洁的|adj. 被分别出来的|adj. 专用的|adj. 天哪；真是不得了|intj. 天哪|adj. 大写形式|n. 至圣之物；至圣所
hom	abbr. 高阶模（higher order modes）；最高占有分子（highest occupied molecular）
home	adj. 本国的；本地的；家里的|adv. 回家|adv. 在家；在通常所在地|n. 家；住宅|n. 家乡；祖国|adj. 主场的；主队的|adv. 回到主页或首页|adv. 射入球门|n. 产地；栖息地；发源地|n. 棋盘游戏中的目标位置|n. 球类运动中的目标位置|n. 网站主页
homebuyer	n. 购房者
homegrown	adj. 自己种的；本地培育的|adj. 本地培养的；本国自产的|n. 本地人；本地培养出来的人或事物
homeless	adj. 无家可归的；没有固定住所的|n. 无家可归的人（不推荐的名词用法）|adj. 没有家可归的；无处安放的
homelessness	n. 无家可归状态
homeowner	n. 房主|n. 分期购房者
homeownership	n. 私房屋主；自己拥有住房者 (homeowner的变形)
hometown	n. 家乡|n. 偏袒本地人的
homework	n. 课后作业|n. 事先调查和准备|n. 家务或在家做的工作|n. 性交的委婉俚语|n. 支配关系中的指定任务
homicide	n. 杀人行为；杀人案件|n. 凶杀案调查部门|n. 杀人者|n. 杀人案受害者
hominid	n. 人科的动物
homo	adj. 均质化的（牛奶）|n. 均质化牛奶|n. 最高占据分子轨道|adj. 与同性恋有关的|n. 同性恋者（贬称）|n. 人类；人
homogeneous	adj. 同类的；相似的|adj. 组成均匀的|adj. 处于同一物态的|adj. 具有统一次数或尺度的|adj. 在线性代数中具有统一尺度性质的|adj. 在缩放下保持统一形式的|adj. 环论中具有统一次数或结构的|adj. 傅里叶分析中具有统一尺度性质的
homogenization	[计] 均匀性, 均化作用|[化] 均化; 均化作用
homogenize	vi. 变均匀|vt. 使均匀
honda	n. 本田汽车|n. 本田摩托车|n. 套索绳圈|n. 绳圈加固装置
honest	adj. 诚实的；不欺骗的|adj. 真实的；公正的|adj. 无心的；没有恶意的|adj. 准确的；可靠的|adj. 实实在在的；足量的|adj. 正当赚得的|adj. 坦率的；直率的|adv. 真的；说实话|adj. 得体的；合宜的|adj. 贞洁的；忠贞的|v. 使庄重；使增光
honestly	adv. 诚实地；如实地|adv. 说真的；坦白说|intj. 真是的！
honesty	n. 诚实；正直|n. 体面；端正|n. 贞洁|n. 银扇草属植物
honey	adj. 像蜂蜜的；甜美的|n. 蜂蜜|n. 亲昵称呼|v. 使变甜；使变得讨喜|adj. 蜂蜜色的|adj. 甜蜜的|n. 一种蜂蜜|n. 甜美或珍贵的东西|n. 漂亮的女性|n. 蜂蜜色|v. 加入蜂蜜|v. 甜言软语；温柔讨好
honeydew	n. 蜜汁, 蜜露
honor	n. 尊重；敬意|n. 名誉；尊严|n. 荣幸；特殊待遇|v. 尊重；纪念|v. 遵守；履行|n. 荣誉；奖项|n. 优先权；先行之礼|n. 光荣；骄傲|v. 授予荣誉|v. 承兑；兑现票据|intj. 凭名誉发誓|n. 封建领地
honorable	adj. 正直体面；有品格|adj. 值得尊敬的；体面的|adj. 符合荣誉规范的|adj. 尊敬的（正式政治头衔）|n. 拥有该头衔的人|adj. honorable 的另一种大小写形式
honorably	adv. 光荣地；正直地（美式拼写）
honour	n. 荣誉；尊敬；名誉|v. 尊敬；兑现；遵守|intj. honor 的英式拼写
honourable	adj. 值得尊敬的；体面的（英式拼写）|n. 尊贵人士；有正式尊称的人|adj. 大写形式
hook	n. 钩子；挂钩|n. 吸引注意力的开场|v. 钩住；钓到|v. 使上瘾；使着迷|n. 鱼钩|n. 农用钩镰|n. 钩针|n. 字母钩形部分|n. 新闻切入点|n. 有利的着力点|n. 被赶走；被开除|n. 作品的吸引点
hooper	n. 鸣叫天鹅|n. 呼啦圈玩家|n. 篮球运动员|n. 套桶箍的人
hop	n. 短促的一跳|n. 单脚跳|n. 啤酒花植物|v. 跳一小段|v. 单脚跳|n. 短途行程|n. 短暂进展|n. 球的弹跳|n. 酿酒用的啤酒花|v. 忙碌活动|v. 搭乘交通工具|v. 跳上或跳过
hope	n. 希望；期待|v. 希望；盼望|v. 希望做；期待做|n. 所希望的事|n. 希望来源|n. 宗教性的希望美德|v. 希望得到|n. 山谷；谷地|n. 山脊间的斜坡平地|n. 小海湾；水湾|v. 寄望于；信赖|v. 祝愿
hopeful	adj. 抱有希望的|adj. 带来希望的；前景有望的|n. 有望成功者；候选人
hopefully	adv. 希望……；但愿……|adv. 带着希望地
hopelessly	adv. 绝望地；毫无希望地
horizon	n. 地平线|n. 视野；眼界|n. 范围的边界|n. 土壤层|n. 文化时期层级|n. 水平面；水平线|n. 搜索深度界限
horizontal	adj. 水平的；平的|n. 水平结构部分|adj. 横向的；跨同类层面的|adj. 横向传播的|n. 地平线|adj. 与地平线有关的|adj. 同年份不同酒庄的|adj. 音符依次发声的|adj. 性交的委婉说法|n. 一种塔斯马尼亚灌木
hormone	n. 体内天然激素|n. 合成激素药物|n. 激素类药物或激素治疗|n. 植物激素|v. 用激素治疗
horn	n. 动物的角|n. 号角类乐器|n. 汽车喇叭|n. 角状突起|n. 鹿角|n. 角质材料|n. 角状物|n. 信号号角|n. 终场信号声|n. 铜管乐器|n. 电话|n. 角状半岛或陆地尖端
horne	n. horn的旧拼写
horrible	adj. 可怕的；令人震惊的|adj. 糟糕透顶的|n. 可怕的事物|n. 游行中的怪诞装扮者
horrify	vt. 使恐惧, 使震惊
horror	n. 强烈的恐惧或厌恶|n. 恐怖题材|n. 可怕的事物；惨状|n. 强烈厌恶；深恶痛绝|n. 一部恐怖作品|n. 顽皮讨厌的人|n. 强烈焦虑或精神不安|n. 震颤性谵妄
horse	n. 马|v. 胡闹；嬉闹|n. 骑兵或马匹部队|n. 棋中的马|n. 强壮的人|n. 带腿的器械|n. 猜投篮游戏|n. 马肉|v. 捉弄；恶作剧|v. 狼吞虎咽|n. 历史上的骑兵单位|n. 航海用具
horsepower	n. 马提供的动力|n. 英制马力单位|n. 公制马力单位|n. 实力；推动力
horticultural	adj. 园艺的；与植物栽培有关的
hose	n. 软管|v. 用软管冲洗|n. 贴腿服装|v. 大量喷射|v. 用软管输送|v. 欺骗、坑害|v. 弄坏系统|v. 因误判坑输|n. 历史上的马裤|v. 给人穿上贴腿服装
hospice	n. 临终关怀服务|n. 临终关怀机构|n. 旅人或贫困者的收容处
hospital	n. 医院|n. 收容和长期照护机构|adj. 好客的；乐于接待的|n. 住宿处；落脚处
hospitality	n. 热情待客|n. 款待业|n. 款待内容
hospitalization	n. 住院；住院期间|n. 住院保险
host	n. 主人；接待者|v. 主持；主办|n. 活动举办地；承办方|n. 活动主办方|n. 节目主持人|n. 网络主机|n. 宿主|n. 大量；许多|v. 托管；承载服务|n. 多重身份中的主要成员|n. 遗传物质的承载生物|n. 陪酒男伴
hostage	n. 被扣押的人质|n. 受到风险牵制的事物|n. 协议保证人|n. 被某事控制的人|n. 被扣作保证的状态|v. 交作人质|v. 扣作人质
hostess	n. 女主人；女性接待者|n. 女客栈老板|n. 女乘务员|n. 酒吧女招待；陪酒女郎|n. 妓女|v. 由女性主持或招待
hostile	adj. 敌意的；不友好的|adj. 攻击性的；对抗的|adj. 不愿接受的；反对的|adj. 敌意收购的|n. 敌人；敌军
hostility	n. 敌意；敌对状态|n. 敌对行动；战事
hot	adj. 温度高的|adj. 情绪激烈的|adj. 热门的；受关注的|v. 加热；变热|adj. 正在使用的|adj. 通电的；带电的|adj. 已开机的；启用中的|adj. 性感有吸引力的|adj. 性兴奋的|adj. 抢手的|adj. 危险的；风险高的|adj. 治安危险的
hot-spot	[计]热电, 过热点
hotel	n. 酒店；旅馆|n. 餐馆|n. 《大富翁》中的旅馆|n. 邮轮上的住宿餐饮区|n. 旧式豪宅|n. 字母表中的H|n. 酒吧
hotter	adj. 更热的；更烫的|n. 偷车兜风的人|v. 震动；发出 rattling 声
hound	n. 猎犬|v. 不断纠缠催逼|n. 犬类|n. 追逐目标的人|v. 驱使猎犬追捕|n. 好色追逐女性的男人|n. 卑鄙的人|n. 狗鱼|n. 桅杆支撑部件|n. 车辆传动加固杆
hour	n. 小时；六十分钟|n. 时刻；时段|n. 正式报时中的时刻|n. 工时；工作时数|n. 一小时路程|n. 时光；时候|n. 宗教礼拜时辰
hourly	adj. 每小时发生的|adv. 每小时一次|adj. 按小时计酬的|n. 每小时生成的东西
house	n. 房屋；住宅|n. 一家人；家庭成员|v. 把……安置在结构或容器内|v. 收容；给……提供住处|n. 房屋；住宅（香港用法）|n. 容器；容纳物的东西|n. 住宅条件；住房规模和质量|n. 独立住宅|n. 非住宅用途的建筑|n. 演出现场的观众|n. 议事机构；议院|n. 王朝；家族
house-heating	n. 旧称：乔迁暖房会
house-proud	adj. 为自己的家收拾得好而自豪
household	adj. 家庭的；家里的|n. 一家人；一户人家|adj. 家用的；家庭中使用的|adj. 家喻户晓的|n. 家务和家庭管理|n. 家庭单位；共同居住单位|n. 家族；世系
housekeeper	n. 受雇管理家务的人|n. 管理家庭的人|n. 很少出门的居家者|n. 住宅主人
housekeeping	n. 家务；居所维护|n. 整理和维护工作|n. 活动开始前的事项说明|n. 待客的食物和供应
housewife	n. 家庭主妇|n. 一家之主的妻子|n. 针线包|n. 无价值的女人
housework	n. 家务|n. 家庭作业
housing	n. 提供住所；容纳|n. 住房；住宅（总称）|v. 正在安置；容纳|n. 机械外壳；机座|n. 马鞍罩布；马具装饰物|n. 马具或颈套上的附属物|n. 接合凹槽；嵌入空间|n. 雕像壁龛|n. 桅杆或斜桅在甲板下的部分|n. 系船绳
hover	n. 悬停状态|v. 在空中悬停|v. 在附近徘徊|n. 悬停的鸟群|n. 悬挂|v. 使悬停|v. 护住幼鸟|v. 犹豫不决|v. 鼠标悬停|v. 乘气垫船行驶|n. 遮蔽物|v. 振翅悬停
how	adv. 多大程度；多频繁|adv. 以什么方式|n. 方法；做法|adv. 怎么做|adv. 处于什么状态|adv. 多么；真是|intj. 问候语|n. 人工土丘；古坟丘|n. 低矮山丘|n. 代表字母 H 的代码词
however	adv. 不过；然而|adv. 相比之下；然而|adv. 无论多么；不管怎样|adv. 随便怎样；用任何方式|adv. 究竟怎样|adv. 无论如何；总之
howl	n. 动物的嚎叫声|v. 发出动物般的嚎叫|n. 相似的长声|n. 痛苦的嚎哭声|v. 痛苦地嚎哭|v. 发出类似野兽的声音；大笑|v. 大声喊出或叫骂
hub	n. 轮毂|n. 交通枢纽|n. 综合服务中心|n. 网络集线器|n. 游戏中心区域|n. 测量标桩|n. 雄性动物；公鼬等|n. 凸起障碍物|n. 投掷目标|n. 制币冲模|n. 螺纹滚刀|n. 车轮止动块
hubble	n. 类似哈勃的太空观测设备|n. 喧闹声|n. 堆积物|n. 团块
huckleberry	n. 越橘类小浆果|n. 越橘类灌木|n. 合适的人；我来处理|v. 采摘越橘类浆果|n. 一点点；略微超出|n. 无足轻重的人
huddle	v. 挤在一起|v. 聚在一起商量|n. 紧挨在一起的一小群|v. 蜷缩起来|v. 组成临时小圈|v. 仓促粗略地做|adj. 拥挤混乱的|n. 拥挤杂乱的一团|n. 比赛中的短暂商议|v. 杂乱地聚拢|v. 比赛中犹豫下一步
hug	n. 拥抱|v. 拥抱，抱紧|v. 紧紧挨在一起|v. 贴着……走|v. 紧抓；珍惜|n. 摔跤抱法|v. 蜷缩取暖
huge	adj. 巨大的|adj. 非常有力的；极其投入的|adj. 影响力巨大的；非常受欢迎的
hugely	adv. 极其；大大地
hull	n. 果壳；种皮|n. 船体；机身外壳|v. 去壳|n. 外壳；覆盖层|n. 凸包；包络|v. 随船体漂流|v. 炮击船体
hum	intj. 思考声|intj. 迟疑声|n. 哼唱声|v. 哼唱|v. 哼出曲调|n. 嗡嗡声|n. 忙碌声|v. 发出嗡嗡声|v. 忙碌活跃|v. 持续发出低声|n. 难闻气味|n. 骗局或欺骗
human	adj. 人类的；人的|n. 人；人类成员|adj. 有人性弱点的；符合人的本性的|n. 人属成员|v. 使成为人；变得像人
human-made	adj. 人为的；人造的
humane	adj. 人道的；仁慈的|adj. 人文学问的|adj. human 的旧拼写
humanism	n. 文艺复兴人文主义|n. 以人为本的伦理思想|n. 人文学术|n. 博爱；人道关怀|n. 一神教中的人文主义神学
humanist	adj. 人文主义的；人文学科的|n. 人文主义者|adj. 人文主义字体的|n. 人文学者|n. 文艺复兴时期的古典学者
humanistic	adj. 人文主义的
humanity	n. 全人类|n. 人类处境或本性|n. 人情味；仁慈|n. 人文学科的一门
humankind	n. 全人类
humble	adj. 朴素的；不张扬的|adj. 谦逊的；不自大的|v. 使受挫；削弱其优势|v. 使变得谦逊；使不再自大|n. （巴尔的摩俚语）带羞辱意图的薄弱证据逮捕|v. （过时）嗡鸣
humbly	adv. 谦逊地；谦恭地
humid	adj. 潮湿的；湿热闷湿的
humidity	n. 空气的潮湿感|n. 空气中的水蒸气含量
humiliate	v. 使蒙羞；伤害尊严|v. 使地位或处境降低|v. 大胜；彻底击败
humiliation	n. 羞辱行为|n. 受辱感
humility	n. 谦逊；谦卑
humor	n. 心情；幽默感|v. 顺着；迁就
humorous	adj. 幽默的；逗人发笑的|adj. 诙谐的；机智的|adj. 潮湿的；含水的|adj. 受情绪影响而反复无常的
humour	n. 幽默感|v. 迁就；顺着|n. 心情；情绪|n. 眼内液|n. 体液|n. 湿气；水汽
humourous	a. 富幽默感的, 滑稽的
hunch	n. 直觉；预感|v. 弓着上身|v. 凭直觉猜测|n. 隆起；鼓包|n. 弓背姿势|v. 缩肩弯身|v. 弓着身子走|v. 用肘推搡|n. 厚块；大块|n. 肘推；推搡|v. 使隆起；使弯曲
hundred	num. 一百|n. 面额为100的钱|n. 板球单人100分|num. 24小时制中“整百分钟”的读法|n. 英国历史行政区划|n. 其他历史百户区划
hunger	n. 饥饿；饥饿感|n. 强烈渴望；迫切需要|v. 感到饿|v. 渴望；向往|v. 使挨饿
hungry	adj. 感到饥饿的|adj. 渴望得到的|adj. 使人容易饿的|adj. 贫瘠的
hunt	n. 狩猎行为|v. 打猎|v. 寻找|n. 一次狩猎活动|n. 狩猎组织或成员|n. 猎犬群|v. 追捕，驱赶|v. 带猎犬狩猎|v. 在某地追猎|v. 使钟声次序循环变换|v. 按规律上下变换|v. 不稳定地来回波动
hunter	n. 猎人|n. 追逐者|n. 猎犬|n. 猎马|n. 压抑后爆发的人|n. 猎蛛|n. 带保护盖的怀表
hunter-gatherer	n. 狩猎采集者
hunting	n. 打猎|n. 寻找工作或住房|v. 正在打猎；寻找|n. 不稳定波动|n. 电话线路选择
hurdle	n. 比赛栏架|n. 障碍|v. 跳过|v. 克服障碍|v. 参加跨栏比赛|n. 枝条围栏|n. 行刑拖具|n. 跳子越过的棋子|n. hurtle 的误拼|v. 用围栏围住|v. 棋子跳过另一棋子|v. hurtle 的误拼
hurl	n. 猛扔；猛烈投掷|v. 用力猛扔|v. 猛烈地说出；朝某人骂出|n. 一次呕吐|n. 呕吐物|v. 呕吐|n. 爱尔兰曲棍球中的击球|n. 搭车；乘车|n. 骚乱；混乱|n. 纤维搅拌台|v. 参加爱尔兰曲棍球运动|v. 扭转；弯曲
hurricane	n. 强烈热带气旋|n. 特定海域的飓风|n. 猛烈冲击|v. 猛烈冲入或冲出|v. 疯狂忙碌地做事|n. 飓风鸡尾酒|n. 三翻五转特技|n. 英国战斗机|v. 形成飓风|v. 猛烈旋转|v. 猛烈撕裂破坏|v. 造成骚乱
hurriedly	adv. 匆忙地；仓促地
hurry	n. 匆忙；赶时间|n. 紧迫；急着要做|v. 赶快；加快行动|v. 加快速度|v. 使尽快完成|v. 催促；推动加速|v. 催得仓促而欠考虑|n. 迫使四分卫仓促行动|n. 伴随紧张场面的快速颤音乐段|v. 在矿井中运送煤
hurt	adj. 受伤的|adj. 感到疼痛或难过的|n. 心伤；情感上的痛苦|v. 使受伤；弄疼|v. 使感情受伤|v. 疼；感到疼痛|v. 损害；不利于|n. 身体伤口或瘀伤|n. 伤害；损害|n. 锤杆上的工程部件|n. 外壳；表皮|n. 蓝色圆斑
husband	n. 丈夫|v. 精打细算地管理|n. 有扶手的大靠垫|v. 节约保存|n. 财产管理者|n. 节俭的管理者|n. 一家之主|n. 耕作者|n. 雄性动物|n. 截顶树|v. 耕种培育|v. 为人配丈夫
husbandry	n. 农业经营；耕种和畜牧|n. 节约而审慎的管理|n. 日常事务管理|n. 动物照料方法|n. 农业用地
hut	n. 简陋小屋|n. 小木棚|intj. 橄榄球口令|n. 谷物堆|n. 电视使用缩略语|v. 安置在小屋里|v. 住进小屋|v. 堆放谷物
hybrid	adj. 混合来源或成分的|adj. 混合动力的|n. 杂交后代；混合体|adj. 二维三维结合的|n. 混合型事物
hydroelectric	adj. 利用水能发电的|adj. 水力发电产生的；与水力发电有关的
hydrogen	n. 氢元素|n. 氢气|n. 一份氢样品|n. 氢-1同位素
hygiene	n. 卫生学|n. 卫生措施与条件|n. 清洁状况|n. 技术上的安全清理性质
hymen	n. 结婚, 处女膜, 许门(婚姻之神)
hype	adj. 很棒；很酷|n. 炒作；过度宣传|v. 大肆宣传；炒作|adj. 很兴奋的|n. 皮下注射针|n. 吸毒者
hyperactive	adj. 活动过度的；坐不住的|adj. 曾指注意力缺陷多动障碍的
hyperactivity	n. 过度活跃；活动过多
hypocrisy	n. 道德伪装；虚伪|n. 假称拥有美德或标准|n. 责人以此、自己亦然|n. 一次虚伪表现
hypocritical	adj. 虚伪的；伪善的
hypothesis	n. 可检验的假说|n. 论证中的假设|n. 条件句的前件
hypothetical	adj. 假设的；推测的|adj. 有条件的；取决于假设的|n. 假设情境；假设命题
hysteria	n. 情绪失控；集体恐慌|n. 旧称：一种情绪性精神障碍|n. 转换障碍的非正式旧称|n. 历史上错误的女性精神障碍说法
hysterical	adj. 情绪失控的|adj. 逗得让人笑个不停的|adj. 容易情绪失控的
i	n. 字母 i|pron. 我（主语）|n. 州际公路|num. 第九|intj. 过时的感叹词拼写|n. 自我|n. 工具格缩写|n. instruction 的缩写|n. 独立派缩写|num. 第九|pron. I 的非标准小写形式|pron. 非标准宾语用法
ibm	n. 行业巨头|n. 洲际弹道导弹|n. 包涵体肌炎
ice	n. 冰|v. 结冰|v. 用冰降温|n. 冷漠|n. 社交隔阂|n. 冰球场|n. 果汁冰冻甜点|n. 内燃机|n. 急救处理步骤|phrase 紧急联系人|v. 使结冰|v. 给糕点加糖霜
ice-cap	[医] 冰帽
ice-cream	a. 冰淇淋的, 乳白色的
iceberg	n. 漂浮的巨大冰体|n. 隐患初现的灾难|n. 冰川入海端|n. 冷淡疏离的人|n. 越挖越复杂的话题|n. 冰山式网络主题
icon	n. 标志性人物或事物|n. 计算机图标|n. 宗教或象征性图像|n. 东正教圣像画|n. 网络头像或个人图像|n. 形式像意义对象的符号|n. 一种金融工具的缩略语
id	n. 身份证件；身份信息|v. 识别；确认身份|adj. 智力障碍的|n. 无正式标题的电子音乐曲目|n. 广播或电视台标识|n. 图片说明|n. 智力障碍|n. 工业设计|n. 内径|n. 缺铁|n. 本我|n. 标识符
idea	n. 想法；看法|n. 计划；打算|n. 抽象观念；理想模式|n. 脑中的形象|n. 目的；意图|n. 猜想；模糊念头|n. 音乐主题|n. 理想典范|n. 形态；本质特征
ideal	adj. 最合适的；最佳的|adj. 完美无缺的|n. 理想；完美标准|adj. 观念上的；关于想法的|adj. 只存在于头脑中的；概念性的|adj. 理想主义学说的|adj. 数学中的理想化点|n. 环的理想|n. 格中的理想|n. 集合族理想|n. 李代数的理想|n. 半群中的理想
idealise	vi.vt. 使理想化, 使观念化
idealism	n. 理想主义；不切实际的理想|n. 艺术或文学中的理想化|n. 唯心主义
idealize	vt. 使理想化|vi. 理想化, 形成思想, 描述理想
ideally	adv. 理想情况下最好是|adv. 理想地；完美地
identical	adj. 完全相同|adj. 就是同一个；并非另一个|adj. 同卵双胞胎的|adj. 完全等价的|n. 完全相同的事物|n. 同卵双胞胎|adj. 近似相等的|n. 同音韵词
identifiable	adj. 可辨认的；能确认身份的
identification	n. 辨认；确定是什么|n. 辨认并核实身份|n. 身份证明文件|n. 被辨认出的状态|n. 一次具体的辨认|n. 认同；归属感
identify	v. 确认身份；认出|v. 觉得自己像；与……产生认同|v. 认同某群体或立场|v. 公开身份|v. 确定生物类别|v. 自称属于；自我认定为|v. 视为相同；合并
identity	n. 同一性；相同这一事实|n. 身份；个性认同|n. 假身份；对外使用的身份|n. 恒等式|n. 恒等函数|n. 单位元|n. 名人；知名人士
ideological	adj. 意识形态的；与意识形态有关的|adj. 意识形态至上且不妥协的|adj. 意识形态化的；不顾证据的
ideology	n. 意识形态；思想体系|n. 观念研究
idiom	n. 语言特有的表达方式|n. 固定习语|n. 语言或方言变体|n. 艺术风格
idiot	n. 智力低下的人|n. 傻瓜；作蠢事的人|adj. 愚蠢的|n. 旧式智力分类中的极重度障碍者|n. “智能设计”支持者
idle	adj. 闲置的；未使用的|adj. 无所事事的；不工作的|n. 闲着的状态|v. 闲着；无所事事|v. 发动机怠速运转|adj. 懒散的；懒惰的|adj. 无意义的；无根据的|n. 发动机怠速|v. 浪费、消磨|v. 使发动机怠速|adj. 空着的|adj. 愚蠢的
idleness	n. 懒惰, 闲散, 失业
if	n. 变数；疑问|n. 互动小说|n. 影响因子|n. 间歇性禁食|n. 中间丝|n. 中频
ifa	n. 独立财务顾问
ifc	n. Java 类库
ifs	n. 迭代函数系统|n. 信息疲劳综合征|n. 输入字段分隔符
ignite	v. 点燃；使着火|v. 激发；引发|v. 开始燃烧|v. 用强热处理
ignorance	n. 无知；不了解|n. 因无知而犯的过错|n. 精神蒙昧
ignorant	adj. 无知的；缺乏知识的|adj. 不知道的；未意识到的|adj. 粗鲁的；没教养的|n. 无知的人|adj. 未知的；未被发现的|adj. 因无知而愚蠢的
ignore	v. 故意不理会|v. 装作没看见|v. 未注意到|v. 不知道
ii	n. 非法移民的缩写
ilan	abbr. integrated local area network 综合局域网
ill	adj. 恶意的；刻薄的|adj. 生病的；身体不适的|n. 疾病；病痛|adj. 不利的；不合适的；有缺失的|adj. 恶心的；想吐的|adj. 极棒的；有创意的|adj. 糟透的；非常差的|adv. 不好地；不充分地|n. 麻烦；困境；不幸|n. 伤害；损害|adj. 邪恶的|adj. 应受谴责的
ill-mannered	adj. 没礼貌的；粗鲁的
ill-treat	v. 虐待；苛待
illegal	adj. 违法的；非法的|adj. 违规的；不合规则的|adj. 非法从事某事的|adj. 非法移民的；非法居留的|n. 违禁品；非法物品|n. 非法移民|adj. 伪造的；来自虚构国家的|n. 违法行为|n. 非法秘密间谍
illegally	adv. 违法地；非法地
illegitimate	adj. 不合规则的；不正当的|adj. 违法的；不合法的|adj. 婚外出生的；非婚生的|adj. 推导不成立的|adj. 非婚生的（过时用法）|adj. 不合规范的；不真正的|adj. 花药异型授粉的（植物学）|n. 非婚生的人|v. 使失去合法性
illiberal	a. 狭隘的, 无教养的, 吝啬的
illiquid	a. 不能立即兑现的, 无流动资金的
illiquidity	[经] 非流动性
illiteracy	n. 不会读写|n. 文盲比例|n. 缺乏文化或知识|n. 不合规范的表达
illiterate	adj. 不会读写的|adj. 对某领域一窍不通的|n. 不识字的人|adj. 缺乏基本文化或语言知识的|n. 某领域的无知者|adj. 不合语言或书写规范的
illness	n. 一种具体疾病|n. 患病状态
illogical	adj. 不合逻辑的；不合情理的
illuminate	v. 照亮|v. 阐明|v. 用灯光装饰|v. 使精彩夺目|v. 发光，亮起|adj. 被照亮的|adj. 受到精神启发的|adj. 博学的|n. 受启发的人|v. 装饰手抄本页面|v. 受到光照|v. 用雷达波束照射
illusion	n. 假象；错觉|n. 错误信念；误解|n. 魔术假象|n. 受骗状态
illusory	adj. 虚幻的；由错觉造成的
illustrate	v. 用例子或比较说明|v. 给书刊配图或图表|v. 照亮|v. 使显赫或增光
illustration	n. 例证；说明性的事例|n. 插图；说明图|n. 阐明的行为|n. 被说明清楚的状态|n. 保险利益演示表
illustrator	n. 插画师；插图画家
illustrious	adj. 杰出的；显赫的
image	n. 图像；形象|n. 脑海中的形象；印象|n. 公众形象；风格印象|v. 描绘；表现|v. 映照；反映|n. 雕像；偶像|n. 镜像文件|n. 函数值；映射值|n. 像集|v. 成像|v. 制作镜像备份|n. 信号重影
imaginable	adj. 可想象的；想得到的
imaginary	adj. 想象中的；虚构的|adj. 虚数的|n. 想象；幻想|n. 虚数|n. 社会共同想象
imagination	n. 想象力|n. 创造力|n. 凭空的想象；胡思乱想|n. 想象出来的形象或念头
imaginative	adj. 富有想象力的|adj. 有创意的；新奇巧妙的|adj. 想象出来的；并非真实的
imagine	v. 想象出画面|v. 料想、认为|v. 设想|v. 臆想成真|v. 猜想、推测|v. 讥讽某个荒谬想法|n. 读者代入式幻想短文|v. 谋划、策划
imaging	n. 成像技术|n. 心理意象|v. 正在成像；成像这一活动
imbalance	n. 失衡；不平衡
imitate	v. 模仿；仿照
imitation	n. 模仿行为|n. 仿制品；仿造物
immediate	adj. 立即的；马上发生的|adj. 紧邻的；直接的|adj. 显而易见的；无需论证的|adj. 指令中直接包含的|adj. 表示紧急传输|adj. 表示立即执行的炮火任务
immediately	adv. 立即；马上|adv. 紧挨着；直接相邻
immense	adj. 巨大无比的|adj. 极好的；棒极了的|adj. 极其重要的；程度很大的|n. 无边的广阔空间
immensely	adv. 极其；非常
immerse	v. 浸入液体中|v. 使全身心投入|adj. 浸没的；埋入的|v. 作浸入映射
immersive	adj. 能使人沉浸其中的|adj. 营造身临其境感觉的|adj. 沉浸式语言教学的
immigrant	n. 移民；移居者|adj. 移民的；与移民有关的|n. 迁入种；外来定殖生物
immigration	n. 迁入别国定居|n. 入境检查
imminent	adj. 迫在眉睫的；即将发生的
immoral	adj. 不道德的；违背道德的
immune	adj. 豁免的；免于承担的|adj. 免疫的|adj. 不受影响的；不为所动的|adj. 免疫的；与免疫有关的|n. 免疫者|v. 使免疫
immunity	n. 免疫力；免疫状态|n. 对某事物的抵抗力
immunization	n. 免疫建立过程|n. 一次免疫接种或暴露|n. 形成免疫的过程
impact	n. 重大影响|v. 强烈影响|n. 撞击；碰撞|n. 撞击力；冲击力|v. 撞击；冲撞|n. 压迫性接触|v. 压实；压紧|v. 压印；铭刻
impair	v. 削弱；损害|adj. 不合适的|n. 损害的行为|n. 变坏的状态|n. 损害或恶化|v. 变坏；恶化
impairment	n. 恶化；减弱|n. 功能障碍；残障|n. 受损状态|n. 低效部分；不利因素|n. 资产减值
impart	v. 赋予；使带有|v. 传达；告知|v. 分给；分享一部分|v. 商议；会谈|v. 分得；参与
impartial	adj. 公正的；不偏袒的
impartially	adv. 公平地, 无私地; 秉公
impatience	n. 不耐烦；急切
impatient	adj. 不耐烦的；急躁的|adj. 急于；迫不及待的|adj. 带有不耐烦情绪的|adj. 无法忍受的
impatiently	adv. 不耐烦地；急切地
impel	vt. 推动, 激励, 驱使, 迫使
impend	vi. 迫近, 威胁, 悬挂
imperative	adj. 必须的；至关重要的|adj. 命令式的；强制性的|n. 祈使语气|n. 必须做的事|adj. 祈使语气的|adj. 命令式编程的|n. 祈使动词形式
imperfect	adj. 不完美的；有缺陷的|adj. 表示持续或反复动作的|n. 小缺陷|n. 未完成时|v. 使不完美|adj. 单性花的|adj. 多系的|adj. 缺少必要器官的
imperial	adj. 帝国的；皇帝的|adj. 宏大的；壮丽的|adj. 英制的|adj. 特别的；上等的；规格超常的|adj. 酒精度更高的|adj. 酒类中更强的|n. 六升装大酒瓶|n. 六升装波尔多酒瓶|adj. “日本帝国”的省略称呼|n. 一种大幅纸张|n. 一种牌戏|n. 牌戏中的特定牌组
impersonal	adj. 非个人的；不代表具体的人|adj. 冷淡的；缺少感情温度的|adj. 非人称的|n. 非人称词或结构
impetus	n. 推动因素；促进力量|n. 推动力；冲动|n. 运动冲力；动能般的推动力|n. 中世纪物理学中的冲力理论|n. 对刺激的回应活动
impinge	vi. 撞击, 起作用, 侵犯|vt. 撞击
impinging	碰撞
implausible	adj. 难以相信的；不大可能的
implement	n. 工具；器具|v. 实施；落实
implementation	n. 实施；落实过程|n. 具体实现；实施成果
implication	n. 可能产生的后果|n. 暗含的意思|n. 牵连某人的行为|n. 被牵连的状态|n. 命题逻辑中的蕴涵联结词|n. 逻辑后果
implicit	adj. 未明说但可推知的|adj. 本质上含有但未显露的|adj. 毫无保留的信任|adj. 缠绕在一起的
implicitly	adv. 含蓄地；暗示地|adv. 毫不怀疑地；默认地
imply	v. 必然意味着|v. 由逻辑推断出|v. 含蓄暗示|n. 蕴含逻辑门|v. 缠绕；包裹
impolite	a. 无礼的, 粗鲁的
import	n. 进口商品|v. 进口|n. 进口活动|v. 导入文件或数据|n. 重要性|n. 外籍联赛球员|v. 重要|v. 对某人重要|v. 对某人来说必须|v. 对某事至关重要|v. 意味着|v. 暗示
importance	n. 重要性|n. 意义；分量|n. 地位；身份分量|n. 值得重视的事情
important	adj. 重要的；关键的|adj. 自命不凡的；故作重要的
importantly	adv. 重要的是；值得注意的是|adv. 以重要或显眼的方式
importation	n. 进口；引入这一行为|n. 进口货物；进口商品|n. 带入；引入某处或某个系统|n. 外来构形成分的术语使用|n. 逻辑学中的一种蕴涵规律
importer	n. 进口商；进口方
impose	v. 施加；强制实行|v. 把负担或影响强加于|v. 给别人添麻烦|n. 强加；加负担|v. 放置在……上|v. 征税；课税
impossibility	n. 不可能实现的事|n. 不可能性|n. 无力做到
impossible	adj. 不可能的；无法做到的|adj. 难以应付的；让人受不了的|n. 不可能的事|adj. 虚的；虚数的|n. 一种滑板动作
impoverish	vt. 使贫穷, 耗尽...的力气
impoverished	adj. 陷入贫困的|adj. 贫乏的；缺少重要部分的
impractical	adj. 难实行；不切实际
impress	v. 使人赞叹|v. 在心里留下鲜明印象|n. 留在心里的深刻印象|v. 表现出色|v. 压出印记|v. 深深灌输|n. 压印这一动作|n. 压出的印痕或复制品|n. 印章或印记模具|n. 特征或标志|n. 纹章图案|n. 强征服役
impression	n. 压出的凹痕；印记|n. 总体印象；影响|n. 感觉；模糊的印象|n. 模仿表演|n. 外在形象；外表|n. 广告展示次数|n. 底色涂层；底漆层|n. 版画印痕；印刷出来的图|n. 直接感知|n. 同版印次|v. 按压痕配钥匙
impressionable	adj. 容易受影响的|n. 容易受影响的人
impressionist	n. 印象派艺术家|n. 模仿表演者
impressive	adj. 令人印象深刻的|adj. 有吸引力的|adj. 可被留下印记的
imprison	v. 监禁；关押
imprisonment	n. 监禁；入狱
improbable	adj. 不大可能是真的|adj. 不大可能发生
improper	adj. 不合适的|adj. 不得体的；不正当的|adj. 不准确的|adj. 错误的；不正确的|adj. 非正规命名的；特殊形式的|adj. 一般的；非专属的|adj. 非正规复随机变量的|v. 划归；据为己有
improve	v. 改善；提高|v. 变好；改善|v. 善用；使发挥效益|v. 反驳；使无效|v. 不赞成；责难
improvement	n. 改善；改进|n. 改善后的状态；进步|n. 改进之处；改进后的东西|n. 增长；进展|n. 有效运用；实际应用|n. 房产改良设施|n. 设备或作品的改良
improvisation	n. 即兴创作|n. 临场处理；即兴行动|n. 即兴作品；临时之举|n. 布鲁斯即兴演奏技巧
impulse	n. 推动力；推力|n. 冲动；突然的欲望|n. 冲量|v. 推动；促使
impulsive	adj. 冲动的；凭一时感觉的|adj. 有推动力的|adj. 瞬时推动的|n. 推动因素|n. 冲动的人
in	adj. 在室内；在家或工作地点|adv. 向里面；进来|prep. 在……里面；处于……范围内|prep. 进入；到里面去|adj. 在里面|adj. 在界内；算有效|adj. 插好；装到位|adj. 已收到；已收齐|adj. 时髦的；流行的|adj. 涨潮的|adj. 正在击球的|adj. 与某人熟悉或有关系
in-depth	adj. 深入全面的
in-house	a. 内部的|adv. 内部地
in-person	adj. 亲自到场的；面对面的
ina	phrase 信息不可用
inability	n. 做某事的能力不足|n. 没有条件或权力去做某事
inaccessible	adj. 难以接近或进入|adj. 不可企及的|n. 不可达基数
inaccuracy	n. 不准确这一性质|n. 一处不准确或错误|n. 测量或校准不准|n. 棋类中不够理想的一步
inaccurate	adj. 不准确的；有错误的
inaction	n. 不采取行动；无所作为
inactive	adj. 未活动；沉寂|adj. 缺乏身体活动|adj. 未运行；停止工作|adj. 退出现役；不再当值|adj. 化学性质不活泼|adj. 无旋光性的|n. 不采取行动的人
inadequacy	n. 不足；不够|n. 物资短缺|n. 能力不足
inadequate	adj. 不足的；不够用的|n. 不合格的人
inadequately	adv. 不适当地；不够好地
inadmissible	adj. 不可采纳的|n. 不准入者
inadvertently	adv. 无意中；因疏忽地
inappropriate	adj. 不合适；不合时宜|adj. 卑劣的；令人反感的|adj. 不宜公开的；涉及成人内容的|adj. 极其卑劣的；太令人厌恶的
inarticulate	a. 口齿不清的, 说不出的, 难于言喻的
inaugurate	vt. 开始, 举行...就职典礼
inborn	a. 天生的；先天的
inbox	n. 待处理文件盒|n. 电子收件箱|n. 待处理事务的总和|v. 发到某人的收件箱|v. 通过私信联系
inbuilt	a. 内藏的；嵌入的；内置的
incapable	adj. 无力做；不能做|adj. 不能容纳、接受或承受|n. 无能的人
incentive	adj. 有激励作用的|n. 动力；诱因|n. 奖金；奖励|adj. 用于点燃的
inch	n. 英寸|n. 一点点距离|v. 一点一点地移动|n. 其他传统长度单位|v. 逐步推动或挪开|adj. 嚣张又爱挑衅的|n. 一英寸深的降雨量|n. 杯中一英寸高的酒液|n. 小岛|n. 草地或牧场|v. 一点点地给予|v. 挖苦、挑衅
incidence	n. 发生；出现|n. 发生率；发生频率|n. 入射；撞击到表面|n. 新发病例率|n. 负担或责任的归属|n. 点落在线上；线落在平面上|n. 边与顶点的连接关系
incident	n. 事件|adj. 伴随或源于|adj. 入射的|adj. 偶然发生的|adj. 容易发生的|n. 小插曲|n. 造成中断或危机的事件|n. 事故或故障情况|adj. 附属于主要事项的|adj. 相接的
incidental	adj. 附带的；非重点的|adj. 偶然发生的|adj. 附带产生的|n. 杂项；附带开支|n. 附带事物|adj. 入射的；从旁接近的
incidentally	adv. 附带地；并非重点地|adv. 顺便说一下|adv. 偶然地；无意中
incinerator	n. 焚化炉
incite	v. 煽动；激起
inclement	adj. 天气恶劣的|adj. 冷酷无情的|adj. 严酷无情的
inclination	n. 倾斜；歪斜|n. 斜坡；倾斜面|n. 倾向；意愿|n. 倾角；夹角|n. 所爱的人或事物
incline	n. 斜坡|v. 使倾斜|v. 倾斜；呈斜面|v. 倾向于|n. 地下铁路斜向通道
include	v. 纳入；把……算入|v. 包含；包括在内|n. 引入的代码或内容片段|v. 引入文件或代码|v. 围住；禁闭|v. 结束；终止
inclusive	adj. 范围广泛且尽量全部包含|adj. 包括起点和终点|adj. “我们”包括听话者|adj. 接纳某个群体
income	n. 收入|n. 资金流入；收益|n. 进入；流入|n. 新来者；到来者|n. 入场费|n. 涌入；鼓舞力量|n. 原因不明的疾病|n. 摄入的食物
incoming	adj. 进入中的；即将到来的|adj. 即将上任的|n. 到来；进入|intj. 来袭！|n. 来袭火力
incompatible	adj. 不兼容的；不能共存的|adj. 会彼此反应而不能同用的|n. 不相容物质|n. 相反事物所导致的不相容结果
incompetent	adj. 无能的；不能胜任的|n. 无能的人
incompetently	adv. 无能力地
incomplete	adj. 未完成的；不完整的|n. 不完整的东西|n. 未完成成绩；未完成记录|adj. 花的器官不全的
incomprehensible	adj. 无法理解的|n. 不可理解的事物|adj. 不可穷尽的
inconceivable	adj. 不可想象的；难以置信的
inconclusive	adj. 没有定论的
inconsiderate	adj. 不体贴他人|adj. 轻率的；未经考虑的|adj. 因考虑不足而造成的|adj. 不值得考虑的；价值很低的
inconstancy	n. 易变, 不定性, 反复无常
inconvenience	n. 不便；不方便|v. 使感到不便；给……添麻烦|n. 麻烦；令人不便的事
inconvenient	adj. 不方便的；令人费事的|n. 不一致；不协调|n. 不便之处；麻烦的情况
incorporate	v. 纳入；包含|v. 混入；调和|v. 吸收为成员|v. 注册成立公司|adj. 合为一体的|adj. 非物质的|adj. 未注册为法人|v. 使法律条款适用于各州|v. 合成一体|v. 赋予实体形式
incorporated	adj. 已注册成立的公司
incorrect	adj. 不正确的；错误的|adj. 有故障的；有缺陷的|adj. 不合适的；不恰当的|n. 错误项；错误答案
incorrectly	adv. 不正确地；错误地
increase	n. 增加的量|n. 增加过程|v. 变得更多或更大|v. 使变得更多或更大|n. 后代；繁殖出的个体|v. 繁殖；多产|n. 加针|v. 月亮渐圆
increasingly	adv. 越来越；日益
incredible	adj. 难以置信的|adj. 惊人的；令人震撼的|adj. 极好的；棒极了的
incredibly	adv. 极其；非常|adv. 令人难以置信的是|adv. 以难以置信的方式
incur	v. 招致并承担|v. 进入；走入|v. 进入范围；陷入危险
incurably	adv. 治不好地, 不能矫正地
ind	n. independent 的缩写|n. 试验性新药申请
indecisive	adj. 优柔寡断；拿不定主意|adj. 不确定的；没有定论的
indeed	adv. 确实；事实上|adv. 非常；确实很|intj. 确实！|intj. 真的吗？
indefensible	adj. 无法辩护或开脱的|adj. 无法防守的|adj. 无法解释的
indefinite	adj. 期限未定的|adj. 含糊不清的|adj. 泛指的；不定的|adj. 尚未决定的|n. 不定词；泛指表达|adj. 不定的（数学）
indefinitely	adv. 没有明确界限地|adv. 无限期地|adv. 永远地
independence	n. 独立；自主|n. 经济自立
independent	adj. 独立的；不依赖的|adj. 有独立判断的|n. 无党派人士|adj. 无党派的|adj. 能带来生活保障的|adj. 不受……影响的；与……无关的|n. 中立或未站队的人|n. 独立经营的小企业|n. 不隶属联盟的队伍
independently	adv. 独立地；各自地
index	n. 索引；索引页|n. 食指|n. 显示某事的指标|v. 编索引|n. 仪表指针|n. 指示手形符号|n. 迹象；征兆|n. 指数|n. 指标数值；系数|n. 上标指数|n. 数据位置编号|n. 数据库索引结构
indian	adj. 印度的；印度人的|adj. 美洲原住民相关的|n. 印度人|n. 美洲原住民|adj. 玉米制成的|n. 印度菜|n. 印度餐馆或一顿印度菜|n. 印度餐馆|adj. 东方的；东方式的|adj. 印度式国际象棋开局的|adj. Indian 的另一种大小写形式|n. 澳大利亚、新西兰或太平洋岛屿原住民
indians	n. 印第安人；印度人（Indian的复数）
indicate	v. 指出；表明|v. 由症状显示|v. 指明适用的治疗或办法|v. 用信号灯表示转弯|v. 用仪表检测机器性能
indication	n. 指出；表明的动作|n. 迹象；表明某事的证据|n. 表示某物的符号或标记|n. 获得的信息或线索|n. 医学适应证|n. 证券预计开盘价的指示价|n. 解释或展示
indicative	adj. 表明……的；暗示……的|adj. 直陈式的|n. 直陈式语气|n. 直陈式形式
indicator	n. 提示信号或指示物|n. 测量仪表|n. 仪表指针或显示盘|n. 化学指示剂|n. 经济或社会指标|n. 汽车转向灯|n. 环境指示生物|n. 响蜜鴷|n. 填字游戏提示词
indictment	n. 正式刑事起诉|n. 起诉书|n. 严厉谴责|n. 暴露失败的证据
indie	adj. 独立的；非主流的|n. 独立音乐|n. 独立出版商|n. 独立出版的作品|n. 独立音乐和风格爱好者
indifference	n. 漠不关心的状态|n. 冷漠、麻木|n. 不偏不倚|n. 缺乏热情|n. 淡然、不在乎|n. 无差别状态
indifferent	adj. 不在乎；漠不关心|adj. 冷淡的；漠不关心的|adj. 没有偏好；哪个都可以|adj. 平庸的；很一般的|adj. 无关紧要的；影响很小的|n. 冷漠的人；漠不关心者|adj. 公正的；不偏不倚的|adj. 处于中性平衡的|adj. 相同的；无区别的|adv. 相当；适度地|adv. 不加区别地
indifferently	adv. 不关心地, 冷淡地, 淡然地
indignant	adj. 因不公而义愤
indignation	n. 因不公或冒犯而愤慨|n. 自以为正当的愤怒或厌恶
indirect	adj. 间接的；不直接的|adj. 间接产生的|adj. 迂回的；不正面表达的|n. 间接成本|adj. 迂回地；间接地|n. 间接散热器|v. 间接访问；通过指针访问
indirectly	adv. 间接地
indispensable	adj. 必不可少的|n. 必需品；不可缺少的人或物|adj. 不可放宽的|adj. 不可豁免的（旧义）|n. 裤子（过时口语）
indistinctly	adv. 不明了地, 朦胧地
individual	adj. 单独的；单个的|n. 个人；个体|adj. 供个人使用的|n. 法律上的个人|n. 单个对象；个体|adj. 不可分割的|n. 总体中的一个个体
individuality	n. 独特性；个性|n. 一个人
individually	adv. 分别地；各自地
indoor	adj. 室内的
indoors	adv. 在室内；到室内|n. 室内；建筑物内部
induce	v. 劝使；诱使|v. 导致；促成|v. 促使分娩|v. 感应产生|v. 归纳推断|v. 引入；带进|v. 牵引到；放置于
inducement	n. 诱因, 动机, 吸引力, 刺激物
induction	n. 正式接纳；就任仪式|n. 诱导；促成|n. 引产|n. 开场；引言
inductive	adj. 归纳的|adj. 电感的；与电感有关的|adj. 引导性的；准备性的|adj. 诱发性的；促成的
indulge	v. 放纵自己；满足欲望|v. 迁就；纵容某人|v. 放任某种习惯或倾向|v. 宽限付款期限|v. 应允；通融满足请求
indulgence	n. 放纵行为|n. 迁就某人的一切要求|n. 宽容；容忍|n. 被满足的愿望|n. 令人沉溺的事物|n. 宽待；恩准；满足|n. 赎罪券；大赦|v. 给予赎罪券
indulgent	adj. 迁就的；宽容过度的
industrial	adj. 工业的；制造业的|adj. 工业生产的|adj. 工业使用的|adj. 工业级的|adj. 大规模的|adj. 工业化的|n. 工业企业；工业服务企业|n. 工业音乐|n. 工业穿刺|adj. 工业劳动力的|adj. 工业音乐的|n. 工业雇员
industrialise	vi.vt. (使)工业化
industrialism	n. 工业主义, 产业主义
industrialist	n. 工业家；工业企业经营者|n. 工业音乐创作者或爱好者
industrialization	n. 工业化过程
industrialize	vt. 使工业化|vi. 实现工业化
industriousness	n. 勤奋
industry	n. 勤奋；勤劳|n. 行业；产业|n. 制造业；生产商品的工业|n. 工业部门；大型企业部门|n. 工业化生产|n. 石器类型分类
inedible	a. 不适于食用的
ineffective	adj. 不起作用的；未达到预期效果的|adj. 能力不足的；不胜任的
ineffectual	adj. 无法奏效的|adj. 软弱而缺乏决断力的|adj. 无用的；不起作用的
inefficiency	n. 低效率；低效问题
inefficient	adj. 效率低，效果不佳|adj. 做事低效，产出少|n. 低效的人
inefficiently	adv. 无效率地
ineptly	adv. 不适当, 不符合要求, 不恰当, 不合场面, 笨拙, 愚蠢, 无能, 不称职
inequality	n. 社会不平等|n. 数学不等式|n. 不平整；不规则
inequity	n. 不公平, 不公正
inertia	n. 物理惯性|n. 行动惰性|n. 医学上的活动停滞
inescapably	adv. 逃不掉地
inessential	a. 无关紧要的|n. 无关紧要的东西
inevitable	adj. 不可避免的|adj. 注定会出现的|n. 不可避免的事情
inevitably	adv. 不可避免地|adv. 果然；照例
inexhaustible	a. 用不完的, 无穷尽的, 不知疲倦的
inexorable	a. 无情的, 冷酷的
inexperienced	adj. 缺乏经验的
inexpressible	a. 不能用语言表达的, 不可言传的, 不可名状的
infancy	n. 婴儿期|n. 发展初期|n. 婴儿状态|n. 未成年状态
infant	n. 婴儿|adj. 小学低年级的|n. 小学低年级学生|adj. 源头附近的；很小的|n. 未成年人（法律用语）|n. 贵族青年（旧义）|v. 生下；产生
infect	v. 感染身体|v. 污染物品|v. 感染情绪或热情|adj. 受感染的|adj. 表示未完成动作的
infection	n. 病原体在体内繁殖|n. 感染性疾病|n. 感染过程|n. 感染迹象
infectious	adj. 传染性的；由病原体引起的|adj. 能传染给别人的|adj. 容易感染他人的；迅速传开的|adj. 很抓人、容易让人兴奋或感兴趣的
infer	v. 推断；推论得出|v. 暗示；导致|v. 施加；使遭受|v. 引入；提出
inference	n. 推理；推断过程|n. 推断出的结论|n. 模型推理过程|n. 模型推理结果
inferior	adj. 较差的；低人一等的|adj. 位于下方的|adj. 比地球更靠近太阳的|n. 下属；地位较低的人|n. 下标字母、数字或符号
inferiority	n. 低下状态|n. 质量较差|n. 力量较弱|n. 竞争劣势
infest	vt. 骚扰, 寄生于, 大批出没
infinite	adj. 无边无际；没有尽头|adj. 大得无法估量|adj. 无限多个|adj. 数学上无上限的|adj. 含有无穷多个元素的|n. 无限这一概念|num. 无限多个|adj. 不受人称或数限制的|adj. 可无限循环的|n. 可无限重复的组合
infirm	a. 弱的, 虚弱的, 柔弱的
inflate	v. 给……充气使其变大|v. 自行膨胀|v. 使膨胀；使自负|v. 夸大|v. 解压数据
inflation	n. 膨胀；充气|n. 通货膨胀|n. 过度增加；虚高|n. 宇宙暴胀
inflationary	adj. 引发通货膨胀的|adj. 与通货膨胀有关的
inflexible	adj. 不能弯曲的|adj. 固执的；不肯改变的|adj. 不能灵活调整的
inflict	v. 强加痛苦或伤害
influence	n. 影响力|v. 影响；左右|n. 影响；作用|n. 影响源；有影响的人或事物|v. 施加影响|n. 星体对命运的影响|n. 流入；注入|n. 静电感应|v. 使流入；灌输
influential	adj. 有影响力的|n. 有影响力的人
influenza	n. 流行性感冒；流感
info	n. 信息；资料
inform	v. 通知；告知|v. 塑造；深刻影响|v. 提供信息|v. 指导；支配|adj. 无形的；畸形的|v. 教导；训练|v. 告密；检举|v. 明智地说明|v. 成形；显现
informal	adj. 非正式的；不拘礼的|adj. 非正式程序的；未按通常规定的|adj. 适合日常使用的|adj. 日常用语的；非正式称呼的|adj. 非正式组织的；未有系统规划的
informality	n. 非正式
informally	adv. 非正式地；不按通常形式地
information	n. 消除未知的信息|n. 关于某主题的资料和知识|n. 传达知识或通知|n. 法律指控书|n. 告发行为|n. 教育和训练|n. 形成某种性质|n. 数据所表达的意义|n. 神的启示|n. 电话号码查询服务|n. 可区分的抽象数据|n. 处理后得到的相关内容
informational	adj. 提供信息的；信息丰富的
informative	adj. 信息丰富且有帮助的|adj. 仅供说明的，不规定要求的|adj. 有形成作用的（过时）
informativeness	忠实度
infrared	adj. 红外的；红外线的|n. 红外辐射；红外线|n. 红外设备|adj. 低能量或长尺度的|n. 红外范围内的一个波长
infrastructure	n. 底层基础；支撑结构|n. 社会基础设施
infrequent	adj. 不频繁的；不经常发生的
infringement	n. 违反法律或规则|n. 侵犯权利或财产
infuriate	a. 狂怒的|vt. 激怒
infuse	v. 注入；使充满|v. 浸泡；冲泡以提取成分|v. 赋予；激发|v. 灌输；注入某种品质|v. 浸泡；泡着|v. 用某物浸制|v. 倒入；倾注
ingenious	adj. 富有创造力地解决问题|adj. 设计构思巧妙|adj. 机智而有新意
ingenuity	n. 创造性地解决难题的巧妙才智|n. 坦率真诚的举动或想法|n. 坦率；诚实真挚
ingrain	vt. 给原纱染色, 使根深蒂固|a. 原纱染色的, 根深蒂固的|n. 原纱染色, 固有品质
ingredient	n. 食材；成分|n. 必要因素；组成部分
inhabit	v. 居住在；栖息于|v. 存在于；占据
inhabitant	adj. 居住的；居住在某地的|n. 居民；居住者|n. 类型中的具体值
inhale	n. 一次吸气|v. 吸气|v. 吸入气体或微粒|v. 狼吞虎咽
inherent	adj. 固有的；内在的
inherently	adv. 固有地；天生地
inherit	v. 继承遗产或头衔|v. 遗传得到特征|v. 承接前代留下的影响|v. 成为遗产继承人|v. 继承父类功能|v. 由父类派生新类|v. 承受应得之物|v. 使某人获得占有权
inherited	adj. 继承来的|adj. 遗传的
inheritor	n. 继承人, 后继者
inhibit	v. 抑制；约束|v. 回避案件或事务
inhuman	adj. 非人道的；残酷的|adj. 超出人类范围的；异常强大的
initial	adj. 最初的；起始的|adj. 开头的；首位的|n. 首字母；姓名首字母|v. 用首字母签名|n. 装饰性首字母|n. 音节起始部分
initially	adv. 起初；开始时
initiate	n. 新成员|v. 启动；开始|n. 受过入会仪式者|n. 内行|v. 引导入门；介绍|v. 接纳加入|adj. 初涉的|adj. 初步接触的|v. 率先开始
initiation	n. 开始接触；入门过程|n. 入会仪式|n. 起始步骤
initiative	n. 开端；第一步|n. 新计划；新举措|n. 主动性；独立行动能力|n. 选民提案|adj. ಆರಂಭ性的；起始的|adj. 可由选民发起表决的
initiator	n. 创始者, 首倡者, 引爆药
inject	v. 把液体注入某处|v. 注入新的力量或特点|v. 给某人或某物打针|v. 通过注射摄入药物|v. 向程序中注入代码|v. 加入不同或外来的东西|v. 投掷到……上
injection	n. 注入；注射；注入物|n. 资金注入|n. 代码注入|n. 注射剂；一针药|n. 燃油喷射|n. 注入制成的标本|n. 余积到自身的嵌入映射|n. 高压注入材料|n. 集合间的单值对应关系|n. 送入轨道|n. 单射|n. 充血；液体淤积
injure	v. 使受伤|v. 损害；破坏|v. 使受到不公对待
injurious	a. 有害的, 不公正的
injury	n. 身体伤害|n. 心理或其他损害|n. 对名誉或权利的侵害|n. 不公；不义|v. 伤害；加害
ink	n. 墨水|v. 用墨水涂写|v. 签署|n. 一种墨水；一瓶墨水|n. 乌贼墨汁|n. 纹身|v. 给人纹身|n. 宣传；报道|n. 廉价红葡萄酒|v. 喷出墨汁
inland	adj. 内陆的；远离海岸的|adj. 内陆运输的；只经陆路的|adv. 向内陆；向陆地内部|adj. 国内的；非外国的|n. 内陆；内地|adj. 有宫廷或首都背景的
inlet	n. 海岸水道|n. 通向空腔的通道|v. 让进入|v. 嵌入|v. 把部件嵌入枪托
inn	n. 旅店|n. 酒馆|n. 英国法律学院|n. 贵族宅邸|n. 住所|n. 国际非专利名称|v. 投宿|v. 安排住宿
innate	adj. 天生的；先天的|adj. 先天形成的观念|adj. 本能的|adj. 植物学：基部连至顶端的|v. 使产生；使存在
inner	adj. 更里面的；内部的|adj. 内心的；精神上的|adj. 靠近中心的|adj. 身体内部的|adj. 深层的；不明显的|adj. 核心圈子的；内部核心的|n. 内部部分|n. 中锋或内线前锋|n. 被芯（南非）|n. 手套内衬（板球）|n. 支持留在欧盟的人（英国）|n. 靶心外第二圈
innermost	adj. 最里面的；内心最深处的|n. 最核心的内在部分
innocence	n. 无罪；无过错|n. 天真无知|n. 无害性|n. 智力缺陷；痴愚
innocent	adj. 无罪的；清白的|adj. 无心的；非故意的|adj. 法律上无罪的|adj. 天真的；不谙世故的|adj. 对……一无所知的|n. 无辜者；无辜的孩子|adj. 无害的；良性的|adj. 合法的；获准的|adj. 非违禁的；不应没收的|n. 头脑简单的人
innovate	v. 创新；采用新做法|v. 推出新事物|v. 改造；革新
innovation	n. 创新活动；引入新事物|n. 创新带来的改变或新成果|n. 违背传统的新变化|n. 植物新生的茎段
innovational	a. 革新的, 富有革新精神的
innovative	adj. 富有创新的|adj. 思路超前的
innovatively	adv. 创新地
innovativeness	创新性
innovator	n. 创新者|n. 早期采用者
innumerable	adj. 无法计数的|adj. 极其众多的
inopportune	a. 不合时机的, 不巧的
input	n. 意见；建议；贡献|n. 输入数据；过程的输入内容|v. 输入数据|n. 放入；投入这一动作或过程|n. 投入的数量|n. 输入接口|v. 使系统接收输入数据|v. 放入；参与提供
input-output	[化] 投入产出
inquire	v. 询问；打听|v. 调查；查究|v. 称作；命名
inquiry	n. 询问；提问|n. 调查；探究
insatiable	adj. 永不满足的；贪得无厌的|n. 永不满足者
insect	n. 昆虫|n. 卑微可鄙的人|n. 小型节肢动物的泛称
insecure	adj. 不安全的；不稳固的|adj. 缺乏自信的；感到不自在的
insecurity	n. 缺乏安全感或保障
insensitive	adj. 不体谅他人的感受|adj. 情感冷淡或说话不得体|adj. 没有正常的身体感觉
insensitivity	n. 感觉迟钝；不灵敏性；昏迷
inseparable	adj. 不可分离的；密不可分的|n. 不可分离的人或事物
insert	n. 插图或插入的图片|v. 插入；放入|n. 插页；随刊或随包装附上的单页|n. 嵌入部件|n. 直播中的预录片段|n. 插入特写镜头|n. 插入模式切换键或功能|n. Insert键|n. 插入语|n. DNA插入片段|n. 尿布吸收芯|n. 音轨效果插件
inside	adj. 内部的；里面的|adv. 到里面；在里面|n. 内部；里面|prep. 在……里面；进入……内部|adj. 内侧的；靠近中心的|adj. 内部的；圈内的|adj. （球）靠近击球员一侧的|adj. 道路内侧的|adv. 在监狱里|adv. 在室内|n. 道路内侧|n. 弯道内圈
insider	n. 内部知情人士|n. 里面的人
insidious	adj. 隐蔽而渐进地造成伤害|adj. 诱人却暗藏危害|adj. 奸诈的；背信的
insight	n. 深入了解；洞察|n. 敏锐的观察和推理能力|n. 消费者洞察|n. 直觉性的领悟|n. 模型或情境中的扩展性理解|n. 对自身精神疾病的觉察
insightful	adj. 有洞察力的；有深刻见解的
insignificant	adj. 不重要的；影响很小的|adj. 没有意义的；不表示任何东西的|n. 无足轻重的人或事物
insincere	a. 不诚实的, 无诚意的, 伪善的
insist	v. 坚持自己的说法|v. 坚持要求某事发生|v. 支撑在；倚靠在
insistence	n. 坚持不退让|n. 急切要求|n. 强行突破防守
insistently	adv. 坚持地, 强求地
inspect	v. 仔细检查并找问题|v. 正式检查
inspection	n. 仔细检查|n. 检查机构
inspector	n. 检查员|n. 警察督察|n. 检查工具
inspiration	n. 启发过程|n. 灵感来源|n. 突然想到的妙点子|n. 吸气过程|n. 一口吸气|n. 神启
inspire	v. 激励；启发|v. 吸入|v. 把神圣力量注入|v. 以呼吸般的方式注入|v. 吹入生命气息|v. 间接散布传闻
instal	vt. 任命, 使就任, 使就职, 安装, 装置, 设置, 安顿, 安置
install	n. 安装过程|v. 安装并准备使用|n. 已安装的软件|v. 正式任命就职|v. 安顿下来
installation	n. 安装过程|n. 成套装置|n. 艺术装置|n. 军事设施
installment	n. 分期的一部分；一期|n. 分期付款；一期款项|n. 系列作品的一部|n. 就任；安置|n. 座位；被安置的位置
instalment	n. 就职, 装设, 分期付款
instance	n. 例子；个案|v. 举例说明；引用|n. 一次具体发生；一个个案|n. 程序中的对象实例|n. 游戏中的独立副本区域|n. 一个游戏副本|n. 去中心化网络中的独立服务器|v. 举例证明|v. 为玩家创建游戏副本|n. 紧迫请求|n. 迹象|n. 促成行动的理由
instant	adj. 立即发生的|adj. 短暂的|adj. 速成的|n. 一瞬间|n. 某一时刻|adj. 本案的；当前的|adv. 立刻|n. 速溶食品或饮料|adj. 迫近的|adj. 紧迫的|adj. 坚持要求的|adj. 本月的
instantaneous	adj. 瞬时的；几乎立即发生的
instantaneously	adv. 瞬间地；立即地
instantly	adv. 立即；马上|adv. 迫切地；急切地|adv. 同时
instead	adv. 代替；改而
instill	v. 逐渐培养；灌输|v. 一滴一滴滴入
instinct	n. 本能；天性|n. 直觉；直觉反应|adj. 充满；赋有
instinctively	adv. 凭本能地
institute	n. 机构|v. 创立；实行|n. 学院；专门学校|n. 学院建筑；机构大楼|v. 任命；指定|adj. 已设立的|n. 设立；制定|n. 既定制度或习惯|n. 遗产最初指定的继承人|v. 训练；教导|v. 授予宗教职务
institution	n. 社会制度或习俗|n. 机构；组织|n. 机构所在的建筑|n. 收容或限制自由的机构|n. 老字号；久负盛名的地方或商家|n. 元老；举足轻重的人|n. 设立；实施某事的行为|n. 精神病院（非正式省略说法）|n. 主教授予牧师牧灵职责|n. 教科书或规则体系（旧义）|n. 监狱（非正式省略说法）
institutional	adj. 机构的；机构式的|adj. 制度造成的；体现在机构运作中的|adj. 由权威机构正式制定的|n. 机构客户|adj. 基础的；初步的|n. 智利任命参议员|n. 机构型社区居民|n. 机构收容者|n. 以机构价值为自我准则的人
instruct	v. 指导；教会|v. 指示；吩咐|v. 正式委托律师|adj. 已备妥的|adj. 受过教导的|n. 教导；指导
instruction	n. 教学；教导|n. 指导；说明|n. 命令；指示|n. 使用说明；操作指南|n. 当事人的委托要求|n. 计算机指令
instructive	adj. 有教育意义的；启发性的|n. 工具格（芬兰语、爱沙尼亚语）
instructor	n. 授课者；教师
instrument	n. 乐器|n. 手段；工具|n. 测量仪器；显示仪表|n. 工具；器械|n. 仪表；仪器（常用复数）|n. 被利用的人；工具人|v. 用仪器测量|n. 法律文书|v. 策划；炮制|v. 为乐器编曲
instrumental	adj. 起关键作用的|adj. 作为手段或媒介的|adj. 器乐的；用乐器演奏的|adj. 歌曲中的器乐间奏|n. 器乐曲|adj. 工具格的|n. 工具格
instrumentalist	n. 工具主义者；乐器演奏家
instrumentally	adv. 仪器地；有助益地；用乐器演奏地
insufficient	adj. 不够；不足以满足要求|det. 数量不足的|adj. 能力不够；不胜任|det. 少于所需数量的
insufficiently	adv. 不充分地；不够地
insulate	v. 隔开；使隔离|v. 使绝缘；隔热
insulation	n. 隔离；绝缘的做法|n. 隔热材料；保温材料|n. 隔离状态|n. 工程上的隔离或绝缘操作|n. 工程上的隔离或绝缘状态|n. 绝缘介质
insult	n. 侮辱；辱骂|v. 侮辱；辱骂|n. 令人受冒犯的事物|n. 身体损伤；致病性损害|n. 突然攻击|n. 跳上；踩踏|v. 攻击；突袭|v. 傲慢地压制|v. 跳上；踩在……上
insurance	n. 保险保障|n. 保险业|n. 预防措施|n. 二十一点中的保险投注|n. 一份保险单
insure	v. 投保；为风险提供赔偿保障|v. 经营或购买保险|v. 确保；保证
intact	adj. 完整无损；原封不动|adj. 仍为处女的；处女膜未受损的|adj. 未割礼的|adj. 未阉割的
intake	n. 入口；进水口或进气口|n. 摄入量；吸入量|n. 新招收的一批人|n. 管道的收窄处|n. 摄入；吸入的一次行为|n. 鼻孔|n. 青少年犯的接收评估流程|n. 圈围起来的土地|n. 欺骗；圈套|v. 吸入；收进
intangible	adj. 无形的；非物质的|n. 无形事物|n. 无形财产
integral	adj. 不可缺少的；构成整体的|n. 积分；积分运算|adj. 整数的|adj. 积分的；与积分有关的|n. 积分运算|n. 定积分；定积分值|n. 不定积分；原函数|adj. 整性的|adj. 完整无损的|n. 旧称：不定积分
integrate	v. 把……整合进整体|v. 融入；适应群体|v. 使完整；重新整合|v. 使不同群体平等共处|adj. 组合的；复合的|adj. 完整的；完美的|v. 对区间内的量求总量|v. 求积分|v. 使兼容并纳入系统
integration	n. 整合成整体|n. 兼容合并|n. 融入社会|n. 社会融入的简略用法|n. 积分|n. 演化中的统一化
integrity	n. 道德正直|n. 守信可靠|n. 完好无损|n. 完整纯正|n. 数据完整性|n. 系统可靠性警示能力
intellect	n. 思维能力|n. 某人的出众智力|n. 才智出众的人
intellectual	adj. 智力的；与思考有关的|adj. 聪明的；有知识的|n. 知识分子；有学问的人|adj. 适合思考的；需要动脑的|adj. 关于心智或理解的|adj. 精神的|n. 智力；理解力
intellectualism	n. 智力活动, 唯理智论
intellectualize	vt. 赋于理智
intellectually	adv. 在思想上；理智地
intelligence	n. 智力；理解和学习能力|n. 聪明；理解力强|n. 情报；秘密信息|n. 情报机构；情报部门|n. 有智力的存在|n. 熟悉；交往
intelligent	adj. 聪明的；有智慧的|adj. 经过周密思考的|adj. 有思想内容的|adj. 具有类似人类智慧的|adj. 智能的；能自动感知和处理的|n. 知识分子；聪明人
intelligently	adv. 聪明地；明智地
intelligible	adj. 清楚易懂的；能够理解的
intend	v. 打算；有意|v. 专心照料；留意|v. 伸长；膨胀|v. 拉紧；使绷紧|v. 加强；增强|v. 用力施加|v. 转向；指引方向|v. 设计；塑造|v. 假装；伪造
intense	adj. 程度极高|adj. 专注而热烈的|adj. 本身强烈的|adj. 情绪强烈的|adj. 绷紧的
intensely	adv. 全力地；强烈地|adv. 极其；程度很高地
intensify	v. 使更强烈|v. 变得更强烈
intensity	n. 强烈性|n. 强度；强烈程度|n. 能量流强度|n. 地震烈度|n. 辐射或发光强度|n. 辐射亮度
intensive	adj. 深入彻底的|adj. 短期高强度的|adj. 强度被提高的|adj. 强化某事的|adj. 按内在强度衡量的|adj. 需要大量投入的|n. 强化形式|n. 短期强化课程|adj. 可被增强的|adj. 极强烈的
intensively	adv. 高强度地；密集地
intent	adj. 专心于|n. 意图；目的|adj. 全神贯注|adj. 坚定不移|n. 主观故意
intention	n. 打算；意图|n. 目的；意旨|n. 伤口愈合过程|n. 拉紧；伸张|n. 专注；心神集中|n. 目标；治疗目的|n. 心中的认识|v. 打算；意欲
intentional	adj. 有意的；计划好的|adj. 故意的；带有明确意图的|adj. 体现意向的|adj. 由意向构成的|n. 意向对象|n. 意向式
intentionally	adv. 有意地；故意地
intently	adv. 专注地；聚精会神地
interact	v. 互动；相互作用|n. 幕间插曲|n. 间歇时间|n. 相互作用事件
interaction	n. 相互作用；相互影响|n. 交流；互动
interactive	adj. 相互作用的；互动的|adj. 可交互的；互动式的|n. 互动展项；互动装置
interactivity	n. 交互性；互动性
intercourse	n. 交流；交谈|n. 国家之间的往来|n. 人与人或群体之间的交往；商业往来|n. 性交|v. 发生性交
interdependence	n. 互相依赖
interdisciplinary	adj. 跨学科的|adj. 学科之间相互联系的
interest	n. 利息|n. 兴趣|n. 利益；权益|v. 使感兴趣|n. 关注|n. 感兴趣的事物|n. 吸引力；重要性|n. 利益集团|n. 额外补偿|n. 伤害赔偿|n. 短篇纪实影片类型|v. 涉及；关系到
interesting	adj. 有趣的；引人注意的|v. interest 的现在分词和动名词|adj. 怀孕的（委婉说法）|adj. 重要的；有关的
interestingly	adv. 有趣地；值得注意地
interface	n. 连接双方的接口|n. 用户界面|n. 物质之间的分界面|n. 系统之间的接口|n. 软件部件之间的接口|n. 规定操作的编程接口|v. 建立接口|v. 通过接口连接|v. 充当连接环节|v. 会面讨论|n. 声明类连接方式的代码块|n. 蛋白质内部表面
interfere	v. 干涉；妨碍|v. 波相互干涉|v. 走路时双脚相碰|v. 性侵儿童
interference	n. 干涉；妨碍|n. 波的干涉效应|n. 体育比赛中的非法阻挡|n. 信号干扰|n. 语言间的干扰|n. 专利优先权争议程序|n. 棋局中的阻断|v. 非标准的“干涉”动词用法
interim	adj. 过渡性的|adj. 临时的|n. 过渡期间
interior	adj. 内部的；里面的|n. 内部；里面|adj. 内陆的；远离边界的|n. 内陆地区|n. 内部点集
interlock	v. (使)连结, (使)连锁|n. 连锁, 连结
intermarriage	n. 异族结婚, 近亲结婚
intermediate	adj. 中间的；中等的|n. 中间位置的事物|n. 中间人；中介|n. 中型汽车|n. 中间产物|v. 居中调解|v. 中介处理；撮合安排|n. 工业中间产物|n. 半湿地面用轮胎
intermittent	adj. 间歇的；时断时续的|adj. 季节性出现的|n. 间歇性疾病或发热
intermittently	adv. 间歇地；断断续续地
internal	adj. 内部的；里面的|adj. 内心的；未表达出来的|adj. 内在的；事物本质上的|adj. 大学正式就读并参加考试的
international	adj. 国际的；跨国的|adj. 全世界共同的；不受国界限制的|adj. 外国的；来自另一个国家的|n. 国家队运动员|n. 国际比赛|adj. 与“国际”组织有关的|n. 跨国政治组织
internationally	adv. 在国际范围内；在各国之间
internet	n. 网络接入|n. 计算机网络|v. 上网查找|n. 网上虚构积分|v. 编成网络|v. 使设备联网
interpersonal	adj. 人与人之间的
interplay	n. 相互作用；互动关系|v. 相互作用；互动
interpret	v. 理解并判断含义|v. 解释或翻译意义|v. 艺术地表现|v. 担任口译|v. 解释执行程序
interpretation	n. 解释；理解版本；口译|n. 理解；解释|n. 口译|n. 艺术诠释；演绎|n. 对结果的解释|n. 解释能力|n. 数学理论的近似说明|n. 命题符号的真值赋值|n. 遗产解说的简称
interpreter	n. 解释事物的人或工具|n. 口译员|n. 程序解释器|n. 旧时的解释者或翻译者|n. 历史文化展示员|n. 具有说明作用的人或事物|n. 修辞性的解释或说明
interprovincial	a. 省与省之间的,各省之间的,省际的
interrelate	v. (使)相互关联
interrelationship	n. 相互关系
interrupt	v. 打断|v. 打断连续状态|n. 中断信号|v. 向计算机发出中断请求
interruption	n. 打断；中断|n. 中断期间；停顿时段|n. 插话；打断谈话
intersection	n. 路口；交叉口|n. 交叉；交集；重叠处|n. 交点；相交部分|n. 交集|n. 花样滑冰队形交会点|n. 单态射角的拉回构造
intertwine	v. (使)纠缠, (使)缠绕
interval	n. 空间间隔|n. 时间间隔|n. 音程|n. 幕间休息|n. 中场休息|n. 数学区间|n. 板球休息时段
intervene	v. 介入并改变局面|v. 介于两个时间或事件之间|v. 处在两者之间|v. 造成阻碍或拖延|v. 在谈话中插话|v. 在诉讼中申请介入
intervention	n. 介入；干预|n. 法律介入|n. 帮助成瘾者求助的干预行动|n. 医学干预；治疗措施
interview	n. 采访|n. 面试|v. 采访或面试某人|n. 试演或试镜|n. 警方询问|v. 参加面试|n. 正式会见|n. 正式或对立性的会面
interviewee	n. 被接见者, 被采访者, 被面试者
interviewer	n. 采访者；面试官
intimacy	n. 亲密与坦诚|n. 亲密关系|n. 私密细节
intimate	adj. 亲密的；熟识的|adj. 私人的；私密的|adj. 深入熟悉的|n. 亲密朋友|v. 含蓄地暗示|adj. 涉及性关系的|adj. 极细密混合的|n. 女性内衣等|v. 通知
intimately	adv. 亲密地；深入地
intimation	n. 暗示, 提示, 通知
intimidate	v. 使害怕；震慑
intimidation	n. 恐吓；威慑；使人胆怯
into	prep. 进入……里面|prep. 撞向；撞上|prep. 变成；制成|prep. 走向某个区域|prep. 分成|prep. 在……开始后经过|prep. 对……感兴趣|prep. 对……进行调查或研究|prep. 除以|prep. 乘|prep. 攻击某人
intolerable	adj. 无法忍受的|adj. 极其冒犯的|adj. 破旧到不安全的
intranet	n. [计]内联网；企业内部网
intricacy	n. 纷乱, 复杂, 错综
intricate	adj. 复杂精细的|adj. 难以理清的|v. 缠住；纠缠起来|v. 使缠住；使纠结
intrigue	n. 阴谋；秘密策划|v. 引起兴趣；使着迷|n. 故事情节；情节安排|n. 秘密的非法亲密关系|v. 暗中策划；密谋|v. 秘密发生非法亲密关系|v. 使复杂；使纠缠
intrinsic	adj. 内在的；固有的|adj. 内置的；自带的|n. 编译器内置函数|adj. 来自器官或组织内部的|n. 角色固有能力
intrinsically	adv. 本质上；内在地|adv. 必然地
introduce	v. 介绍某人认识|v. 正式提出或推荐|v. 加入系统或容器|v. 引入并开始实行
introduction	n. 介绍或引入的过程|n. 书文章的导言|n. 介绍某人的方式|n. 主题或学科的入门说明
introductory	adj. 介绍性的；入门性的
intrude	v. 未经允许闯入或干涉|v. 把某物强行塞入
intruder	n. 闯入者；侵入者
intrusion	n. 闯入；打扰|n. 岩浆侵入体|n. 语音插入|n. 侵入性想法或记忆|n. 历史街区中的不协调建筑
intrusive	adj. 打扰人的；侵犯边界的|adj. 侵入的（地质学）|adj. 插入音的（语言学）|adj. 侵入式的（计算机术语）|n. 侵入岩
intrusiveness	n. 干涉性；侵扰性；侵入性
intuition	n. 直觉能力|n. 直觉洞察
intuitive	adj. 凭直觉的；自然而然作出的|adj. 直观易懂的；容易上手的|adj. 直觉很强的|n. 直觉者；凭直觉判断的人
intuitively	adv. 凭直觉地；凭本能地
invade	v. 侵犯隐私或空间|v. 武力入侵并占领|v. 大量涌入并占满|v. 侵犯权利或界限|v. 不请自来地闯入
invalid	adj. 无效的；不成立的|adj. 病弱的；残疾的|adj. 供病弱者使用的|n. 病弱者；残疾人|n. 卧床或不能自理的病人|n. 因伤病不能服现役的军人|v. 因伤病使免除职责|v. 使失效；使患病
invalidate	v. 使法律上无效|v. 推翻论点或证明其错误|v. 否定或贬低某人的感受
invalidity	n. 无效, 无价值, 病弱
invaluable	adj. 极其宝贵的；不可或缺的|adj. 没有价值的（旧义）
invariably	adv. 总是；每次都如此
invasion	n. 军事入侵|n. 不受欢迎的闯入|n. 细胞或细菌侵入组织|n. 突破皮肤屏障
invent	v. 发明；创造新方法或装置|v. 编造；捏造说法或借口|v. 发现；找到
invention	n. 发明物|n. 发明行为|n. 创造力；构思能力|n. 短小复调乐曲|n. 发现；查明
inventive	adj. 有创造力的；善于发明的|adj. 与发明有关的|adj. 虚构的
inventiveness	n. 发明创造能力, 创造性
inventor	n. 发明者
inventory	n. 库存；现货|n. 存货清单；物品清单|v. 盘点；登记库存|n. 盘点；清点库存|n. 物品栏|n. 特征总集合
inverse	adj. 相反的；逆向的|adj. 逆运算的|n. 倒转的状态|n. 加法逆元|n. 乘法逆元|adj. 顺序相反的；反向的|adj. 反向附着的；倒置的|n. 某个过程的逆|n. 反函数|adj. 关于圆反演的|adj. 具有逆态射的|n. 逆态射
invert	adj. 倒转的；转化的|v. 倒置；颠倒|n. 倒拱|n. 隧道底部|n. 管道内最低点|n. 管道某点的标高|n. 无脊椎动物|v. 改变和弦音的八度位置|v. 发生转化|n. 滑板倒立动作|n. 旧称：同性恋者|n. 阴谋论中的贬称
invest	v. 投入时间、金钱或精力|v. 投资以获取收益|v. 进行投资|v. 使深度投入或产生强烈依恋|n. 潜在热带气旋天气系统|v. 给某人穿上或包裹|v. 穿上衣物|v. 包围、覆盖|v. 正式授予职位|v. 正式赋予某人权力|v. 正式赋予权力|v. 围绕并伴随
investigate	v. 调查事实或原因|v. 查究秘密或案件|v. 展开调查
investigation	n. 调查；研究
investigator	n. 调查员；调查人员
investment	n. 投入；投资行为|n. 投资项目；资本投入|n. 礼服；祭服|n. 军事包围|n. 铸造包模材料
investor	n. 投资者；投资人
invisible	adj. 看不见的；隐形的|adj. 表面不显现的|adj. 网络隐身的|adj. 被忽视的|v. 使不可见；使被忽视|n. 不可见者；上帝|n. 玫瑰十字会成员|n. 否认教会可见性的宗教派别成员
invitation	n. 邀请；邀请行为|n. 请帖；邀请函；邀请信息|n. 诱因；诱使|n. 诱攻空当|n. 认罪礼文引言|n. 桥牌邀局叫牌
invite	v. 邀请参加|n. 邀请|v. 正式请求|v. 招来；促使|v. 吸引；诱使
invoke	v. 向某人或神求助|v. 求情；请求宽待|v. 唤起；援引|v. 援引权威作证明|v. 以咒语召唤|v. 引发；招致|v. 调用程序|v. 呼叫另一艘船
involuntarily	adv. 不由自主地；非自愿地
involuntary	adj. 非故意的；不由自主的|adj. 非自愿的；不情愿的
involve	v. 包括；涉及内容|v. 使参与；使卷入|v. 包含其中的意义或因素|v. 被牵涉其中；被包括在内|v. 使陷入麻烦或纠纷|v. 完全包住；遮蔽|v. 卷绕；缠绕|v. 使复杂化|v. 乘方
involvement	n. 参与；投入
inward	adj. 内部的；里面的|adj. 内在的；内心的|adj. 向内的|adv. 向里面|adv. 转向内心|adj. 不向外显露的|adj. 国内的；本国的|adj. 秘密的；私下的|adj. 真挚的；发自内心的|adj. 亲近的；熟悉的|adj. 虔诚的|adj. 驯服的
ion	n. 离子|phrase 我不知道
iq	adj. 聪明的；有策略的|n. 智商|n. 图像质量|n. 因纽特传统知识
ir	adj. 跨种族的|n. 信息检索|n. 红外线|n. 国际关系|n. 惯性参考|n. 劳资关系|n. 投资者关系|n. 中间表示|n. 事件报告|n. 速释制剂|n. 红外辐射|n. 伤病名单
irish	adj. 爱尔兰的；爱尔兰人的|adj. 爱尔兰语的|n. 爱尔兰威士忌|adj. 荒唐的；复杂得莫名其妙的|n. 一种旧式棋类游戏|n. 怒气；脾气
iron	adj. 铁制的|adj. 坚强坚定的|n. 铁|n. 熨斗|n. 坚强、力量|v. 熨平|n. 铁质材料|n. 铁制工具|n. 铁灰色|n. 铁杆高尔夫球杆|n. 力量训练用的重量|v. 熨衣服
ironic	adj. 反讽的；具有出人意料反差的|adj. 故意戏谑的；不当真的|adj. 带嘲弄意味的；讽刺性的|adj. 被泛用来表示“真巧、真有反差”
ironically	adv. 讽刺地；反话地|adv. 讽刺的是；偏偏
irony	n. 反话；反讽|n. 反常意味；表面与实际的矛盾|n. 戏剧性反讽|n. 事与愿违的反常结果|adj. 铁制的；含铁的|n. 苏格拉底式反讽|n. 铁制弹珠
irradiate	vt. 照耀, 启发, 使灿烂, 放射|vi. 发光, 变灿烂
irrational	adj. 不理智的；毫无根据的|adj. 无理的；无理数的|n. 无理数
irregular	adj. 不合常规的|adj. 粗糙不平的|adj. 不均匀的；无规律的|adj. 不规则的（几何图形）|adj. 不规则变化的|n. 不常来的客人|adj. 面不全为规则多边形的|n. 非正规军成员
irregularly	adv. 不规则地；无规律地
irrelevant	adj. 不相关的；不切题的|adj. 不适用的；与当前情况无关的|adj. 过气的；失去影响力的
irrelevantly	adv. 不恰当地, 不合适地; 不相关地
irrepressible	a. 约束不住的, 抑制不住的
irreproducibility	非再生性
irrespective	adj. 不论；不受……影响|adj. 不顾；不管|adj. 无礼的
irrespectively	adv. 无关地
irresponsibility	n. 无责任, 不承担责任的行为
irresponsible	adj. 不负责任的|adj. 不承担法律责任的|n. 不负责任的人
irrigate	vt. 灌溉, 冲洗伤口, 使清新|vi. 灌溉
irrigation	n. 灌溉
irritability	n. 易怒；烦躁|n. 生物对刺激的反应性|n. 器官的病理性过度敏感
irritable	adj. 易受刺激的|adj. 易怒的；烦躁的|adj. 对刺激反应敏感的
irritate	v. 惹恼；使烦躁|v. 刺激而引起疼痛或不适|v. 令人不快；使人烦躁|v. 使无效
irritation	n. 烦躁；恼怒感|n. 令人烦恼的人或事|n. 恼人的行为或过程|n. 身体刺激反应；炎症|n. 器官异常敏感
irvine	n. [美俚]警官
isa	n. 指令集架构|n. 个人储蓄账户|n. 国际审计准则|n. 智能限速辅助|n. 异糖精酸|n. 意识形态国家机器
isb	abbr. independent sideband （电信）独立旁带; intermediate sideband （电信）中间旁带
isc	abbr. （美）工业安全委员会（Industrial Security Commission）；国际宇宙空间大会（International Space Congress）
isd	n. 中间级学校区|n. 独立学校区|n. 受抑制的性欲
islamic	adj. 伊斯兰的；穆斯林的|n. 伊斯兰主义者
island	n. 岛屿|n. 孤立的一块|v. 用水围住|n. 半岛或近似岛屿的陆地|n. 交通岛|n. 中岛台|v. 使孤立|n. 航空母舰上的上层建筑|n. 环岛|n. 被行政区域包围的非建制区|n. 句法孤岛|v. 点缀成岛状
isle	n. 小岛|n. aisle 的过时拼写
isolate	v. 使分开；隔离|v. 使隔离；实行隔离|v. 隔绝外界影响|v. 自我隔离|adj. 孤立的；隔绝的|n. 分离物；分离出的样本|v. 分离提纯|v. 分离出纯菌株|v. 使电气绝缘
isolation	n. 孤立；与人隔绝|n. 隔离行为|n. 外交孤立|n. 传染病隔离|n. 分离提取|n. 事务隔离性|n. 心理上的思想隔离机制
issue	n. 问题；争议点|n. 结果；结局|v. 导致；结果是|v. 发布；发行|n. 一期；一册|n. 发布；发行|n. 发行；发出|n. 待裁决的问题|n. 小题大做；把事情当问题|n. 个人困扰；问题|v. 从某处出来|v. 冲出；涌出
issuer	n. 发布或发行者
it	det. 它的（古旧形式）|pron. 它；这件事|pron. 无指代的形式主语|pron. 形式主语或形式宾语|adj. 时髦的；流行的|n. 追逐者|n. 捉人游戏（英国英语）|n. 吸引力；成功特质|n. 信息技术|pron. 它（指婴儿）|pron. 指电话那头或被认出的人|pron. 习语中的形式成分
ita	phrase 我完全同意|n. 奥里诺科河附近生长的一种棕榈树
italian	adj. 意大利的|adj. 意大利人的；意大利文化的|adj. 意大利语的|n. 意大利人|n. 意大利语|n. 意大利菜|adj. 意大利体的|n. 意大利布料|n. 意大利味美思酒|n. 意大利三明治
italians	n. 意大利人, 意大利国民, 意大利语( Italian的复数形式 )
itd	[医][=idiopathic torsion dystonia]特发性扭转张力障碍
item	n. 物件；单独的一件东西|n. 账目或文字中的一项|n. 可拾取的物品|n. 试题中的一道题|n. 议程中的一项|n. 报刊短文；一则报道|adv. 同样；也|n. 恋爱或性关系中的一对|n. 暗示；弦外之音|n. 印度英语中对特定表演者的简称|n. 字母I的无线电代称|v. 记下；列入清单
its	det. 它的|n. 问题跟踪系统|n. 智能交通系统|pron. 属于它的那个
itself	pron. 它自己|pron. 它本身|pron. 它本身（古旧回指用法）
itunes	n. 苹果公司最热门音乐软件（苹果公司开发的与iPod搭配的在电脑上使用的音乐播放器和音乐管理器）
ivory	adj. 象牙色的|n. 象牙|n. 象牙色|adj. 象牙制的|n. 象牙制品或象牙般的物品|n. 牙齿|n. 钢琴白键|n. 对白人的侮辱性称呼|n. 骰子
j	n. 大麻烟|n. 电子学中的虚数单位|n. 一支大麻烟|n. 期刊的缩写|n. 法官或司法官的缩写|n. 道路交叉处的缩写|n. jack 的缩写|n. 跳投的缩写|n. Air Jordan 鞋|后缀 读作 /ʃən/ 的词尾|n. 第二个单位向量
jack	n. 男子；男人|n. 千斤顶；起重装置|n. 菠萝蜜；菠萝蜜树|v. 用千斤顶抬起|adj. 疲惫而厌烦的|n. 男子；男人|n. 男人；男子|n. 纸牌中的杰克|n. 保龄球目标球|n. 钱；金钱|n. 什么也没有|n. 全垒打
jacket	n. 夹克；短外套|n. 西装上衣|n. 保护套；包覆层|n. 土豆皮|v. 给……包上保护层|n. 警方记录；案底资料|n. 炮管加固套|n. 私生子|n. 背心；马甲|v. 给人套上约束衣
jackpot	n. 累积大奖池|n. 意外的丰厚收获|n. 巨额奖金；大笔钱|v. 老虎机吐出大奖|n. 聚成一堆的木材或燃料|n. 弹珠台累积积分奖励|n. 困境；麻烦局面|n. 交错堆积的倒木|v. 欺诈取款机套现
jail	n. 监狱；拘留所|n. 监禁；坐牢|v. 关进监狱；监禁|n. 赛马禁赛期|n. 游戏中的禁区|n. 计算机隔离环境
jam	n. 果酱|n. 堵塞；拥堵|v. 硬塞|v. 即兴合奏|n. 困境；麻烦|n. 即兴演奏；即兴排练|n. 歌曲；曲目|n. 协作创意活动|n. 最喜欢的事物|n. 强力扣篮|n. 好运；走运|v. 卡住
jamestown	n. 詹姆斯敦（北美洲第一个英国永久殖民地）
japan	n. 黑色硬漆|n. 漆器|v. 涂黑色硬漆|v. 授予圣职
japanese	adj. 日本的；日本人的；日语的|n. 日本人|n. 日本料理
jar	n. 罐子；坛子|v. 猛击；震松|v. 使震惊；使受到冲击|n. 小罐；广口瓶|n. 一罐；一罐的量|n. 一品脱杯|n. 一品脱啤酒或苹果酒|n. 刺耳的杂音|n. 震动；颤动感|n. 惊扰；惊愕|n. 不协调；冲突|n. Java 归档文件
jargon	n. 专业术语；行话|n. 某个群体的特殊语言|n. 听不懂的胡话；含混话语|v. 说难懂的行话；说含混话
jari	abbr. Japan Association of Rolling Stock Industries 日本铁路车辆工业协会; Japan Automotive Research Institute 日本汽车研究所
jaw	n. 颌骨|n. 下巴；嘴下方的脸部|n. 像嘴一样的入口或包围处|n. 缺口；开口|n. 带缺口的固定部件|n. 夹爪；相对夹合的部件|v. 责骂；训斥|v. 吵嚷；大声争吵|v. 闲聊；交谈|adj. 固定词组中的“颌形的”|n. 帆杆上的半圆形支承部|n. 粗鲁的责骂话
jay	n. 松鸦等鸟|n. 字母 J|n. 相似的鸟|n. 一种蝴蝶|n. 愚笨的人|n. 淫荡女性或妓女|n. 大麻烟|n. 大小写变体
jazz	n. 爵士乐|v. 演奏爵士乐|n. 活力；兴奋感|n. 诸如此类的东西|n. 胡说八道|v. 随着爵士乐跳舞|v. 使更有活力|n. 极好的东西|n. 精液|n. 一种红皮食用苹果|v. 搞砸；毁掉|v. 使复杂化
jealous	adj. 吃醋；怀疑伴侣变心|adj. 嫉妒；眼红|adj. 小心守护；珍惜地保护|adj. 疑心重；戒备的|v. 因嫉妒而骚扰或攻击|v. 故意让某人吃醋
jealousy	n. 嫉妒；吃醋；猜忌|n. 嫉妒；猜忌（古旧用法）
jeans	n. 牛仔裤
jenny	n. 多锭纺纱机|n. 某些动物的雌性|n. 澳大利亚英语中的雌性动物|n. 猫用转轮|n. 台球强力跟进球|n. 英国非正式称呼|n. 柯蒂斯JN-4飞机|n. jenny的替代大小写形式|v. 把花边卷到卡片上
jerk	n. 突然一动|n. 猛拉一下|n. 讨厌的人|v. 突然抽动|v. 猛拉或猛拽|n. 蠢人|n. 挺举|n. 牙买加香辣腌料|n. 牙买加风味腌烤食物|v. 挺举|v. 腌制并干燥肉类|n. 手淫
jet	adj. 喷气推进的|n. 喷流；喷出的一股液体或气体|n. 喷气式飞机|v. 喷出|adj. 乌黑的|n. 喷嘴；喷口|n. 喷气推进发动机|n. 煤玉；黑色矿石|n. 深灰黑色|v. 用液体喷射|v. 乘喷气式飞机出行|v. 快速奔走
jew	n. 犹太教信徒|n. 犹太民族成员|adj. 贬义的“犹太人的”|n. 贬义的“吝啬鬼”|n. 船上裁缝|n. 澳大利亚英语中的一种鱼|n. 冒犯性的首字母小写变体|phrase “你……”的口语拼写|phrase “你……”的另一种口语拼写|v. 使更具犹太特色|v. 贬义地讨价还价或骗人|v. 冒犯性地压价或欺骗
jewel	n. 宝石|n. 珍宝；珍贵的人或事物|n. 珠宝；首饰|v. 用宝石装饰|n. 手表宝石轴承|n. 珠灰蝶属蝴蝶|n. 阴蒂
jewellery	n. 珠宝首饰|n. 钻井配件|n. 珠宝店铺
jewelry	n. 珠宝；首饰|v. 制作首饰|v. 用首饰装饰；制成首饰
jewish	adj. 犹太教的|adj. 犹太人的；犹太文化的|adj. 吝啬的（过时且冒犯）|adj. 意第绪语的（旧式、不规范）|n. 犹太人（不规范）
jimmy	v. 撬开|n. 甜点彩针|n. 绕过锁的装置|n. 撬棍|n. 小便|n. 成年雄蟹|n. 大麻香烟|n. 海军执行官|n. 阴茎|n. 避孕套|n. 男式内裤|n. 雄蟹
jo	n. 亲爱的|n. 杖术用杖|n. 俚语缩写|n. 工作单缩写|n. 工作单雇员|n. 工作机会缩写|n. 监狱警官缩写|n. 初级军官缩写
joana	n. (Joana)人名；(塞)约安娜；(葡)若阿纳；(西)华纳
joanna	n. 钢琴（俚语）
job	n. 任务；要做的事|n. 职业；有薪工作|n. 整形手术|n. 批处理任务|n. 抢劫；劫案|n. 事情；状况|n. 那个东西；小玩意儿|n. 极有耐心的人|v. 零散接活|v. 分包；拆分转包|n. 性行为|n. 以公谋私的交易
job-hunter	n. 求职者；找工作的人
jobcentre	（政府的）就业服务中心, 职业介绍所
jobless	adj. 失业的；没有工作的|adj. 闲得发慌的；无所事事的
joblessness	n. 失业；无活可干（jobless的名词形式）
jobseeker	n. 求职者
jog	n. 慢跑|v. 唤起；激起|v. 慢跑|n. 轻推；轻碰|v. 轻推；颠动|v. 使慢跑；使轻快小跑|n. 平面上的错台|n. 牌的暗中凸出|n. 冒犯性的阴谋论缩写|v. 颠簸着前进|v. 轻敲理齐纸张
john	n. 厕所|n. 嫖客|n. 在东亚旅行的西方男子|n. 公骡|n. 桑赫斯特新学员|n. 厕所的另一种写法|n. 为失败找借口
join	n. 连接处；连接|v. 连接；接合|v. 加入；联合|v. 成为成员；加入组织|n. 管线或线路的接头|n. 数据库连接|n. 加入网络的操作|v. 相接；相遇|v. 加入某人的活动|v. 连接数据表|n. 格中的并运算|v. 结为夫妻
joint	adj. 共同的；联合的|n. 关节|v. 接合；拼接|n. 可转动的接合处|n. 固定接缝；连接处|n. 连接结构；接合方式|n. 带骨肉块；肉块|n. 两处节点之间的部分|n. 场所；店子（美式俚语）|n. 大麻烟卷|n. 东西；作品（俚语）|v. 连接；联合
jointly	adv. 共同地；联合地
joke	n. 笑话|n. 玩笑；不是认真的话或事|v. 开玩笑；并非认真地说或做|n. 真正可笑的关键所在|n. 荒唐而无价值的人或事|n. 容易得可笑|v. 和某人开玩笑；友善地捉弄|v. 拿某人开玩笑
jokingly	adv. 开玩笑地；戏称地
jolly	adj. 快活的；兴高采烈的|adj. 很棒的；令人愉快的|adj. 醉了的|adv. 非常；极其|v. 逗乐；使开心|n. 游玩；短途出游|n. 英国海军陆战队员|n. 夸赞；好评|n. 小艇|v. 夸赞；吹捧
jolt	n. 突然的震动或冲击|v. 猛推；使突然颠簸|n. 震惊或意外冲击|v. 猛击；突然撞击|v. 震醒；促使采取行动|v. 使情感受到强烈冲击|v. 一阵阵颠簸移动|n. 长期监禁刑罚|n. 毒品注射
jonah	n. 晦气的船员|n. 扫把星；晦气的人或物
jos	abbr. 交沙霉素；怡和科技
journal	n. 日记；日志|n. 期刊；专业杂志|v. 记录；归档|n. 会计日记账|n. 普通日记账|n. 系统日志|v. 制作剪贴簿|adj. 每日的|n. 轴颈；轴承支承段|n. 日耕地面积单位|n. 轴颈|v. 把轴装入轴承
journalism	n. 新闻业；新闻报道工作
journalist	n. 新闻记者|n. 新闻工作者|n. 日记作者
journalistic	adj. 新闻业的；新闻报道式的
journey	n. 一段旅行|n. 发展历程|v. 旅行|n. 一天|n. 一日行程|n. 一天的工作|n. 铸币批次重量|n. 长颈鹿群|n. 玻璃制作时长
joy	n. 喜悦；快乐|n. 乐事；令人快乐的人或事|n. 成功；顺利的结果|intj. 喜悦！|n. 欢庆；喜庆气氛|v. 感到喜悦；欢欣|v. 享受|v. 向某人道贺|v. 使高兴；使振奋
joyful	adj. 充满喜悦的
joyfully	adv. 高兴地, 喜悦地
judge	n. 法官|n. 善于评价的人|v. 裁判、判决|v. 判断、评价|n. 裁决者|n. 比赛裁判|n. 法官头衔|v. 裁决争议|v. 认为、推断|v. 推断|v. 妄加评判|n. 古代以色列的士师
judgement	n. 审判, 判决, 判断
judgment	n. 判断过程|n. 判断力|n. 意见；判断结果|n. 法院判决|n. 最终审判
judicial	adj. 司法的；司法行政的|adj. 法院体系的；司法部门的|adj. 法官或法官群体的|adj. 判断审慎的|adj. 由法院裁定的（爱尔兰历史用法）|n. 司法部门；司法分支
judiciary	n. 司法人员；法官群体|adj. 司法的；法院的|n. 法院系统
judith	n. 朱迪思（女子名）
jug	n. 壶；有把手的盛液体容器|n. 一壶的量|n. 监狱|n. 电热水壶（澳大利亚、新西兰）|n. 带把手的凹纹啤酒杯|v. 把人关进监狱|n. 女性乳房（粗俗俚语）|n. 大功率真空管|n. P-47 雷电式战斗机|n. 可供双手抓握的攀岩把手|n. 杰克罗素梗与巴哥犬的混种|n. 课后留校处罚
juggle	n. 杂耍|n. 多项事务的统筹|v. 杂耍；抛接物体|v. 同时处理多项事务|v. 操纵或做手脚|n. 变戏法|n. 骗局或欺骗|v. 开玩笑；说笑|v. 变戏法
juice	n. 植物或水果的汁液|n. 果汁饮料|v. 榨取汁液|v. 使有活力或受到刺激|n. 苏格兰语境中的软饮料|n. 俚语中的类似液体|n. 非正式地指类似液体|n. 医学或生理液体|n. 带来效果的活力或资源|n. 博彩经纪收取的费用|n. 乐手之间的默契|v. 使用提升表现的药物
jules	n. 朱尔斯（男子名）
julia	n. 朱莉娅（女子名）
jump	n. 跳跃；一跃|n. 尝试；冒险一试|v. 跳跃；跃起|v. 猛增；骤升|n. 一次向上跳|n. 跳台；斜坡|n. 跳伞|n. 受惊的一颤|n. 棋类跳步|n. 跳跃按钮|n. 马术障碍|n. 抢先优势
junction	n. 连接；接合|n. 道路交汇处；路口|n. 铁路交汇点|n. 不同材料的接界面|n. 广播节目衔接时段|n. 支流分出点|n. 目录联接|n. 复合值结构|n. 电气接点|v. 形成交汇处
june	v. 匆忙冲去
jungle	n. 热带丛林；热带雨林|n. 弱肉强食的环境|adj. 丛林鼓点般的；快速密集的|n. 未开发的林地或灌木地|n. 杂乱的一团|n. 丛林舞曲|n. 流浪者聚集露营地|n. 高尔夫球场的茂密长草区|n. 浓密的阴毛
junior	adj. 职位较低的|adj. 较年轻的|n. 较年轻的人|adj. 属于年轻人的|adj. 美国高中或大学三年级的|adj. 小学后半段的|adj. 青少年或初级组的|n. 父子同名时儿子的姓名后缀|n. 女装或女孩服装尺码|n. 美国高中或大学三年级学生|n. 小学后半段学生|n. 初级出庭律师
junk	n. 杂物；废品|n. 低质量的；低价值的|v. 丢弃|n. 胡说；废话|n. 毒品|n. 生殖器|n. 腌牛肉|n. 旧缆绳材料|n. 厚块；大块碎片|n. 中国帆船|v. 低价淘到
jurisdiction	n. 解释和适用法律的权限|n. 行使权力的权限|n. 依法采取某项行动的权限|n. 主权国家的统治或立法权限|n. 管辖范围或地区
juror	n. 陪审员
jury	n. 陪审团|adj. 临时拼凑的|n. 评委会|v. 由陪审团审判|n. 首演观众
just	adj. 公正正当|adv. 只是；仅仅|adv. 刚刚|adv. 正好；恰恰|adj. 事实正确|adj. 合理正确|adj. 恰当够用|adv. 请直接；只管|adv. 尽管做；赶紧|adv. 只是随口；不过|adv. 非常；绝对|intj. 真烦；糟了
justice	n. 公正；公平|n. 正义；应有的公道|n. 司法；追究公道|n. 司法机关|n. 法官头衔|n. 法官称号|n. 正确性；合乎规则
justifiable	adj. 可以辩护的；情有可原的|adj. 法律上可免责的
justification	n. 正当理由；依据|n. 称义；罪的赦免|n. 文字对齐
justify	v. 为行为提出合理解释|v. 足以成为合理理由|v. 为自己辩解|v. 使文字两端对齐|v. 宣告无罪或免除罪责|v. 证明或确认|v. 证明行为有法律依据|v. 以财产证明具备担保资格
juvenile	adj. 年轻的；未成熟的|adj. 幼稚的；孩子气的|n. 未成年人|n. 未成年儿童|n. 刑事责任年龄以下的未成年人|n. 未性成熟的动物幼体|n. 青少年读物|n. 扮演儿童角色的演员|n. 两岁赛马
k	intj. 好的；收到|n. 千字节|n. 一千；数千|n. 千比特|n. 千米|n. 千的国际单位制前缀值|n. 幼儿园缩写|n. 千或一千零二十四的缩写|n. 确认收到|num. 第十一个字母（小写）|num. 第十一个字母（大写）|n. 合同缩写
kaifu	[地名] [日本] 海部
kaleidoscope	n. 万花筒|n. 纷繁变幻的景象|v. 呈现变幻图案|n. 一群蝴蝶
kant	n. 康德（德国哲学家）
karla	卡拉（女子名）
katie	n. 卡蒂（女子名, 等于Kate）
kavanaugh	[人名] 卡瓦诺
kayak	n. 皮划艇|v. 划皮划艇|v. 划艇穿越水域
kea	n. 食肉鹦鹉
keen	adj. 热切的；很有兴趣的|adj. 锋利的；尖锐的|adj. 敏锐的；洞察力强的|adj. 强烈的；猛烈的|adj. 尖刻的；辛辣的|adj. 刺骨的；凛冽的|adj. 极低的；有竞争力的|adj. 极好的；妙极了|adj. 勇敢的；大胆的|n. 哀号；悼歌|v. 使变冷；使锋利|v. 唱哀歌悼念
keep	n. 城堡主塔|v. 保持；继续|v. 遵守承诺|v. 持续做某事|n. 生活供养|n. 保存状态；状况|v. 保有；备有|v. 使处于某状态|v. 保持某状态|v. 担任板球守门员|v. 遵守；恪守|v. 庆祝节日
keeper	n. 保留某物的人|n. 值得留下的人或物|n. 看守或照料者|n. 守门员|n. 留在原位的人|n. 耐储存的果蔬|n. 卡住零件的固定装置|n. 伊顿公学的活动队长|n. 马鞭末端的护条|n. 四分卫持球冲跑战术|n. 磁铁保磁片
kelley	n. 凯利（人名）；凯莱（白肋烟品种）
kepler	n. 开普勒（德国天文学家, 物理学家, 开普勒定律的发现者）；开普勒环形山（在月球东北象限, 直径为35公里）
keri	[人名] 克里，克丽（女名）
kerr	[计] 克尔
kettle	n. 烧水壶；煮食锅|n. 烧水器具|v. 围困示威者|n. 一壶的量|n. 盘旋的猛禽群|n. 大鼓|n. 围控的人群|n. 油漆桶|v. 锅炉发出啸声|n. 锅穴；坑洼|n. 蒸汽机车|n. 手表
key	adj. 关键的；极其重要的|n. 钥匙|n. 关键|n. 键；按键|adj. 重要的；突出的|n. 图例；符号说明|n. 答案表|n. 乐器按键|n. 琴键|n. 调；调性|n. 语气；声调|n. 加密密钥
keyboard	n. 电脑键盘|n. 乐器的琴键|n. 电子键盘乐器|v. 用键盘打字
keynes	n. 凯恩斯（英国经济学家）
keyword	n. 代码或密码的钥匙词|n. 文本或文档中的重要词|n. 索引或参考资料中的检索词|n. 编程保留字|n. 出现频率异常高的词|v. 加关键词标签
khan	n. 可汗；统治者|n. 奥斯曼苏丹|n. 贵族；有地位的男子|n. 商旅客栈|n. 旅馆；客栈
khurana	n. (Khurana)人名；(印)库拉纳
kick	n. 踢击；一脚|n. 乐趣；刺激|v. 踢；用脚击打|v. 赶走；开除|n. 踢腿动作|n. 被踢出网络活动|n. 反冲；颠簸冲力|n. 辛辣味；刺激味|n. intoxicating substance 带来的刺激|n. 踢出的传球|n. 踢球距离|n. 枪械后坐力
kid	n. 孩子；年轻人|n. 小山羊|v. 欺骗；戏弄|v. 开玩笑|n. 孩子；年轻人|n. 山羊皮|v. 自欺|v. 拿某人开玩笑|n. 小羚羊|n. 骗局；戏弄|n. 船员用木食桶|n. 灌木枝捆
kidnap	n. 绑架；绑架案|v. 绑架；劫持
kidney	n. 肾脏|n. 动物肾脏作食物|n. 性情或类型|n. 侍者
kill	n. 杀戮；杀死这一行为|v. 杀死|v. 使停止运转|v. 取消；终止|v. 消磨；浪费|n. 致命一击|n. 被杀的对象|n. 一次击杀；击杀数|n. 排球扣杀得分|v. 使惊艳；使无法应对|v. 使剧痛；折磨|v. 使难受或反感
killer	adj. 极棒的；很酷的|adj. 致命的；毁灭性的|n. 杀人者；致死之物|adj. 让人难受的；折磨人的|n. 极难的事；让人崩溃的任务|n. 能淘汰竞争者的产品或事物|n. 特别出色的人或事物|n. 虎鲸|n. 多人淘汰赛|n. 杀鱼棍|n. 邮票上的重型邮戳|n. 元音杀手符号
kilo	n. 千克；公斤|n. 代表字母 K 的拼读词
kilogram	n. 千克；公斤|n. 一公斤的重量
kilogramme	n. 公斤, 千克
kilometer	n. 千米（美国拼写）
kilometre	n. 千米；公里
kin	n. 亲属；家人|n. 亲缘关系；密切关联|adj. 有亲缘的|n. 种类；家族；类别|n. 同族的人；亲族|n. 精神认同的角色或存在|n. 认同某个角色的人|v. 精神认同|n. 运动学的简称|v. “can”的发音拼写
kind	adj. 友善体贴的|n. 种类；类型|adj. 亲切有爱心的|adj. 有利的|adj. 温和宽厚的|n. 某种；一类不完全典型的东西|n. 以物易物的实物支付|n. 以同样方式回应|adj. 温顺易驾驭的|adj. 天生的；本性的|n. 本性；性格|n. 家族；血统
kindergarten	n. 幼儿园；学前教育机构|n. 小学一年级前的年级|n. 学前教育的第二、第三年
kindness	n. 善意；友善；仁慈|n. 善举；体贴行为
kinesiology	n. 运动机能学
king	n. 国王|n. 某领域的第一人|n. 棋类中的王|v. 加冕为王|n. 最重要的事物|n. 特大号床|v. 像国王一样统治|n. 君主|n. 男性生殖器|n. 雄蜻蜓|n. 图论中的王顶点|n. 字母K的通话代号
kingdom	n. 王国|n. 主导领域|n. 生物分类的“界”
kinship	n. 亲属关系|n. 相近联系
kirby	n. 卡比（男子名）
kiss	n. 亲吻|v. 亲吻|v. 互相亲吻|n. 邮件中的亲吻记号|n. 顶部尖起的夹心巧克力|v. 轻轻擦碰|v. 保持简单|n. 天体经度重合|n. 热气球轻微相撞|v. 宠爱
kit	n. 某种用途的一整套物品|n. 供组装的零件套装|n. 士兵携带的装备|n. 运动员的整套服装和装备|n. 衣服（英国非正式用法）|n. 完整的软件发行包|n. 游戏角色的技能组合|n. 架子鼓|n. 小猫|n. 小狐（特指一种小狐）|n. 幼狐|phrase 保持联系
kitchen	n. 厨房|n. 烹饪风格|v. 做厨房工作|n. 后颈发际|n. 管弦乐队的打击乐组|n. 烤肉器具|n. 不规范的语言形式|n. 赌场公共博彩室|n. 佐餐调味物|n. 台球桌开球区|v. 给食物加料|v. 修饰包装
kite	n. 猛禽|n. 风筝|v. 放风筝|n. 贪婪的人|n. 空头或欺诈支票|n. 筝形四边形|v. 使迅速上升；使暴涨|v. 远程牵制敌人|v. 引诱敌人追赶|v. 像风筝一样滑行|v. 用空头支票欺诈|v. 借风筝运动移动
knee	n. 膝盖|n. 膝形弯角；转折点|n. 衣服的膝部|n. 膝击|n. 长辈膝下的早期教导|v. 用膝盖撞击|n. 马等动物的相应关节|n. 鸟类腿部的相应关节|n. 鸟类解剖中的膝部名称|n. 膝形支撑件或弯角构件|n. 下跪致敬|v. 向……下跪
knee-jerk	adj. 条件反射式的；草率的|n. 膝腱反射
kneel	v. 跪下；跪着|v. 下沉至入口与路面齐平|v. 使跪下|v. 跪在膝上
knife	n. 切割用的刀|v. 用刀切|n. 刀状武器|n. 机器中的刀片|v. 用刀刺伤或杀害|v. 像刀一样穿过|v. 背叛|v. 故意排斥
knight	n. 中世纪的披甲骑士|n. 获君主授予骑士爵位的人|n. 国际象棋中的马|n. 侍从或领主的军事随从|n. 有骑士军衔的贵族|n. 勇敢高尚的男子|v. 授予骑士爵位|v. 把兵升变为马|n. 以领地换取服役者|n. 印有骑士图案的纸牌|n. 眼蝶属的若虫蝶|n. 口蘑属的蘑菇
knit	n. 针织衣物|v. 编织成布料或衣物|v. 使紧密团结|n. 一次编织活动|v. 变得紧密结合|v. 长合在一起|v. 把零散内容拼合起来|v. 骨折后愈合|v. 打结或系牢|v. 皱紧或收拢眉头|v. 织出一个线圈针脚
knob	n. 圆形凸起|n. 旋钮|n. 球形把手|n. 剑柄圆头|n. 山脊圆形隆起|n. 一小团|n. 姜块|n. 蒜头|v. 突出|v. 装上圆形凸钮|n. 圆丘|n. 女性乳房（俚语）
knock	n. 敲击声|n. 撞击|v. 敲|v. 批评、贬低|n. 批评|n. 打击或挫折|v. 传球|v. 把球击入比赛|v. 碰撞|n. 发动机爆震|n. 板球中的一局击球|n. 击入场内的球
knock-on	n. 向前碰球犯规|n. 间接后果
knot	n. 绳结|n. 节（海里每小时）|v. 打结|n. 纠结成团|n. 迷宫状图案|n. 棘手局面|n. 木节|n. 局部肿块|n. 肌肉硬结|n. 凸起或肿块|n. 故事关键|n. 纽带或联系
know	v. 确定；知道事实|v. 得知；意识到|v. 意识到；知道|v. 懂得；会|n. 内部消息；知情|v. 认识；熟悉|v. 经历；体验|v. 辨认；分辨|v. 再次认出|v. 知情；有信息|v. 会演奏或唱某首曲子|n. 知识；知情状态
know-it-all	n. 自以为无所不知的人
knowingly	adv. 心知肚明地；会意地|adv. 明知地；明知故犯地
knowledge	n. 对某事的了解|n. 得知；知情|n. 理解和认识|n. 某领域或技能的知识|n. 知识总和|n. 伦敦出租车路线知识|n. 哲学上的知识|n. 性关系|n. 消息；通知|n. 可知的事物或知识领域|n. 承认|n. 注意到；知悉
knowledgeable	adj. 对某领域很有知识|adj. 受过教育且消息灵通|n. 知情人士
knuckle	n. 指关节|v. 用指关节揉|n. 机械接头|n. 球台袋口的弧形边|n. 关节肉|n. 指虎|v. 用指关节击打|v. 弯曲手指|v. 屈服|n. 四足动物的膝关节|n. 植物的节|n. 船体等的转折凸部
koizumi	小泉纯一郎（人名）
koop	[人名] 库普
korean	adj. 韩国的；朝鲜半岛的|n. 韩国人；韩裔人士|adj. 韩语的
korn	n. 科恩（姓氏）；柯恩乐队；柯伦（德国出产的蒸馏酒品牌）
kung	n. 龚；宫（粤语姓氏）
kyd	abbr. Kiloyard 千码; kiloyard 千码
l	adj. 大号的|n. 升|n. 一次失败|n. 大号|num. 第十二个字母（小写）|adj. 左边的|adj. 差劲的|intj. 笑死；哈哈|n. 损失；输掉|n. 失败场次；损失数|n. 失败；失利|n. 高架铁路
la	intj. 啦；哼唱声|n. 拉；第六个唱名|adj. 戏称某位女士|n. 左心房|n. 局部麻醉剂|n. 地方当局|n. 车道|intj. 哎呀；务必注意|intj. 哎呀；竟然|n. 砷酸铅|n. 侧面积|n. LA的另一写法
lab	n. 实验室|n. 实验或检测|n. 拉布拉多犬|n. 拉布拉多犬的简称|n. 天文学术语缩写|n. 乳酸菌缩写|n. 线性烷基苯缩写
label	n. 标签；标牌|n. 称呼；分类标签|v. 给……贴标签|v. 给……贴上分类标签|n. 唱片公司|n. 用户定义的名称；标识符|n. 代码跳转标号|n. 界面说明文字|n. 纹章中的垂饰带|n. 流苏|n. 纸条；附印章的带子|n. 附加文字；遗嘱补充条款
labor	v. 辛苦劳动；费力做某事
labor-intensive	adj. 劳动密集的；需要大量人力的
laboratory	n. 科学实验室|n. 制备场所
laborer	n. 体力劳动者
laborious	adj. 艰苦费力的|adj. 费脑而细致的|adj. 勤勉的
laborsaving	a. 节省劳力的, 省力气的
labour	n. 劳动；费力的工作|v. 辛苦工作；劳作|n. 艰巨的任务|n. 劳动者；工人阶级|n. 代表劳动者利益的政党或政治力量|n. 分娩；临产过程|n. 分娩期间|v. 反复强调；过分展开|v. 艰难地进行或移动|v. 经历分娩|n. 船只剧烈摇晃造成的受力|n. 墨西哥和得克萨斯州的土地面积单位
lace	n. 蕾丝；花边织物|n. 鞋带；系带|v. 用带子系紧|v. 交织；交叉编在一起|n. 套索；绳网|v. 交织自行车轮辐条|v. 用饰带装饰|v. 夹杂；穿插|v. 在食物或饮料中偷偷掺入|n. 掺入饮料的烈酒|v. 鞭打；打出条纹
lack	n. 缺少；不足|v. 缺少；没有|n. 缺陷；不足之处|v. 缺少；短缺|n. lakh 的古旧拼写|v. 处于匮乏中|v. 责备；指责|v. 没有防备
lad	n. 男孩；年轻男子|n. 对年轻男子的熟悉称呼|n. 爱玩的年轻人；浪荡小伙|n. 马房帮工|n. 阴茎|n. 骗子|n. 左前降支动脉缩写|n. 地方行政区缩写|n. 语言习得装置缩写|n. 白细胞黏附缺陷缩写
ladder	n. 梯子|n. 逐级上升的途径|n. 等级阶梯|v. 针织物脱线|n. 针织物脱线|n. 围棋中的阶梯追击|v. 排成梯子形|v. 用梯子攀登|v. 逐次调整射程炮击|v. 违法逼供增加破案数
lady	n. 女士；成年女性|n. 对女性的礼貌称呼|n. 女主人|n. 有身份的女士|n. lord的女性对应词|n. 贵族或绅士的妻子|n. 女贵族头衔|n. 喂，女士|n. 妻子或女友|n. 扑克牌中的王后|n. 女性的|n. 贵族女性头衔
lag	n. 延迟间隔；空档|n. 延迟；反应迟缓|v. 落后；跟不上|v. 反应迟缓；卡顿|n. 落后者；最后者|v. 包覆保温材料|v. 减弱；变缓|adj. 迟到的|adj. 最后的；拖延很久的|adj. 最末的；低劣的|adj. 扑克中松而激进的|n. 被判流放的人
laid-off	adj. 被裁员的；失业的|adj. 转移风险的赌注
lake	n. 湖泊|n. 大量液体|n. 色淀颜料|n. 小溪或排水沟|n. 坑或沟|n. 献礼或祭品|n. 玩耍或游戏|n. 细白亚麻布|n. 食品色淀|v. 献上礼物|v. 跳跃或玩耍|v. 反复冻融细胞
lamb	n. 小绵羊|n. 羊肉|n. 温顺、容易听从的人|n. 羊皮|n. 天真、不老练的人|n. 玛丽亚·凯莉的粉丝|n. 玛丽亚·凯莉的粉丝|v. 母羊产羔|v. 给母羊接生|n. 小山羊|n. 股市中的无知投机者
lame	adj. 跛的；行动不便的|adj. 站不住脚的；敷衍的|adj. 无聊的；不酷的；不好笑的|adj. 腿脚有毛病的|adj. 蹩脚的；不完善的|adj. 跛行的（旧式或可能冒犯）|n. 蠢人；讨厌的人|n. 盔甲薄片|n. 叠接的金属片组|n. 面团划刀|v. 使跛行
lameness	n. 跛, 瘸, 残废
laminate	n. 层压材料；层压板|v. 给纸张等覆保护膜|adj. 层压的；层状的|v. 把薄片粘合叠成厚板|v. 把金属等压成薄板|v. 使分成薄层
lamm	abbr. Los Angeles Master Morticians 洛杉矶殡仪业大师; Lutheran-American Melancthon Movement 路德教会美国人的Melancthon运动
lamp	n. 灯；发光装置|n. 油灯|n. 台灯；灯具|n. 等温扩增方法|n. 溶酶体相关膜糖蛋白|v. 打；狠狠击打|v. 夜间用灯捕猎|v. 闲混；无所事事|v. 制成台灯
lancet	n. 外科尖刀；放血针|n. 采血针|n. 熔炉放料铁棒|n. 尖拱长窗|v. 用尖刀刺破
land	n. 陆地|n. 国家；地区|v. 降落；着陆|v. 获得；争取到|n. 地产；土地|n. 祖国；家乡|n. 耕地；土壤|n. 领域；王国|v. 停住；落定|v. 抵达陆地；登陆|v. 使着陆；把……带上岸|v. 抓住；逮捕
landlady	n. 女房东
landlord	n. 房东|n. 酒吧老板|n. 冲浪俚语中的鲨鱼
landmark	n. 辨路地标|n. 著名地标|n. 里程碑|n. 边界标记|v. 正式列为地标
landowner	n. 土地所有者
landscape	n. 土地景观|n. 眼前的整体景色|n. 社会或文化面貌|n. 风景画|n. 国家或地区的风貌|n. 横向版式|n. 景观空间|n. 领域格局|v. 设计或维护景观
lane	n. 道路或街道|n. 篱墙之间的窄路|n. 公路车道|n. 乡间窄路|n. 跑道分道|n. 泳道|n. 平行通道或工作线|n. 船舶或飞机航线|n. 保龄球道|n. 多人在线战术竞技游戏中的路线|n. 纸牌布局中的空列|n. SIMD数据槽
language	n. 语言系统|n. 语言能力|n. 表达方式或沟通信号|intj. 别说粗话！|n. 专门用语|n. 动物或植物的沟通信号|n. 计算机语言|n. 表达风格|n. 所用措辞|n. 粗话|n. 管风琴簧舌片|v. 用语言表达
languid	a. 疲倦的, 无力的, 阴沉的
lantern	n. 灯笼；灯具|n. 舞台灯具|n. 屋顶采光亭|adj. 大而方的（五官）|n. 建筑顶部的开放式高室|n. 穹顶上的小圆顶|n. 灯笼齿轮|n. 填料函内的笼状隔室|n. 铁路夜间信号灯|n. 带孔的芯模筒|n. 海胆咀嚼器|v. 装上灯
lap	n. 腿上；膝上|n. 搭接部分|n. 赛道一圈|v. 舔饮液体|adj. 腹腔镜的|n. 衣物下摆|n. 边缘；衣边|n. 坐着时的大腿|n. 重叠覆盖部分|n. 重叠过程|n. 重叠状态；重叠量|n. 游泳一趟
lapse	n. 一时失误；短暂失常|v. 逐渐下滑；慢慢平息|n. 标准或状态下滑|n. 连续性的中断|n. 事件之间的间隔|v. 又陷入想戒掉的坏习惯|v. 失效；不再有效|n. 权利因不使用而失效|n. 气温随高度下降|n. 遗赠因受益人先去世而失效|n. 背离信仰或原有立场|v. 陷入错误或异端
laptop	n. 笔记本电脑|adj. 适合放在腿上使用的
large	adj. 大的；规模大的|adj. 大号的|n. 一千美元或英镑|n. 大号规格|n. 一件大号商品|n. 适合大号的人|adj. 充足的；富余的|adj. 详尽的；铺陈很多的|adj. 无负担的；自由的|adj. 不拘礼节的|adj. 顺风横驶的|adv. 顺风地
large-scale	adj. 大规模的；范围广的|adj. 大比例绘制的
largely	adv. 主要地；在很大程度上|adv. 大量地；充分地|adv. 大范围地|adv. 充分地；详尽地
laser	n. 激光器|n. 激光束|n. 激光打印机|n. 激光脱毛|v. 用激光处理|n. 植物树脂|n. 产树脂的植物|n. 小型小艇|n. 激光名称的缩略词|v. 精准传球或踢球
lash	n. 鞭梢|n. 鞭打；抽打|n. 睫毛|v. 鞭打|v. 猛击|v. 猛烈反击；突然发作|v. 绑牢；固定|adj. 稀软潮湿的|adj. 很棒的|adj. 喝醉的|n. 迅猛甩动|n. 尖刻抨击
last	adj. 最后的|adj. 最近的；上一次的|adv. 最近一次|adv. 最后；最后才|det. 上一个；最近的|v. 持续|v. 撑住；坚持下去|adj. 最不可能的|adj. 仅存的；最后仅有的|adj. 最低等级的|det. 最近过去的某个|n. 鞋楦
late	adj. 接近某段时间末尾的|adj. 晚于预期的|adj. 已故的|adv. 迟到地；晚于规定时间地|adj. 接近一天结束时的|adj. 某个时期末期的|adj. 逾期产生的附加费用|adj. 月经迟来|adj. 前任的；不久前任职的|adv. 最近；不久前|n. 晚班；夜班|adj. 相对较新的；不久前的
lately	adv. 最近；近来|adv. 事后才；来晚了|adv. 以前曾任；此前
latent	adj. 潜在的；隐藏的|adj. 休眠的；未活动的|adj. 待发展的；待显现的|n. 潜在指纹|n. 潜在因素|n. 潜在事物
later	adj. late 的比较级：更晚的|adj. 较后的；后来时期的|adv. 更晚地；更迟地|adv. 后来；随后|adj. 再过一段距离后|adj. 以后的；较晚日期的|adv. 以后；晚些时候|intj. 回头见；再见|adv. 否则；要不然
lateral	adj. 侧面的；向侧边的|adj. 横向的；非常规的|n. 侧面的部分或通道|v. 向侧方移动|n. 同级调动的员工|adj. 边音的|n. 边音|n. 横向传球|n. 侧渠|v. 完成横向传球
latest	adj. 最新的；最近的|adv. 最迟；不迟于|n. 最新消息；最新情况|adj. late 的最高级形式|adv. 最晚地|adj. 最后的；末尾的
latin	adj. 拉丁语的|adj. 拉丁美洲的|adj. 拉丁字母的|adj. 古罗马的|adj. 拉丁文化的|n. 拉丁文化地区的人|n. 拉丁美洲人|adj. 拉丁姆地区的|adj. 罗马天主教礼仪的|n. 古罗马人|n. 拉丁姆部族成员|n. 罗马天主教礼仪的信徒
latitude	n. 纬度数值|n. 自由空间；回旋余地|n. 纬线|n. 曝光宽容度|n. 范围；幅度|n. 黄道纬度
latter	adj. 后者|adj. 后半段；末期|adj. 晚年；较近的后期
laugh	n. 笑声|v. 笑|v. 嘲笑；取笑|n. 笑料；可笑的事|n. 有趣的人|v. 呈现欢快或明亮状态|v. 用笑声影响某人|v. 笑着说出或发出
laughter	n. 笑声|n. 发笑状态|n. 笑料
launch	n. 启动；发布|v. 发射升空|v. 启动；开展|v. 推出；上市|n. 发布活动|v. 投掷；发射|v. 使船下水|v. 启动程序|v. 起飞；出发|v. 猛冲；突然开始|v. 开始运行|n. 船只下水
laundry	n. 洗衣；洗涤活动|n. 待洗或已洗的衣物|n. 洗衣房；洗衣店|n. 罚旗|n. 掩盖非法资金来源的机构
laureate	n. 荣誉获得者；桂冠得主|adj. 戴桂冠的|n. 大学毕业生|v. 加桂冠；授予荣誉
laval	adj. 与熔岩有关的
lavatory	n. 厕所房间|n. 洗手间|n. 洗脸洗手间|n. 马桶|adj. 洗涤的|n. 洗涤器具|n. 洗涤设施|n. 古义洗涤器具|n. 宗教中的洗涤设施|n. 洗手行为|n. 洗液|n. 洗衣房
lavery	n. (Lavery)人名；(瑞典)拉韦吕；(英)莱弗里
law	n. 法律制度|n. 一条法规|v. 从事法律工作|n. 规则|n. 法律秩序|n. 警察或执法人员|n. 法律职业|n. 法学|n. 诉讼|v. 执行法律|v. 施加法律限制|intj. 哎呀
lawful	adj. 合法的；依法的|adj. 遵循规则或规律的|adj. 守序阵营的|n. 守序角色
lawmaker	n. 立法者；议员
lawmaking	n. 立法
lawn	n. 草坪|n. 林间空地|n. 薄亚麻或棉布|n. 铺满培养基的菌落|n. 主教服饰用的布袖套|n. 薄布制成的衣物|v. 铺设草坪
lawsuit	n. 民事诉讼|v. 提起诉讼
lawyer	n. 获准执业的律师|n. 法律专业人士|v. 从事律师工作|v. 做律师的工作|v. 用法律术语争辩|v. 连番追问逼供|n. 为法律问题争辩的人|n. 一种鱼|n. 悬钩子植物的茎|n. 带钩刺的植物
lay	adj. 世俗的；非神职的|n. 布局；安排|v. 放下；摆放|v. 躺着；位于|adj. 非专业的|n. 利润份额|n. 产卵；下蛋状态|n. 民谣；歌唱叙事诗|v. 制定；规划|v. 铺设；砌筑|v. 下蛋|v. 打赌说
layer	n. 一层材料|v. 切分成层|v. 分层铺放|n. 沉积层；分层的一层|n. 层次；层级|n. 图层|n. 铺放者；下注者|n. 产卵的雌性动物|n. 网络模型中的层|n. 备用键位层|n. 压条枝
layman	n. 非神职人员|n. 非专业人士|n. 没有受训的外行|n. 普通人|n. 修道院中的非正式成员
layoff	n. 因经济原因裁员|n. 暂时停工或停赛的时期|n. 足球回做传球|n. 转押以降低风险的赌注
layout	n. 布局；布置|n. 布局方案；平面图|n. 页面排版|n. 布置；排置这一行为|n. 施工现场布局图|n. 个人资料页面布局|n. 芯片元件布局|n. 身体完全伸展的姿势
laziness	n. 懒惰；懒散
lazy	adj. 懒惰的；不愿费力的|adj. 悠闲的；慵懒的|adj. 敷衍的；不用心的|adj. 缓慢的；不疾不徐的|adj. 惰性求值的|n. 懒惰的人|v. 懒散地消磨时间|adj. 松弛的；下垂的|adj. 横置的；侧转的|adj. 邪恶的；恶毒的|n. 树懒
ld	n. 莱姆病|n. 立法选区|n. 致死剂量|n. 自由民主党成员或该党|n. 激光影碟|n. 月距|n. 左后卫或左侧防守位置
lead	n. 铅|n. 领先；优势|n. 主角；主要角色|v. 带领；引导|adj. 最前面的；领先的|adj. 主要的；首要的|n. 铅皮屋顶|n. 铅笔芯|n. 子弹；弹药|n. 铅防护服|n. 带领；引导|n. 电线
leader	n. 领导者；带头人|n. 主要演员；乐队领队|n. 领头动物|n. 主导部分；引导结构|n. 引导内容的媒体部分|n. 片头或引导段|n. 出版物中的引导线或引导部分
leadership	n. 领导能力|n. 领导层|n. 领导职位或身份
leading	adj. 引导性的；带方向的|adj. 领先的；首要的|adj. 先行的；领先发生的|n. 引导；带领|v. 正在带领；引导|n. 军队指挥权|n. 行间距
leaf	n. 叶子；叶片|n. 书页；杂志的一张纸|v. 长叶；长出叶子|n. 植物的叶片结构|n. 叶状物；叶形薄片|n. 薄片材料|n. 茶叶|n. 桌子的加长板|n. 可移动的门板或桥板|n. 末端节点|v. 把蔬菜分成叶片|n. 板簧的簧片
leaflet	n. 传单；宣传单页|n. 复叶中的小叶|n. 小叶片|v. 向……发传单|v. 散发传单|n. 瓣膜薄片
league	n. 联盟；联合组织|n. 体育联赛|n. 水平；档次|n. 橄榄球联赛|n. 结盟；联盟|v. 结盟；联合|adj. 英格兰顶级联赛体系的|n. 内蒙古盟|n. 约一小时路程|n. 里程石标
leak	n. 漏洞；漏孔|n. 秘密泄露|v. 使液体或气体漏出|v. 漏出|v. 泄露秘密|n. 泄漏；漏出|n. 泄密者；消息来源|n. 电流泄漏|v. 漏过；穿透防线|v. 使某物漏过|adj. 漏的；有漏洞的|n. 资源泄漏
leakage	n. 泄漏；漏出的东西|n. 泄漏造成的损失量|n. 绝缘层中的漏电|n. 零售库存流失|n. 录音串音|n. 旅游收入外流
lean	adj. 精瘦的|v. 倾斜|v. 倾向于|v. 倚靠|adj. 少脂肪的|adj. 少有余量的|adj. 含量低的|adj. 精简高效的|n. 倾斜|n. 瘦肉|v. 向外悬斜|v. 压靠在
leap	n. 跳跃；跃起|n. 重大进步；飞跃|v. 跳；跃起|adj. 闰年的；闰日的|n. 跳跃跨过的距离|n. 推理上的大跨步；不充分的推断|n. 音程的大跳|v. 跳过；跃过|v. 使跳跃|n. 一群豹子|n. 故障；缺陷|n. 雄性动物与雌性动物交配
lear	n. 所学；教训|n. 学问；教诲|v. 教；教导|v. 学习
learn	v. 学习并学会|v. 从教训中学习|v. 得知，获悉|v. 参加课程学习|v. 学习某学科|n. 一次学习或了解|v. 教训某人
learned	adj. 博学的；有学问的|adj. 阁下；尊敬的律师或法官|adj. 学术性的；体现学问的|adj. 后天学会的；通过学习获得的
learning	n. 学习过程|n. 知识学问|v. 正在学习|n. 学到的一点经验
lease	n. 租赁权|n. 某物的租用权|n. 租约|v. 出租|v. 租用|n. 租赁文件|n. 租期|n. 网络地址租期|v. 分配网络地址|v. 接受网络地址分配|n. 公共牧场|n. 经线交叉处
least	adv. 最不；最……程度最低|det. 最少的；最小量的|adv. 最少地；程度最低地|n. 最少量；最小单位|adj. 最小的；最少的
leather	adj. 皮革制的|n. 皮革|n. 用于擦拭的皮革片|n. 球|n. 皮革服装|v. 用皮革覆盖|v. 使表面变得像皮革|v. 用力击打|adj. 与特定皮革服饰社群有关的|adj. 与特定成人社群家庭关系有关的|n. 出色的防守动作|n. 一拳
leave	n. 休假|v. 留下某物或造成遗留结果|v. 离开某人或某处|v. 离开|n. 许可|v. 使保持某种状态|v. 去世|v. 遗留给某人|v. 准许|n. 击球时不击球|n. 击球后留下的球局|n. 回合后留下的牌
leaver	n. 离开者（常指学校毕业生）
lecture	n. 讲座；讲课|v. 讲授；作讲课|n. 课；讲课时间|n. 训话；责备|v. 训斥；说教|n. 阅读；朗读
lecturer	n. 讲课者；演讲者|n. 大学讲师|n. 旧时布道牧师
lee	adj. 背风的|n. 背风港湾|n. 船的背风侧|n. 遮风处；庇护|n. 平静；安宁|n. 残渣；沉淀物|n. 旧式长度单位写法
left	adj. 左边的|adv. 在左边|adv. 向左|n. 左边；左方|adj. 左岸的|adj. 左翼的|adv. 向左倾|n. 左翼群体|n. 左手；左拳|n. 左拳一击|n. 向右破的浪
left-of-centre	adj. 政治立场温和偏左
leftover	adj. 剩下的；多余的|n. 剩余物；遗留物|n. 吃剩的食物
leg	n. 人的整条腿|n. 膝盖到脚踝的小腿|n. 裤腿|n. 家具等的支腿|n. 动物的腿|n. 支持因素|n. 旅程或比赛的一段|n. 比赛中的一场|n. 持续发展的可能|n. 用手托脚帮人上去|v. 装上支腿|v. 组合期权执行价
legacy	adj. 遗留的；过时但仍在用的|n. 留下的影响或成就|n. 遗赠的财产|n. 校友子女身份
legal	adj. 法律相关的|adj. 有法律依据的|adj. 法律允许的|adj. 符合规则或语法的|adj. 达到法定年龄的|adj. 法律允许销售或使用大麻的|n. 公司法务部门|n. 法律规格纸|adj. 北美法律纸规格的|adj. 菲律宾法律纸规格的|n. 驻外机构的法律掩护人员|n. 合法移民
legally	adv. 法律允许地|adv. 从法律角度看
legend	n. 圣徒传记；传奇故事|n. 传奇故事|n. 传奇人物|n. 传说总体|n. 大好人；传奇人物|n. 图例|n. 铭文；题字|n. 传奇题材乐曲|n. 船舶设计规格|v. 讲述；叙说
legislate	v. 立法规定
legislation	n. 立法；制定法律|n. 已通过的法律；法律条文总称
legislative	adj. 立法的；制定法律的|n. 立法机构；立法部门
legislator	n. 立法者；议员
legislature	n. 立法机关|n. （加拿大）立法机关|n. （加拿大）立法大楼
legitimacy	n. 正当性；合法有效|n. 政治正当性；统治认可|n. 王室血统的继承资格
legitimate	adj. 合法的；符合法律要求的|adj. 合理的；有效的；符合规则的|adj. 真实的；正品的；可信的|adj. 婚生的；婚姻上的|v. 使合法；使获得法律承认|adj. 与合法继承权有关的|adj. 正统戏剧的|n. 婚生子女
lehman	n. 雷曼（姓氏）
leiden	n. 莱顿市（荷兰西部城市）；莱顿（大学名称）
leisure	n. 摆脱事务后的自由|n. 闲暇时间|n. 从容的机会或便利
leisurely	adj. 悠闲的；从容的|adv. 悠闲地；从容地
lemon	adj. 柠檬味的；柠檬香的|n. 柠檬|adj. 柠檬黄的|n. 柠檬树|n. 柠檬黄|n. 有缺陷的东西；次品|v. 加柠檬调味|adj. 机灵而爱顶嘴的|n. 柠檬汁|n. 柠檬鲨|n. 赞成；帮忙|n. 含露骨性描写的同人作品
lend	v. 借给；暂时给……使用|v. 适合；适用于|v. 放贷；出借资金|v. 提供；给予|n. 借用权；借来的东西|n. 腰部|n. 腰侧；腰臀部|v. 误作“借入”
lender	n. 贷款方；出借人
lengel	[人名] 伦格尔
length	n. 长度|n. 持续时间|n. 总体长度或篇幅|n. 线段长度|n. 一段长物|n. 马身的距离|n. 球的落点距离|n. 阴茎（俚语）|n. 剧本的一段|n. 某花色的牌数|n. 葡萄酒余味的持久度|v. 使变长（过时）
lengthen	v. 使变长；延长|v. 变长；延长
lengthy	adj. 冗长的；持续很久的|adj. 说话或写作冗长的
leniency	n. 宽大；从轻处罚|n. 一次宽大处理
lenient	adj. 宽容的；不严格的|n. 柔润剂；缓和剂
lens	n. 光学透镜|n. 观察视角|n. 透镜状图形|n. 眼睛晶状体|v. 用镜头拍摄|n. 电子束透镜|n. 扁豆属植物|n. 透镜状地质体|n. 函数式编程访问工具|v. 向边缘变薄
leonardo	n. 达·芬奇的一幅画
less	adv. 较少；不如以前多|adv. 较不……|det. 较少的；不那么多的|adv. 在较小程度上；不太|det. 较小的；较低的|det. 较少的（可数复数名词前，非正式）|n. 较少的量|prep. 减去；扣除|adj. 较小的；较少的|v. 使减少；使减弱
lesse	[地名] [比利时] 莱斯河
lessen	v. 使减轻；使减少|v. 变少；减弱
lesser	adj. 较小的；较不重要的|adj. 较少的；较小的|n. 较小者；较不重要的事物
lesson	n. 一节课|n. 从经历中学到的东西|n. 作业；学习任务|n. 警告；教训|n. 训斥；责备|n. 练习；习作|v. 给某人上课；教训某人|n. 礼拜中的经文选段|v. 教导；指导
lest	conj. 以免, 唯恐, 免得
let	v. 允许某人做某事|v. 别干涉；任其保持原样|v. 让我们……；请允许我……|n. 出租；租赁房产|n. 网球中的重发球|v. 出租房产|v. 把工作或合同交给别人承办|v. 使；让某事发生|n. 阻碍；妨碍|v. 放出液体|v. 阻碍；妨碍|v. 阻止发生
letter	n. 字母|n. 书信|n. 字面含义|n. 文学|n. 法律条款的字母分项|n. 美国信纸规格|n. 加拿大信纸规格|v. 给某物加上文字|n. 大学体育荣誉标志|n. 印刷字体|n. 出租者|n. 阻碍者
level	adj. 平的；水平的|n. 程度；数量水平|n. 游戏中的等级|v. 调平|adj. 与……齐平|adj. 稳定不变的|adj. 音量不变的|adj. 镇定的|adj. 处于同等地位的|adj. 直截了当的|adj. 公平稳健的|n. 水平仪
lever	n. 杠杆|n. 操纵杆；控制杆|v. 用杠杆撬动|n. 转动机械的杆|v. 像用杠杆一样撬动或撑起|v. 借助手段推动|v. 提高债务占比|adv. 宁愿|n. 传动臂|n. 撬棍|n. 堤岸；堤坝
leverage	n. 杠杆作用|n. 影响力；谈判优势|v. 利用并放大优势|n. 金融杠杆；借债放大投资|n. 债务与股本比率|n. 高产能利用率带来的收益放大|n. 回归分析中的高杠杆性
levin	n. 闪电；明亮的火光
levine	n. 莱文（姓氏）
levy	n. 征收；征集|v. 征收税费或罚款|v. 按评估征收；依法索取|n. 征收对象；征集来的人和物|v. 征召入伍|n. 一先令|n. 旧式八分之一美元银币|v. 集结军队|v. 发动战争|v. 解除围城|v. 建造；筑起
lew	adj. 虚弱的|n. 温暖；热度|adj. 温暖；向阳|adj. 微温|adj. 避风的|adj. 面色苍白憔悴的|n. 古代法国金币|n. 避风处|v. 使变暖|v. 变暖|v. 挡风保护
lexicon	n. 语言的词汇|n. 词典|n. 古典语言词典|n. 个人词汇量|n. 某领域的专门词汇|n. 编程语言的词汇结构|n. 任何词典|v. 加入词汇表|v. 调整声轨以适应压缩影片
lg	n. 起落架|n. 副州长|n. 小女孩角色
li	n. 中国里|n. 礼仪与仪式|n. 韩国里|n. 传统重量单位|n. 古代三足鼎|n. 升高的第六音|n. 恋爱对象缩写
lia	adj. 行动中失踪的|n. 行动中失踪者；失踪记录
liability	n. 法律或金钱上的责任、债务|n. 拖累或增加风险的人、事物|n. 不中用的累赘|n. 发生某事的可能性|n. 容易受到某事影响的状态
liable	adj. 依法负责|adj. 很可能；容易|adj. 受制于；容易遭受|adj. 面临某种可能后果
liberal	adj. 慷慨的；大方的|adj. 思想开放的；宽容的|adj. 支持自由与改革的|n. 自由派人士|adj. 通识教育的|adj. 足量的；大量的|adj. 自由党（或相关政党的）|n. 进步派；左翼人士|n. 自由党支持者|n. 古典自由主义者|n. 自由主义|n. 自由党；自由党成员或支持者
liberalism	n. 政治自由主义|n. 经济自由主义|n. 开放自由的倾向
liberalize	vt. 宽大, 使自由主义化|vi. 自由主义化
liberate	v. 解放；释放|v. 解放（夺取敌方地区）|v. 拿走；偷走（戏谑说法）|adj. 已被释放的|adj. 获准交付的|n. 支付或交付令状
liberation	n. 解放；获释|n. 争取平等与摆脱压迫|n. 讽刺性的“解放”说法
libertarian	adj. 支持自由的|adj. 自由意志主义的|n. 自由意志主义者|adj. 自由意志论的|adj. 自由意志主义政党的|n. 自由倡导者|n. 自由意志论者|n. 美国自由意志主义者|n. 自由意志主义政党成员或支持者|adj. 针叶树科的|n. 南洋杉科植物
liberty	n. 自由状态|n. 免于监禁和强迫|n. 自主行动、信仰和表达的自由|n. 不受政府过度控制|n. 水手获准上岸的假期|n. 冒犯习俗或越界|n. 中世纪英格兰行政区|n. 围棋中的空点|n. Liberty百货商店的商品或风格
librarian	n. 图书馆负责人|n. 馆藏管理人员|n. 信息组织人员
library	n. 图书馆|n. 书籍或资料的收藏|n. 可借用物品的机构|n. 非印刷资料库|n. 藏书室|n. 软件库|n. 遗传材料库|n. 牌库
licence	n. 许可证；许可|v. license 的误拼
license	n. 许可证；许可|v. 正式授权|n. 软件或产品的使用许可|n. 偏离常规的自由|n. 放纵；过度自由|n. 驾驶证|v. 授予知识产权使用权|v. 准许；放任|v. 使语法上可以出现
lick	n. 舔一下|n. 一舔的量|v. 舔|v. 舔食或舔净|n. 薄薄涂一层|n. 一下击打|n. 一点点|n. 尝试一下|n. 音乐短句|v. 部分做一下|v. 轻拂或拍打|n. 动物舔食矿物的地点
lid	n. 容器盖|n. 限制；控制|v. 压住；控制|n. 帽子|n. 眼皮|n. 一盎司大麻|n. 趴板或趴板冲浪者|n. 盖状覆盖部|n. 摩托车头盔|n. 不熟练的无线电操作员|n. 芯片封盖|n. 孩子
lie	n. 姿势或相对位置|n. 谎言|v. 躺着|v. 位于|v. 说谎|n. 高尔夫球前的地面条件|n. 带有欺骗意图的说法|n. 误导人的事物|v. 处于某种状态|v. 存在于；在于|v. 责任落在某人身上|v. 静止下来
life	n. 生命；生活|n. 一个人的生命|n. 使事物保持活力的力量|n. 生命体；生物总称|n. 存在；人生在世|n. 存在；像样的生活|n. 存在的时期；寿命|n. 一段存在时间|n. 活力；生气|n. 传记|n. 现实生活；自然界|n. 重新开始的机会
life-style	n. 生活方式
life-support	a. 保障生命的, 维持生命的|n. 生命维持治疗（或材料、器材）
lifeblood	n. 鲜血, 血, 生机的根源
lifelike	adj. 栩栩如生；逼真
lifelong	adj. 终身的；一生的
lifespan	n. 寿命|n. 使用期；存续期
lifestyle	n. 生活方式|n. 生活方式消费群体；生活方式营销
lifetime	n. 一生；存续期|n. 很长时间
lift	n. 搭便车；乘车|n. 电梯|n. 升力|v. 提起；升起|n. 提起或抬高的动作|n. 情绪提振|n. 可提升的重量或量|v. 抬高；踢高|v. 偷窃|v. 解除限制|v. 减轻；缓解|v. 举重锻炼
light	adj. 明亮的|adj. 轻的|n. 光线；可见光|v. 点燃|adj. 浅色的|adj. 加奶较多的|adj. 密度小的|adj. 负担少的|adj. 松软蓬松的|adj. 低脂低热量的|adj. 轻微的|adj. 轻柔的
light-hearted	a. 轻松的, 无忧无虑的
light-year	n. 光年
lighthearted	adj. 心情愉快开朗|adj. 轻松诙谐，不严肃
lightly	adv. 轻柔地；不严肃地
lightning	adj. 闪电般的；极快的|n. 闪电|n. 一次闪电放电|n. 飞快的人或事物|n. 杜松子酒|n. lightening 的过时形式|v. 出现闪电
lightweight	adj. 没分量的；不够扎实的|adj. 重量轻的|adj. 力量不足的|adj. 资源占用少的|n. 无足轻重的人|n. 不胜酒力的人|n. 耐力差的人|n. 胜算很小的候选人|n. 轻量级选手|n. 轻量级类别|n. 轻量级组别|v. 使轻量化
like	adj. 相似的|n. 喜欢的事物|prep. 像；类似于|v. 喜欢；喜爱|n. 点赞|n. 类似的人或物|prep. 像……那样典型|prep. 大约|prep. 以……的方式|prep. 例如|prep. 看起来像是|prep. ……是什么样的
likelihood	n. 可能性；概率|n. 统计似然|n. 相似；相像|n. 外观；迹象
likeliness	n. 可能
likely	adj. 很可能的|adj. 预期会发生的|adj. 合适而有希望的|adj. 可信的|adj. 很可能导致某结果的|adv. 很可能|adj. 吸引人的；宜人的|adj. 相似的|adv. 同样地|n. 可能的人或事物
liken	vt. 比喻, 比拟
likewise	adv. 同样地；以类似方式|adv. 也；同样如此|adv. 你也一样
limb	n. 肢体；四肢|n. 树枝|n. 弓臂|n. 附属部分；成员|n. 锁的内部部件|n. 淘气鬼；坏孩子|n. 天体边缘|n. 刻度边缘|n. 花冠或花瓣的展开边缘|v. 去掉肢体或枝条|v. 装上肢体|v. 彻底击败
limbic	[医] 缘的
limit	n. 限制；上限|n. 极限|v. 限制；限定|adj. 固定上限的|n. 固定限额|n. 尽头；边界|n. 真让人受不了的人或事|v. 趋于极限|n. 数学中的广义极限概念|n. 范畴论中的极限|n. 由边界划定的区域|n. 期限；一段完整时间
limitation	n. 限制；受限状态|n. 具体限制；界限|n. 局限；不足|n. 法律时效期限
limited	adj. 受限制的|adj. 数量有限的；不多的|n. 少停站快车
limitedly	adv. 有限地
limp	adj. 松软下垂|adj. 不挺、不结实|adj. 软弱无力|n. 跛行|v. 跛着走|adj. 不挺立|adj. 没有勃起|v. 勉强运行|v. 磕磕绊绊地推进|v. 扑克中不加注入池|v. 表现不佳|n. 采矿刮料工具
line	n. 线；路径|n. 通信线路；连接|n. 队列；一排|v. 排成一列；对齐|n. 绳；线|n. 管线；软管|n. 方向；路线|n. 思路；做法|n. 晾衣绳|n. 短信；信件|n. 交通线路；运输路线|n. 轮廓；边界
line-drawing	素描；线条画
lineage	n. 血统；谱系；传承|n. 报刊文字行数|n. 按行计的费用
linear	adj. 直线的；沿直接路线的|adj. 按步骤顺序进行的|adj. 与线或直线有关的|adj. 按固定时间表播出的|adj. 细长的；狭长的|adj. 一次的；线性多项式的|adj. 线性映射的|adj. 按长度计量的|n. 线性放大器的简称
linen	adj. 亚麻制的|n. 亚麻布；亚麻线|adj. 亚麻色的|n. 家用布品|n. 浅米色
liner	n. 可拆换的内衬|n. 定期远洋客轮|n. 衬里安装者|n. 唱片或影像资料附页|n. 正装短袜|n. 护垫|n. 平直击球|n. 若干行的作品|n. 蒸汽机气缸内套|n. 内燃机气缸套|n. 研磨底板|n. 战列舰
lineup	n. 排队的人或车辆|n. 有顺序的名单|n. 比赛阵容|n. 犯罪嫌疑人辨认队列|n. 棒球击球顺序|n. 赛车起跑位置排列|n. 产品系列|n. 乐队现有成员组合|n. 音乐会或节庆演出名单|n. 电视节目编排或节目时段|n. 列车运行安排表
linger	v. 逗留；迟迟不走|v. 逐渐消亡；苟延|v. 停留思考；反复琢磨
lingua	n. 舌头|n. 昆虫的舌状口器突起
linguist	n. 语言学家|n. 语言研究专家|n. 语言高手|n. 口译员
linguistic	adj. 与语言有关的|adj. 语言学的|adj. 与计算机语言有关的
linguistics	n. 语言学这门学科
lining	n. 内衬；衬里|n. 衬里材料|n. 加内衬；衬里的制作|v. 正在加内衬；给……加内衬
link	n. 联系；纽带|n. 链环；连接的一段|n. 链接；超链接|v. 连接；联系|v. 链接到另一网页|n. 系统或线路的连接|n. 系统中的一个环节|n. 环状的双折物|n. 香肠段|v. 给某人发链接|v. 发布网页链接|v. 证明有关联
linkedin	n. 个人资料页
lion	n. 狮子|adj. 狮子色的|n. 广义的大型猫科动物|n. 石狮|n. 勇猛或凶悍的人|n. 狮子色|n. 受瞩目的名人|n. 苏格兰旧硬币|n. 底特律雄狮队球员|n. 不列颠哥伦比亚雄狮队球员|n. 英格兰足球队球员|n. 布里斯班雄狮队球员或支持者
lip	n. 嘴唇|n. 口沿；边缘|v. 用嘴唇触碰；亲吻|v. 水轻拍；贴着流过|n. 像嘴唇的边缘|n. 顶嘴|n. 高处边缘|n. 管乐嘴型控制|n. 口红|v. 轻轻触碰|v. 漫到边缘|v. 形成边沿
liquid	adj. 液态的；流动的|n. 液体|adj. 容易变现的|adj. 交易活跃的；流动性强的|adj. 流畅柔和的|adj. 液音的|adj. 透明流动的|n. 液音
liquor	n. 烈性酒|n. 汤汁|n. 浸泡液|n. 液体|n. 可饮用的液体|n. 欧芹酱汁|n. 工艺液|v. 酗酒|v. 使人酗酒|v. 涂油
lira	n. 土耳其货币|n. 黎巴嫩、叙利亚等地的货币名称|n. 旧意大利等国货币|n. 旧以色列货币|n. 乌克兰民间乐器|n. 贝壳上的细脊
list	n. 清单；名单；目录|v. 列出；列举|n. 列表数据结构|v. 列入名单；登记|v. 列为受保护建筑|v. 在某交易所上市|n. 布条|n. 布边材料|n. 比武场围栏|n. 战场；交战场地|n. 建筑细条|n. 木条
listen	v. 认真听|v. 听从；听劝|n. 听一听
listener	n. 听者；听众|n. 事件监听器；事件处理函数|n. 耳朵|n. 音乐选集
litany	n. 应答式祷告|n. 冗长的一长串
liter	n. 公升
literacy	n. 读写能力|n. 领域素养
literally	adv. 按字面地；确切地|adv. 真的；非常（口语强调）|adv. 只是；简直就是（口语弱化）|adv. 用于明显夸张的强调
literary	adj. 与文学有关的|adj. 适合文学写作的|adj. 与作家或文学职业有关的|adj. 有文学修养的|adj. 书卷气的；过于书面的
literate	adj. 能读写的|n. 识字者；会读写的人|adj. 有文学修养的；熟悉文字文化的|adj. 用于书写的（语言）|n. 受过教育但无大学学位者
literature	n. 文学作品的总称|n. 某国或文化的文学|n. 某领域的学术文献|n. 高水平的文学性小说|n. 读写能力（旧义）
litre	n. 升；公制容量单位|n. 一升的液体|n. 智利的一种树或灌木
litter	n. 一窝幼崽|n. 地上的垃圾|n. 猫砂等宠物垫料|v. 乱丢垃圾|n. 混有粪便的动物垫料|n. 森林地面的落叶层|v. 随意散放|v. 把某处弄得散乱|v. 动物生下一窝幼崽|v. 产下一窝幼崽|adj. lit 的比较级|n. 铺床的稻草或草料
little	adj. 小的|det. 少量的|n. 少量|adj. 微不足道的|adj. 年幼的|adj. 年纪较小的|adj. 成员少的|adj. 短暂的|adv. 不多|adv. 完全不|n. 幼儿|pron. 少量
live	adj. 活着的；活的|adv. 现场直播地；实时地|v. 活着|v. 居住|adj. 真实存在的|adj. 有活性或能量的|adj. 正在运行的；实际使用中的|adj. 取自活体的|adj. 仍在比赛中的|adj. 现场直播的|adj. 现场的；亲自演出的|adj. 现场录制的
livelihood	n. 生计；谋生手段|n. 带来收入的财产|n. 生命力；生气|n. 生活方式；行为表现
liveliness	n. 活泼, 快活, 热闹
lively	adj. 充满活力的；活泼的|adj. 鲜明的；生动有力的|adv. 有力地；精力充沛地|adj. 气泡丰富的|adv. 鲜明地；生动地|adj. 有生命的；活的|adj. 栩栩如生的|adj. 轻快的；有精神的|adv. 栩栩如生地|n. 对人的非正式称呼
liver	n. 肝脏|adj. 肝脏色的|n. 动物肝作食物|n. 肝脏色|adj. live 的比较级|adj. Liverpool 的|n. 旧式化学名称|n. 生活者
livestock	n. 农场牲畜总称
livestream	v. 进行直播|v. 观看直播
living	adj. 活着的|adj. 仍在使用或发展的|n. 生存；活着的状态|n. 生计；谋生手段|adj. 逼真的；酷似的|adj. 原生的；未经搬动的|adj. 持续更新的|adj. 加强语气的|n. 生活方式|n. 活着的人|n. 教会俸禄职位
living-room	n. 起居室
load	n. 负担；重量|n. 一批货物；一次处理量|v. 装载货物|v. 把数据读入内存|n. 心理负担|n. 一机洗的衣物|n. 表示大数量的复合词成分|n. 大量；许多|n. 工作量|n. 结构承受的力|n. 电气负载|n. 驱动负荷
loaf	n. 一整块面包|v. 闲待；无所事事|n. 块状食物|n. 脑袋；头脑|n. 肥皂坯块|n. 一种细胞自动机图样|n. 团成面包状的猫|v. 用头撞
loan	n. 借出行为|n. 贷款；借款|n. 借贷协议及其义务|n. 借用许可|v. 借给|n. 荒地
lobby	n. 入口大厅；接待区|n. 游说团体|v. 游说；施加影响|n. 议会大厅|n. 线上会议等候区|n. 游戏等候房间|n. 电梯前等候区|n. 旧式船舱前部通道|n. 农场附近的牲畜围栏|n. 卡巴迪场边区域|n. 地方炖菜
local	adj. 当地的；本地的|adv. 在当地；在本地|n. 当地人；本地居民|adj. 本机的；本地可访问的|adj. 局部的；局限于一段范围的|adj. 局部的（医学）|adj. 本地居民的；土著的|n. 地方分支机构|n. 慢车；普通车|n. 常去的本地酒吧|n. 局部变量或标识符|n. 局部麻醉药
locality	n. 某地的环境与特征|n. 地区或邻近社区|n. 局部性|n. 城镇或村落|n. 处于空间中的性质|n. 对象所处的位置|n. 地域管辖范围|n. 辨认地点相对位置的能力
localize	vt.vi. 使地方化, 使具有地方性, 使限制于局部, 确定起源, 集中, 局限
locally	adv. 就地点而言；在局部位置|adv. 在本地；来自附近地区|adv. 局部地（医学）|adv. 在某点附近的局部范围内（数学）
locate	v. 找出位置|v. 选定地点|v. 安置在某处|v. 定居于某处
location	n. 地点；位置|n. 查找位置；确定位置|n. 南非历史上的黑人居住区|n. 租赁关系|n. 租用合同|n. 划定土地位置|n. 肯尼亚行政区
lock	n. 锁|n. 船闸|n. 一绺头发或羊毛|v. 锁上；锁住|n. 访问锁|n. 完全掌控|n. 十拿九稳的人或事|n. 橄榄球二排球员|n. 少量稻草等|v. 卡住；锁死|v. 能锁上|v. 交错固定；扣紧
locker	n. 储物柜|n. 可上锁的隔间|n. 船上储物格|n. 上锁者|n. 锁止差速器|n. 仓库海关看守员|n. 壁橱
lockout	n. 雇主拒绝工人进厂的停工|n. 排除在场所、活动或情境之外|n. 被锁在建筑物外的情况|n. 换锁等方式把人挡在某处之外|n. 疫情期间把人限制在某个区域内|n. 系统不响应输入的状态|n. 维修时防止设备启动的安全锁定措施|n. 举重动作中完全伸展的末段|n. 加强举重末段力量的训练动作
locomotive	n. 机车；火车头|adj. 与运动有关的|adj. 机车的；与火车动力单元有关的|n. 经济火车头；带动世界经济的国家|adj. 会移动的|n. 牵引机；牵引发动机|n. 逐渐加速的欢呼声|n. 早期蒸汽车辆
lodge	n. 休闲小屋|n. 乡间旅馆或度假村|v. 卡在某处|v. 使卡住或固定|v. 正式提出申诉或申请|n. 入口值班室或收发室|n. 兄弟会等组织的地方分会|n. 工会地方分会|n. 海狸窝|n. 兽穴或洞穴|n. 原住民住所或家庭|v. 寄宿
lodging	n. 住处；居所|n. 住宿；过夜的地方|n. 出租房间|v. lodge 的 -ing 形式|n. 作物倒伏
loft	n. 阁楼|v. 把……高高打起或抛起|n. 蓬松厚度|n. 高处平台或楼座|n. 开放式高层公寓|n. 球杆倾角|n. 高飞球|v. 飞过；在空中移动|v. 给房屋加设阁楼|v. 把床架高|adj. 高傲的|n. 空气；天空
lofty	adj. 高耸的|adj. 高远而理想化的|adj. 傲慢的；高高在上的
log	n. 倒下的树干；原木|n. 航海或飞行日志|n. 活动日志；记录|v. 记录；写入日志|n. 粗大的木块；木料|n. 圆柱状物|n. 笨蛋|n. 圆柱形夹心蛋糕|n. 计算机事件日志|v. 把树木锯成原木|v. 砍倒树木|v. 从事木材采伐
logic	n. 推理的条理和方法|n. 逻辑学|n. 某人的思维体系|n. 电子设备中的逻辑部分|adj. 逻辑的|n. 数学逻辑|n. 形式逻辑系统|n. 某种社会实践的思维框架|v. 过度讲逻辑|v. 用逻辑推理|v. 用逻辑说服
logical	adj. 合乎逻辑的|adj. 合理的；讲得通的|adj. 逻辑学的；与逻辑有关的|adj. 概念层面的；逻辑上的
logicality	n. 逻辑性
logically	adv. 合乎逻辑地；按逻辑推理
logician	n. 论理学者, 逻辑学家
logistics	n. 物流；整体安排|n. 军事后勤；补给运输
logo	n. 品牌或机构标志|n. 声音标志；品牌短曲|n. 企业客户|n. 单一图形|n. 徽章或权力标志
lone	adj. 独自的；没有同伴的|adj. 唯一的；仅有的一个|adj. 孤零零的；缺少陪伴的|adj. 孤立的；独处一方的|adj. 人迹罕至的|adj. 未婚的；守寡的|adj. 未划分的单一选区
loneliness	n. 孤独感|n. 独处状态|n. 冷清；无人烟|n. 独处的愿望
lonely	adj. 寂寞的|adj. 孤单的；独自的|adj. 冷清的；荒僻的
long	adj. 长度大的|adj. 持续时间长的|adv. 很久以来|v. 渴望；盼望|adj. 超出目标距离的|adj. 击球出界的|adj. 令人觉得漫长的|adj. 做多头持仓的|adv. 远距离地|adv. 多久|adv. 需要很久|n. 长元音
long-distance	adj. 长距离的|adj. 长途电话的|adj. 异地恋的
long-lasting	adj. 持久的；耐用的
long-range	adj. 远距离的|adj. 长远的
long-running	adj. 长期持续的；长久上演的
long-standing	adj. 存在已久的|adj. 沿袭已久的惯例
long-term	adj. 长期的；持续时间长的|adv. 长期来看；长期地|adj. 长期才显现的
longhaired	(longhair 的过去时) n. 留长发者, 嬉皮土, 古典音乐爱好者/演奏者
longitude	n. 经度|n. 经线|n. 长度（古旧）
longline	n. 延绳钓
longstanding	a. 长期间的, 长期存在的
longtime	adj. 长期的；多年的|adv. 长久以来；已经很久
look	intj. 注意听|n. 看一看|v. 看；注视|v. 看起来；似乎|v. 看起来是；显得|n. 外表|n. 神情|v. 看；注意看|v. 寻找|v. 面向；俯瞰|v. 不挥棒看球|v. 期待；指望
lookout	n. 瞭望处|n. 警戒值班|n. 警戒哨兵|n. 观察对象或前景|n. 个人观点或责任|n. 观察窗|n. 屋顶悬臂托木
loom	n. 织布机|v. 隐约显现|v. 逼近；造成威胁感|n. 工具；器具|n. 桨杆|n. 朦胧而庞大的轮廓|n. 潜鸟|v. 显得崇高突出
loop	n. 绳线形成的环|n. 循环播放的音视频内容|n. 程序循环|v. 使循环播放|n. 环形开口|n. 自交的弯曲形状|n. 环形道路|n. 电流完整回路|n. 环形公交或步行路线|n. 终点折返环线|n. 铁路会车线|n. 环形宫内节育器
loose	adj. 松动的；未固定牢的|adj. 宽松的；不贴身的|adj. 放松的；舒展的|v. 释放；放走|adj. 散装的；未扎在一起的|adj. 未受控制的；跑掉的|adj. 松散的；不紧实的|adj. 不严密的；模糊的|adj. 口风不严的；不慎重的|adj. 无人控制的；未被争球队员控制的|adj. 散乱堆放的；未整齐码放的|n. 橄榄球的开放运动阶段
loosen	v. 使变松；放松|v. 变松|v. 解开束缚装置|v. 自行松开；变得未扣紧|v. 解除束缚；放宽限制|v. 缓解便秘|v. 使双方产生裂痕|v. 离岸驶离
lopsided	adj. 一边高低不均|adj. 观点偏向一方
lord	n. 领主头衔|v. 摆出领主姿态；专横支配|intj. 天哪；主啊|n. 领主；贵族；统治者|n. 历史上的贵族或统治者|n. 某方面的主宰者|n. 英国贵族称号|n. 其他国家的类似头衔|n. 高级职位头衔的一部分|v. 授予领主身份|n. 家主；封建庄园主|n. 古代家主或领主
lorry	n. 大型货车|n. 敞篷运输车|n. 行李搬运车|n. 矿井运输车|n. 旧式大型车厢|v. 用大型运输车运送
lose	v. 失去|v. 迷路；找不到方向|v. 输掉比赛|v. 落败|v. 跟丢；失去踪迹|v. 甩掉追踪者|v. 克服情绪；不再表现出|v. 脱掉；去掉|v. 钟表走慢|v. 没听懂；漏掉|v. 使某人失去
loser	n. 输家；失败者|n. 常常失败的人|n. 劣质品；不中用的东西|n. 令人看不起的人|n. 总弄丢东西的人|n. 注定失败的事情|n. 多次犯罪被定罪的人
loss	n. 失去；丧失|n. 失利；败北|n. 死亡；丧亲|n. 毁坏；毁灭|n. 被毁坏的东西|n. 失去后的悲痛|n. 亏损|n. 能量损耗
lot	n. 大量；许多|n. 一份；分出来的一部分|n. 抽签用的物件；抽签|n. 拍卖或出售的一组物品|n. 一群人；一帮人|n. 地块；小块土地|n. 命运；命中注定的一份|n. 彩票奖项|n. 全部；所有东西|n. 偶然发生的事|n. 抽签分配；抽签制|n. 旧重量单位
lottery	n. 彩票；抽奖|n. 全凭运气的事|n. 分配物
loud	adj. 声音很大|adj. 喧闹的|adv. 大声地|adj. 张扬的|adj. 颜色或图案刺眼的|n. 响亮的声音|adj. 高品质的（俚语）|n. 高品质的大麻（俚语）
loudness	n. 响度, 高声, 大声, 吵闹
loudspeaker	n. 扬声器；喇叭|n. 外放扬声器|n. 音箱；扬声器箱体
lounge	n. 多人沙发|v. 懒洋洋地待着|n. 客厅|n. 休息候客区|n. 酒廊|v. 悠闲地走动|n. 供人闲坐的地方|n. 供人闲坐的场所|n. 懒散地躺坐
love	n. 爱与关怀|n. 深厚感情|n. 热爱的事物|v. 爱；深切喜欢|v. 非常喜欢|n. 爱人、心上人|n. 亲昵称呼|n. 恋情|n. 书信结尾的爱|n. 零分|n. 什么也没有；无报酬|v. 需要；适宜于
lovely	adj. 美好的；可爱的|adj. 很棒的；太好了|adv. 漂亮地；讨喜地|n. 可爱的人；美女|n. 亲爱的；亲昵称呼|n. 可爱的东西|adj. 亲切可爱的|adj. 充满爱意的|adj. 值得称赞的
lover	n. 恋人；爱人|n. 爱好者；热爱某物的人|n. 性爱伴侣|n. 朋友间的称呼|n. louver的过时形式
low	adj. 位置低的|adj. 情绪低落的|adj. 数量或价格低的|n. 低点；低谷|adj. 高度较低的|adj. 地位低的|adj. 谦逊的|adj. 评价不高的|adj. 最低点|adj. 虚弱的|adj. 接近赤道的|adj. 音调低的
low-carbon	低碳的
low-cost	adj. 价格低的；花费少的
low-density	[医]低密度（的）
low-level	adj. 地位或影响力较低|adj. 强度不高|adj. 接近机器底层的|adj. 深入具体细节的|adj. 处在较低的位置
low-wage	低工资
lower	adj. 更低的；low 的比较级|adj. 较下面的；靠近底部的|adv. 更低地；较低程度地|v. 放下；使悬挂物下降|v. 降低程度或强度|v. 降低价格、数额或价值|adj. 较低地势的；较偏南的|v. 拉下；降下|v. 降低高度|v. 压低方向|v. 降低目标或期望|v. 使失去高傲；使谦卑
lower-income	adj. 收入较低的
loyal	adj. 忠诚的；始终支持的|adj. 忠于目标或事业的|adj. 效忠的；坚定支持的
loyalty	n. 忠诚状态；持续支持|n. 对人、事业或国家的忠贞
lu	n. 纸牌游戏的旧称|n. 牲畜单位缩写|n. 帝制中国的行政区划|n. 下三角—上三角矩阵分解|v. 在纸牌游戏中取胜
lubricate	vt. 使润滑, 涂油|vi. 润滑
luce	n. 成年狗鱼
luck	n. 偶然机会|n. 带来好运的力量|n. 成功所需的好运|n. 成功；顺利|v. 幸运地碰上|n. 随机结果
luckily	adv. 幸运地；幸好
lucky	adj. 幸运的|adj. 带来好运的|n. 七
lucrative	adj. 有利可图的|adj. 值得攻击的目标
ludovic	[人名] 卢多维克
luggage	n. 旅行行李总称|n. 行李中的物品|n. 单个行李容器
lumber	n. 木材|v. 笨重缓慢地移动|v. 使负担过重|n. 旧物；杂物|n. 无用的累赘材料|v. 杂乱堆在一起|v. 用杂物塞满|n. 典当铺；当物|n. 棒球棒|n. 勃起的阴茎|v. 典当物品
lump	n. 结块；一团|n. 肿块；结节|v. 把……归在一起|n. 一组；一整笔|n. 方糖；糖块|n. 懒散而迟钝的人|n. 挨打；责骂|v. 笨重地搬动|v. 把任务压给|v. 击打|v. 形成结块|n. 胖人
lunar	adj. 月球的；月亮的|adj. 新月形的；月牙状的|adj. 登月或月球探测的|adj. 极高的|adj. 受月亮影响的|adj. 银的|adj. Luna 的另一种大小写形式|n. 月骨|n. 月距观测
lunch	n. 午餐；便餐|v. 吃午餐|n. 比赛中场休息|n. 聚会上的小餐|v. 请某人吃午餐|n. 一小块食物
lung	n. 肺|n. 体力；耐力|n. 城市的绿肺
lure	n. 诱惑；吸引人的东西|v. 诱使；吸引|n. 钓鱼假饵|v. 用假饵吸引鱼|n. 召鹰用的羽毛诱饵|n. 天鹅绒刷|v. 用诱饵召回猎鹰
luxuriant	a. 繁茂的, 丰富的, 肥沃的, 华丽的
luxury	adj. 昂贵的；奢华的|adj. 非必需但令人享受的|n. 奢华生活；舒适富裕的环境|n. 昂贵的非必需品|adj. 豪华型的|n. 令人愉快但非必要的享受|n. 性欲；性吸引|n. 性交
lynch	v. 私刑处死|v. 猛烈抨击
lyric	adj. 抒情的；抒情诗的|adj. 抒情的；富有歌唱性的|n. 歌词|adj. 旋律优美的|n. 抒情诗|adj. 抒情诗人的|adj. 轻型歌唱声部的|adj. 歌剧或音乐戏剧的|adj. 里拉琴的；竖琴的
ma	n. 妈妈|n. 妈妈；母亲|adj. 移动平均|n. 文学硕士|n. 电视成熟观众评级|n. 五月|n. 有意味的留白|n. 军务长缩写|n. 毫角秒|n. 剧院女房东
machine	n. 机器；设备|v. 用机器制造|n. 机动车；飞机|n. 电话留言设备；语音信箱|n. 电脑；计算机|n. 像机器一样高效的人或组织|n. 控制组织的政治机器；协同行动的系统|v. 用机器加工成形|n. 诗歌中的超自然力量或神力介入|n. 美国城市政治机器|n. 阴茎的委婉旧称|n. 古希腊剧场的机械装置
machine-readable	adj. 机器可读取的|adj. 程序可明确解析的
machine-tool	[机] 机床
machinery	n. 成套生产设备|n. 机器内部的运转部件|n. 运作机制|n. 文学或戏剧手法
mackenzie	n. 金酒果汁鸡尾酒
macroeconomic	adj. 宏观经济学的|adj. 整个经济的
macron	n. 长音横线
mad	adj. 疯的；精神失常的|adj. 生气的；恼火的|adj. 不反感；表示认可|adj. 离谱的；不可思议的|adj. 极度激动或混乱|adj. 极其愚蠢的；不明智的|adj. 非常喜欢；迷恋|adj. 凶猛异常的；患狂犬病的|adv. 非常；极其|n. 相互确保摧毁|v. 使生气；使受挫|adj. 极多的；极好的
madam	n. 女士；夫人|n. 女主人；一家之主|n. 任性傲慢的女孩|n. 妓院老板娘|n. 新加坡英语中的正式女性称谓|n. 对令人厌恶女性的侮辱性称呼|n. madam 的另一种大小写形式|v. 称呼为 madam|v. 经营妓院
madame	n. 夫人；女士|n. madame 的大写形式
made-up	adj. 编造的；虚构的|adj. 化了妆的|adj. 拼成的；组装完成的|adj. 非常高兴的（英国口语）|adj. 填筑加高的
magazine	n. 杂志；期刊|n. 弹药库；弹药储存处|n. 弹匣；弹仓|n. 供料仓；储料室|n. 物产丰富的地区|n. 营销中心；商业集散城市|n. 商店|n. 图文电视页面合集
magic	adj. 有魔法的|adj. 神奇有效的|n. 魔法|n. 神奇效果|adj. 魔术的|adj. 棒极了|adj. 神秘数值的|n. 游戏法术|n. 程序中的神秘机制|n. 魔术表演艺术|n. 一场魔术|v. 施法变出
magical	adj. 魔法的；与魔法有关的|adj. 梦幻迷人的；令人陶醉的
magically	adv. 如有魔法般地
magistrate	n. 基层司法官|n. 其他制度中的官员|n. 古代国家或城市的高级官员|n. 硕士学位
magnet	n. 磁铁；磁石|n. 有吸引力的人或事物|n. 磁力链接的简称
magnetic	adj. 与磁性有关的|adj. 有磁性的|adj. 有强大吸引力的|adj. 由地磁场决定的|adj. 具有动物磁力的
magnetism	n. 磁性|n. 吸引力；魅力|n. 磁学|n. 个人魅力
magnificent	adj. 壮丽华美的|adj. 高尚宏大的|adj. 格外出色的
magnify	v. 使变大或更重要|v. 夸大；加剧|v. 用镜头放大|v. 赞美；颂扬|v. 有影响；重要
magnitude	n. 规模；程度；重要性|n. 数量级|n. 可比较的数值规模|n. 地震震级|n. 向量的模|n. 星等标度|n. 星等单位
maid	n. 女佣；女清洁工|n. 少女；未婚女子|n. 处女|n. 医疗协助死亡|n. 移动广告标识符
maiden	adj. 处女的|adj. 首次的|n. 少女；未婚年轻女子|adj. 未生育的|adj. 少女般的|adj. 零得分的（板球）|adj. 未经使用的；纯净的|n. 女仆|n. 无胜绩的赛马|n. 无胜绩马匹参加的比赛|n. 零得分回合|adj. 未被攻占的
mail	n. 装信件的邮件袋|n. 邮政服务|n. 电子邮件服务|n. 锁子甲|v. 邮寄|n. 邮政传送的实物邮件|n. 邮件（美国英语）|n. 电子邮件（总称）|n. 片状金属甲|n. 动物的硬质保护层|v. 用电子邮件发送|v. 用电子邮件联系
mailing	n. 一次寄送；一批邮件|v. 正在寄送；寄送|n. 农场（废弃义）
mailman	n. 邮递员
main	adj. 主要的；最重要的|adj. 主体的；占最大部分的|n. 主体；大部分|n. 主干管线|n. 主要账号或主要角色|n. 主菜|v. 主要使用（游戏角色等）|adj. 全力的；完全的|adj. 很大；恼怒的|adj. 主桅的|adj. 巨大而有力的|adv. 非常；极其
mainland	n. 本土；主要陆地|n. 群岛主岛|n. 大不列颠岛
mainly	adv. 主要地；大部分地|adv. 有力地；猛烈地（旧）|adv. 响亮地；有力地（旧）|adv. 非常；在很大程度上（旧）
maintain	v. 维持；保持|v. 维护；保养|v. 坚持声称|v. 支持；帮助
maintenance	n. 维护；保养|n. 软件维护|n. 离婚后配偶赡养费|n. 子女抚养费|n. 生活供养；生活费|n. 诉讼中的非法资助|n. 维持生命的自然过程|n. 维持治疗
majestic	adj. 壮丽庄严的
majesty	n. 宏伟与威严|pron. 陛下
major	adj. 重要的；主要的|n. 少校|n. 大学主修专业|v. 主修|adj. 较多的；大部分的|adj. 显著的；影响大的|adj. 数额大的；程度高的|adj. 严重的；重大的|adj. 主修领域的|adj. 大调的|adj. 大音程的|adj. 大调的；明快的
majority	n. 超过一半的多数|n. 议会或选举中的领先票数|n. 法律规定的成年|n. 少校职位|n. 祖先、祖系
make	n. 品牌；制造商|v. 制作；创造|v. 使成为；使处于|v. 到达|n. 制作方式；构造样式|n. 制造来源；产地|n. 性格；脾性|n. 晋升；提拔|n. 自制项目|v. 创造|v. 装出；表现|v. 构成；组成
maker	n. 制造者；创作者|n. 上帝；造物主|n. 票据签署人|n. 诗人
makeshift	adj. 临时拼凑的；应急替代的|n. 临时替代品；权宜之物|n. 无赖；狡猾的人（旧）
makeup	n. 构成；组成|n. 化妆品；妆容|n. 补充材料；补回用量|n. 补考|n. 后续补发的信托收入
maladapt	vt.使不适应, 使适应不良
male	adj. 男性的；雄性的|adj. 男性特有的；雄性特征的|n. 男性；雄性个体|adj. 与雄性生殖特征有关的|adj. 阳性的；阳性语法性别的|adj. 带有 F 因子的（细菌）|adj. 插入式的；阳性接头的|n. 带有 F 因子的细菌|n. 阳性接头；插入端
male-dominated	adj. 男性主导的
malignant	adj. 恶意伤害的；有害的|adj. 恶性的；可能致命的|n. 有敌意或破坏性的人|n. 支持查理一世的人
malpractice	n. 医疗失当|n. 专业或公职失当
malti	[人名] 马尔蒂
mammal	n. 哺乳动物
man	intj. 哎呀；老兄|n. 成年男子|n. 人；某个人|v. 为……配备人员|n. 男性群体|n. 人类整体|n. 人属成员|n. 丈夫|n. 男友；情人|n. 某类事物的爱好者|n. 合适的人选|n. 棋子或游戏棋子
man-machine	adj. 人机一体的
man-made	adj. 人造的；人工的
mana	n. 神圣力量；威望|n. 魔法能量；魔力值
manage	v. 管理；负责|v. 处理；控制局面|v. 设法做到|v. 熟练使用；操控|v. 竟然做到（带讽刺）|v. 应付得来；独立完成|v. 勉强说出|n. 管理；掌控|n. 马术驾驭|v. 训练并驾驭马匹|v. 节省使用；善待|v. 设法促成
manageable	adj. 可控制的|adj. 做得到的；应付得来的
management	n. 管理；经营|n. 管理层；经营者|n. 合理利用；妥善安排|n. 弹劾案控方
manager	n. 管理者；负责人|n. 球队主教练；球队负责人|n. 艺人经纪人|n. 管理器
managerial	adj. 管理方面的；经理的
mandarin	adj. 自命高深的；权威腔的|n. 迂腐或自命不凡的官僚|n. 柑橘；橘子|n. 普通话；国语|n. 中国帝国的高级官员|n. 学界或文学界的权威人物|n. 鸳鸯|n. 高级公务员|n. 橘黄色|n. 官话方言支；北方汉语|n. 会点头的中国人形摆件
mandate	n. 正式命令或授权|n. 选民授予的政治授权|v. 正式要求并授权某人做某事|v. 规定为强制性的|n. 政府任期（加拿大英语）|n. 国际联盟委任统治地|v. 按委任统治管理领土|v. 反复朗诵或练习讲稿（苏格兰英语）
mandatory	adj. 强制的；必须的|adj. 与委任统治或授权有关的|n. 盘类高尔夫中的路线标记|n. 接受委任或授权者
maneuver	n. 熟练的身体或器械动作|n. 驾驶操作；车辆移动|v. 小心移动；调整位置|n. 军事调动；军事演习|n. 策略；谋略手段|v. 有目的地引导或操控|v. 周旋；谋划；耍手段|n. 医学操作手法
mania	n. 狂热；过度迷恋|n. 疯狂；精神失常|n. 躁狂状态
manicurist	n. 修指甲师
manifest	adj. 清楚可见的|n. 运输清单|v. 显示；表明|adj. 显而易见的|n. 元数据文件|v. 显现出来|adj. 被查出有罪的|n. 公开声明|v. 凭意念让愿望实现|v. 向海关申报
manifestation	n. 显现；出现|n. 具体表现；化身|n. 症状；临床表现|n. 意念显化|n. 玻璃上的装饰图案|n. 政治示威
manifesto	n. 宣言；纲领|v. 发表宣言
manipulate	v. 用手操作或移动|v. 操控数据或局面|v. 暗中操纵他人|v. 检查或治疗性活动身体部位|v. 用手进行实验操作
manipulation	n. 操控或处理|n. 心理操纵|n. 徒手操作手法
manipulative	adj. 用于操控条件的|adj. 利用他人达成目的的|adj. 惯于操控的|n. 数学操作教具
mankind	n. 全体人类|n. 男性群体|n. 人性；人情
manly	adj. 具有男性特征的|adj. 有男子气概的；勇敢坚定的
manner	n. 方式；做法|n. 举止；表现出来的样子|n. 习惯性的做法；习惯|n. 礼貌；得体的举止|n. 风格；写作或艺术特色|n. 种类；类别|n. 程度；某种意义上|n. 教养；文明的行为规范|n. 涉及指定人数的事物|v. 使养成礼仪
manoeuvre	n. 灵活的一步；策略动作|v. 灵活操控；设法移动
manpower	n. 人力总数；劳动力|n. 人的体力
manual	adj. 人工完成的|n. 使用说明书|n. 手动挡车|adj. 手动的|adj. 手动操作的|n. 手册|n. 手动设备或手动挡|n. 人工操作|n. 人工进行的操作|n. 手动控制|n. 军事操练|n. 历史上的宗教仪式书
manufacture	n. 制造；生产过程|v. 制造；生产|n. 制品；产品|n. 人为制造；编造|v. 把材料加工成成品|v. 编造；捏造|n. 自产零部件的制表厂商
manufacturer	n. 制造商；生产者
manufacturing	n. 制造；生产过程|adj. 制造业的；用于生产的|n. 制造业|v. 正在制造；制造（动名词）
manuscript	adj. 手写的|n. 手稿；手写文件|n. 原稿；投稿稿件
many	adj. 数量很多的|det. 许多；很多|pron. 许多人；许多事物|det. 这么多；那么多；同样多|n. 多数人；大众|n. 许多；一大批
manya	n. (Manya)人名；(法)马尼亚
map	n. 地图|n. 结构图；关系图|v. 绘制成地图|v. 测绘；勘察|n. 数学映射|n. 游戏地图|n. 关联数组|v. 相对应；相符合|v. 对应到；分配给|v. 映射|n. 地图蝶|n. 脸；面孔
mapping	n. 制图；绘制地图|v. map 的现在分词和动名词|n. 基因定位|n. 网络映射|n. 数学映射；对应关系|n. 数据类型转换
mar	n. 瑕疵；损伤痕迹|v. 损坏；破坏|adj. 栗色眼睛的缩写|n. 修改后的画面宽高比|n. 叙利亚语宗教尊称
marathon	n. 马拉松赛|n. 持久进行的活动|v. 参加马拉松|v. 连续看完或读完|n. 旧巧克力品牌名
marble	adj. 大理石制的；大理石般的|n. 大理石|v. 使形成大理石纹|adj. 冷酷无情的|n. 弹珠|n. 大理石雕像|n. 肉中的脂肪纹理|v. 呈现大理石纹|v. 使肉形成脂肪纹|v. 脂肪交织进肉中|v. 交织遍布；渗入
march	n. 行进；行军|n. 持续推进|v. 行进；齐步走|v. 稳步推进|n. 行军路程|n. 游行；集会行进|n. 进行曲|v. 押着或带着走|v. 进军；出兵|n. 一手全赢|n. 边境地区|n. 侯爵领边疆
marcia	n. 玛西亚（拉丁女战神）
marconi	n. 马可尼式无线电报|vi. 打无线电报
margin	n. 边缘；边界|n. 差额；差距|n. 余地；允许范围|n. 页边空白|n. 边界；边缘位置|n. 利润；利润率|n. 外围；次要部分|v. 给……加边|v. 在页边写入|n. 交易保证金|n. 叶缘形状|v. 用保证金交易
marginal	adj. 边缘的；边际的|adj. 勉强的；差一点的|adj. 优势很小的；边缘席位的|n. 边缘选区|adj. 边际的|adj. 被边缘化的|n. 边缘人物或事物
marginalize	vt.使处于社会边缘,使脱离社会发展进程, 忽视,排斥
marilyn	n. 英国山丘术语
marine	adj. 海洋的；海里的|adj. 海上的；与航运或海军有关的|n. 海军陆战队员|adj. 适合海上使用的|adj. 远洋的；生活在公海的|adj. 海军陆战队的|n. 海军陆战队|n. 海景画|n. 海军陆战队员|adj. 海滨的|n. 船队|v. 使适用于海上
marital	adj. 婚姻的；夫妻关系的|adj. 丈夫的（过时）
mark	n. 痕迹或特征|n. 位置或目标标志|v. 给……做标记|v. 注意；留意|n. 骗局中的受害目标|n. 橄榄球中的落点标记|n. 型号或版本标记|n. 注意|v. 在……上留下痕迹|v. 给……留下长久的负面影响|v. 标出位置|v. 标志着；表明所在位置
markedly	adv. 明显地；显著地
marker	n. 标记工具或留下记号的人|n. 标志；指标|n. 标记物；指标|n. 阅卷者|n. 马克笔留下的墨迹|n. 欠下的人情|n. 盯防者|v. 用马克笔标记|n. 标记符号|n. 竞争法中的申报资格|n. 陪练对手|n. 得分
market	n. 定期集市|v. 推广上市|n. 市场场地|n. 食品杂货店|n. 目标顾客群|n. 商业区域|n. 交易体系|n. 市场价格|v. 销售|v. 进行买卖|n. 交易总量|v. 逛市场购物
marketer	n. 市场营销人员|n. 商品或服务销售者
marketing	n. 在市场上买卖|n. 营销工作|v. market的现在分词和动名词|n. 旧式的市场买卖|n. 到市场买卖货物
marketplace	n. 露天市场广场|n. 市场运作的空间|n. 商业与贸易领域|n. 思想或潮流的交流场域
marking	n. 标记；做记号|n. 记号；标记|v. 正在标记；标记（动名词）|n. 动物的斑纹；花色|n. 识别标志；标记符号|n. 标记配置
marlin	n. 枪鱼；马林鱼
marquetry	n. 镶嵌细工
marram	n. 滨草
marriage	n. 婚姻状态|n. 婚姻关系|n. 一段具体婚姻|n. 婚姻结合|n. 婚礼|n. 紧密结合|n. 两个部分的接合|n. 牌类游戏中的王后组合|n. 接牌玩法|n. 男性囚犯间的同性关系
married	adj. 已婚的|adj. 全心投入的|n. 已婚人士
marris	[人名] 马里斯
marry	v. 结婚|v. 与……结婚|v. 彼此结婚|v. 安排某人结婚；把某人嫁给或娶给……|v. 主持婚礼使两人成婚|v. 连接；相互协调|v. 把……结合起来|intj. 的确；真的|v. 并排接合两根绳子|v. 首尾接合两根绳子
marsh	n. 沼泽地；湿地
martin	n. 燕科鸟类
marvel	n. 奇观；奇异之物|n. 惊奇；诧异|v. 对……感到惊奇|v. 使……惊讶|v. 感到惊叹
marvellous	adj. 令人惊叹的；极好的
marvelous	adj. 令人惊叹的；精彩的
marx	n. 马克思（无产阶级的伟大领袖）
marxist	adj. 马克思主义的|n. 马克思主义者
masculine	adj. 男性的；有男子气概的|adj. 男性的；雄性的|adj. 阳性的；阳性语法的|n. 阳性|adj. 男性使用的；男性的|adj. 男性化的；有传统男子气概的|n. 阳性词|n. 男性的一方；男性特质|adj. 后元音和谐的|adj. 以重读音节结束的|n. 男人
mask	n. 面具；防护面罩|n. 掩饰；伪装|v. 遮住以保护或隐藏身份|v. 掩盖；隐藏|n. 画面遮罩|n. 位掩码|n. 黑白透明遮罩图|n. 网；网眼|v. 伪装成|v. 戴面具|v. 隐藏自闭症特征|v. 用遮罩遮住图像部分
mass	adj. 大规模的；涉及大量事物的|adj. 面向大众的；涉及大量人的|n. 大量；总量|n. 弥撒；圣餐礼|n. 物质；物料|n. 大众；群众|n. 举行弥撒的仪式|n. 某些教派的主要礼拜|n. 圣餐圣事|n. 弥撒音乐作品|n. 教会的主要礼仪|n. 类似弥撒的基督教仪式
mass-market	adj. 大众市场的；面向大众的
mass-produce	v. 大批量生产
massacre	n. 大屠杀；屠杀事件|v. 屠杀；大规模杀害|n. 惨败；悬殊失利|v. 彻底击败|v. 把作品或表演弄得很糟|n. 杀戮；谋杀|v. 残暴地杀死
massage	n. 按摩|v. 给……按摩|n. 揉捏|v. 揉捏某物|v. 加工、调整资料|v. 篡改数据
masse	n. mass 的旧形式
massive	adj. 巨大的；规模庞大的|adj. 巨大而沉重结实的|adj. 极其；完全|adj. 特别棒的|adj. 漂亮出色的|adj. 大范围影响身体的；严重的|adj. 质量很大的|adj. 具有质量的|n. 一群人；同一圈子的人|adj. 均质且无明显结构的|n. 均质岩体
master	adj. 主要的；首要的|n. 掌控者；主人|n. 专家；高手|v. 熟练掌握|adj. 高超的|adj. 技艺高超的|adj. 原始的；母版的|n. 动物的主人；奴隶主|n. 雇主|n. 技艺高超的艺术家|n. 硕士学位|n. 硕士学位持有者
masterpiece	n. 代表作；杰作|n. 杰出作品|n. 行会资格作品
mastery	n. 精通；熟练掌握|n. 支配；控制权|n. 优势；胜利|n. 争夺优势的比赛|n. 高超的技艺；绝技|n. 哲人石
mat	n. 垫子；地垫|n. 隔热垫；杯垫|n. 纠结成团的一层|n. 运动垫|n. 游戏材料|v. 铺上垫子|v. 纠结成团|n. 增强材料的纤维层|n. 薄层；表面覆盖物|n. matrix 的简称|n. 药物辅助治疗|n. 教学硕士学位
match	n. 比赛|n. 对手；敌手|n. 相配的一对|n. 火柴|v. 相符；相配|v. 与……相符；等同于|v. 配对；搭配|n. 较量|n. 婚姻；婚配|n. 结婚对象|n. 适合；相称|n. 对应；相符
matchmaker	n. 婚恋介绍人；红娘|n. 拳击比赛安排人|n. 火柴制造者
mate	n. 伙伴；同伴|n. 朋友；伙计|n. 伙计；朋友|n. 成对物品中的另一件|v. 相配；严密接合|n. 繁殖对象|n. 海军军士或下属|n. 商船高级船员|n. 大副|n. 技术助手；学徒|n. 匹敌者；相称者|n. 将死；绝杀
material	adj. 物质的；由物质构成的|adj. 实质性的；重要的|n. 材料；原料|n. 资料；素材|adj. 身体的；生活物质方面的|adj. 物质的；物质主义的|n. 适合某角色的人|n. 器材；制作工具|n. 布料；织物|n. 构成要素；组成物质|adj. 关于事实材料或推理内容的|adj. 内容充实的
materialism	n. 物质至上；拜金|n. 唯物主义|n. 物质总和
materialistic	adj. 过分看重物质财富的|adj. 物质主义的
maternal	adj. 母亲般的；母亲的|adj. 母系的；母亲一方的|adj. 母体的|n. 母亲|n. 母系亲属
math	n. 数学|n. 计算；算账|v. 进行计算|n. 数学课|v. 算得通；说得通|n. 割草所得物|n. 宗教修院
mathematical	adj. 数学的；与数学有关的|adj. 像公式一样精确的|adj. 理论上有但希望极小的
mathematician	n. 数学家
mathematics	n. 数学这门学科|n. 数学能力
maths	n. 数学|v. math 的第三人称单数形式
matter	n. 物质；材料|n. 事情；问题|n. 重要性|v. 重要；要紧|n. 大约的数量或时长|n. 律师办理的案件|v. 在意；把……看得重要|n. 本质；核心|n. 原因|n. 脓|v. 化脓
mature	adj. 成熟的；稳重的|adj. 成熟的；准备充分的|v. 逐渐成熟；完善|v. 使完善；使成熟|adj. 深思熟虑的|v. 成熟；变熟|v. 使成熟；使变熟|v. 变得成熟稳重|v. 使成熟；使稳重|v. 到期|adj. 化脓成熟的|adj. 仅限成人的
maturity	n. 成熟状态|n. 身体发育完成|n. 债务到期状态|n. 付款到期日
mauna	[人名] 毛纳
max	adj. 最大的；最高限度的|adv. 最多；至多|n. 最大限度；最大值|n. 极限；最大程度|v. 达到上限；用尽限度|v. 放松|n. 杜松子酒
maxim	n. 格言；公理|n. 箴言；行为准则|n. Maxim 的大小写变体|n. 马克沁机枪|n. 马克沁式机枪|n. 机枪
maximal	adj. 最大的；最高的|n. 最大元素|adj. 序列中的前项最大者|adj. 偏序下的极大|n. 极大理想或极大滤子|n. 极大一致公式集
maximise	v. 使最大化；尽量充分利用
maximize	v. 使达到最大|v. 将窗口最大化
maximum	adj. 最大的；最高限度的|n. 最高限度；最大程度|n. 最大值|n. 最大值；样本最大值|n. 最高戒备监狱|n. 最大元上界|n. 斯诺克满分杆|n. 飞镖180分|n. 板球六分击球
may	v. 可以；获准|v. 可能|v. 愿……|v. 礼貌而委婉地说|n. 山楂树或山楂花|n. 少女|v. 有力量；能控制|v. 能够|v. 能够前往|v. 采集花木|v. 庆祝五朔节
maya	n. 玛雅人|n. 现象世界的幻象|n. 神的魔力
maybe	adv. 也许；可能|adv. 也许吧；暂不表态|n. 可能成立的事|n. 模棱两可的答复|n. 未定的事|adj. 可能的|adv. 当然；那可未必
mayflower	n. 五月花植物
mayo	n. 蛋黄酱|n. 针对白人的侮辱性称呼|n. 夸张说法|n. 梅奥族人
mayor	n. 市长；镇长|n. 礼仪性市长|n. 地方头面人物|n. 宫相|n. 苏格兰旧官职|n. 市议会成员|n. 高级司法官
mayoral	adj. 市长的；市长职位的|n. 斗牛牧场管理人|n. 历史上的奴隶庄园管理人
mba	n. 工商管理硕士|n. MacBook Air
mcafee	n. Network Associates; Inc (NYSE: NET) 的总部位于加州圣克拉拉; 二是 McAfee Network Protection 解决方案; [人名] 麦卡菲; [地名] [美国] 麦卡菲
mcandrew	[人名] [苏格兰人姓氏] 麦克安德鲁取自父名，来源于Andrew,含义是“安德鲁之子”(son of Andrew)
mcclain	麦克莱恩
mccreevy	[人名] 麦克里维
mcdonald	n. 麦克唐纳（男子名）；麦当劳（快餐店名称）
mcnutt	[人名] [苏格兰人姓氏] 麦克纳特 McNaughton的变体
mcwhorter	[人名] 麦克沃特; [地名] [美国] 麦克沃特
md	n. 医学博士；医生|n. 医学博士学位|n. 医学器械|n. 总经理|adj. 磁流体动力学的|n. 迷你光盘|n. 海军陆战队分遣队|n. 磁流体动力学|n. 黄斑变性
me	n. 自我；真实的我|pron. 我（宾语）|pron. 单独说“我”|n. 工程硕士|n. 执行编辑|n. 验尸官|n. 肌痛性脑脊髓炎|n. 主发动机|pron. 口语中的特殊“我”|pron. 系词后的“我”|pron. 非标准主语式“我”|n. 婚姻交流活动
mead	n. 蜂蜜酒|n. 草地|n. 调味糖浆饮料
meadow	n. 草地；牧草地|n. 河边或海边的低湿草地|v. 培育成干草地
meal	n. 一餐；一顿饭|n. 谷物粉；粗粉|n. 一顿饭；餐食|n. 吃饭休息|n. 时刻；场合|n. 其他来源的粗粒材料|n. 类似谷粉的粉状物|n. 斑点；小污点|n. 一部分；碎片|v. 产粉丰富|v. 弄脏；玷污
mealtime	n. 进餐时间
mean	adj. 吝啬的|adj. 平均的|v. 打算；有意|v. 意味着；表示|adj. 低劣的|adj. 卑鄙的|adj. 不友善的|adj. 怀有恶意的|adj. 强劲的|adj. 够劲的|adj. 很拿手的|adj. 棘手的
meaning	n. 含义|n. 意义；价值|adj. 有某种意图的|adj. 传达意味的|n. 言外之意|n. 意图；打算|v. 意味着；表示
meaningful	adj. 有意义的；重要的
meaningfully	adv. 有意义地；实质性地
meaningless	adj. 没有意义的；无法理解的|adj. 毫无价值的；无关紧要的
means	n. 手段；方法|n. 财力；经济条件|n. 财富；富裕的经济条件|v. 意味着；意指
meantime	adv. 与此同时；在此期间|n. 中间等待的时间
meanwhile	adv. 与此同时|adv. 在此期间|adv. 然而另一边|n. 间隔时间
measurable	adj. 可测量的|adj. 明显而有影响的|n. 可量化的指标
measure	n. 数量；限度|n. 计量单位；分量|v. 测量|n. 诗歌格律|n. 措施|n. 措施；行动方案|v. 尺寸为|v. 估量|v. 衡量；评价|v. 按标准调整|v. 克制；控制|n. 规定的限度
measurement	n. 测量；测定|n. 测量值；大小或程度
meat	n. 肉；肉类食品|n. 实质；最重要的部分|n. 一种肉；某类肉|n. 果肉；坚果仁中较厚的部分|n. 球棒或球杆的有效击打部位|n. 食物；固体食物|n. 一种食物；一道菜|n. 一顿饭|n. 谷粉；面粉|n. 阴茎（粗俗俚语）|n. 笨蛋；肌肉发达但头脑简单的人|n. 图腾；氏族或氏族成员
mechanic	n. 机械维修技师|n. 装置或运作方法|n. 游戏机制|adj. 与机械或力学有关|adj. 机械式而缺乏生气|adj. 手艺人的；粗俗的|n. 手工劳动者；工匠|n. 杀手|n. 作弊操牌或掷骰的人
mechanical	adj. 机械学的|adj. 由机器完成的|adj. 机械呆板的|adj. 机器设计与构造的|adj. 机械装置的|adj. 动作像机器一样呆板的|adj. 很会摆弄机器的|adj. 粗俗的；下层劳动者的|n. 供制版的排版样稿|n. 体力劳动者|n. 机械生物；机器人|n. 机械工程师
mechanics	n. 力学|n. 运作方式|n. 机器的构造与设计|n. 拼写和标点规范
mechanism	n. 机器中的传动或控制装置|n. 由零件配合成的机械结构|n. 产生结果的作用过程|n. 相互作用的系统|n. 管理能量转换的系统或过程|n. 以物理原因解释一切现象的理论
mechanistic	a. 机械学的, 机械论的, 机械论者的
mechanization	n. 机械化, 机动化
mechanize	vt. 使机械化, 用机械装置, 机动化
medal	n. 奖牌；奖章|v. 获得奖牌|v. 授予奖牌|n. 装饰或护身圆牌
medalist	n. 奖牌获得者|n. 奖牌制作人
meddle	v. 干涉；管闲事|v. 参与；与……有关|v. 混合；掺在一起|v. 发生性关系
media	n. 媒体与传播机构|n. 媒体内容|adj. 多媒体的|n. 媒体从业者|n. 多媒体文件和数据|n. 血管中层|n. 浊塞音|n. 昆虫翅脉|n. 切叶蚁的采集蚁|n. 西班牙旧制干量单位
mediate	v. 调解争端|v. 居中斡旋|adj. 间接的|v. 充当传递媒介|v. 通过媒介建构意义|adj. 居中的|adj. 经由条件取得的|v. 分成两等份|v. 充当通灵媒介
mediation	n. 调解争端|n. 介入促成和解|n. 遗产解说
medicaid	n. 医疗补助方案, 医疗补助项目
medical	adj. 医学的；医疗的|adj. 医疗用的；有治疗作用的|adj. 需要医疗处理的|adj. 健康状况方面的|adj. 非手术治疗的|n. 体检；医学检查|adj. 药物治疗方面的|n. 医生
medicalize	vt.用医学方法处理(非医学问题等)
medically	adv. 用于医学目的|adv. 从医学角度来说
medicare	n. 加拿大公共医疗保险制度
medication	n. 药物；所服的药|n. 用药治疗
medicinal	adj. 药用的；医学相关的|adj. 有治疗作用的；能治病或止痛的|adj. 有药味的|n. 药用植物
medicine	n. 药物|n. 医学|n. 补救办法|n. 医疗行业与行医|n. 传统疗愈仪式|n. 酒或娱乐性毒品|n. 历史上的医疗行业|n. 护身物或神奇力量|n. 黑魔法|n. 爱情药水|n. 医生|v. 用药治疗
medieval	adj. 中世纪的|adj. 像中世纪般落后的|n. 中世纪的人|n. 中世纪的事物
mediocrity	n. 平庸；质量一般|n. 平庸的人|n. 中间状态；平均值|n. 折中；适度
meditate	v. 沉思；专心思索|v. 认真考虑；权衡|v. 冥想；打坐|adj. 经过深思的（旧）
meditation	n. 宗教性的冥想或默想|n. 通过专注或放松达到特殊意识状态|n. 关于某主题的沉思性论述|n. 仔细而深入的思考|n. 沉思风格的音乐主题
medium	adj. 中等的|adj. 肉熟度中等的|n. 传播或呈现信息的媒介|n. 手段、渠道或中间人|n. 中号规格|adj. 中号的|adv. 中等程度地|n. 承载物质的环境|n. 信号传播的介质|n. 细胞培养基|n. 生物生存或生长的环境|n. 颜料的液体载体
medium-size	中号, 中码；中号尺码
meet	n. 体育比赛|v. 遇见；碰到|v. 满足；达到；承担|n. 非正式会面|v. 聚在一起；会面|v. 交会；相接|v. 应对；回应|v. 相抵；吻合|v. 经历；面对|v. 结合；混合呈现|adj. 合适的；恰当的|adj. 顺从的；被动的
meeting	n. 相遇；遇见这件事|n. 会议；集会|v. 正在遇见；见面|n. 与会者；会议方面|n. 一次相遇|n. 交汇处；交界处|n. 宗教布道会|n. 贵格会地方组织
mega-project	大型项目|大型计划
megalith	n. 巨石
megamergers	(megamerger 的复数)  巨型合并, 强强联合
mellon	n. 一种聚合含氮化合物
melodramatic	adj. 情节剧式的；不自然的|adj. 过分煽情的；感情夸张的
melody	n. 旋律
melon	n. 瓜类植物|n. 瓜果|adj. 瓜肉色的|n. 瓜肉色|n. 胸部（俚语）|n. 脑袋（俚语）|n. 女性胸部（口语俚语）|n. 绿党成员（地区俚语）|n. 齿鲸额部脂肪组织
melt	n. 融化物；熔融物|n. 融化；熔化过程|v. 融化；熔化|v. 消散；消失|n. 春季融雪水|n. 融化奶酪三明治|n. 香薰融蜡|v. 使变温和；使软化|v. 泄气；丧失勇气|v. 感动得心软|v. 热得汗流不止|n. 再熔岩石
member	n. 团体成员|n. 整体的组成部分|n. 身体部位或肢体|n. 三段论的命题|n. 集合中的元素|n. 话语、句子或诗行的一部分|n. 等式一侧|n. 压缩包中的文件|n. 类实例关联的函数或数据|n. 阴茎的委婉说法|n. 澳大利亚消费者法庭的裁判员|v. 记得；想起
membership	n. 成员资格；会员身份|n. 全体成员|n. 集合归属|v. 将某人归类
memento	n. 纪念物；留念品
memo	n. 备忘录；便条|v. 记下；作记录|n. 缓存的中间结果|v. 发便条通知
memorable	adj. 令人难忘的|n. 值得记住的事物
memorandum	n. 备忘便笺|n. 工作备忘录|n. 外交照会|n. 年度纪念页
memorial	adj. 纪念性的|n. 纪念物；纪念碑|n. 纪事；回忆录|n. 纪念仪式|adj. 记忆中的|adj. 助记的|n. 记忆；回忆|n. 便笺；备忘录|n. 呈请书；陈述书
memorization	n. 凭记忆, 暗记
memorize	v. 背熟；记住
memory	n. 记忆能力|n. 一段记忆；记忆中的内容|n. 计算机内存；存储器|n. 记忆所及的时期|n. 记忆卡牌游戏|n. 记忆金属的|n. 纪念物；纪念|n. 象群|n. 记忆卡牌游戏的另一种写法
menace	n. 威胁；危险|v. 威胁；恐吓|n. 威胁行为|n. 讨厌的麻烦人物或事物|v. 威胁某种恶果发生|v. 危及；使处于危险中
mend	v. 修补损坏物品|v. 纠正错误|v. 改善状况|v. 病情或伤势好转|n. 修补；修复|n. 好转；改善|v. 改过自新|v. 调整或加快步伐|v. 恢复健康|n. 弥补；补偿|v. 给火添燃料|v. 修正缺陷
mendelson	[人名] 门德尔松
menke	[人名] 门克
mental	adj. 心智的；心理的|adj. 精神疾病相关的|adj. 精神疾病治疗相关的|adj. 疯狂刺激的；非常好玩的|n. 精神状态|adj. 疯狂的；精神不正常的|adj. 心灵感应的|adj. 下巴的；下颌中央部的|adj. 似下巴或唇状结构的|n. 精神有问题的人|n. 下巴鳞片或骨板
mentality	n. 思维方式；心态|n. 心智系统；心智结构
mentally	adv. 在头脑中；从心理上
mention	n. 提及；提到|v. 提到；说起|n. 社交媒体提及列表|v. 提到某个词本身
mentor	n. 导师；指导者|v. 指导；带领成长
menu	n. 餐馆菜单|n. 操作选项菜单|n. 宴会菜目|n. 可供应的菜品|n. 事项清单|v. 列入菜单
merchandise	n. 待售商品|v. 陈列促销商品|n. 品牌周边|v. 为某商品做陈列促销|v. 把……包装成商品推广|n. 一件商品（旧）|n. 贸易（旧）|v. 经商（旧）|v. 经营或交易某物（旧）
merchant	n. 商人|n. 零售商；店主|n. 某类高手；某种人|n. 商船|n. 押运商货的人|v. 从事转口贸易
mercifully	adv. 仁慈地
mercilessly	adv. 毫不留情地
mercury	n. 汞；水银|n. 气温或气压读数|n. 炼金术中的金属原质|n. 活泼善变|n. 某些植物的名称|n. 美国地区的植物名|n. 水银；汞（旧称）|n. 传信者
mercy	n. 宽容；免于伤害|n. 怜悯；宽恕|n. 幸事；值得庆幸的结果|intj. 天哪；哎呀|n. 慈悲心；宽厚|n. 宽免；恩慈的具体表现|n. 掰手臂游戏|v. 对……感到怜悯|v. 宽恕；宽待
mere	adj. 仅仅的；不过是……的|adj. 纯粹的；未混合的|adj. 十足的；彻底的|n. 边界；界线|n. 湖；池塘|n. 毛利战棍|v. 划界；限定|v. 设置边界|v. 确定边界位置
merely	adv. 只是；仅仅|adv. 完全；全部
merge	v. 合并成一体|n. 汇合处；合并|v. 逐渐汇入；融入|n. 句法合并操作
merger	n. 合并；合并过程|n. 公司合并|n. 合并者；促成合并的事物|n. 法律事项的合并|n. 语音合流
merit	n. 值得称赞或奖励的功劳|n. 应得的价值或功劳|v. 值得得到；应得|n. 宗教上的功德|n. 案件或论点的实质是非|v. 配得上；理应得到|n. 表示认可的标记或奖励分|n. 应受奖惩的性质|v. 给予奖励
meritocracy	n. 精英领导阶级
meritocratic	a. 精英管理的；贤能统治的
merry	adj. 快乐的；兴高采烈的|adj. 热闹欢乐的|adj. 轻快的；迅速的|adj. 逗乐的；令人愉快的|adj. 微醉的|n. 野生樱桃
merrymaking	n. 作乐
mess	n. 脏乱的一团；混乱局面|v. 弄脏；弄乱|v. 弄乱；搞砸|n. 大量；一大堆|n. 动物排泄物|n. 情绪混乱的人|v. 干扰；招惹|n. 弥撒；教会礼拜|n. 一餐食物|n. 共同用餐的群体|n. 共同用餐场所|n. 家常菜餐馆
message	n. 消息；信息|v. 给某人发消息|n. 主题；寓意|v. 把某信息发给某人|v. 发消息；进行消息交流|n. 跑腿；差事|n. 采买物品；杂货|v. 作为消息传达
messenger	n. 信使；传递消息的人|n. 即时通信软件|n. 蛇鹫|n. 先兆；预示者|v. 派信使送出|n. 架空电缆的承力构件|n. 破产法执行人员|n. 暴风雨前的薄云|n. 风筝线上被吹动的纸片|n. 牵引轻绳|n. 投放采水瓶的配重|n. 苏格兰司法执行官
messy	adj. 凌乱的|adj. 棘手的；纠缠不清的|adj. 容易弄乱的；爱制造脏乱的|adj. 爱惹事、搬弄是非的
metal	adj. 金属音乐风格的|n. 金属；金属矿物或合金|adj. 强硬粗犷的；很有金属音乐气质的|n. 金属音乐|n. 铁路轨道|n. 实际承运航空公司|n. 矿山或矿藏|n. 纹章中的金银色|n. 待加工的熔融玻璃|n. 材质；性情或本质|n. 军舰上的炮力|v. 用碎石铺路
metallurgy	n. 冶金学
metaphor	n. 借喻这种表达方式|n. 具体的比喻说法|v. 使用比喻|v. 用比喻描述|n. 界面隐喻
metaphysical	adj. 形而上学的|adj. 超物质的；超感官的|adj. 形而上学信奉者的
meteorological	adj. 气象的；气象学的
meter	n. 测量仪表|n. 米|v. 用仪表测量|n. 诗歌节律|v. 盖邮资机印记|v. 按量控制或供应|n. 测量者|n. 网具加固绳|n. 诗
method	n. 方法；做法|n. 条理；有系统|n. 体验派表演法|n. 对象的方法；类的功能|n. 大麻|n. 系统编排的说明书|n. 抓板空中动作|v. 用方法处理|v. 为铸模安排处理方法
methodically	adv. 有条理地；按步骤地
methodology	n. 方法论；方法研究|n. 一整套方法；方法体系|n. 方法的实施
metre	n. 米|n. 诗歌或音乐的节拍、格律|v. 使成格律
metric	adj. 公制的|n. 指标；衡量标准|adj. 与音乐节拍有关的|adj. 与距离有关的|n. 公制系统的简称|n. 数学距离函数|n. 度量张量|v. 量化分析
metropolitan	adj. 都市的；大城市的|adj. 本土国家的|adj. 大主教辖区的|adj. 伦敦的|n. 大主教|n. 大都市居民
mexican	adj. 墨西哥的|n. 墨西哥人；墨西哥裔的人|n. 墨西哥菜|n. 墨西哥式西班牙语|adj. 墨西加人的|adj. 纳瓦特尔语的|n. 墨西加人|n. 纳瓦特尔语|n. 对西班牙语国家人的贬称|n. 维多利亚州人|n. 新南威尔士州或维多利亚州人
mi	n. 咪；大调第三音|n. 中间名首字母|n. 军事情报|n. 心肌梗死|n. 二尖瓣关闭不全|n. 近中切缘的|n. 数学归纳法|n. 机械指数|n. 医学检查|n. 互信息|n. 内野手|n. 重大事件
michelsen	[人名] 米切尔森
michigan	n. 从球门后方挑球入网
microbiologist	[医] 微生物学家
microorganism	n. 微生物, 微小动植物
microphone	n. 麦克风；话筒|v. 给……安装麦克风
microprocessor	n. 芯片上的中央处理器
microscope	n. 显微镜|n. 微小物体成像仪器|v. 用显微镜检查
mid	adj. 中间的；居中的|adj. 普通的；不出彩的|adj. 很差的；俗气的|adv. 向中路；到中央|n. 中路；中央区域|adj. 中元音的|n. 中间；中部|n. 中档飞盘|n. 移动信息设备的缩写|n. 军事化国际争端的缩写|prep. 在……当中|prep. 和；与
middle	adj. 中间的；位于两端之间的|adj. 中央的|n. 中心；中点|n. 中间部分；中段|n. 中柱|n. 腰部；腰围|n. 政治中间派；中间立场|v. 用球棒中部击球|adj. 中动态的|n. 中动态|v. 居中处理|v. 从中间对折
middle-aged	adj. 中年的|adj. 有中年人特点的|adj. 中世纪的
middle-class	adj. 中产阶级的|adj. 具有中产阶级特点的
middle-income	a. 中等收入的
middle-size	中尺寸
middlebrow	a. 只有中等文化素养的, 自以为渊博实则浅薄的|n. 只有中等文化素养的人, 自以为渊博实则浅薄的人
midland	adj. 内陆的；中部的|n. 内陆；腹地|adj. 英格兰中部的|adj. 美国中部方言的
midst	n. 正中间；当中|prep. 在……之中
midwestern	adj. 某个中西部地区的|adj. 美国中西部的|adj. Midwestern 的小写形式
mies	abbr. 矿区产业生态系统（mining industry ecosystem）
might	n. 实力；权力；影响力|v. 可能会；也许|n. 体力；力气|n. 能力；能够做到的力量|v. may 的过去形式|v. 过去语境中的可能或许可|v. 即使；尽管|adj. 强大的；有力的|adj. 可能的|v. 可以……吗|v. 很可能；想必
mightily	adv. 以强大力量|adv. 极其；大幅度地|adv. 很是；彻底地
mighty	adj. 力量强大的|adv. 非常；极其|adj. 强劲有力的|adj. 很大的；分量很足的|adj. 非凡的；了不起的|adj. 极好的；棒极了的|n. 强大的战士
migrate	v. 按季节迁徙|v. 迁居到别处|v. 跨境迁移|v. 慢慢向某处移动|v. 迁移数据或代码|v. 逐渐渗移|v. 引导客户转向另一产品
migration	n. 迁居；人口迁移|n. 动物迁徙|n. 迁移；转移|n. 系统迁移|n. 细胞迁移
mild	adj. 性情温和的|adj. 不严厉的；程度较轻的|adj. 温暖而不冷的|adj. 不强烈的；不太认真的|adj. 不严重的|adj. 作用柔和的|adj. 味道不冲的|n. 低度啤酒
mildly	adv. 略微；稍微|adv. 温和地；轻柔地
mile	n. 英里|n. 旧制或其他英里|n. 飞行奖励里程|n. 很远的一段距离|n. 一英里赛跑|n. 英里每小时|n. 罗马英里|n. 斯堪的纳维亚英里|n. 其他地区的英里
mileage	n. 行驶里程|n. 还能发挥的作用或使用价值|n. 耗油里程|n. 按里程计算的交通补贴|n. 可利用的价值|n. 性经历次数
milestone	n. 重要节点；里程碑式事件|n. 里程碑|v. 按阶段规划|v. 设置里程碑
militant	adj. 好战的；战争般强硬的|adj. 激进斗争的；强硬支持的|n. 激进支持者；斗争者|n. 士兵；战斗人员|n. 《Militant》报的托洛茨基主义支持者
militantly	激进地, 好斗地
military	adj. 军人的；军队成员的|adj. 武装力量的；军队的|n. 军队；武装部队|adj. 军事的；与战争有关的|adj. 陆军的；地面部队的
milk	n. 乳汁；牛奶|v. 给动物挤奶|v. 反复榨取；充分利用|n. 植物奶|n. 一份奶|n. 咖啡或茶用的一份奶|v. 从乳房或乳房中取奶|v. 抽取生物体内液体|n. 牡蛎的成熟生殖物|n. 精液|v. 分泌乳汁|v. 产生小气泡
milkmaid	n. 挤奶妇, 在牛奶场工作的女工
mill	n. 研磨机；磨坊|n. 磨坊；加工厂|v. 磨碎；加工|v. 机加工成形|n. 榨汁机；压榨机|n. 研磨抛光机|n. 铣床；铣削机|n. 铣刀|n. 材料加工厂|n. 加工厂区；厂房|n. 粗制滥造的批量机构|n. 文凭工厂；造假机构
millennial	adj. 千禧一代的|adj. 千禧一代的（大写形式）|n. 千禧一代成员|n. 千禧一代成员（大写形式）|adj. 有一千年历史的|adj. 千年之交的|adj. 千年纪念的|adj. 每千年发生一次的|adj. 千禧年信仰的|n. 一千周年纪念
millennium	n. 一千年|n. 基督千年统治时期|n. 千年交替的年份|n. 和平繁荣的理想时代
millimeter	n. 毫米；美式拼写
millimetre	n. 毫米
million	num. 一百万|num. 极多；成百万地
millionaire	n. 百万富翁；百万富婆
millisecond	n. 毫秒
mimic	adj. 模仿性的|n. 模仿者|n. 仿制品；模仿作品|v. 模仿；学样取笑|adj. 仿造的；假装的|n. 拟态者；仿真事物|v. 拟态；伪装成|adj. 拟态的；模仿对称形式的|n. 拟态怪物
mind	n. 思考能力|n. 记忆|n. 注意力|n. 主意；意见|v. 注意；留意|v. 听从；当心|v. 照看；照料|v. 当心|v. 介意；在乎|n. 意识|n. 有某种才智的人|n. 意愿；打算
mind-set	n. 思想的形式
mindedness	n. 某种心态或思维倾向
mindless	adj. 欠考虑的；不理智的|adj. 毫无意义或目的的|adj. 不顾及的；不留意的|adj. 机械重复而乏味的|adj. 没有心智的
mindlessly	adv. 不费心思地；愚蠢地
mindset	n. 思维方式；心态
mine	n. 矿；矿井|pron. 我的；我的东西|v. 开采|n. 丰富来源|n. 地雷；水雷|n. 加密货币挖矿设备或网络|pron. 我这里的；我家里的|v. 挖掘矿脉|v. 埋设地雷|v. 掏空；削弱基础|v. 逐渐破坏|v. 挖掘；利用
miner	n. 矿工|n. 地雷操作员|n. 加密货币挖矿设备或软件|n. 加密货币挖矿者|n. 南美炉鸟科鸟类|n. 澳大利亚吸蜜鸟
mineral	adj. 矿物的；含矿物的|n. 矿物|n. 无机物|n. 矿物质；无机营养元素|n. 矿泉水|n. 一瓶或一罐软饮料|n. 矿藏；矿床|n. 有毒或危险物质
ming	n. 命运；天命|n. 明朝人|n. 明代陶瓷|n. 混合物|n. 无界线的混合土地|v. 混合；搀合|v. 使聚在一起；结合|v. 揉合制成|v. 难看；不吸引人|v. 有臭味|v. 提及；谈到
mingle	n. 社交联谊|v. 混合；混杂|v. 混合起来|v. 参加社交；与人交谈|v. 联结；交织|v. 掺杂；污染|v. 调制；配制|n. 混合物|v. 促成通婚|v. 通婚|v. 拼在一起
miniature	adj. 微型的；小型的|n. 缩小的尺寸或形式|n. 微型模型；缩小复制品|v. 使微型化；按缩小比例复制|n. 微型肖像画|n. 游戏中的角色模型或棋子|n. 微型画艺术|n. 手稿彩饰图|n. 短小的音乐作品|n. 少步数结束的棋局|n. 红色字样；红字标记|n. 细节；特征
miniaturization	n. 微型化
minibus	n. 小型公共汽车|n. 南非出租小客车|n. 小型综合拨款法案|n. 小型四轮马车
minimal	adj. 极少的；最低限度的|adj. 极简的|adj. 重复渐变的极简音乐或艺术风格的|n. 极小的部分；微小碎片
minimalist	adj. 极简的；追求最少的|n. 极简主义者
minimise	v. 使降到最低
minimization	n. 减到最小限度, 估到最低额, 轻视
minimize	v. 缩小；减少到最低程度|v. 淡化；贬低事情的严重性|v. 将窗口最小化|v. 轻视；贬低
minimum	adj. 最低限度的|n. 最低界线|n. 最小量|n. 天文学中的最低期|n. 集合中的最小值|n. 样本或分布的最小端点
mining	n. 资源开采|n. 挖掘或搜集信息|n. 加密货币挖矿|v. mine 的现在分词或动名词|n. 布雷
miniskirt	n. 超短裙
minister	n. 牧师|n. 部长|v. 照料；服务；帮助|n. 天主教受委托的宗教服务人员|n. 低于大使的外交官|v. 担任牧师；主持礼拜|n. 助手；下属；代理人|v. 提供；给予
ministerial	adj. 与政府部长或政府部门有关|adj. 与宗教部长或教会职务有关|adj. 具有受委托的行政执行权|adj. 只承担程序性或辅助性工作|n. 部长级会议|n. 中世纪欧洲的一类身份
ministry	n. 政府部门|n. 宗教牧职|n. 全体部长|n. 新教教士群体|n. 精神或慈善服务|n. 服务或侍奉
minor	adj. 较小的；次要的|n. 未成年人|n. 小调；小和弦|n. 大学辅修专业|adj. 未成年的|adj. 轻微的；不严重的|adj. 辅修的|n. 低级别的人或事物|n. 辅修专业学生|n. 低级联赛|n. 小罚时|n. 桥牌中的副牌
minority	adj. 少数的；属于少数群体的|n. 少数；少数一方|n. 受压制或受歧视的少数群体|adj. 少数支持的；少数席位组成的|n. 少数群体成员|n. 未成年时期|n. 穆斯林群体
minus	adj. 负的；减少的|adj. 低于零；负的某个数值|n. 减号|n. 负数|prep. 减去|adj. 低一个等级|n. 缺点；不利之处|prep. 没有；缺少|v. 减去|adj. 处于亏损状态
minute	adj. 极小的|n. 分钟|n. 一会儿；片刻|adj. 细致周密的|n. 分角|n. 会议纪要|n. 通话计费分钟数|v. 记录会议或事件|v. 简要记下|n. 此刻|n. 海里或地理英里|n. 旧币名
miracle	n. 超自然奇迹|n. 奇迹般的幸运结果|n. 令人惊叹的杰出事物|v. 施行奇迹
mirror	n. 镜子|n. 反映物|v. 映出|v. 反映；对应|n. 镜像站点|v. 仿照|v. 制作镜像副本|n. 镜鲤|n. 君主鉴
mirza	n. 贵族或王室男性头衔|n. 历史上的文书或官员
miscalculation	n. 算错, 失算, 估计错误
mischief	n. 淘气捣乱|n. 一次恶作剧|n. 违法损害行为|n. 一群老鼠|n. 伤害；损害|n. 一次伤害|n. 惹麻烦的人或事物|n. 感叹语中的“该死的东西”|n. 随意或暧昧的性行为|v. 伤害|v. 诽谤
mischievous	adj. 调皮的；爱恶作剧的|adj. 有害的；会造成麻烦的
misconception	n. 错误观念；误解
misdeed	n. 罪行, 犯罪
misdirection	[法] 错误指示, 错误指导
miserable	adj. 悲惨难受的|n. 可怜的人|adj. 某方面很差的|adj. 天气糟透的|adj. 卑劣不堪的|adj. 造成不幸的|adj. 吝啬的|n. 悲惨的状态
miserably	adv. 悲惨地；糟糕地
misery	n. 极度痛苦|n. 灾祸；不幸|n. 极端贫困|n. 身体疼痛|n. 贪婪
misfortune	n. 坏运气|n. 不幸的事情
misguide	vt. 误导
misguided	adj. 考虑不周的；方向错误的|adj. 受误导的；判断错误的|adj. 缺少正确引导的
mishandle	vt. 虐待, 胡乱处理
misinformation	n. 错误信息
misinterpret	vt. 曲解
misinterpretation	[计] 错误判断
mislead	v. 把人带错方向|v. 用假信息误导|v. 骗入错误行为|v. 使人困惑|n. 错误引导|n. 欺骗性障眼法
mismatch	n. 不匹配；不合适的组合|v. 使不匹配；配错
misplace	vt. 放错地方
misprint	n. 印错, 印刷错误|vt. 印错
misrepresent	vt. 不如实地叙述(或说明), 不称职地代表
miss	n. 小姐；女士称呼|v. 未命中|v. 未达到目标|v. 想念|n. 未命中|n. 失败；未成功|n. 回避；不参加|n. 缺席造成的缺憾|n. 斯诺克犯规未击中|n. 对女教师的称呼|n. 未婚女子；女孩|n. 女性称呼
missile	n. 导弹|n. 投射物；飞行武器
missing	adj. 丢失的；找不到的|adj. 缺少的；未出现的|v. miss 的现在分词或动名词|adj. 发动机缺火的|n. 缺失值
mission	n. 任务；使命|v. 派遣去执行任务|n. 传教行动|n. 传教慈善机构|n. 教区传教聚会|n. 传教据点；传教站|v. 从事传教工作|n. 使团；代表团|n. 解职；免职|n. 澳大利亚原住民聚居区|n. 运送毒品的行动
missionary	adj. 传教的；与传教使命有关的|n. 传教士|n. 执行使命的人；使者|n. 宗教使者|n. 传教士体位|n. 传教士体位的性行为
mist	n. 薄雾；细小液滴|v. 形成薄雾；起雾|n. 一层细雾或细颗粒|n. 使视线或判断模糊的东西|v. 喷洒细雾|v. 下蒙蒙细雨|v. 使蒙上一层雾|v. 眼中含泪|v. 设备高速运转时喷散成雾|v. miss的过时过去式
mistake	n. 错误；失误|v. 把……认成……|v. 做错；犯错|n. 投球失误|v. 误解某人|v. 拿错；选错
mistakenly	adv. 错误地；不正确地|adv. 无意中；误把
mistress	n. 女主人；掌权女性|n. 情妇；婚外伴侣|n. 女户主|n. 女教师|n. 精通某事的女性|n. 情人；心爱的女性|n. master 的阴性对应形式|n. mister 的阴性对应形式|n. 女施虐主导者|n. 已婚妇女；妻子|n. 对女性的尊称|n. 滚木球游戏中的 jack
mistrust	n. 不信任；猜疑|v. 不信任|v. 对……抱有戒心|v. 怀疑；猜想|v. 抱有怀疑
misunderstand	v. 错误理解；误会
misunderstanding	n. 误解；误会|v. misunderstand 的现在分词和动名词|n. 意见不合；争执
misuse	n. 不当使用；滥用|v. 错误使用|v. 滥用；虐待|v. 性侵；性虐待|v. 辱骂；侮辱
mit	n. 棒球手套的旧式拼写|n. 一碘酪氨酸|phrase 触及时的条件单
mitigate	v. 减轻；缓和|v. 淡化；轻描淡写|adj. 已缓和的|v. 有助于防止问题
mitigation	n. 缓解；减轻
mitochondrial	adj. 线粒体的；与线粒体有关的
mitsuo	n. (Mitsuo)人名；(日)充朗 (名)；(日)满尾(姓)
mix	n. 混合物；混合组合|v. 搅拌；混合|v. 把不同事物结合起来|n. 不同事物的组合|n. 预拌粉|n. 混音结果|n. 录音成品|v. 混合形成；调制|v. 用搅拌器搅打|v. 混合音轨|v. 完成录音混音|v. 加入并交往
mixture	n. 混合这一过程|n. 混合物|n. 不同事物的混合组合|n. 药用混合剂|n. 管风琴混合音栓|n. 杂色布料|n. 印度式干果零食混合物
moan	n. 呻吟声|v. 发出呻吟声|v. 抱怨；发牢骚|v. 呻吟着说|n. 哀叹；悲叹|v. 哀叹；为……悲叹|v. 悲伤；哀痛|v. 使悲伤；使苦恼
mob	n. 暴乱人群|n. 黑手党、犯罪团伙|n. 游戏敌人单位|v. 蜂拥围住某人|v. 蜂拥进入或挤满|n. 马或牛群|n. 手机|n. 背景角色|adj. 牙科位置缩写|adj. 长期弃更博客的缩写|intj. 有人落水|n. 下层民众
mobile	adj. 可移动的|adj. 手机的；移动通信的|n. 悬挂式活动装饰物|adj. 流动性强的|adj. 易变的；灵活多变的|adj. 表情易变的|n. 手机|n. 移动互联网|adj. 能被激发或自行活动的|n. 能够移动的人|n. 游戏中的非玩家角色
mobilise	vi.vt. 动员, 松动, 使活动, 调动, 发动
mobility	n. 行动能力；移动性|n. 社会流动性|n. 易变性；变化|n. 军事机动性|n. 粒子运动程度
mobilization	n. 组织力量采取行动|n. 军事动员与备战|n. 岩石软化并促成物质迁移|n. 基因转移
mobilize	v. 调动起来|v. 动员部队和装备|v. 为战争动员起来
mock	adj. 模拟的；仿制的|n. 仿制品；仿造物|v. 模仿；模拟|n. 嘲弄；嘲笑|n. 模拟考试|n. 测试用模拟对象|v. 嘲笑；戏弄|v. 使希望落空；戏弄|v. 创建模拟对象|v. 以艺术形式再现
mode	n. 音乐调式|n. 做事的方式|n. 所处状态|n. 工程中的模式|n. 众数|n. 时尚风格|n. 花边装饰片|n. 旧式花边装饰片
model	n. 艺术或时装模特|n. 实物的模型|n. 用于分析的模拟模型|adj. 值得仿效的|n. 展示商品的人|n. 型号或款式|n. 复杂系统的结构模式|n. 可供仿效的成功范例|n. 医学研究模型|v. 展示穿戴效果|v. 建立模拟模型|v. 制作缩小模型
modell	[人名] 莫德尔
modem	n. 调制解调器|v. 用调制解调器传输
moderate	adj. 适度的；不过度的|v. 使缓和；降低过度程度|adj. 中度的|adj. 平庸的；一般的|adj. 价格适中的|adj. 温和的；不猛烈的|adj. 温和派的；中间立场的|n. 温和派人士；中间派|v. 变得缓和；不再极端|v. 主持；担任讨论主持人|v. 担任主持人；促成折中|n. 苏格兰教会历史上的温和派成员
moderately	adv. 适度地；不过分地|adv. 适度地；相当
modern	adj. 现代的；当代的；现代风格的|adj. 近现代时期的|n. 现代人
modernisation	n. <主英>=modernization
modernization	n. 现代化；现代化改造
modernize	v. 使现代化|v. 变得现代化
modest	adj. 谦逊的；不自夸的|adj. 不大的；适度的|adj. 端庄克制的|adj. 避免引起性吸引的
modestly	adv. 谦逊地；不张扬地|adv. 稍微；有限度地
modesty	n. 谦逊；不自夸|n. 克制；含蓄|n. 性表达上的含蓄
modification	n. 修改后的形式|n. 修改或调整|n. 词形变化|n. 存在方式|n. 环境造成的不可遗传变化|n. 借词形式变化
modify	v. 修改；调整|v. 发生变化；得到调整|v. 限制；缓和|v. 限定词义
module	n. 系统中的独立模块|n. 程序模块|n. 课程单元|n. 建筑标准单元|n. 航天器独立舱段|n. 角色扮演游戏冒险模组|n. 环上的模|n. 分形基本元素|n. 跟踪器音乐文件|n. 灌溉供水调节装置
moist	adj. 湿润的；略湿的|adj. 潮湿的；湿润多雨的|adj. 眼含泪水的|adj. 因性唤起而润滑的|adj. 含有体液的|adj. 带有液体气泡声的|adj. 具有古代所谓湿性特质的|adj. 液体的；水状的|adj. 带来水分或雨水的|n. 湿润；湿气|n. 莫家主义追随者|v. 使变湿
moisture	n. 水分；湿气|n. 湿润状态|n. 皮肤水分状况
moisturizer	n. 保湿霜；保湿护肤品|n. 增湿剂；使物体保持湿润的东西
mold	n. 模具；模子|n. 霉；霉菌生长物|v. 用模具塑形|v. 塑造；影响成长|n. 成形框架|n. 模制品|n. 模具形状|n. 外形|n. 类型；风格|n. 固定模式|n. 霉菌|n. 腐殖土
molecular	adj. 与分子有关的|adj. 由同种元素分子组成的|adj. 基础结构层面的|adj. 分子料理的|n. 特定分子量的化合物
molecule	n. 分子|n. 极少量
moliere	n. 莫里哀（人名）
mom	n. 母亲；妈妈|v. 像妈妈一样照料|adj. 环比的|n. 妈妈（称呼）|n. 宠物妈妈；宠物主人|n. 市场中端|n. 消息中间件|n. 王室婚姻头衔前缀|n. 动机、机会和手段|n. 某缩写的另一种写法
mom-and-pop	adj. 家庭经营的小型企业
moment	n. 片刻；一会儿|n. 某一处；小范围|n. 重要性；分量|n. 发脾气；闹情绪|n. 令人尴尬的典型场面|n. 当下的焦点人物或事物|n. 力矩|n. 旧时的时间单位|n. 短暂失神发作|n. 无穷小增量|n. 矩；点集形状的量化指标
momentarily	adv. 短暂地；一会儿|adv. 马上；很快|adv. 逐步地；一刻接一刻地
momentary	adj. 短暂的；一瞬间的|adj. 短命的；不能长久的|adj. 每时每刻的；持续不断的
momentum	n. 动量|n. 运动产生的冲力|n. 发展势头|n. 价格动量
mommy	n. 妈妈|adj. 母亲般的|n. 性感的母亲|n. 性感女性|v. 像母亲一样照料
monarch	n. 君主|n. 佼佼者|n. 帝王蝶|n. 警察（方言）|n. 大角鹿|n. 王霸鹟科鸟类
monarchical	a. 君主的, 君主政体的, 君主政治的
monarchy	n. 君主制|n. 王国；君主统治的领土|n. 以国王或女王为首的国家|n. 封建君主制
monash	[人名] 莫纳什; [地名] [哈萨克斯坦] 莫纳什
monday	n. 星期一|adv. 在星期一
monetary	adj. 货币的；金钱的
monetize	v. 使活动或内容产生收益|v. 把资产变现|v. 铸造货币|v. 确立法定货币
money	adj. 很棒；很厉害|n. 钱；交换媒介|n. 财富；有钱|n. 货币|n. 现金；现钞|n. 可动用资金|n. 有钱人；有钱阶层|n. 有价值的交换物|n. 出资者；资助方
monitor	n. 监督者；值班看护人|n. 监测器|n. 显示器|v. 监测；监督|n. 监听音箱|n. 查看或编辑程序|n. 浅水重炮舰|n. 巨蜥|n. 操作系统命令行界面|n. 学生领袖|n. 车床刀具架|n. 监测喷嘴
monkey	n. 猴子|v. 胡乱摆弄|v. 模仿|n. 灵长类动物|n. 顽皮的人|n. 猴类或猿类|n. 像猴子的人|n. 贬称|n. 俚语贬称|n. 从事重复工作的俚语称呼|n. 针对族群的侮辱性称呼|n. 阴茎
monoglot	a. & n.使用单一语言的(人)
monopolize	vt. 独占, 垄断
monopoly	n. 市场垄断|n. 对生产或交易的独占控制|n. 独占特许权|n. 被垄断的市场|n. 垄断者
monotonous	adj. 音调平板的|adj. 单调乏味的
monster	adj. 巨大得惊人|n. 可怕的怪物|adj. 怪物级地出色|n. 奇形怪状但未必可怕的生物|n. 残酷无情的人|n. 顽皮难管的人，尤指孩子|n. 特别巨大的东西或人|n. 某方面的高手|n. 游戏中的敌方角色|n. 旧式的畸形生物或人|v. 把……妖魔化|v. 像怪物一样恐吓
monstrous	adj. 可怕的；丑陋骇人的|adj. 大得惊人的|adj. 怪诞的；畸形的|adj. 怪物的；充满怪物的|adj. 离奇的；不可思议的
montcalm	[人名] 蒙特卡姆; [地名] [美国] 蒙特卡姆
montefiore	[人名] 蒙蒂菲奥里
month	n. 月份|n. 一个月的时间|n. 月事（旧义）
monthly	adj. 每月的|adv. 每月地|n. 月刊|n. 月经
monument	n. 纪念碑；纪念性建筑|v. 以纪念物纪念|n. 公共重要地点|n. 受保护的历史遗址|n. 某种成就或结果的象征|n. 重要墓室；陵墓|n. 墓碑；坟墓标志|n. 留存下来的记录|n. 法律文书|n. 测量基准标志|n. 勘矿占地石堆|n. 参照物
monumental	adj. 巨大而宏伟的|adj. 需要巨大时间和努力的|adj. 纪念碑式的；庄严宏伟的|adj. 与纪念碑有关的
mood	intj. 太有同感了|n. 心情；情绪状态|n. 有心情；有意愿|n. 作品的情调；氛围|n. 闷闷不乐；生闷气的状态|n. 整体氛围；普遍情绪|n. 强烈共鸣的感觉或事物|n. 语气
moola	n. 金钱
moon	n. 行星的天然卫星|n. 一个月或阴历月|n. 月亮图案或月牙形物体|v. 露臀戏弄或侮辱|v. 痴迷地凝望|v. 对某人或某事过分着迷|v. 无所事事地发呆|v. 价格迅速暴涨|n. 月牙形的防御工事|n. 塔罗牌中的“月亮”牌|n. 雷诺曼牌中的第32张牌|n. 红心牌中一人拿走全部分数牌
moral	adj. 道德的；关于对错的|n. 寓意；道理|adj. 合乎道德的|adj. 精神上的；增强信心的|adj. 十拿九稳的；大有把握的|n. 道德观；行为准则|adj. 有道德判断能力的|n. 英雄行为的描绘|n. 道德剧|n. 十拿九稳的事|n. 完全相同的对应物|v. 说教；进行道德训诫
morale	n. 士气；信心和干劲
moralist	n. 道德家, 讲道德的人, 伦理学者
morality	n. 道德观念；道德性|n. 社会道德规范|n. 个人道德原则|n. 道德训诫|n. 道德剧|n. 道德哲学|n. 某种道德理论
morally	adv. 从道德上看|adv. 合乎道德地|adv. 实际上大致上|adv. 作类比来说
more	adj. 数量更多|adj. 分量更多|adv. 更大程度地|det. 更多（可数）|det. 更多（不可数）|pron. 更多的东西或人|adv. 构成比较级|det. 另外的、再一些|det. 不只是、超出原有身份|pron. 额外的一份或一批|adv. 不再、进一步|adv. 非标准比较形式
moreover	adv. 此外；而且
morgan	n. 基因距离单位|n. 摩根马|n. 英国汽车制造商|n. 摩根银元
morning	n. 早晨|intj. 早上好（简略说法）|n. 开端；初期|n. 从黎明到主餐前的时段（旧义）|n. 早晨喝的第一杯酒（苏格兰用法）
morphine	n. 吗啡；强效止痛药
mortal	adj. 会死亡的；非永生的|adj. 致命的|n. 凡人|adj. 死敌般的；极强烈的|adj. 凡人的；人类的|adj. 极其痛苦或令人疲惫的|adj. 可判处死刑的|adj. 致命弱点处的|adj. 与死亡时刻有关的|adj. 酩酊大醉的|adj. 造成灵性死亡的|adv. 非常；要命地
mortality	n. 必死性|n. 死亡人数；死亡率|n. 必死性（古旧义）|n. 死亡|n. 凡人；人类
mortgage	n. 房屋抵押贷款|v. 抵押房产借款|v. 押上未来换取眼前利益|n. 抵押状态
mosaic	n. 马赛克拼图|adj. 遗传构成不同的|n. 像素化打码|n. 嵌合体个体|n. 照片拼接图|n. 多种成分组成的整体|v. 拼接成马赛克图|adj. 摩西的；摩西传统的|n. 花叶病
mosquito	n. 蚊子|n. 历史军机|n. Miskito的旧称|v. 贴地乱飞
moss	n. 苔藓|n. 一种苔藓|n. 外形简单的植物或藻类|n. 跃起越过防守者接球|v. 长满苔藓|v. 用苔藓覆盖|v. 完成精彩高空接球|n. 沼地|n. MIME 对象安全服务|v. 放松消磨时间
most	adv. 最……|adv. much 的最高级：最多地|det. 最多的数量|det. 最多的（可数对象）|det. 大多数；超过一半的|n. 大部分|pron. 大多数人；大多数事物|adv. 非常；很|n. 最大数量；最大限度|adj. 最棒的；最了不起的|adv. 几乎|n. 最高纪录；最……的项目
mostly	adv. 主要地；大部分地；通常|adv. 最大程度地；最为（过时）
motel	n. 汽车旅馆|v. 住汽车旅馆|n. 短时旅馆；情人旅馆
mother	n. 母亲；女性家长|n. 来源；孕育者|v. 像母亲一样照料、养育|n. 生育过孩子的母亲|n. 孕妇；准母亲|n. 最重要的一个；最大的一个|n. 修女或女祭司的称号|n. 自然或抽象力量的拟人化称号|v. 生育；成为母亲|n. 提供卵细胞或供体细胞的女性|n. 女性祖先|n. 对岳母的旧式敬称
motion	n. 运动；移动状态|v. 用手势示意|n. 动作；位置变化|n. 从一处移到另一处|n. 会议提议|n. 法院申请|n. 排便；排泄物|v. 提出计划；建议|n. 表演；木偶戏|n. 哲学上的变化|n. 内心冲动|n. 音乐中的音高进行
motivate	v. 鼓励；激发动力|v. 促使；驱使
motivation	n. 行动意愿；动力|n. 做某事的理由或诱因|n. 激励；促进行动的过程|n. 促成行动的因素|n. 广告促成意向评分
motive	n. 行动动机；理由|adj. 与运动或运动原因有关的|n. 犯罪动机|n. 艺术或音乐主题|adj. 促使移动的|n. 神秘的推动或启示|n. 可活动的身体部位|n. 聚会|n. 当天安排|v. 促使；驱动
motor	adj. 运动能力的|n. 发动机；电动机|adj. 内燃机驱动的|n. 汽车；机动车|n. 动力；推动力|v. 驾车行驶|v. 快速推进|n. 运动蛋白|n. 宇宙的推动者；上帝|n. 发酵果泥|v. 使喷气发动机空转|v. 离开
motor-car	n. 电动（汽）车
motor-cycle	n. 摩托车（旧拼写）
motorist	n. 机动车驾驶者
motorway	n. 高速公路|n. 汽车赛道
mould	n. 模具|n. 霉菌；霉|v. 塑造；使成形|n. 腐殖土；松软土壤|v. 使发霉|n. 头顶
mount	n. 山丘；山|n. 坐骑|v. 登上；攀登|v. 安装到支撑物上|n. 赛车；竞赛车辆|n. 安装支架|n. 上马踏台|n. 骑乘式压制姿势|n. 登上器械的动作|v. 骑上|v. 使骑上；提供坐骑|v. 挂载文件系统
mountain	n. 山；高山|n. 艰难的挑战|n. 大量；堆积如山的东西|n. 马拉加山地葡萄酒|n. 女性的大乳房|n. 雷诺曼牌第21张|n. 4-8-2轮式蒸汽机车
mountainous	adj. 多山的；山地崎岖的|adj. 高大如山的；庞大的|adj. 极其困难的|adj. 居住在山中的；野蛮的
mourn	n. 悲痛；哀悼|v. 哀悼；为失去而悲痛|v. 悲伤地说出|v. 服丧|n. 长枪护环
mournful	a. 悲恸的, 悲哀的, 令人惋惜的
mournfully	adv. 悲哀地, 凄惨地
mouse	n. 老鼠|n. 鼠标|n. 类似老鼠的小型动物|n. 安静胆小的人|n. 鼠标指针|v. 悄悄移动或鬼鬼祟祟地活动|v. 捕鼠|v. 用鼠标操作|n. 眼部瘀伤|n. 钩子的加固绑扎|n. 亲昵称呼|n. 点火用火柴
mouth	n. 嘴；口|n. 河口|v. 说出；讲述|n. 入口；开口|v. 无声地做口形|v. 动嘴；形成口形|n. 话多的人|n. 爱传闲话的人|n. 马衔铁的横杆|n. 代言人|n. 言语；证词|n. 鬼脸
mouthpiece	n. 器械的嘴部部件|n. 代言人；替别人发声的人|n. 辩护律师
move	n. 移动；动作|n. 行动；步骤|v. 移动；动身|v. 采取行动|v. 搬家；迁居|v. 使移动；搬动|v. 使振奋；促使行动|v. 打动；使感动|n. 招式；动作|n. 搬家|n. 策略变化；举措|n. 转职；转会
moveable	n. 活动的东西, 动产|a. 可动的, 可移动的, 不定的
movement	n. 移动；运动|n. 社会运动；潮流|n. 机械运动装置|n. 艺术中的动感|n. 乐章|n. 音乐的进行或速度|n. 排便；大便|n. 飞机起降次数|n. 棒球投球偏移|n. 桥牌赛制安排|n. 思想或情感的波动
movie	n. 电影|n. 电影院|n. 一段麻烦的经历|n. 精彩刺激的体验
mow	v. 割草；收割|n. 割草；收割|v. 大批砍倒；大量消灭|n. 横扫式击球|n. 嘲弄的鬼脸|n. 干草或谷物堆；谷仓|n. 谷仓储藏处|n. 送餐上门服务缩写|v. 做鬼脸；嘲弄|v. 存入干草堆或谷仓
mpa	n. 海洋保护区|n. 醋酸甲羟孕酮|n. 公共管理硕士|n. 显微镜下多血管炎
mps	n. 专业研究硕士|n. 主生产计划|n. 肌筋膜疼痛综合征|n. 黏多糖贮积症|n. 稳定化甲基乙炔—丙二烯混合物|n. 肌肉蛋白合成|n. 主推进系统
ms	n. 手稿|n. 女士；不说明婚姻状况的女性称谓|n. 多发性硬化症|n. 理学硕士|n. 中学|n. 硬币的未流通品级|n. 机动船|n. 硫酸吗啡|n. 二尖瓣狭窄|n. 小型邮票整张|n. 杀人后自杀事件|n. 中景镜头
much	adv. 很大程度地|adv. 同样多；同样程度|det. 大量的|pron. 大量；很大程度|adv. 经常|adv. 讽刺地表示“很……嘛”|det. 这么多；这么大程度|adj. 很大的|adj. 很长的|adv. 几乎|det. 许多（人）|det. 许多（可数事物）
mud	n. 泥；泥浆|v. 弄脏；抹泥|n. 多人在线地下城|n. 墙面抹灰混合物|n. 湿混凝土|n. 政治上的互相抹黑|n. 细粒沉积物|n. 钻井液|v. 弄浑|n. 钱；来路不正的钱|n. 特定性行为后的排泄物|n. 针对黑人的种族侮辱词
mug	n. 马克杯；大杯|n. 脸|n. 容易受骗的人|n. 蠢人；讨厌的人|v. 为抢劫而袭击|v. 对着镜头做夸张表情|v. 拍摄身份照片|v. 临时突击学习|adj. 容易受骗的|adj. 无趣或令人不快的|n. 罪犯|n. 嫌疑人照片；证件照
mullett	[人名] 马利特
multidimensional	adj. 多层面的；多面的|adj. 跨越多个空间维度的|n. 多维存在体
multilingual	adj. 多语言的；涉及多种语言的|adj. 能使用多种语言的|n. 多语者
multimedia	adj. 多媒体的；综合多种媒介的|n. 多媒体；多媒体呈现|adj. 能整合多种媒介的
multinational	adj. 涉及多个国家的|adj. 跨国经营的|n. 跨国公司
multiple	adj. 多个的；多次的|det. 多个|n. 倍数|n. 估值倍数；市盈率|n. 复制品；同款中的一件|n. 多胞胎中的一个|adj. 具有多个自我或身份的|n. 具有多重人格或多个自我的人|n. 连锁店|n. 多人共同形成的发现|n. 同一只耳朵上的多个耳洞
multiplicity	n. 多样性；多重性|n. 大量；众多|n. 满足条件的值的数量|n. 关系一端可出现的实例数|n. 宏观状态对应的微观状态数|n. 多重人格或自我状态
multiply	v. 使增加；使变多|v. 把数相乘|v. 数量增长；变多|v. 繁殖；繁衍|v. 进行乘法运算|adv. 以多种方式|n. 一次乘法运算|v. 作为乘法中的因子
multitask	n. 多重任务|vt. 使处理多重任务
multitude	n. 大量；成群成片|n. 普通大众；民众
mundane	adj. 普通的；日常的|adj. 单调乏味的|adj. 世俗的；尘世的|adj. 物质世界的；现实宇宙的|n. 普通人|n. 主流圈外的普通人|n. 非撒旦教徒|n. 主流普通世界
municipal	adj. 市政的；地方政府的|adj. 国内事务的|n. 地方政府金融工具
municipality	n. 自治市；地方自治行政区|n. 地方政府；市政机构|n. 基层行政区
murder	n. 谋杀罪|n. 一次谋杀|v. 谋杀；蓄意杀害|n. 极其难受的事|v. 彻底击败|v. 狠狠教训或斥责|v. 弄坏；糟蹋|v. 非常想吃或享用|n. 一群乌鸦|n. 了不起的东西|n. 杀人犯
murmur	n. 低沉的声音|n. 低声议论|v. 低声说话|n. 低声抱怨|v. 含混地说出|n. 心脏杂音|v. 低声抱怨
muro	[人名] 穆罗; [地名] [法国、西班牙] 穆罗
muscle	n. 肌肉组织|n. 一块肌肉；肌肉群|v. 强行挤过；用力推进|n. 发达的肌肉；健壮体格|n. 力量；实力|v. 用力穿过；强行前进|n. 受雇的打手或保镖
muscular	adj. 与肌肉有关的|adj. 肌肉发达的|adj. 结实有力的|adj. 强劲有力的|adj. 酒体厚实饱满的
museum	n. 博物馆|v. 送入博物馆收藏|v. 逛博物馆
mushroom	n. 蘑菇；真菌子实体|v. 迅速扩大；暴增|adj. 蘑菇状的|n. 产蘑菇的真菌|n. 食用蘑菇|n. 突然出现或迅速增长的事物|n. 蘑菇云的简称|v. 采蘑菇|v. 形成蘑菇形状|n. 蘑菇形台球柱|n. 蘑菇形柱帽|n. 暴发户
music	n. 音乐|n. 音乐艺术|n. 悦耳的声音|n. 乐谱|adj. 音乐的|n. 电子干扰信号|n. 激烈争吵|n. 乐趣|v. 用音乐诱惑
musical	adj. 音乐的；与音乐有关的|adj. 悦耳的；和谐动听的|n. 音乐剧|adj. 有音乐感的；有音乐才能的|adj. 与音乐停走换位游戏有关的|n. 音乐聚会
musician	n. 音乐家；音乐人
must	n. 必备之物；必做之事|v. 必须；一定要|v. 一定是；很可能是|v. 必定会；肯定已经|n. 霉味；陈腐状态|n. 带霉味的东西|n. 发酵葡萄汁|v. 使发霉；使陈腐|v. 发霉；变陈腐
mutability	n. 易变性, 性情不定
mute	adj. 不会说话的|adj. 无声的；沉默的|v. 使安静；让……不出声|v. 使设备静音|adj. 不发音的|n. 不会说话的人|n. 乐器消音器|n. 静音按钮或控制项|adj. 不响亮的|n. 塞音|n. 不说话的演员|n. 葬礼随从
mutter	n. 低声嘟囔|v. 低声抱怨|v. 含糊地喃喃自语|v. 发出低沉闷响|n. 印度菜中的豌豆
mutton	n. 羊肉|adj. 耳聋的|n. 山羊等羊科动物的肉|n. 羊|n. 排版单位em|n. 妓女|n. 羊羔图案的古代盎格鲁—法兰西金币
mutual	adj. 互相的|adj. 双方都认识或拥有的|adj. 双方共同的关系|adj. 共同进行或共同持有|n. 共同基金|n. 共同所有的组织|adj. 成员共同拥有的|n. 互相关注的人
mutually	adv. 相互地；彼此都|adv. 共同地；对各方同样地
my	det. 我的|intj. 哎呀；天哪|n. 百万年符号|n. 五月缩写|n. 机动游艇缩写|pron. 特殊语境中的“我”
myers	n. 迈尔斯（姓氏）
myriad	adj. 无数的；极多的|n. 大量；一大群|adj. 繁多而复杂的|n. 一万
myself	pron. 我自己；我本人（作反身宾语）|pron. 我本人；我亲自|pron. 平常的自己；正常状态|pron. 非反身地指我（不规范）|pron. 我（非标准或古旧主语用法）|pron. “我叫……”（地区性非标准用法）|pron. Myself 的特殊大写形式
mysterious	adj. 来源不明的|adj. 难以理解的|adj. 让人看不透的|adj. 故意不说清的
mystery	n. 谜；未解之事|n. 推理故事；悬疑作品|n. 令人费解的人或事|n. 宗教奥秘|n. 基督生平的奥迹|n. 神秘剧|n. 神秘含义；隐秘意义|n. 圣礼|n. 秘密宗教仪式|n. 行业；工匠行会
myth	n. 神话故事|n. 错误的普遍观念|n. 神话这一类叙事|n. 被传奇化的形象|n. 想象中的存在|n. 编造的故事或理论
mythical	adj. 神话中的|adj. 虚构的；不真实的|adj. 极其罕见的
n	n. 北方|n. 名词|n. 名词|adj. 中性（语法性别）|n. 正常|n. 中性|n. 不；否定|n. 海军|n. 北方|n. 马（棋子）|n. 空挡|num. 第十四（小写字母 n）
nail	n. 指甲|n. 金属钉子|v. 用钉子固定|v. 出色完成|n. 动物的爪|v. 抓住；逮住|v. 揭穿骗局|v. 准确击中|v. 确定；敲定|n. 半翅目昆虫翅基部的厚部|n. 鸟喙末端的角质片|n. 旧时商人交易用的圆台
naive	adj. 天真而缺少经验|adj. 尚未接触过|adj. 质朴简单的艺术风格|adj. 直接而未优化的|n. 缺少经验的人
naked	adj. 赤裸的；没穿衣服的|adj. 赤裸裸的；直截了当的|adj. 仅凭自身的；没有辅助的|adj. 无遮盖或无保护的|adj. 缺少……的；没有……的|adj. 光秃的；没有植被的|adj. 感到毫无保护的|adj. 去掉通常配料或外层的|adj. 只穿很少衣服的|adj. 带有裸露者的；没有正常遮盖的|adj. 没有武器的|adj. 无担保资产的
name	n. 名称；名字|v. 给……命名|n. 名声|n. 辱骂性称呼|n. 以……名义；权威|n. 标识符|v. 提到；明确列出|v. 指出为重要或相关|v. 公开指认|v. 透露姓名|v. 指定担任角色|n. 某个人；法律主体
namely	adv. 即；具体说就是|adj. 著名的；出众的|adv. 尤其；特别是
nantucket	n. 楠塔基特岛（位于美国马萨诸塞州东南沿海的岛屿）
nap	n. 小睡|v. 小睡|n. 绒面；绒毛|n. 绒毛方向|v. 疏于防备|v. 使起绒|n. 赛马推荐|n. 拿墩牌戏|n. 叫五墩|n. 杯；碗|n. 不侵犯原则|n. 不侵犯条约
napkin	n. 餐巾；餐巾纸|n. 尿布（英国、南非）|n. 教堂头巾|n. 卫生巾（菲律宾英语）
napoleon	n. 称霸一方的人|n. 拿破仑金币|n. 后来的二十法郎币或相应金额|n. 拿破仑糕点|n. 拿破仑靴|n. 拿破仑炮|n. 十九世纪纸牌游戏|n. 一种耐心纸牌游戏|n. 赛马中的稳胜马或下注|n. 拿破仑樱桃|n. 上等白兰地或一份白兰地|n. 拿破仑糕点的一片
narrative	adj. 叙述的；叙事的|n. 叙述；叙事|n. 叙事框架；话语|adj. 讲故事的|n. 所讲述的故事或内容|n. 叙事方式|adj. 健谈的
narrow	adj. 狭窄的|v. 缩小；缩窄|v. 变窄；缩小|adj. 范围有限的|adj. 限制性强的|adj. 心胸狭窄的|adj. 余地很小的|adj. 仔细严密的|n. 狭水道；海峡|v. 眯起眼睛|adj. 手头拮据的|adj. 吝啬的
narrowly	adv. 狭隘地|adv. 险些；勉强地
nas	n. 网络附加存储|n. 海军航空站|n. 新生儿戒断综合征
nasa	n. 帕埃斯人
nasal	adj. 鼻子的；鼻腔的|adj. 鼻音的；经鼻腔发出的|adj. 带鼻腔共鸣的|adj. 尖锐刺耳的|n. 鼻用药|n. 鼻辅音|n. 鼻化元音|n. 头盔鼻护|n. 鼻骨|n. 鱼鼻鳞或鼻板
nasty	adj. 肮脏的；污秽的|adj. 讨厌的；凶恶的|adj. 令人反感的；讨厌的|n. 令人讨厌的东西|adj. 刻薄的；恶意的|adj. 棘手的；危险难行的|adj. 严重的；危险的|adj. 下流的；淫秽的|adj. 厉害的；强悍的|n. 性交|n. 色情影片
nation	n. 民族；民族共同体|n. 国家；主权国家|n. 某种共同体或粉丝群体|n. 原住民族及其联邦承认领地|adj. 极大的；非常严重的|adv. 非常；极其|n. 中世纪大学中的地域学生团体|n. 大量；许多|n. 诅咒；该死
national	adj. 全国的；国家层面的|adj. 本国的；某国特有的|n. 某国国民|n. 全国性比赛|n. 具有某国国籍的人|adj. 爱国的；民族主义的|n. 全国性报纸|n. 国家党成员|n. 国家党简称
nationalisation	n. 国有化, 国营
nationality	n. 国籍；法律身份|n. 具有共同身份的民族或群体|n. 民族或文化身份|n. 民族主义或爱国情感|n. 国家实体的政治存在
nationally	adv. 在全国范围内
nationwide	adj. 全国范围的|adv. 遍及全国地
native	adj. 生来属于某地|adj. 当地生长或产生的|n. 当地出生的人|n. 母语者|adj. 当地原住的|adj. 自然存在于当地的|adj. 属于所述系统的|n. 原住民|adj. Native的另一种大小写形式|adj. 以纯态自然存在的|adj. 因出生而来的|adj. 原本的
native-born	adj. 出生并居住在当地的|n. 本地出生的人|adj. 本国出生的|n. 本国出生的公民
natural	adj. 自然的；天然的|n. 天生有才的人|adj. 天生的；本土的|n. 还原音|n. 还原号|n. 本色；米灰色|n. 自然卷发型|n. 未使用禁药的运动者|adv. 自然地|n. 本地人|n. 傻瓜|n. 一生；性命
naturalist	n. 博物学家|n. 自然主义哲学支持者|n. 自然主义艺术家或拥护者|adj. 自然主义的|n. 自然哲学家
naturalistic	adj. 逼真写实的|adj. 自然主义的
naturalization	n. 入籍；归化|n. 词语或习俗的本土化|n. 动植物在新环境中定居
naturally	adv. 自然地；不做作地|adv. 本来就；天生地|adv. 当然；理所当然地
nature	n. 自然界；自然秩序|n. 本性；性质|n. 某类事物；种类|n. 生命力；身体承受力|n. 身体的本能需要|n. 身体本能需要|n. 生理本能|n. 身体分泌物或排泄物|n. 女性生殖器|v. 赋予自然性质
naughty	adj. 调皮的；淘气的|adj. 带挑逗意味的；有色情暗示的|adj. 邪恶的；不道德的|adj. 糟糕的；劣质的|v. 对……实施性行为
nautical	adj. 航海的；船舶的
navajo	n. 纳瓦霍人
naval	adj. 海军的|adj. 船舶的；航运的
navigate	v. 掌握航向|v. 浏览页面|v. 设法应对|v. 替人指路|v. 驾船航行
navigation	n. 导航；航海与路线规划|n. 船舶航运|n. 界面导航|n. 寻找出路|n. 运河
navigator	n. 导航员；领航员|n. 导航设备|n. 海上探险家|n. 导航界面|n. 运河等工程的劳工
navy	adj. 海军的|n. 海军|adj. 海军蓝的|n. 海军部门|n. 海军蓝|n. 舰队
nazi	adj. 纳粹的；纳粹主义的|n. 纳粹分子；纳粹党成员|adj. 专横的；极端不宽容的|n. 纳粹主义或新纳粹主义支持者|n. 苛刻专横的人；“规则狂”
nba	abbr. 全美篮球协会（National Basketball Association）
nbac	abbr. normal butyl acetate 乙酸（正）丁酯; n-butyl-acetate 正乙酸丁酯; nonbile acid cholephils 非胆汁酸趋胆[性]; National Black Alcoholism Council 全国黑人酒精中毒委员会
nd	adj. 神经多样性相关的|n. 自然疗法医生|n. 自然灾害|n. 神经多样性|n. 武器意外走火|n. 导航显示器|n. 非衍生作品
near	adj. 空间上近的|adj. 时间将近的|adv. 在附近；临近|prep. 靠近；在附近|v. 接近；靠近|adj. 关系亲近的|adj. 亲近而重要的|adj. 接近原样或标准的|adj. 险些发生的|adj. 近似的；几乎的|adj. 靠路边一侧的（英式）|adv. 几乎；差不多
nearby	adj. 附近的|adv. 在附近|n. 最近到期的期货合约
nearly	adv. 几乎；差不多|adv. 仔细地|adv. 亲密地；紧密地|adv. 近距离地|adv. 吝啬地
neat	adj. 整洁的；干净的|adj. 纯饮的；不加混合物的|adj. 简洁雅致的|adj. 巧妙漂亮的|adj. 过分简单的|adj. 不错的；酷的|intj. 干得漂亮|intj. 不错；好啊|adj. 未加溶剂的|adj. 扣除后净得的|adj. net 的旧式形式|n. 追求优雅解法的人工智能研究者
neatly	adv. 整齐利落地；巧妙地
necessarily	adv. 必然地；不一定
necessary	adj. 必须的；必需的|adj. 不可避免的；躲不开的|adj. 受迫的；非自愿的|n. 厕所|n. 必需品；必要之物
necessitate	v. 使……成为必要|v. 迫使某人采取行动
necessity	n. 必要性；不可避免|n. 必需品|n. 急需；困窘|n. 使事情不可避免的力量|n. 生活必需品|n. 必然性；决定论|n. 紧急需要的法律理由
neck	n. 脖子；颈部|n. 衣领；领口部分|n. 瓶颈；瓶口下方的细颈|n. 其他结构中的颈部|n. 弦乐器的琴颈|n. 狭长地带；连接两片土地的地峡|n. 生命；性命|v. 亲热拥吻|v. 直径变小；出现缩颈|n. 颈部通道|n. 收窄段；缩颈处|n. 牙颈
necklace	n. 项链|n. 项链状的一串东西|n. 轮胎焚烧处决工具|v. 用轮胎焚烧处决
need	n. 需要；必要性|v. 需要|v. 必须；不必|n. 贫困；匮乏|v. 很想要；迫切需要|v. 有必要|v. 对某人来说是必要的
needle	n. 针|v. 用针刺|n. 针状物|n. 指针|n. 唱针|n. 针叶|n. 致命注射|n. 待搜索字符串|v. 逗弄；刺激|n. 临时支撑梁|n. 澳洲针尾蜻蜓|n. 体操动作
needless	adj. 不必要的；多余的|adv. 没有必要地
needlessly	adv. 无谓地；没有必要地|adv. 过度地；超过所需程度地|adv. 白白地；徒然地
needy	adj. 贫困的；缺少生活所需的|adj. 情感上过度依赖的|adj. 必需的；必要的
negative	adj. 负面的；不利的|adj. 负的；小于零的|adj. 检测阴性的；未检出的|adj. 负电的|adj. 否定的；表示否定的|adj. 悲观的；爱往坏处看的|adj. 底片的；反转影像的|adj. 不支持假设的|adj. 艾滋病毒检测阴性的|adj. 新冠检测阴性的|intj. 不；否|n. 否定；拒绝
negatively	adv. 以负面方式|adv. 回答“不”
neglect	n. 长期疏于照料|v. 忽视；疏于照料|n. 忽视行为|n. 被忽视的状态|v. 冷落；不予理会|v. 因疏忽而漏做|v. 计算中忽略
negligence	n. 疏忽；粗心大意|n. 过失侵权|n. 违反注意义务
negligible	adj. 微不足道的；可忽略不计的
negotiate	v. 协商|v. 谈妥；协商安排|v. 设法通过；应付|v. 转让权利|v. 经商；交易|v. 暗中谋划
negotiation	n. 协商；谈判过程
negotiator	n. 谈判者；协商代表|n. 外交协调者；主持人
negro	adj. 与黑人有关的|adj. 黑色或深棕色的|n. 黑人|n. 同一旧式冒犯性称呼的另一种写法|n. 黑人奴隶
neighbor	n. 邻居；邻近者|v. 与……相邻
neighborhood	n. 住所附近的社区|n. 社区居民|n. 行政或非正式街区|n. 大约的数量范围|n. 物理上的相近关系|n. 邻近或邻里关系|n. 接近；附近|n. 邻里善意|n. 拓扑空间中的邻域|n. 度量空间中的邻域|n. 可从一点直接到达的无穷小开集|n. 图中某顶点的相邻顶点集合
neighbour	n. 邻居；邻近事物|v. 与……相邻|n. 他人；身边的人|n. 相邻对象|n. 亲近的人|v. 近似；接近于|v. 亲近；密切交往
neighbourhood	n. 社区；附近一带
neighbourly	a. 邻人似的, 友好的, 睦邻的
neiman	n. 内曼（姓）
neither	adv. 也不|det. 两个都不|pron. 两者都不是
neolithic	adj. 新石器时代的|adj. Neolithic的另一拼写|adj. 极其过时的|n. 新石器时代的人
neon	adj. 霓虹般明亮的|n. 氖|n. 霓虹灯（总称）|n. 一份氖元素|n. 霓虹灯鱼
nephew	n. 侄子；外甥|n. 表亲的儿子|n. 子女的儿子（旧义）
nerve	n. 神经|n. 胆量；厚脸皮|n. 紧张不安|v. 给……勇气|n. 叶脉；木纹|n. 耐力；坚忍|n. 人的神经和心理|v. 给……力量|n. 神经元|n. 聚合物的抗永久变形性|n. 筋腱|v. 切除神经
nervous	adj. 神经的|adj. 筋腱的|adj. 叶脉明显的
nest	n. 鸟巢|n. 舒适的居处或处境|v. 筑巢或居巢|v. 安顿在家中|n. 动物或昆虫的产卵处|n. 常去的隐居处|n. 坏人藏身的窝点|n. 与父母同住的家庭|n. 武器阵地|n. 嵌套结构|n. 窝状食物底|n. 套盒
net	adj. 扣除后的净额|n. 网状物|n. 网络系统|v. 用网捕捉|adj. 纯净的|adj. 最终的|adv. 净得|n. 捕捉用的网|n. 诱捕装置|n. 陷阱|n. 球门网|n. 场地中央的球网
net-zero	adj. 抵消后净值为零|adj. 建筑或系统能源收支相等
netball	n. 七人制球类运动|n. 无挡板篮球用球
netflix	v. 用 Netflix 看影视
network	n. 相互连接的网络或系统|n. 电脑或设备组成的网络|v. 建立人脉|v. 连接电脑或设备|v. 使系统相互连接|n. 网状织物或结构|v. 在整个联播网同时播出
neural	adj. 神经的；神经系统的|adj. 神经网络式的；模仿神经元连接的
neurobiology	[医] 神经生物学
neurological	adj. 神经系统相关的；神经科的
neurologist	n. 神经科医生；神经病学家
neurology	n. 神经病学；神经系统医学|n. 神经功能异常|n. 神经系统检查结果
neuron-like	[网络] 神经元样
neuroscience	n. 神经科学
neuroscientist	[医]神经科学家：神经科学各分支的专家
neuroticism	[医] 神经过敏症
neurotransmitter	n. 神经递质
neutral	adj. 冲突中不站队|adj. 对争议双方都不支持|adj. 不正面也不负面|n. 中立状态或中立国|n. 不站队的人|adj. 客观看待，不带偏见|adj. 既无益也无害|adj. 颜色不鲜明的；灰色的|adj. 酸碱性居中|n. 仲裁者或裁判者|n. 中性色|adj. 无性别的；中性的
neutrality	n. 中立；不站队|n. 中性状态|n. 国家在战争中的中立|n. 不偏不倚的中间状态|n. 中立国家的集合
never	adv. 从不；绝不|adv. 从未；以前没有|adv. 才没有；根本没|intj. 绝不！才不！|v. 没有；没做
nevertheless	adv. 尽管如此；然而
new	adj. 刚做成的；刚出现的|adj. 新增的；新发现的|adj. 现在的；取代原来的|adj. 未使用过的；崭新的|adj. 以旧名为基础的新名称|adj. 焕然一新的；重新振作的|adj. 新生的；刚出生的|adj. 陌生的；以前不知道的|adj. 新来的；刚出现的|adj. 没有经验的；初学的|adj. 即将开始的；最近开始的|adv. 最近地；新近地
new-build	vt. 重建
newborn	adj. 刚出生的|n. 新生儿|adj. 重新诞生的
newcomer	n. 新来者|n. 新手；新加入者
newfound	adj. 新发现的；新获得的
newly	adv. 最近；刚刚
newlywed	n. 新(婚的)人, 新婚夫妇
newness	n. 崭新, 新奇, 珍奇
news	n. 新消息；新信息|n. 新闻；时事报道|n. 新闻组消息|v. 报道；公布
news-stand	书报亭; 报摊
newsletter	n. 定期通讯；简报
newspaper	n. 报纸；报刊|n. 报社；报业机构|n. 报纸印刷纸|v. 用报纸覆盖|v. 从事报业或新闻工作|v. 用报纸文章纠缠或攻击
newsprint	n. 新闻纸
newsroom	n. 新闻编辑部|n. 报刊阅览室
newsstand	n. 报摊, 报刊出售处
newsworthy	adj. 值得报道的
newton	n. 牛顿（力的单位）|n. 水果馅点心
next	adj. 相邻的；紧挨着的|adj. 下一个的；紧接着的|adv. 接下来会怎样；下一个|det. 下一个；接下来的|n. 下一个|adj. 近亲关系中的下一层；相关代理人|adv. 在紧邻处；在接下来的一项|adv. 接着；然后|det. 最近将到的；再下一个|n. 下一场；下一局|adj. 紧邻的（旧用法）|prep. 在……旁边（旧式）
next-door	adj. 隔壁的；紧挨着的
nhs	n. 美国国家历史遗址|n. 菲律宾国立高中
niagara	n. 洪流般的大量涌入|v. 洪流般涌入或倾泻|n. 尼亚加拉葡萄
nice	adj. 令人愉快；不错|adj. 友好的；讨人喜欢的|adj. 很；令人满意地|intj. 干得好！|intj. 不错；好啊|adj. 体面的；正派的|adj. 评价较高的；印象好的|adj. 得体的；讲究分寸的|adj. 精确微妙的；需要仔细判断的|adv. 友好地；规矩地|v. 以较低优先级运行进程|adj. 愚蠢的；无知的
nicely	adv. 准确地；恰当地|adv. 令人满意地；不错地|adv. 谨慎细致地
niche	n. 墙上的凹龛|n. 细分市场或专门领域|adj. 小众专门的|n. 适合的位置|n. 生态位|v. 专门定位|n. 骨灰龛|n. 礼拜毯上的朝向图案|v. 放入凹龛
nick	n. 状态、状况|v. 轻轻划伤|n. 球的轻微擦碰|n. 警察局或监狱|n. 昵称、网名|v. 偷走|v. 逮捕|n. 小缺口|n. 印刷铅字上的缺口|n. 球场墙角的小凹处|n. 水中精灵|v. 刻出缺口
nickel	n. 镍|n. 五美分硬币|n. 五美元|n. 五点牌|v. 给……镀镍|adj. 便宜的；价值低的|n. 五百美元|n. 美国五号州际公路|n. 五年徒刑|n. 五后卫防守阵型|n. 空投宣传单|v. 空投宣传单
nickname	n. 外号；别名|v. 给……取外号；给……取昵称|n. 昵称；简称
nickson	[人名] 尼克松
nicolaus	(nicolau 的复数) n. (Nicolau)人名；(意、罗、西、葡)尼古劳
niece	n. 兄弟姐妹的女儿|n. 表亲或堂亲的女儿
night	n. 夜晚；夜间|n. 某个夜晚的活动|intj. 晚安|n. 一个夜晚；住宿一晚|n. 入夜；夜幕降临|n. 黑暗|n. 深蓝色|n. 一晚的比赛或竞赛活动|v. 过夜；留宿|n. 天文学意义上的夜间|n. 法律规定的夜间
nightfall	n. 入夜；暮色降临|n. 遗精
nightmare	n. 噩梦|n. 噩梦般的糟糕经历|v. 做噩梦|n. 折磨睡眠者的恶灵|n. 睡眠中的窒息和极度焦虑感|v. 把……想象成噩梦|v. 像噩梦一样折磨
nighttime	adj. 夜间的；适合夜间的|n. 夜间；夜晚时段|adj. 夜间发生的
nikhil	n. (Nikhil)人名；(印)尼基尔
nimmons	[人名] 尼蒙斯; [地名] [美国] 尼蒙斯
nina	n. 填字游戏隐藏信息|n. 填字游戏隐藏信息|n. NINA贷款|phrase “爱尔兰人不必申请”
nine	n. 数字9|num. 九|n. 九点牌|num. 九个组成的|n. 九毫米手枪|n. 九个九的指标|n. 九人棒球队
nineteen	num. 十九；19
nineteenth	adj. 第十九的|n. 第十九个；第十九名|n. 十九分之一
ninety	num. 九十；90
ninety-nine	num. 九十九|n. 英式巧克力冰淇淋甜筒|n. 总分不超过99的纸牌游戏
nissan	n. 日产汽车
nitrogen	n. 氮元素|n. 氮气|n. 氮原子
no	adv. 不；一点也不|det. 没有任何|n. 否定或拒绝的回答|adv. 不；不是|det. 几乎没有|det. 禁止|det. 不是一个真正的；不够……|n. 反对票|adj. 常开|adv. 不|prep. 没有|prep. 像
noa	n. (Noa)人名；(英、葡)诺亚|abbr. （美）全国海洋学协会（National Oceanographic Association）；未另行授权（Not Otherwise Authorized）
nobility	n. 贵族阶层|n. 高尚品格
noble	adj. 品格高尚的|adj. 宏伟庄严的|adj. 贵族的；出身高贵的|n. 贵族|adj. 惰性的|adj. 优良酿酒葡萄的|adj. 兼具两种对称性质的|n. 英国中世纪金币
nobody	pron. 没有人|n. 无名小卒|n. 没有身体的东西
noc	abbr. 国家奥林匹克委员会（National Olympic Committee）；更改的通知单（Notice Of Change）
nod	n. 点头；点头致意|v. 点头表示同意|n. 致意；暗示|n. 提名|n. 认可；批准|v. 点头致意|v. 上下摆动|v. 打瞌睡|v. 用点头表示|v. 因疏忽而出错|v. 暗示；提及|n. 昏沉欲睡
noise	n. 噪声；嘈杂声|n. 声音；声响|n. 随机噪声|n. 信号干扰|n. 无谓的忙乱；无效活动|n. 传闻；抱怨声|n. 表态；态度性的言论|n. 随机波动|n. 基因表达的随机差异|n. 音乐；乐队|n. 噪音摇滚|v. 发出声音
noisily	adv. 吵闹地
noisiness	n. 吵闹
noisy	adj. 声音很大而扰人|adj. 充满噪声的|adj. 视觉上花哨抢眼|adj. 数据含有干扰波动
nominal	adj. 与名称有关的|adj. 名义上的|adj. 象征性地很小的|adj. 以某人名义的|adj. 名义值或近似值的|adj. 票面或名义金额的|adj. 未计复利或通胀的利率|adj. 名词性的|adj. 按计划或设计的|adj. 未扣除通胀的|n. 名词性成分|n. 数字代码或标识号
nominate	v. 提名；推荐担任|v. 预先指定目标|adj. 被命名或指定的|adj. 被点名提及的|adj. 被指定任职的|adj. 有特定名称的|adj. 名义代表性的|n. 被提名者|v. 指定为某种描述的对象|v. 命名；赋予名称
non-graduate	非毕业生
non-human	a. 非人类的, 不属于人类的
non-lawyer	n. 非律师
non-national	非国民
non-profit	a. 非营利的
non-rem	abbr. non-rapid eye movement 非快速眼睛转动，非快速眼动
non-smoker	n. 不吸烟的人|n. 禁烟车厢
non-specialist	n. 非专门人员, 非专家
non-standard	a. 不标准的, 不规范的（词、发音）
nonagricultural	a. 非农业的
noncommercial	a. 非经营的
noncommittal	a. 不明朗的, 不承担义务的
nonconformist	n. 不相信英国国教的人, 不符合通常准则的人, 不落俗套的人|a. 违反准则的, 不落俗套的, 违反规范的
noncontroversial	无争议的
nondurable	a. 不耐久的, 不经用的|n. 只供短期消费的物品, 只供短期生产用的物品
none	adv. 一点也不；丝毫不|pron. 一个也没有；没有任何一个|adv. 不太；一点也不|n. 无宗教归属者|adv. 不；不是|det. 没有任何一个|n. 第九时；第九时礼拜|n. 下午中段
noneconomic	a. 非经济的, 无实用价值的
nonetheless	adv. 尽管如此；不过还是
nonexistent	adj. 不存在的；虚构的|adj. 不存在；没有出现|n. 不存在的事物
nonhuman	a. 非人类的
nonliving	a. 无生命的,缺乏生命
nonpolitical	a. 非政治性的
nonprofit	adj. 非营利的|n. 非营利组织
nonresistant	a. 不抵抗的, 不抵抗主义者的|n. 不抵抗, 不抵抗主义者
nonsense	adj. 荒谬的；无意义的|intj. 胡说！不可能！|n. 荒唐、毫无道理的东西|n. 无意义的话；胡话|n. 不真实的说法|n. 蠢事；愚蠢的东西|adj. 无义的（遗传学）|n. 荒诞诗|n. 无功能的受损遗传序列|v. 使变得毫无意义|v. 把……当作胡说而轻视|v. 胡闹；闲混
nonsmoker	n. 不抽烟的人
nonstandard	a. 不标准的
nonstop	adj. 不停的；连续的|adv. 不停地；连续不断地|n. 不经停的旅程或航班|adj. 终止密码子失效的|n. 通宵营业的便利店|n. 非塞音；连续音
nonverbal	a. 不用语言的；不用动词的
noodle	n. 面条|n. 细长物|n. 笨蛋|n. 脑袋；大脑|n. 即兴乐段|v. 随意演奏或哼唱|v. 琢磨|v. 随意演奏|v. 漫无目的地思考|v. 随便摆弄|v. 闲混；瞎玩|n. 细长物的省略说法
noon	n. 中午|n. 顶峰；全盛时期|n. 夜半|n. 下午三点左右的第九小时|n. 阿拉伯字母ن|n. 塞内加尔西部民族|n. 该民族的语言|v. 中午休息或睡觉
nor	n. 非或运算符|n. 核仁组织区缩写
norm	n. 常态；通常情况|n. 社会规范；行为准则|n. 范数|n. 规范性命题|n. 其他数学范数|n. 国际象棋等级成绩|n. 天然存在的放射性物质|n. 非流动的老年农村男性|v. 赋予范数
normal	adj. 符合规范的|adj. 正常的；恢复平常的|n. 通常状态|adj. 统计学上的规范模式|adj. 故意自嘲为“正常”的|adj. 垂直于切线的|n. 法线；法向量|adj. 泛函分析中的规范性质|adj. 交换代数中的规范性质|adj. 师范教育的|adj. 当量浓度单位的|adj. 直链或一位取代的
normalisation	n. normalise的变形
normality	n. 正常状态；常态|n. 当量浓度|n. 接近正态分布的程度
normalization	n. 正常化；恢复正常|n. 标准化；规范化|n. 数据库规范化|n. 外交关系正常化|n. 统一执行政策|n. 统计误差校正|n. 全球模式同质化|n. 规范化生产|n. 把人为规范变成“自然”
normally	adv. 通常；一般情况下|adv. 以正常方式；照通常的样子|adv. 达到平常的程度|adv. 按正态分布地
norris	n. 诺里斯（男子名）
north	adj. 北面的；北部的|adj. 向北的|adv. 向北地|n. 北方；北面|adj. 来自北方的|adj. 超过|n. 向上的方向|n. 北方地区或北方阵营|adj. 供向北行驶的|adj. 教堂礼仪中的北侧|n. 磁铁北极|n. 教堂礼仪中的北侧
northeast	adj. 东北的|adv. 向东北|n. 东北方|adj. 朝东北的|adj. 来自东北的
northeastern	adj. 东北的；东北部的
northern	adj. 北方的；北部的|adj. 来自北方的（风）|adj. 英格兰北部的；北英格兰特色的|adj. 北英格兰特色的|n. 北方人|n. 北方狗鱼|n. 北方背景作品|n. 北方型蒸汽机车|n. 北方题材小说类型
northwest	adj. 西北的；西北部的|adv. 向西北；朝西北方向|n. 西北方；西北方向|adj. 朝向西北的；向西北的|adj. 来自西北的
northwestern	adj. 西北的；来自或朝向西北的|adj. 从西北吹来的|n. 北美西部历史题材作品
nose	n. 鼻子|n. 尖端；前端|v. 打探；窥探|n. 动物的鼻端|n. 嗅觉|n. 气味；香气|n. 发现信息的敏锐直觉|n. 打探；窥探|v. 谨慎地向前移动|v. 嗅出；察觉|v. 以微弱优势击败|n. 拼图凸起
nostalgia	n. 怀旧；怀念过去|n. 思乡；怀念熟悉的地方
nostalgic	adj. 怀旧的；令人怀念往昔的|n. 怀旧者
not	adv. 不；没有|adv. 一点也不；并非|adv. 并不；委婉地表示相反|adv. 不要；才不要那个|adv. 才不是；居然是……|intj. 才不是；开玩笑的|n. 否定；一个“不”|n. 非；逻辑否定运算|n. NOT 的另一种大小写形式
notable	adj. 显著的；值得注意的|adj. 显眼的；引人注意的|adj. 可察觉的；明显的|n. 显要人物；重要人物或事物|adj. 能干的；勤勉的|adj. 有用的；有益的
notably	adv. 尤其；明显地
note	n. 记号；注释|n. 便条；书面消息|n. 音符；音|v. 注意；留意|v. 记录；记下|n. 书面说明；文字记载|n. 书面承诺或凭据|n. 声音；音调|n. 注意；留意|n. 名声；显著地位|n. 批评意见；修改建议|v. 标示；表示
notebook	n. 笔记本；记录本|n. 交互式编程文档|n. 笔记本电脑
noteworthy	adj. 值得注意的；引人注目的|n. 值得注意的人
nothing	n. 小事；无关紧要的东西|pron. 什么都没有|adj. 无关紧要的|adj. 不用心的|intj. 没事；算了|n. 空泛的话；情话|n. 无名小卒|pron. 空无；不存在任何事物|adv. 完全不
notice	n. 注意；留意|n. 公告；告示|v. 注意到；察觉|n. 正式通知；警告|n. 离职预告|n. 评论文章；评论|n. 事先通知|n. 礼遇；尊重|v. 提及|v. 特别对待|v. 显眼；显露
noticeable	adj. 显眼的；容易察觉的|adj. 显著的；值得注意的
noticeably	adv. 明显地|adv. 明显到能察觉的程度|adv. 值得注意的是
notification	n. 具体通知|n. 系统提醒|n. 通知行为
notify	v. 通知；告知|v. 使人知晓|v. 记下；注意到
notion	n. 想法；观念|n. 看法；意见|n. 小发明；新奇小物件|n. 缝纫小用品|n. 打算；意向|n. 心智；理解力|n. 自命不凡；过分抱负
notorious	adj. 臭名昭著的|adj. 众所周知的；著名的|adj. 显赫而古老的；著名的|adv. 众所周知地；臭名昭著地
notoriously	adv. 出了名地；众所周知地
notum	n. 昆虫的背板, 动物的背部
notwithstanding	adv. 尽管如此；然而还是|prep. 尽管；不顾
noun	n. 名词|v. 使名词化|n. 广义的名词或实体词|n. 被处理的对象
nourish	v. 滋养；喂养|v. 支持；维持|v. 培养；促进|v. 珍爱；抚慰|v. 培育；教养|v. 促进生长；提供养分|n. 乳母；抚养者|v. 得到滋养；摄取营养
nova	n. 突然变亮的恒星|n. 烟熏鲑鱼|n. 车辆到达通知|n. 神经肿瘤学抗原
novel	adj. 新出现的；前所未有的|adj. 新颖而引人注意的|n. 小说|n. 短故事；寓言|n. 新事物|n. 古罗马新法律
novelist	n. 小说家|n. 创新者（旧义）
novelty	adj. 新奇展示型的|n. 新鲜感；新奇性|n. 新产品；创新|n. 新奇小饰品；小玩意儿|n. 理论中的新变化|n. 棋局中的新招
november	n. 字母N的通信代号
now	adv. 现在；此刻|n. 现在；当下|adj. 当前的；现今的|adj. 时髦的；当下流行的|adv. 那么；话说回来|adv. 如今；现在已经|adv. 这时；接着|adv. 现在就；赶紧|adv. 在这个固定时段|adv. 现在倒是；你现在却|adv. 时而；一会儿……一会儿……|intj. 开始！现在行动！
nowadays	adv. 如今；现在
nowhere	adv. 哪里都没有|adv. 没有去处；毫无进展|n. 无名之地；没有特定去处|adj. 无足轻重的
nrc	n. 非稻作物|adj. 不建议儿童观看
nuance	n. 微妙层次；细腻之处|n. 细微区别|v. 使更细腻；细微调整
nuclear	adj. 原子核的|adj. 核能的|adj. 核武器的|adj. 拥有核武器的|adj. 极端而后果严重的|adj. 细胞核的|adj. 核心家庭的|n. 核能；核电|n. 核武器|adj. 中心的；核心的
nucleus	n. 核心；中心部分|n. 最初基础；雏形|n. 原子核|n. 细胞核|n. 神经核团|n. 音节核心
nudge	n. 轻轻一推|v. 轻推以提醒或示意|n. 即时消息提醒|n. 温和助推|v. 接近某个数值或目标|v. 使稍微移动或改变|n. 老虎机转轮转一格
nuisance	n. 麻烦；不便|n. 讨厌的人或东西|n. 法律上的妨害
numb	adj. 失去身体知觉|v. 使身体或情绪麻木|adj. 情绪变得麻木|v. 减弱痛苦等感觉|v. 使头脑变迟钝|v. 自行变得麻木|adj. 愚钝的|adj. 使人麻木的
number	n. 数量|n. 数；数量概念|n. 数字；数码|v. 数到；总数达到|v. 编号|n. 数学中的数|n. 序号|n. 编号；登记号码|n. 电话号码|n. 数的形式|n. 节目；表演项目|n. 大量；数量优势
numerical	adj. 与数字或数值有关的|adj. 完全相同的；正是同一个
numerically	adv. 在数量上|adv. 从数字来看
numerous	adj. 数量很多|adj. 由许多个体或部分组成|det. 许多……
nurse	n. 护士|v. 护理；照料|n. 照料病人的人|n. 照料儿童的人|n. 培育者；促进成长者|v. 给婴儿哺乳|v. 吃奶；接受哺乳|v. 细心养护|v. 谨慎经营；精打细算地管理|v. 慢慢喝|v. 耿耿于怀；长期怀有|v. 抱在怀里
nursery	n. 育儿室；托儿场所|n. 孕育某物的地方|n. 英国英语中的托儿所或幼儿班|n. 菲律宾英语中的儿童照料场所|n. 苗圃；培育场|n. 培养人的环境或机构|n. 一种台球撞球法的简称|n. 受哺育者；被抚养者|n. 哺育；抚养
nursing	n. 哺乳；母乳喂养|n. 护理工作；护理职业|v. 正在哺乳；喂养|adj. 哺乳中的|adj. 护理的；护士的
nurture	n. 滋养；照料|n. 后天环境与教养|v. 养育；滋养|v. 培育；促进发展|n. 培育；促进发展|n. 滋养物；食物
nut	n. 坚果；硬壳种子|n. 螺母|n. 疯子；鲁莽的人|v. 采集坚果|n. 严格意义上的坚果|n. 脑袋|n. 狂热爱好者|n. 维持经营的月度开支|n. 启动资金；设立成本|intj. 不|n. 过分讲究时髦的年轻男子|n. 男性生殖器相关义
nutrient	adj. 有营养的|n. 营养物质
nutrition	n. 营养过程|n. 滋养；养分
nutritional	adj. 营养的；与营养有关的
nyc	adj. “nice”的非标准拼写
nylon	n. 尼龙；一种合成聚合物材料|n. 丝袜|n. 靠礼遇而非功绩获任命的法律顾问
nz	n. 多个 new zaïre
o	n. 字母 O|n. 零的口头读法|adj. over 的截短形式|adj. 加糖、不加炼乳的|n. 网络聊天中的操作员缩写|n. 句法中的宾语缩写|n. 呈 O 形的东西|n. O 型血|adj. 道德审查分类的缩写|adj. 正统派的缩写|n. 呼唤用的感叹词|n. 八开本的出版缩写
o'clock	adv. ……点整|adv. 该……的时候了|adv. 钟面方向的……点钟方向
oak	adj. 橡木制的|n. 橡树|n. 橡木|adj. 橡木棕色的|n. 橡木色|n. 栎属树木|n. 橡木风味|v. 用橡木处理葡萄酒|n. 类似橡树的树|n. 学院房间的外门
oar	n. 船桨|n. 划船者|n. 桨状游泳器官|n. 原始画面宽高比|v. 划船；划行
oath	n. 庄严誓言|n. 誓言确认的声明|n. 带亵渎意味的感叹|n. 脏话；诅咒语|v. 发誓
obamacare	奥巴马医改计划
obedience	n. 服从；遵从|n. 受权威管辖的人群|n. 宗教团体上级发出的书面命令|n. 修道院院长管辖下的正式职位
obedient	adj. 听话的；服从的|n. 服从者
obese	adj. 肥胖的|n. 肥胖者
obesity	n. 肥胖；肥胖状态
obey	v. 服从；遵守|v. 服从；听从安排|v. 遵从；服从
object	n. 物体|n. 目标；目的|v. 反对；提出异议|n. 宾语|n. 情感或关注的对象|n. 面向对象程序中的对象|n. 范畴论中的对象|n. 景象；外观|v. 提出指控或反驳理由|v. 置于对立面；使对抗
objection	intj. 法庭异议！|n. 反对意见；反对理由|n. 提出反对的行为|n. 法庭正式异议
objectionable	adj. 令人反感的；不可接受的
objective	adj. 不带偏见的|adj. 基于事实的|n. 目标|adj. 客观存在的|n. 物体|n. 物镜|adj. 宾语的|adj. 表示动作对象的|n. 宾格|n. 宾语形式
objectively	adv. 客观地；公正地|adv. 确实；毫无疑问地
objectiveness	n. 客观, 客观性
objectivity	n. 客观性；公正|n. 客观现实
obligation	n. 建立约束关系|n. 必须履行的责任或义务|n. 因约束而必须采取的做法|n. 受惠后的感恩与亏欠感|n. 规定义务的法律协议或文书
oblige	v. 使不得不；迫使承担义务|v. 帮某人一个忙|v. 欠某人的情；感谢某人
obscene	adj. 违背体面和道德|adj. 淫秽下流|adj. 令人厌恶|adj. 过分得离谱|adj. 可能败坏人的道德|v. 以淫秽方式冒犯
obscure	adj. 昏暗；模糊|adj. 难懂的；晦涩的|v. 使模糊；遮暗；掩盖|adj. 隐蔽的；不显眼的|adj. 不出名的；鲜为人知的|adj. 不明的；不确定的|v. 遮住；挡住|v. 隐藏自己
observable	adj. 可观察到的|adj. 值得注意的|n. 可直接观测的物理量
observation	n. 观察；观察状态|n. 观察记录|n. 评论；话语|n. 观察所得的判断|n. 持续观察制度；留观状态|n. 遵守；履行规定|n. 一次观测值
observatory	n. 天文台；观测站|n. 观景台；瞭望处
observe	v. 仔细观察；注意到|v. 遵守；遵循|v. 纪念节日；遵循历法|v. 评论；指出|n. 评论；看法
observer	n. 观察者；留意情况的人|n. 观察员；监督代表|n. 遵守或奉行规则的人|n. 观察员身份；有限参与的成员|n. 飞机上的观察员|n. 观察哨人员
obsess	v. 被某事占据心思|v. 占满某人的思想|v. 反复想着或谈论
obsessed	adj. 痴迷于；满脑子都是|adj. 受邪灵影响的
obsession	n. 执着状态|n. 挥之不去的念头|n. 令人沉迷的事物|n. 邪灵的外在影响
obsolete	adj. 过时的；弃用的|v. 使过时；使弃用|adj. 不明显的|n. 过时的人或物
obstacle	n. 障碍；阻碍
obstruct	v. 堵住通道|v. 妨碍进展|v. 挡住视线
obstruction	n. 阻碍；受阻状态|n. 障碍物；妨碍行动的人或事|n. 身体机能受阻
obtain	v. 取得；获得|v. 成立；有效；存在|v. 促成某事实现|v. 获胜；成功|v. 持有；占有
obtainable	adj. 可获得的；能弄到的
obvious	adj. 明显的；显而易见的
obviously	adv. 显然；明显地|adv. 口语填充语；顺带说
occasion	n. 机会；时机|n. 发生某事的时刻；这一次|n. 特殊场合；特别活动|n. 缘由；引发反应的情况|n. 一次；某次经历|v. 引起；造成|n. 原因；起因|n. 事件；事情|n. 需要；必要性|n. 理由；借口；动机
occasional	adj. 偶尔的；不常发生的|adj. 为特定场合而作的|adj. 按需要使用的；备用的|adj. 偶尔担任某角色的|n. 偶尔做某事的人
occasionally	adv. 偶尔；有时|adv. 碰巧地；偶然地|adv. 顺带地；附带地
occupation	n. 职业；工作|n. 军事占领|n. 占用；占据
occupy	v. 占用时间或资源|v. 占据空间或地点|v. 与……发生性关系（过时）|v. 经营或忙于（过时）|v. 使用或耗用（过时）
occur	v. 发生；发生在|v. 想到；出现在脑海中|v. 出现；发生|v. 存在于；分布在
occurrence	n. 一次实际发生的事件|n. 语言学中的事件展开性质
ocean	n. 海洋|n. 海水|n. 无边无际的一大片|n. 海洋蓝
oceanic	adj. 与海洋有关的|adj. 生活在海洋中或由海洋产生的|adj. 像海洋一样辽阔的|adj. 海洋性气候的|adj. 大洋洲的|adj. 大洋语支的
oceanographer	n. 海洋学家
octavia	n. 奥克塔维亚（女子名）
october	n. 十月酿的啤酒|v. 以革命色彩的名字命名
odd	adj. 奇怪的；不寻常的|adj. 不成对的；落单的|adj. 成组后剩下的；落单的|adj. 奇数的|adj. 零星剩下的；少量的|adj. 零星的；偶尔的|adj. 零散的；临时的|adj. 用于杂务的|adj. 奇数编号的|adj. 大约多于；几……|adj. 偏僻的；人迹罕至的|n. 剩余的零散物品
odds	n. 相对可能性|n. 下注赔率|n. 让子或让时
odor	n. 气味|n. 弥漫的气息；意味|n. 声望；受尊敬的地位|n. 香料；香品
odour	n. 气味, 臭气, 香气, 味道, 迹象, 名誉, 声誉
of	prep. 表示离开或从……出来|prep. 来自；具有……的来源|prep. 由……制成|prep. 属于；……的|prep. （固定短语中）在……以来|prep. 距……有多远|prep. 使摆脱或解除|prep. 因……而；死于……|prep. 对……感到；厌烦……|prep. 被……；对……有某种态度|prep. 由……；经……同意|prep. 某人做某事很……
ofa	n. 逮捕令缩写
ofc	adv. 当然；那还用说|adv. 当然了；那当然|n. 原创女性角色|n. 警官；军官|n. 无氧铜|n. 眶额皮层
ofd	[医][=occipitofrontal diameter]枕额径
off	adj. 关闭的；停止运作的|adv. 向外；离开|prep. 离开表面或位置|v. 关掉设备|adj. 取消的；不举行的|adj. 脱下的；没有穿着的|adj. 不准确的；不对的|adj. 不妥的；不对劲的|adj. 变质的|adj. 处境……的|adj. 已出发的|adj. 暂时不上班或不上学的
off-plan	adj. 未建成即预售的房产|adv. 以期房方式
off-the-cuff	adj. 未经准备的；即兴的
offend	v. 冒犯；惹怒|v. 感到被冒犯|v. 使身体感到疼痛或不适|v. 使人烦恼或不适|v. 违反法律或道德要求|v. 犯罪；违背神的律法|v. 使跌倒；使犯罪或堕落
offensive	adj. 令人冒犯的|adj. 进攻性的|n. 进攻|adj. 进攻方的|n. 进攻姿态
offer	n. 提议；条件|v. 主动提出做某事|v. 提出意见或建议|v. 提供给某人选择|n. 出价；报价|v. 提供；带来|v. 出价；开出报酬|n. 法律要约|n. 执行移除动作的人|v. 向神献上；献祭|v. 试放到位|v. 出现；发生
offering	n. 提供；提出这一动作|v. 正在提供；正在提出
office	n. 负责某事的职务|n. 公职或高级职位|n. 办公室或办公场所|n. 办公软件套装|n. 职责或任务|n. 帮助或善意|n. 办公场所|n. 诊所或医生办公室（美国）|n. 办公室全体人员|n. 行政部门或办事机构|n. 政府部门（英式用法）|n. 某地的分支办公室
officer	n. 官员；军警人员|n. 对警察等官员的礼貌称呼|n. 公职人员|n. 受权办事的代表|n. 军官|v. 配备官员|v. 以官员身份指挥
official	adj. 官方发布的|adj. 获授权的|n. 官员；裁判|adj. 职务或机构相关的|adj. 正式认定的|adj. 确定无疑的|adj. 药典认可的|adj. 履行职能的|adj. 与办事人员有关的|adj. 教会司法官的|adj. 列入国家药典的
officially	adv. 正式地；按官方规定|adv. 算是；简直已经完全
offline	adj. 未联网的|adj. 线下的；现实中的|adv. 离线地|adv. 私下地；会后另行地|v. 使系统离线|v. 趁玩家不在线袭击基地
offload	n. 卸下或转移负载|v. 卸下货物|v. 把工作或问题转交出去|n. 橄榄球中的摆脱传球|v. 橄榄球中传球|v. 因无空位而拒绝候补乘客|v. 把已办理值机改为开放状态
offset	n. 抵消物；补偿|v. 抵消；补偿|n. 起初；开始时|n. 胶印；胶版印刷|n. 地址偏移量|n. 错位；偏移|v. 使错开；使不对齐|adj. 不在片场的|adv. 在片场之外|n. 国际贸易补偿安排|n. 信号基线偏移|n. 垂直偏距
offshore	adj. 位于海岸外的|adj. 设在国外的；境外的|adv. 向海上；离岸地|v. 将业务转移到国外|adj. 向海岸外移动的|adv. 在离岸处|n. 离岸海域|n. 离岸岛屿或陆地|n. 境外对象
offspring	n. 子女；孩子|n. 后代；子孙|n. 幼体；幼苗；后代个体|n. 成果；产物|n. 子过程；派生过程
often	adv. 经常；常常|adj. 频繁的（过时）
oftentimes	adv. 经常；常常
oh	intj. 惊讶|intj. 赞叹、惊叹|intj. 明白、意识到|intj. 不耐烦地引出话|intj. 补充提醒|intj. 呼唤或感叹|intj. 疼痛反应|intj. 轻微怀疑|n. 另一半|n. 偷听到的内容|n. 办公时间|n. 一声“OH”
oil	n. 液态脂肪|n. 石油|v. 给……加润滑油|n. 燃油或润滑油|n. 油画|n. 油画颜料|v. 用油烹调|v. 用油供能|n. 氧碘激光缩写|v. 油滑地说
ok	adj. 可以；没问题|intj. 好；知道了|v. 批准；接受|adj. 还可以；尚可|adj. 接受；愿意|adj. 没事；状态良好|adj. ok 的写法|adv. 做得还可以|intj. 确认；关闭|intj. 好，那么|intj. 好了，先听我说|intj. 行吧（讽刺）
okay	a. 好, 可以, 行, 对, 好吗, 很好|adv. 好, 可以, 行, 对, 好吗, 很好|n. 同意, 签认, 批准, 认可|vt. 同意, 签认, 批准, 认可
olaf	n. 奥拉夫（男子名）
old	adj. 老的；古老的|adj. ……岁；年龄为……|adj. 以前的；过去的|adj. 用旧的；不再新的|adj. 以前的；旧时的|adj. 听腻的；令人厌烦的|adj. 褪色的；沉暗的|adj. 很；十足的（强调）|adj. 老……；亲爱的……|n. 老年人；老一辈|n. 年长者；大人|n. 父母
old-fashioned	adj. 老式的；过时的|n. 老式鸡尾酒|adj. 守旧的；偏爱旧习俗的|n. 老式甜甜圈
old-fashionedness	[网络] 旧时尚
old-hat	老旧的；陈腐的
old-world	adj. 古代的；昔日的
olduvai	[地名] [坦桑尼亚] 奥杜瓦伊
olive	n. 橄榄树|n. 橄榄果|adj. 橄榄色的|n. 橄榄木|n. 橄榄色|n. 卷肉|n. 橄榄体|n. 管道密封环|n. 橄榄螺贝壳|n. 蛎鹬
olympiad	n. (四年一次的)奥林匹克世界运动大会, 四年周期
olympian	adj. 奥林匹斯山或诸神的|adj. 现代奥运会的|n. 奥林匹斯主神|n. 奥运会运动员|adj. 像神一样卓越的|adj. 古代奥林匹克运动会的|n. 卓越非凡的人|adj. 奥林匹亚城的|n. 柏勒丰的天界神祇|n. 奥林匹亚市居民|n. 古代奥运会运动员
olympic	adj. 奥林匹克运动会的；与奥运会有关的|n. 板球中的连续五次零分|adj. 奥林匹斯山的|adj. 奥林匹亚城的
omission	n. 省略；不提及|n. 未履行应做之事|n. 遗漏之处；被删内容|n. 疏忽；未做之事|n. 字母省略
omit	v. 省略；不包括|v. 漏做某事|v. 删去（条款等）|v. 忽略；不理会
omnivore	n. 不偏食的人, 杂食动物
on	adj. 开着；运转中|adv. 开启；使运转|prep. 在……上|v. 打开；开启|adj. 正在发生|adj. 赌约成立|adj. 穿着；戴着|adj. 合适；可接受|adj. 可行|adj. 故意保持夸张状态|adv. 套上；盖上|adv. 继续向前
on-demand	请求式
onb	[医][=o-nitrobiphenyl]邻-硝基联苯
once	adv. 一次；曾经一次|adv. 曾经；从前|n. TWICE 粉丝|adv. 在任何时候；曾经|adv. 有一天；将来某天|adv. 一倍|n. 重量单位的过时写法
oncogene	[化] 致癌基因
oncologist	n. 肿瘤学家；肿瘤科医生
oncoming	adj. 迎面而来的；正在靠近的|n. 到来；开始|v. oncome 的现在分词和动名词
ond	abbr. <英>国家正式毕业证书
one	adj. 一个；某个|adj. 唯一的|det. 一个|n. 数字一|num. 一；1|pron. 其中一个|adj. 某一天的|adj. 整体的；完整的|adj. 意见一致的|adj. 相同的；同一种的|det. 非常；不得了的|n. 一个；一些同类物
one-click	adj. （电脑）按一下鼠标就可进入画面的
one-half	n. 二分之一；一半|n. 半幅便笺纸
one-parent	a. 单亲的, 只有父亲(或母亲)的
one-quarter	num. 四分之一
one-shot	adj. 一次即可奏效的|adj. 仅发生一次的|n. 非系列的单次作品|n. 一次性的事物|adj. 单发的|n. 人物正面对镜头的单人镜头|n. 不循环播放的音乐采样|n. 单次出场|n. 单独销售的产品|adj. 每次都完整执行的|adj. 单次观察的|n. 单稳态多谐振荡器
one-sixth	n. 六分之一
one-size-fits-all	adj. 一刀切的；不顾差异的|adj. 适合多种体型的单一尺码
one-third	n. 三分之一
one-way	adj. 单向的|adj. 单程的|adj. 难以反推的|v. 用单向犁耙耕地
onerous	adj. 沉重难担的
oneself	pron. 自己；本人
onetime	a. 从前的, 一度的|adv. 从前, 一度
ongoing	adj. 持续的；长期进行的|adj. 正在进行中的|n. 进行中的事情|v. ongo 的现在分词或动名词
onion	n. 洋葱植物|n. 洋葱头；洋葱鳞茎|n. 葱属植物|n. 一盎司（俚语）|n. 球（过时俚语）|n. 怀表印章饰物|n. 百慕大居民|n. 大豆（网络俚语）|n. 百慕大人
online	adj. 联网的；接入系统的|adj. 网上提供的|adv. 在线地；联网时|adj. 连接到互联网的|adj. 电脑系统中可用的|adj. 运行中的；已启用的|v. 使上线；使运行|adj. 沉浸于网络文化的
only	adj. 唯一的|adv. 只；仅限于|adv. 仅仅；不过|adj. 唯一的孩子|adv. 直到刚刚|adv. 只是合理地；正好应该|adv. 结果却|n. 独生子女|adj. 最好的|adj. 仅仅的|adv. 竟然；居然|adv. 尤其；最为
onscreen	adj. 屏幕上的；影视中的|adv. 在屏幕上；出现在画面中
onto	prep. 移动到……上|prep. 察觉到……的秘密或计划|adj. 满射的|prep. 映射到整个陪域
onward	adj. 向前推进的|adv. 向前；继续前进|adj. 发展到后面的|v. 继续推进|v. 转交；转发
onwards	adv. 继续向前|v. 向前推进（动词形式）
opaque	adj. 不透光的|adj. 不透明的|adj. 含混难懂的|n. 不透光的材料|adj. 迟钝的|adj. 内部表示不可见的|n. 黑暗之处|v. 使不透明
open	adj. 敞开的；没有遮挡的|adj. 公开的；不隐瞒的|v. 打开；变得敞开|v. 开始；拉开序幕|adj. 敞口的；未覆盖的|adj. 可使用的；已启用的|adj. 愿意接受的|adj. 文档处于打开状态|adj. 应用程序正在运行|adj. 公开发表的|adj. 未解决的；未定案的|adj. 尚未完成的；待处理的
open-mindedness	n. 开放心态
open-source	adj. 开源的；源代码公开的|v. 将源代码开源|adj. 制作方法公开的|adj. 利用公开资料的
opening	adj. 开头的；开场的|n. 打开；开放|n. 开口；入口；空隙|n. 开始；开幕|n. 开场活动；开业场合|n. 职位空缺|n. 机会；可乘之机|v. 正在打开；打开这件事|adj. 板球开局阶段的|adj. 板球开局球员的|n. 形态学开运算
openly	adv. 公开地；显而易见地
openness	n. 对新事物的开放与包容|n. 坦诚与透明|n. 开放程度|n. 可访问、使用和修改的开放性|n. 系统边界中的交换性
opera	n. 歌剧作品|n. 歌剧艺术与体裁|n. 歌剧乐谱|n. 歌剧院|n. 歌剧团|n. 夸张的闹剧
operable	a. 可操作的, 可实施的, 可手术治疗的
operant	n. 发生作用之人或物, 工作之人或物|a. 动作的
operate	v. 操作；使运转|v. 运转；起作用；行动|v. 产生作用|v. 造成；促成|v. 做手术|v. 进行投机交易
operation	n. 机器或系统的运作方式|n. 有计划的一次行动|n. 外科手术|n. 做事或运行的方式|n. 产生作用或施加影响的过程|n. 企业或组织的业务|n. 对数值进行的运算|n. 军事行动或战役|n. 形式化定义的运算|n. 产生的效果或影响
operational	adj. 与运作或执行有关的|adj. 已启动并可使用的|adj. 有效并开始发挥作用的|adj. 按实际可测标准界定的
operative	adj. 关键的；起决定作用的|adj. 能运转的；可使用的|adj. 能产生作用的；有实际影响的|adj. 有效的；能产生预期效果的|n. 工作人员；操作人员|n. 特工；秘密行动人员|n. 行动参与者|adj. 手术的；与外科手术有关的
operator	n. 操作员；运营者|n. 电话接线员|n. 精于办事的人；老手|n. 数学算子|n. 频道或网络管理员|n. 编程运算符|n. 公交车司机|n. 矿山运营公司|n. 特种作战人员|n. 传话游戏|n. 语言学算子|n. 骗子；窃贼
opinion	n. 看法；意见|n. 对人的评价|n. 正式意见；裁决|n. 声望；好评|n. 固执己见|n. 欧盟法院法律意见|v. 持有或表达看法
opponent	n. 对手；反对者|adj. 对立的；反对的|adj. 位于对面的|n. 辩论中的对方
opportunity	n. 发展或获益的机会|n. 做某事的有利时机|n. 时机的恰当性
oppose	v. 抵抗；阻止|v. 反对；表示异议|v. 使相对；形成对照|v. 置于对面；当面展示
opposite	adj. 对面的；正对着的|adj. 完全不同的；相反的|prep. 在……对面|adj. 相反方向的|adj. 互为对立一方的|adv. 在对面；相对地|n. 相反的事物；相反一面|n. 完全相反的人或事物|n. 对手；对方|n. 反义词|prep. 与……搭档对戏|adj. （植物的叶或花）对生的
opposition	n. 反对；对立|n. 反对党；反对派|n. 相反的位置；对立|n. 天文学中的冲|n. 商标或专利异议程序|n. 国际象棋中的对王位置|n. 命题对立
oppress	v. 压迫；以不公正力量压制|v. 使人郁闷；使心情沉重|v. 压住；闷住或压碎|v. 性侵；强奸
oppression	n. 残酷或不公的压迫|n. 压迫行为或受压迫的状态|n. 压抑感
oppressive	adj. 难以承受的|adj. 专横压迫的|adj. 令人喘不过气的|adj. 闷热潮湿的
oprah	v. 登上奥普拉的节目
opt	v. 选择
optical	adj. 视觉的；视力方面的|adj. 帮助视觉的；光学仪器的|adj. 光学的|adj. 可见光的|adj. 使用光感应装置的|n. 影视特殊视觉效果
optimism	n. 乐观态度|n. 世界本质上最好|n. 相信善最终胜过恶
optimist	n. 乐观的人|n. 乐观主义的信奉者|n. 儿童训练帆船
optimistic	adj. 乐观的；抱乐好期待的|adj. 乐观并发的
optimize	v. 使达到最佳状态|v. 提高效率|v. 变得最佳|v. 表现得乐观
optimum	adj. 最佳的；最有利的|n. 最佳状态；最佳程度或数量|n. 气候适宜期
option	n. 可选方案|n. 选择权|n. 期权；选择购买或出售的合同权利|v. 购买改编或交易选择权|n. 选择国籍的法律权利|v. 按设置配置
optional	adj. 可选的；非必需的|n. 非必修项目；选修课|n. 可选值类型
optionally	adv. 可选择地；非强制地
opus	n. 音乐作品编号|n. 艺术作品；代表作
or	n. 逻辑“或”运算|n. 手术室缩写|n. 运筹学缩写|adj. 纹章中的金色|adv. 早些时候|adv. 此前|n. 纹章中的金色|n. 正式收据缩写|n. 奥运纪录缩写|n. 气味受体缩写|n. 嗅觉受体缩写|n. 原创研究缩写
oral	adj. 口腔的；与嘴有关的|adj. 口头的；非书面的|n. 口试；口头考试|n. 口腔检查|n. 口交的非正式简称|n. 口服类固醇的简称
orally	adv. 口服；经口|adv. 口头地；以口头方式
orange	adj. 橙色的|n. 橙子|n. 橙色|n. 橙树|n. 橙味饮品|n. 某种橙味饮品|v. 染成橙色|v. 变成橙色|adj. 与奥兰治会有关的|n. 不常见的橙味饮品称呼|n. 橙色圆形徽章
orb	n. 球体；天体|n. 古代观念中的天球|n. 球形建筑装饰|n. 天体轨道|n. 轨道周期|n. 眼睛|n. 旋转的圆形物体|n. 活动范围|n. 王权宝球|n. 闪光照片中的透明圆球|n. 环形防御队形|n. 占星术中的容许偏差
orbit	n. 运行轨道|n. 影响圈|v. 绕着运行|v. 围绕……展开|n. 绕行状态|n. 眼窝|n. 情绪或活动爆发|v. 在附近围着活动|v. 转圈|n. 弹珠球运行轨迹|n. 动力系统轨道|n. 群作用轨道
orbital	adj. 轨道的；绕轨道运行的|n. 电子轨道|adj. 眼眶的|adj. 环城的|n. 环城公路（英国英语简称）|n. 轨道式打磨机
orc	n. 奇幻类人怪物|n. 俄罗斯士兵或帮派成员的贬称|n. 凶猛海兽；虎鲸|n. 俄罗斯人的侮辱性称呼|n. 奇异射电圆|n. 有组织的零售犯罪|n. 复制起始复合体
orchard	n. 果园|n. 果园里的树木
orchestra	n. 管弦乐团|n. 乐池；乐手演奏区|n. 古希腊剧场的舞台前场地
orchestral	adj. 管弦乐团的；管弦乐的|n. 管弦乐演出
orchestrate	v. 编管弦乐曲
order	n. 顺序|n. 命令|n. 订单；订购请求|v. 订购商品或服务|n. 排列中的位置|n. 井然有序的状态|n. 秩序|n. 宗教团体|n. 共同体；团体|n. 等级；阶层|n. 付款或财产支付指令|v. 按顺序排列
orderly	adj. 整齐的；井然有序的|adj. 有条理的；系统的|adj. 守秩序的；平和的|n. 医院护理员；医疗勤务员|n. 军官勤务兵；传令员|adj. 值勤的；执行传令或勤务的|adv. 有条理地；妥当地|adv. 依次地；按顺序地
ordinary	adj. 平常的；惯常的|adj. 普通的；平凡的|n. 常规权威；有权处理事务的人|n. 天主教固定礼仪书|n. 弥撒固定部分|adj. 有常规司法管辖权的|adj. 差劲的；糟糕的|n. 旧称的权威或命令|n. 历史上的宗教权威|n. 常规事项或普通事物|n. 旧时的常规场所或事务|n. 古旧语境中的日常聚会场所
ore	n. 矿石|n. 中世纪英国货币单位|n. 海藻|n. 莱明斯特细羊毛|prep. over 的过时形式
org	n. 组织；机构
organ	n. 身体器官|n. 管风琴|n. 组织职能部门|n. 机构刊物|n. 柱状仙人掌|n. 政府机关|n. 男性生殖器|n. 器具；装置|n. 排枪炮|v. 装上器官
organic	adj. 与生命体有关的|adj. 有机种植的|adj. 自然渐进形成的|adj. 器官性的|adj. 有机化学的|adj. 自然搜索产生的|adj. 协调完整的|n. 有机化合物|n. 有机食品|adj. 有机团结的|adj. 建制内编制的|adj. 作为工具的
organisation	n. 组织；机构（拼写变体）
organise	v. 组织；安排
organism	n. 生物；有机体|n. 有机系统；统一运作的整体|n. 有机性
organization	n. 条理；组织性|n. 编排；结构|n. 正式组织；机构|n. 合作团体|n. 球队体系
organizational	adj. 组织方面的；组织结构的|adj. 安排整理方面的
organize	v. 安排整理|v. 建立结构|v. 组织起来|v. 赋予有机结构|v. 编排声部
orient	n. 东方|v. 使熟悉并适应|v. 使朝向某方|v. 弄清自己面对的方向|v. 使面向某一群体|v. 转向某个方向|adj. 东方升起的|adj. 晨曦般明亮的|adj. 东方的|adj. 珠光灿烂的|n. 东方珍珠|n. 珍珠的光泽
oriental	adj. 珍珠光泽极佳的|adj. 东方地区的|adj. 大写变体|adj. 东方香烟草的|n. 大写变体|n. 珍珠等宝石|adj. 日出前东方天空的|adj. 某地东部的|n. 东方人（过时且可能冒犯）|n. 东方百合品种|n. 某地东部的人（古旧）
orientation	n. 实际朝向|n. 倾向或方向|n. 适应新环境|n. 位置的确定|n. 辨认方向的能力|n. 新环境介绍|n. 新生入学介绍|n. 页面方向|n. 教堂朝东布局|n. 性取向|n. 向量空间定向|n. 曲线或曲面的定向
origin	n. 起源；开端|n. 来源；源头|n. 坐标原点|n. 坐标基准点|n. 祖先；出身来源|n. 肌肉起点
original	adj. 最初的；原来的|adj. 原版的；原件的|adj. 原创的|n. 原件；原作|adj. 新颖独特的|adj. 开创性的；早期的|adj. 源自某地或某时的|adj. 原味咸味的|n. 独特的人；有创意的人|n. 古怪的人|n. 设计师新设计的服装|n. 隐睾公马
originally	adv. 起初；原本|adv. 独创地；以新颖的方式
originate	v. 发起；创造|v. 起源于；来自|adj. 源自……的
orin	奥林（男子名）
ornament	n. 装饰物；装饰|v. 装饰；点缀|n. 圣诞树装饰品|n. 音乐装饰音|v. 增添华饰性内容|n. 宗教礼仪用品|n. 生物的装饰性特征
ornate	adj. 装饰繁复的|adj. 花哨炫目的|adj. 文风华美的|v. 装饰；尊崇
orphan	adj. 失去父母的|n. 孤儿|adj. 失去支持的|n. 被永久遗弃的人|n. 失去母亲的幼兽|n. 无人支持的事物|v. 使成为孤儿|n. 页末孤行|n. 无引用对象|v. 使对象失去最后引用
orthodox	adj. 正统的；符合教义的|adj. 传统的；循规蹈矩的|adj. 东正教的|adj. 正统派犹太教的|adj. 东正教各教会的|adj. 某一正教会的|adj. 正统派犹太教的|adj. 可长期保存的|adj. 正统派贵格会的|n. 东正教徒|n. 正统派犹太教徒
ostrich	n. 鸵鸟|n. 逃避现实的人|n. 美洲鸵|n. 高尔夫五杆低于标准杆
other	adj. 见下列限定词用法|adj. 第二个；隔一个|det. 另一个；其他的|n. 另一个人或物；其他人|n. 两者中的另一个|adj. 异类的；像外人的|adj. 截然不同的|v. 视为外人|v. 区别对待；排斥|adj. 左边的|adv. 否则
otherwise	adv. 以另一种方式|adv. 否则；要不然|adj. 不同；相反|adv. 除此之外
ought	v. 应该；有义务|v. 最好；应当采取更稳妥的做法|v. 应该会令人满意；值得|v. 按预期应该会；很可能|n. 应然；应该如此的状态|v. owe 的过时过去式
ounce	n. 常衡盎司|n. 一丁点|n. 金衡盎司|n. 美国液量盎司|n. 英国英制液量盎司|n. 大型野猫|n. 雪豹|n. 传说中的凶猛美洲狮类动物
our	det. 不包括听话人的“我们的”|det. 包括听话人的“我们的”|det. 属于所属机构、国家或群体的|det. 人类共同的|det. 对一群听话人说“大家的”|det. 对单个被照料者说“你的”|det. 把听众带入说话人的活动|det. 照料第三者时说“他的／她的”|det. 称呼亲近的家人或朋友|v. are 的误拼
ours	pron. 属于我们的|pron. 属于我们所属的群体|pron. 属于人们共同的|pron. 属于在场所有人的|pron. 对单个听话人的亲昵式“你的”|pron. 我们这一方的成果或做法|pron. 我们家
ourselves	pron. 我们自己（反身）|pron. 我们亲自；就是我们自己|pron. 大家；你们大家（口语）|pron. 您本人；你这个人（口语）
out	adj. 在外面|adv. 向外；出来|prep. 从……里面出来|v. 出来；显露|adj. 不在场|adj. 出局；不再有效|adj. 不予考虑|adj. 停止供应或运行|adj. 熄灭|adj. 停课；不营业|adj. 公开身份|adj. 公开身份（特定语境）
out-of-control	[计] 失控|[化] 失控
out-of-state	adj. 外州的；来自另一个州的|adj. 面向外州人士的；外州人士可享有的
out-of-town	a. 外地的
out-of-work	adj. 失业的；暂时没有工作的
outa	[医]龈
outbreak	n. 疾病等突然爆发|v. 突然冲出或爆发|n. 某事突然大量出现|n. 暴力或破坏突然爆发|n. 越狱、逃脱
outburst	n. 突然爆发|v. 突然爆发出来
outcome	n. 结果；结局|n. 概率试验的可能结果|n. 学习成果|n. 比赛结果；比分
outcry	n. 大声喊叫；喧闹|n. 强烈抗议；公众哗然|v. 大声喊叫|n. 拍卖|v. 喊得比……更响
outdate	vt. 使过时
outdoor	adj. 户外的；露天的|adj. 机构外救济的|v. 命名后公开展示孩子
outdoors	adv. 在户外；露天|n. 户外环境|n. 自然户外；乡野|v. 动词形式
outer	adj. 外部的；外层的|adj. 更外侧的；离中心更远的|n. 外部部分|n. 体育场的外围座位区|n. 公开承认者|adj. 更加公开出柜的|n. 靶子的外圈|n. 击中靶子外圈的一击|n. 批发中的一个陈列包装箱|n. 揭露他人秘密者|n. 驱逐者；把人赶出去的人|n. 驱逐；剥夺占有
outfit	n. 一套衣服和配饰|n. 一套专用装备|v. 为某用途配备|n. 作为整体行动的团体|n. 公司、商号|n. 体育队|n. 对离群值敏感的拟合|n. 哈得孙湾公司的年度经营期或物资配给
outgrow	vt. 过大而不适于, 长得比...高(或大、快), 成长得不再具有...
outing	n. 外出游玩|n. 公开亮相|v. out的现在分词和动名词|n. 未经同意公开性别或性取向|n. 揭露秘密身份
outlet	n. 出口；排放口|n. 品牌直销店；折扣店|n. 电源插座|n. 情绪或压力的释放渠道|n. 湖泊的出水口
outline	n. 轮廓线|n. 外形轮廓|n. 内容提要|n. 初步计划|v. 勾画轮廓|v. 概述|n. 轮廓素描|n. 概述|n. 影视故事梗概|n. 延绳钓具|v. 优化代码大小
outlive	vt. 比...经久, 比...活得长, 度过(风暴)而健在
outlook	n. 态度；看法|n. 前景；预期|n. 观景处|n. 景色；视野|n. 外表；长相|v. 向外看|v. 以目光压过；战胜|v. 胜过外表|v. 仔细检查；挑选|v. 看得超出；越过
outmode	vt. 使…过时；使…不流行
outperform	v. 表现胜过；超过
outpour	v. (使)注出, (使)流出|n. 注出, 流出, 流出物
output	n. 产出；产量；成果|v. 产出；生产|v. 输出数据
outrage	n. 暴行；残酷袭击|n. 义愤；愤怒|v. 使义愤填膺|n. 令人发指的行为|v. 残暴对待；虐待|n. 破坏性暴乱|v. 性侵；强奸|v. 超过；压过
outright	adj. 毫不保留的；明确的|adj. 彻底的；完全的|adv. 完全地；彻底地|adj. 一次付清且无附加条件的|adv. 公开地；毫不保留地|adv. 立即地；当场地|adv. 一次付清地；无条件地|adv. 明目张胆地；极其明显地|v. 无条件释放球员
outset	n. 开始；起初|v. 使向外延伸
outside	adj. 外部的；外面的|adv. 到外面；在外面|n. 外部；外表面|n. 外部空间；外界|prep. 在……外面|adj. 外部来的；来自范围之外的|adj. 远离中心的；外侧的|adj. 组织外部的；外聘的|adj. 超出组织或范围的|adj. 最大限度的|adj. 英国英语：靠中央隔离带一侧的|adj. 美国英语：靠路肩一侧的
outsider	n. 圈外人|n. 新来者|n. 冷门选手|n. 面包外端
outsize	a. 特大的|n. 特大号
outskirts	n. 城市外围|v. 动词形式
outsourcing	n. 外包|v. 正在外包；外包
outstanding	adj. 突出显眼|adj. 杰出的；极出色的|adj. 尚未解决的；未完成的|adj. 尚未偿还的|v. outstand的现在分词或动名词|adj. 向外突出的
outward	adj. 外部的；向外的|adj. 外在可见的|adv. 向外；离开中心|adj. 趋向外部的|adv. 离开家乡；向外地|adj. 对外的；外国的|adv. 表面上；公开地|n. 独立病房楼|v. 挡住；抵御
outwards	adv. 向外；朝外|adv. 表面上；外表地
outweigh	v. 重量超过|v. 重要性或价值超过
oval	adj. 椭圆形的；蛋形的|n. 椭圆；椭圆形|n. 椭圆形的物体或场地|n. 椭圆形运动场|adj. 与卵有关的|n. 射影平面中的特殊点集
ovary	n. 卵巢|n. 子房
oven	n. 烤箱|n. 热得像烤箱的地方|v. 用烤箱烤
over	adj. 结束了|adv. 从头到尾地|n. 多出的余量|prep. 在上方；越过|adj. 无可挽回|adj. 在某处做客|adj. 已经越过障碍|adj. 过头了|adj. 多出来的|adv. 移到那边|adv. 转到另一边|adv. 在那边
over-excited	a. 过于激动
over-the-counter	adj. 无需处方即可购买的|adj. 场外直接交易的
overall	adj. 全面的；总体的|adv. 总的来说|n. 连体工作服|n. 背带工装裤
overarch	vt. 在...上做拱, 使弯成拱形, 在...中起决定作用|vi. 成拱形
overbid	vt. 出价较...为高, 报谎价|vi. 过高出价|n. 谎价, 高价
overblow	vt. (风等)吹过, 吹散, 吹落, (风)吹起雪(或沙等)盖住, 夸张, 过分渲染|vi. 吹得过响(指管乐器)
overboard	adj. 在船外；落水|adv. 越过船边；到船外|adv. 过度；做得太过头|v. 把……扔下船|v. 给天花板铺石膏板
overburden	vt. 装载过多, 负担过多, 使过劳
overcharge	v. 讨价过高, 装载过多, 过度充电, 渲染|n. 超载, 装药过多, 过度充电
overcoat	n. 厚外套|v. 加覆外层|n. 外层涂层
overcome	v. 克服；战胜障碍|v. 熬过；恢复|v. 战胜对手|v. 被强烈情绪压倒|adj. 被战胜的|n. 歌曲反复主题|n. 额外部分|v. 取胜；占上风|v. 溢出；超过承载量
overconfident	a. 过于自信的, 自负的
overcrowd	vt. 容纳过多的人, 使过度拥挤
overdo	v. 做得过头；过度|v. 煮过头|v. 使过度劳累；用力过度|v. 胜过；做得比……更多
overdress	v. 穿得过分讲究, (使)过度装饰|n. 外衣
overdue	adj. 逾期；迟迟未发生
overestimate	n. 过高的估计|v. 高估
overfish	vt. 对(鱼)进行过度捕捞
overflow	n. 溢出的东西|v. 溢出容器或边界|v. 溢流到某处|n. 溢流出口|n. 过多；多余量|n. 数值溢出|v. 淹没；覆盖|v. 使多余物溢出|v. 挤满；超出承载量|v. 充满强烈情感|v. 数值溢出
overfund	[网络] 对…提供充足资金；过度融资
overhang	n. 伸出墙外的屋檐部分|n. 悬伸在基底外的部分|v. 悬在某物上方|n. 供过于求的压力|v. 迫近并笼罩|n. 耻部上方下垂的脂肪
overhaul	n. 全面检修；彻底改造|v. 全面检修；彻底改造|v. 追上并超过|n. 灭火后的复查|v. 理顺船上索具|v. 搜查船只
overhead	adj. 头顶上方的|adv. 在头顶上方|n. 间接经营成本|adj. 倒钩式的；头顶上方踢出的|n. 间接费用项目|n. 项目的间接负担|n. 白白花掉的钱|n. 高压球；扣杀球|n. 飞机头顶行李舱|n. 架空供电线系统|n. 立交桥|n. 投影仪
overhear	vt. 无意中听到, 偷听
overheat	vt. 使过热|vi. 变得过热
overjoy	vt. 使大喜
overlap	n. 重叠；交叠部分|v. 部分覆盖|v. 时间重合|n. 进攻人数优势|v. 范围或内容相交|v. 集合有共同元素|n. 养老金重叠领取|v. 核苷酸序列部分相同|v. 遮挡造成纵深感
overlook	n. 观景处；俯瞰点|v. 俯瞰；临高处看见|v. 漏看；忽略|v. 故意放过；不追究|v. 从上方俯视|v. 监督；看管|v. 秘密观察|v. 仔细检查|v. 以目光施加魔力
overly	adv. 过度地|adv. 很；特别|adj. 表面而不认真|adj. 傲慢的|adj. 过度的|adv. 表面地|adv. 草率地|adv. 傲慢地
overnight	adj. 夜间的；过夜的|adv. 过夜；整夜|v. 过夜；留宿|adj. 次日送达的；一夜完成的|adj. 提供过夜住宿的|adv. 一夜之间；很快地|n. 次日送达的物品或服务|n. 过夜住宿；夜班|v. 安排次日送达|n. 次日初步收视率|n. 前一晚；昨晚
overpack	第二层包装
overpass	n. 立交桥|v. 从上方经过|v. 越过界限|v. 略过；不理会
overpay	vt. 多付, 多给报酬|vi. 付得过多
overprotective	过分保护的；袒护的；溺爱有加的
overrate	vt. 评价过高, 高估, 估价过高
overreact	v. 反应过度
overreaction	n. 反应过度
overrule	vt. 统治, 威压, 打败, 驳回
overseas	adj. 海外的；国外的|adv. 在国外；到国外|adj. 海外的（指人在国外居住）|adj. 隔海的；跨海的|adv. 到海的另一边；在海外
oversee	v. 监督并指导|v. 从整体上观察|v. 检查、查看|v. 看漏、忽略|v. 暗中或无意中观察
overseer	n. 监督者；监管人|n. 批评者
overshadow	vt. 遮阴, 使阴暗, 使失色, 使相形见绌, 使蒙上阴影
oversize	a. 太大的, 超大型的|n. 特大型
overstate	vt. 夸大的叙述, 夸张, 过分强调
overstep	vt. 踏过, 逾越, 超出...的限度
overt	adj. 公开的；不加隐藏的|adj. 已披露的|n. 特定宗教术语
overtake	v. 赶上并超过；超车|n. 一次超车|v. 超过数量或价值|v. 突发地压过或打乱
overthrow	n. 推翻政权|v. 推翻政权|n. 投球过头|v. 把球投过头|n. 掀翻；翻倒|v. 掀翻；弄倒
overtime	adv. 超时地；加班地|n. 加班时间|adv. 过度地；超出通常程度地|n. 加班费；加班工资|n. 加时赛|n. 超出计划的时间|v. 把时间计长
overtly	adv. 公开地；明显地
overturn	n. 翻倒；倒置|v. 翻倒；弄翻|v. 推翻；摧毁|n. 推翻；覆灭|v. 撤销；推翻决定|v. 扭转败局|v. 发生湖沼喷发
overvalue	vt. 估价过高, 过分尊重, 估计过高
overweight	adj. 身体超重|adj. 超过允许重量|adj. 投资配置偏重|n. 超重状态|n. 配置偏重的资产|v. 使负担过重|v. 过分看重|n. 超出的重量|n. 超重的人
overwhelm	v. 淹没；盖过|v. 压倒；击溃|v. 使不堪承受|n. 压倒性胜势|v. 覆盖；围住
overwhelming	adj. 压倒性的；强得无法抵挡的|adj. 极其强烈的；巨大的|adj. 极端的；异常大的|v. “压倒、使不堪承受”的现在分词或动名词|n. 被压倒的状态
overwhelmingly	adv. 压倒性地；极其强烈地|adv. 主要地；绝大多数地
overwork	n. 过度操劳的工作, 额外工作|v. (使)工作过度, 使过分劳累
owe	v. 欠某人某物；应为某人做某事|v. 欠债；负债|v. 归功于；由……造成
owing	adj. 尚欠；应支付|v. owe 的现在分词和动名词
owl	n. 猫头鹰|n. 像猫头鹰的人|n. 猫头鹰鸽|n. 温和派政治家|n. 猫头鹰蝶|n. 老年妇女联盟的缩写|n. 网络本体语言的缩写|n. 谢菲尔德星期三队球员或球迷|v. 走私违禁品
own	adj. 自己的；所属的|v. 拥有；所有|adj. 各自的；不共享的|n. 彻底羞辱；碾压|v. 击败；使难堪|v. 在游戏中碾压|v. 非常厉害|v. 承认；承认错误|v. 坦然承认；不以为耻|v. 承担责任|adj. 本地的；家常的|adj. 本国的；非外国的
owner	n. 所有者；物主|n. 船长|n. 车主自营吉普尼
ownership	n. 所有权；拥有状态|n. 责任承担；掌控权
ox	n. 役用公牛|n. 牛属动物|n. 氧气缩写
oxford	n. 牛津鞋|n. 牛津布|n. 牛津词典|n. 牛津衬衫|n. 牛津橘子酱|n. 牛津布的小写写法|n. 牛津鞋的小写写法|n. 牛津学者
oxide	n. 氧化物
oxygen	n. 氧元素|n. 氧气|n. 发展所需的空间或条件|n. 医疗用氧|n. 氧原子
oxytocin	n. 催产素
ozone	n. 臭氧|n. 海边新鲜空气|v. 用臭氧处理
p	n. 页|n. 便士；便士复数|n. 停车位；停车场|num. 第十六|adj. 英国：见习驾驶者的|adj. 澳大利亚：临时驾驶者的|adj. 肺部的|adv. 很；相当（网络用语）|adv. 下午（时间缩写）|n. 质子|n. 概率|n. 逐行扫描
pace	n. 一步|n. 步伐；行走节奏|n. 速度；进度|v. 来回踱步|adj. 快速投球的|n. 板球场地速度|v. 为比赛控制速度|v. 用步子丈量|n. 一群驴|n. 通道；路线|n. 复活节|prep. 恕我对……持不同意见
pacific	adj. 平静的；和平的|adj. 爱好和平的；避免暴力的|adj. 太平洋的；与太平洋有关的|n. 太平洋型蒸汽机车
pack	n. 便于携带的一捆或一包|n. 一组相同或相关的东西|n. 一整副扑克牌|v. 打包；装入|n. 一包所含的数量|n. 一大群；一大堆|n. 某种牌局使用的牌|n. 一群猎犬或狗|n. 狼群|n. 一伙人；一帮人|n. 一队幼年童子军|n. 聚集的浮冰区
package	n. 包裹；包装好的东西|n. 软件包；组合套件|v. 打包；捆扎|n. 可安装的软件包|n. 旅行套餐|n. 专题报道组稿|n. 可播出的完整新闻报道|v. 参加旅行套餐|v. 整合制作并推出|n. 包装；打包过程|n. 类似包裹的东西|n. 足球防守阵型
packet	n. 小包装；小束|n. 网络数据包|v. 分装成小包|n. 互联网协议数据单元|n. 通过传输层协议发送的消息|n. 塑料袋|n. 一大笔钱|n. 邮船；定期运送邮件的船|n. 植物标本小袋|n. 男性生殖器（俚语）|v. 用邮船运送|v. 用邮船定期航行
pact	n. 正式协议|n. 国际协定|n. 联盟；同盟|v. 正式达成协议
pad	n. 柔软垫子|n. 卫生巾|n. 书写本|v. 加衬垫；加垫料|intj. 轻轻的啪嗒声|n. 无框架马鞍垫|n. 小软垫|n. 指端软垫|n. 动物护腿垫|n. 减压软垫|n. 触压面板|n. 键盘的简称
paddle	n. 桨；船桨|n. 划船；划水活动|v. 划动；划船前进|n. 在浅水中嬉戏行走|n. 桨形厨房用具|n. 乒乓球拍|n. 水生动物的鳍状肢|v. 慢慢划船|v. 在浅水中嬉戏|v. 用狗刨式游水|v. 蹒跚学步|n. 船轮叶片
paediatrics	n. 儿科学, 小儿科, 儿科
page	n. 书或文件的一页|n. 网页|v. 传呼、召唤某人|n. 纸张的一面|n. 历史篇章|n. 屏幕上的一页|v. 给页面编号|v. 翻阅页面|v. 用寻呼机联系|v. 用公共广播呼叫|n. 排版版面|n. 计算机内存页
pail	n. 提桶；水桶|n. 带盖运输桶
pain	n. 身体疼痛|n. 精神痛苦|v. 使身体疼痛|n. 阵痛；一阵疼痛|n. 讨厌的人或事|n. 费力；苦心|v. 使难过|n. 惩罚；代价|n. 带馅面包|n. 专业缩略词|v. 惩罚|v. 感到疼；疼痛
painful	adj. 令人疼痛或难受的|adj. 艰难费力的|adj. 疼痛的；患痛的|adj. 糟糕得让人难受的|adj. 勤勉细致的
painless	adj. 无痛的；不疼的|adj. 轻松的；不费劲的
painstaking	adj. 细致认真的|n. 细致投入的努力
paint	n. 涂料；颜料|v. 给……刷漆；涂上颜料|v. 绘画|n. 一套颜料|n. 化妆品；脸上的妆|v. 按涂抹方式施加|v. 画画|v. 描绘；塑造形象|v. 化妆|n. 篮球场罚球区|n. 彩弹|n. 人头牌
paintbrush	n. 画笔, 漆刷
painter	n. 画家|n. 油漆工|n. 小船系泊或拖曳绳|n. 固定船锚的绳链|n. 美洲狮
painting	n. 画作|n. 涂漆过程|n. 绘画艺术|v. 正在涂画
pair	n. 一对；两个成套的东西|n. 一对人；搭档|n. 一件成双使用的物品|v. 把……配成一对|n. 一对共同劳作的动物|n. 扑克牌中的一对|v. 使设备配对连接|v. 使动物交配|v. 自行交配|v. 相配；相称|n. 两局都得零分|n. 双杀
palace	n. 君主或国家领导人的官邸|n. 豪华的大宅|n. 华丽的大型公共建筑|v. 使装饰得像宫殿
pale	adj. 颜色浅的|adj. 脸色苍白的|v. 变苍白；褪色|adj. 微弱的；相形见绌的|v. 相形见绌|v. 使变淡；使失去光泽|n. 苍白；苍白的脸色|n. 木桩；尖桩|n. 木栅栏；桩墙|n. 界限；范围|n. 盾徽中央的竖带|n. 有边界的辖区
palm	n. 棕榈树|n. 手掌；掌心|v. 藏在掌中|n. 棕榈枝；胜利象征|n. 胜利|n. 动物的掌面|v. 用掌心托住|v. 用掌心推开或击开|n. 童子军奖章|n. 四英寸长度单位|n. 以掌长为基础的长度单位|n. 帆船缝制作业的掌托
palmolive	[人名] 帕尔莫利夫
palooka	n. 笨手笨脚的运动员, 笨拙的拳击手
pamphlet	n. 小册子|v. 散发小册子|n. 政治宣传小册子|v. 散发小册子|n. 手写短文|v. 用小册子评论或发表|v. 写作或制作小册子
pan	n. 平底锅；浅锅|v. 严厉批评|v. 结果顺利|v. 摄影机水平转动|n. 《彼得·潘》的简称|n. 主账号号码缩写|n. 个人区域网络缩写|n. 锅中食物|n. 带柄煎锅|n. 严厉批评|n. 横摇镜头|n. 一部分；一份
pancreas	n. 胰腺
panda	n. 大熊猫|n. 小熊猫|n. 黑白警车|n. 印度教寺庙世袭祭司
pandemic	adj. 大流行的|n. 大流行病|adj. 普遍的；广泛的|n. 新冠疫情|adj. 世俗感官性的|adj. 世俗肉欲的
panel	n. 表面上的一块板面|n. 评审或讨论小组|n. 被分隔出的文字或内容区域|n. 漫画中的一格|n. 界面中的功能区域|n. 框架中的嵌板|n. 一组医学检查|v. 给房间装面板|n. 陪审员名单|n. 全体陪审团|n. 受审的被告|n. 马鞍布片
panic	adj. 突然而压倒性的恐惧|n. 恐慌；惊慌|v. 使某人恐慌|v. 慌起来；失去冷静|adj. 由恐惧引起的|n. 系统崩溃|n. 市场恐慌性抛售|v. 使系统崩溃|v. 系统崩溃|adj. 与潘神有关的|adj. 与潘神有关的|n. 逗翻全场的人或表演
panick	v. 恐慌, 使（受惊）
panicky	a. 恐慌的, 惊慌失措的
panorama	n. 全景|n. 全景图|n. 全面概览
pant	n. 喘气；气喘|n. 裤子|v. 喘气|n. 热切渴望|n. 裤子的；裤腿的|v. 热切渴望|n. 心脏剧烈跳动|n. 公共饮水处|v. 渴望某物|v. 心悸|v. 叹息；颤动|v. 胸部起伏
pants	n. 裤子|adj. 很差；糟糕|n. 内裤|n. 垃圾；胡说|v. pant 的第三人称单数形式|v. 强行脱掉某人的裤子
paper	adj. 纸制的|n. 纸|n. 文件；文章；报告|v. 正式记录；写成文件|adj. 外强中干的|adj. 计划中的|adj. 名义上的|n. 报纸|n. 墙纸|n. 包装纸|n. 剪刀石头布中的布|n. 学术论文
paperback	n. 平装书；平装本|adj. 平装的|v. 出版平装版
paperwork	n. 文件事务|n. 文件材料|n. 繁琐手续|n. 刑事案卷|n. 纸上作品
para	n. 生育次数|adj. 醉得厉害|n. 历史货币小单位|n. 段落|n. 截瘫者|n. 助教|n. 伞兵|n. 性癖|n. 一种蕨类|n. 《古兰经》分部
parachute	n. 降落伞|v. 乘降落伞下降|n. 滑翔动物的皮膜|n. 伞状蘑菇|n. 儿童体育大布伞|v. 空投或空降|v. 突然安插进职位|n. 一种性用品|v. 吞服包裹的违禁药物
parade	n. 游行；阅兵|v. 参加游行；列队|n. 公开的整齐展示|n. 阅兵场；集合场地|n. 列队的人；队伍|n. 一群展示中的人|n. 炫耀式展示|n. 沿街店铺；商店街|v. 参加或带队展示|v. 成队出现；招摇展示|v. 沿街公开展示|v. 使列队展示
paradigm	n. 范式；思维或行动模式|n. 典范；代表性范例|n. 词形变化范式；语法形式总表
paradise	n. 天堂|n. 美好宜人的地方|n. 某类人的理想场所|n. 伊甸园|n. 非常愉快的体验|n. 教堂或修道院的开放庭院|n. 教堂墓地|n. 剧院的上层看台|n. 一种蛋糕|v. 使进入天堂|v. 把……变成乐园|v. 使沉浸于幸福幻象
paradox	n. 自相矛盾却有逻辑意义的说法|n. 反直觉的结果|n. 两个看似矛盾的观点同时成立|n. 长期并存的矛盾性因素|n. 具有矛盾特点的人或事物|n. 引向深层道理的难题|n. 难以置信的说法|n. 运用悖论式表达|n. 被逻辑逼得自相矛盾|n. 故意让来访者违背指令的治疗方法
paradoxical	adj. 表面自相矛盾的
paradoxically	adv. 反常矛盾地；出人意料地
paragraph	n. 段落|v. 给文字分段|n. 短篇报道；简讯|n. 页边提示标记|n. 十六字节偏移量|v. 刊登简讯
parallel	adj. 平行的|adj. 相似对应的|n. 相似对象|adj. 方向相同的|adj. 不相交的|adj. 并行的|adj. 平行世界的|adv. 平行地|n. 平行线|n. 纬线|n. 并联|n. 比较或对应
paralyse	vt. 使麻痹, 使瘫痪, 使无力, 使气馁, 终止
paralysis	n. 身体麻痹|n. 行动瘫痪
paralyze	vt. 使瘫痪, 使麻痹
parameter	n. 实验或模型中的可调条件|n. 描述系统特征的变量|n. 函数定义中的形式参数|n. 机器学习模型的参数|n. 实际传入的参数值|n. 区分事物的特征或条件|n. 圆锥曲线中的特定长度|n. 交换代数中 uniformizing parameter 的简称|n. 晶体学中的轴比|n. 晶体种类的基本轴比
paramount	adj. 至高无上的；首要的|adj. 最重要的|n. 最高首领|adj. 具有优先效力的|n. 最高统治者；最高领主
paraphrase	n. 改写；释义|v. 改述；换句话说|n. 圣经诗歌改写
parasite	n. 寄生生物|n. 靠别人生活的人|n. 特指寄生性生物|n. 拍马屁的依附者|n. 攀附植物|n. 古代凯尔特战士的随从诗人|n. 寄生式搭载飞行器|n. 独立式展示单元|v. 寄生于；靠……生活
parcel	n. 包裹|v. 把……包起来|n. 一批托运货物|n. 地块|n. 一群；一批|n. 包起来的一小份食物|n. 一部分；一小块|v. 分成几份并分配|adv. 部分地|n. 账单上的一项|n. 一群鸟|v. 缠包绳端
pardon	intj. 请再说一遍|n. 原谅；宽恕|v. 原谅某人|n. 官方赦免|v. 免除惩罚|v. 正式赦免罪犯
parent	n. 父母；家长|n. 生育过孩子的人|n. 来源；起因|v. 养育；抚养|n. 代为承担父母角色的人|n. 亲本；母体生物|n. 母公司；支持者；所属主体|n. 上级对象；父节点|v. 设为上级对象|n. 试管婴儿程序中的供样者|n. 亲属|n. 母核素
parental	adj. 父母的；与父母有关的|adj. 父母式的；慈爱的|adj. 亲本的|n. 承担父母角色的人
parenthesis	n. 圆括号, 插入语, 附带, 插曲
parenthood	n. 为人父母
parity	n. 相等；相当|n. 奇偶性|n. 奇偶校验；奇偶分类|n. 相似；类比|n. 黑白棋某区域内的最后一步|n. 达到可存活孕期的分娩次数|n. 母猪产仔次数
park	n. 公园|v. 停车；停放|v. 暂缓处理|n. 专门用途的场地|n. 停车位|n. 自动挡驻车挡|v. 集中放置|v. 坐下安置；赖着不动|v. 暂时存放资金|v. 闲置注册域名|n. 山地平底谷地|n. 装备库存
parliament	n. 国家议会|n. 某一届议会|n. 正式议事会|n. 聚集的鸟群|n. 一种姜饼
parliamentary	adj. 议会的；与议会有关的|adj. 议会制的|adj. 特定议会的（大写形式）|adj. 议会规定的廉价慢车|n. 议会慢车
part	adj. 部分的；不完全的|adv. 部分地；不完全地|n. 部分；组成部分|v. 离开；分别|adv. 部分地；有一部分是|n. 数学中的部分或份额|n. 责任；应尽的一份力|n. 头发分界线|v. 把头发分开梳理|v. 把……分成两边|v. 分开；裂开|v. 使分离；隔开
part-time	adj. 兼职的；非全日制的
part-timer	n. 兼职者|n. 板球兼职投球手
partial	adj. 部分的；不完整的|adj. 偏袒的|adj. 偏爱的|adj. 部分正确的|adj. 偏导数或偏微分的|adj. 从属的|adj. 只有部分提示的|n. 偏导数|n. 分音|n. 部分义齿|n. 不完整的指纹|n. 模板片段
partially	adv. 部分地；不完全地
participant	n. 参与者；参加者|adj. 参与的；共有一份的
participate	v. 参加；参与|adj. 共同参与的（旧用法）|v. 共同分享（旧用法）|v. 把某物传给别人（旧用法）
participation	n. 参加；参与|n. 与整体的联系；成为一部分|n. 参与过程；共同参与|n. 所有权权益；分成权
participatory	adj. 参与性的；与参与有关的|adj. 开放参与的；鼓励参与的
particle	n. 微小碎片|n. 语法功能词|n. 物理微粒|n. 不发生词形变化的词|n. 一点儿|n. 圣餐面包屑
particular	adj. 特定的；具体的|adj. 特别的；特意区分出来的|adj. 讲究的；挑剔的|adj. 特有的；有独特风格的|adj. 详细的；精确到细节的|n. 细节；具体事项|adj. 部分的；局部的|adj. 私人的；只对某群体公开的|adj. 有限的；仅涉及部分权益的|adj. 拥有部分财产权的|adj. 特称的；只断言一部分的|n. 个人自身的情况
particularism	n. 完全忠于一种理论, 特殊神宠论
particularist	n. 同上主义者
particularly	adv. 尤其；格外|adv. 特别是；具体指|adv. 很大程度上；非常|adv. 具体地；详细地|adv. 过分讲究地；拘谨挑剔地
partisan	adj. 党派性强的；盲目偏袒的|n. 党派或阵营的支持者|adj. 偏袒某党派、团体或事业的|n. 热情甚至激进的拥护者|n. 游击队员|adj. 游击队的；轻装部队的|n. 游击部队指挥官|n. 长柄三角双刃矛|n. 持这种武器的士兵
partly	adv. 部分地；在一定程度上
partner	n. 伙伴；搭档；配对的一方|n. 合作伙伴；共同参与者|v. 与……结成伙伴|v. 作为伙伴共同工作或表演|n. 船桅孔周围的加固木材|n. 定额互助储金安排
partnership	n. 伙伴关系；合作关系|n. 合伙企业；商业合伙关系|n. 板球中的两人合作及得分
party	n. 法律上的一方；合同当事人|n. 聚会；一群同行者|v. 参加聚会；尽情玩乐|adj. 偏袒一方的|n. 一方；一派；小组|n. 游戏中的队伍|n. 政党；政治派别|n. 执行特定任务的小队|v. 组队|adj. 分开的；部分的|adj. 分开的；部分的|adv. 部分地
pass	n. 考试通过|n. 通行证；入场券|v. 经过；移动到另一处|v. 可以接受；勉强过得去|n. 山口；通道|n. 水道；河口通道|n. 一次动作|n. 一次加工经过|n. 尝试；一遍处理|n. 传球|n. 通行许可|n. 故意保送
passage	n. 文字或音乐片段|n. 经过的路线或行程|n. 时间流逝|n. 通道或走廊|n. 事件或经历片段|n. 法案通过|n. 海峡或狭窄水道|n. 狭长的地下洞道|n. 通过或穿过的动作|n. 通行权|n. 通行费或运送费|adj. 离巢幼鸟的
passenger	n. 乘客|n. 团队中的搭便车者|n. 幼年猎鹰|n. 候鸟|n. 过路人|n. 客船或渡船|n. 一种蛾|n. 分导式多弹头导弹的单枚弹头|v. 作为乘客乘坐
passer-by	n. 路人；过路人
passerby	n. 过路人, 行人
passion	n. 持久热爱|n. 强烈情感|n. 热忱与决心|n. 热爱对象|n. 耶稣受难|n. 受难作品|n. 激情性爱|n. 痛苦；苦难|n. 被动受作用状态|n. 受外界影响的能力|n. 属性；性质|n. 精神失常
passionate	adj. 热烈的；充满激情的|adj. 感情强烈的；激动的|adj. 悲伤的；受苦的|v. 使充满激情或情绪|v. 动情地表达
passionately	adv. 充满激情地；热烈地
passivate	vt. 使钝化
passive	adj. 被动承受的|adj. 不采取行动的|adj. 被动语态的|n. 被动语态|adj. 不参与管理的|n. 被动语态形式|n. 被动型客户|adj. 关系中顺从被动的|adj. 无动力的|adj. 不产生能量增益的|adj. 预留但未主动启用的|n. 无源增益部件
passport	n. 护照|n. 通行凭证|n. 成功的凭借|v. 按规定拨付资金|n. 消防现场身份牌|v. 使跨境活动取得法律资格|v. 使福利资格自动延伸
past	adj. 过去的；已结束的|adv. 经过；从旁边走过|n. 过去；过去的时期|prep. 在……之外；经过……|adj. 以前；……年以前|adj. 刚过去的；前一段的|adj. 过去时的|n. 过去时|prep. 几点几分；超过整点|prep. 已经无法；不再在意|prep. 已经走出；已经熬过|prep. 经过而不停留
paste	n. 糊状物；糊|v. 粘贴复制的内容|n. 受力后流动的糊状材料|v. 用糊粘上|n. 旧时的糊状食物|n. 仿宝石玻璃|n. 意大利面|n. 矿物基质|v. 狠狠击打|v. 彻底击败
pastel	n. 柔和的淡色|n. 粉彩画|n. 粉彩颜料糊|n. 粉彩笔|n. 拉丁美洲等地的传统包馅食物|n. 菲律宾奶油炖菜|n. 菘蓝染料植物
pasteur	n. 巴斯德（法国化学家、细菌学家）
pastime	n. 消遣；娱乐活动|v. 自娱；消遣
pasture	n. 牧场；放牧地|n. 草地；牧草地|v. 吃草；放牧|v. 把牲畜赶去放牧|v. 以草喂养；供草料|n. 食物；滋养
pat	adj. 恰到好处的|adv. 熟练地；完全掌握地|n. 轻拍声|n. 轻拍；轻拍动作|v. 轻拍|v. 拍平；拍成形|adj. 现成而老套的|adv. 及时地；恰当地|adv. 正好；准确地|n. 一小块扁平软物|v. 抚摸动物|adj. 上流的；讲究的
patch	n. 衣物补丁|n. 修补片|n. 局部；一段时期|v. 缝补|n. 临时补丁|n. 小块土地|n. 负责区域|n. 伤口敷贴|n. 药物贴片|n. 眼罩|n. 软件补丁|n. 连接线
patchwork	n. 拼布作品|n. 拼成的混合整体|v. 缝制拼布|v. 拼凑材料|n. 拼凑的法规体系
patent	adj. 公开而明显的|adj. 显而易见的|n. 发明专利|v. 为发明申请专利|adj. 受专利保护的|n. 授予权利的正式文件|n. 受专利保护的产品|n. 漆皮|v. 把某事据为己有|adj. 公开查阅的（文件）|adj. 由专利文件授予的|adj. 向外展开的
paternal	adj. 父系的；父亲一方的|adj. 父亲般的|adj. 父亲传下的；从父亲继承的|adj. 充当父亲的
paternity	n. 父亲身份|n. 父系亲子关系|n. 法律确认父亲身份|n. 创作者身份
path	n. 小路；步行道|n. 发展道路；人生轨迹|n. 运行轨迹；行进路线|n. 做事方法；处理方向|n. 文件或网址路径|v. 进入指定目录位置|n. 宗教或信仰传统|n. 图中的顶点路线|n. 拓扑学中的连续路径|n. 铁路运行时段或线路许可|n. 病理学（缩写）|v. 开辟道路
pathetic	adj. 令人同情的；可怜的|adj. 可悲的；糟糕得可鄙的|adj. 激昂的；表现愤怒的|adj. 滑车的
pathological	adj. 病理学的；与疾病研究有关的|adj. 病态的；由身心障碍引起的|adj. 反常而难以处理的|adj. 会导致异常表现的
pathway	n. 小路；通道|n. 实现目标的途径|n. 生物化学反应通路
patience	n. 耐心；忍耐|n. 单人纸牌游戏
patient	adj. 耐心的|n. 病人；患者|adj. 坚持不懈的|n. 受事|adj. 能忍受的|n. 被动承受者
patriarchal	adj. 父权制的；男性主导的|adj. 家长式威严的；古老庄重的
patricia	n. 帕特丽夏（女子名）
patriotic	adj. 爱国的；体现爱国情感的|n. 爱国图案收藏品
patriotism	n. 爱国主义；爱国情感|n. 民族主义；强烈的国家竞争意识|n. 爱国行为
patrol	n. 巡逻；巡逻任务|v. 巡逻；巡视|n. 侦察巡逻|n. 巡逻队；巡逻人员|n. 警察巡逻部门|n. 巡查范围；巡查人员|v. 巡查某处|n. 童军小组
patron	n. 保护者；支持者|n. 艺术或学术的资助者|n. 顾客；光顾者|n. 罗马法中的保护人|n. 教会职位或教产的授予人|n. 船主或运输业雇主|n. 业主；房东；主人|v. 支持；优待|v. 把……当作资助者对待
patronage	n. 支持与赞助|n. 顾客群|n. 光顾行为|n. 轻蔑式恩赐|n. 政治性恩惠|n. 居高临下的言行|v. 赞助支持|n. 守护与庇佑|n. 提名权|n. 教会授职权|v. 定期光顾
patronize	vt. 保护, 支援, 赞助, 庇护, 惠顾
pattern	n. 范本；样板|n. 图案；排列样式|v. 套用图样|v. 仿照；仿制|n. 模式；样式|v. 以……为榜样|v. 呈现出相同模式|v. 作为……的范例|adj. 典型的；作为范本的|n. 范本；典型|n. 范本；典型|n. 制作样板
pause	n. 短暂停顿；休息|n. 暂停按钮|v. 暂时休息|v. 暂停某项活动|v. 暂停播放或运行|n. 短暂休息时间|n. 犹豫；迟疑|n. 停顿符号|n. 文章中的间隔或段落|n. 暂停按钮|v. 停顿以等待或制造效果|v. 犹豫；迟疑
pave	v. 铺设坚硬路面|v. 为……铺平道路|v. 铺砖或铺路面
pavement	n. 铺设的硬质地面|n. 人行道（英国等地区）|n. 道路表面（北美）|n. 其他铺装区域|n. 大型建筑内的石质地面
paw	n. 动物的脚掌|v. 用爪碰|v. 用爪扒找|n. 人的手（戏称）|v. 用前爪刨地|v. 笨拙地扒|n. 爸爸|n. 等离子弧焊|n. 等离子弧焊焊缝|v. 带性意味地乱摸|v. 讨好
pay	n. 工资；报酬|v. 付钱换取|v. 偿还；履行义务|adj. 付费使用的|adj. 付费的|v. 对某人有利可图|v. 付出；给予|v. 值得；有回报|v. 清偿债务|v. 为某事付出代价|n. 有收入的工作|v. 承认笑话好笑
paya	[地名] [哥伦比亚、洪都拉斯] 帕亚
payable	adj. 应付的；到期要支付的|n. 应付款；应付债务|adj. 可以支付的|n. 应付的款项或金额|adj. 有盈利能力的
paycheck	n. 工资；工资支票
payer	n. 付款人|n. 支付固定端的掉期期权
payment	n. 付款行为|n. 一笔付款；已付金额
payout	n. 支付金额；奖金或赔付|n. 股息支付额
pea	n. 豌豆类植物|n. 通常所说的豌豆植物|n. 豌豆种子|n. 其他豆类植物的可食种子|n. 某些豆类|n. 高速飞行的球|n. 钱|n. 摇豆游戏中的小球|n. 绿色豌豆星系的简称|n. 孔雀|n. 棕榈酰乙醇胺缩写|n. 无脉电活动缩写
peace	n. 安宁；平静|n. 和平；非战争状态|intj. 先走了！|n. 内心安宁|n. 人际和谐|v. 讲和；使平静|v. 离开|intj. 安静！|n. 死亡|n. 一种银元的简称
peaceful	adj. 和平的；没有纷争的|adj. 平静安宁的|adj. 爱好和平的|n. 侮辱性称呼
peach	n. 桃；桃子|n. 特别讨喜的人或事物|adj. 桃色的|adj. 很棒的；令人满意的|n. 桃树|n. 桃色|n. 臀部|n. 一种矿岩|n. 佐治亚州人|v. 告密|v. 控告；告发
peacock	n. 雄孔雀|v. 趾高气扬地炫耀|n. 孔雀|n. 爱炫耀的人|v. 靠夸张打扮吸引女性注意|n. 孔雀蝶属蝴蝶
peak	adj. 最高的；顶峰的|n. 尖端；尖顶|n. 峰值；最高点|n. 山峰；顶峰|v. 达到顶峰|adj. 顶级的；最典型的|adj. 非常好的|n. 整座孤立的山|n. 局部最大值；波峰|v. 形成尖峰；突起成尖状|adj. 糟糕的|adj. 倒霉的；不走运的
peanut	n. 花生|n. 极少量；微不足道的钱|n. 小硬壳蛤|v. 恶作剧拉紧领带
pear	n. 梨|n. 梨树|n. 梨木|n. 梨黄色|n. 一种刑具|n. 鳄梨（牙买加用法）|n. 一个原住民族群
pearl	n. 珍珠|n. 珍贵的人或物|v. 镶饰珍珠|v. 制成小圆粒|n. 胶囊|n. 宝贵信息|n. 珍珠粉圆|v. 使有珍珠般光泽|v. 像珍珠一样|v. 凝成水珠|v. 采珠|n. 眼部白斑
pearly	adj. 淡蓝灰白色的|adj. 珍珠般的；有珍珠光泽的|adj. 产珍珠的；含有珍珠的|adj. 纯净甜美的（声音）|n. 珍珠色；淡蓝灰白色|n. 牙齿（英国俚语）
pearson	n. 皮尔森（人名）
peasant	n. 农民|adj. 农民的；乡村的|n. 乡下人|n. 粗俗的人|n. 基础劳动单位|adj. 粗俗低下的
pebble	n. 小圆石；鹅卵石|n. 地质学中的砾石|v. 用小石子铺设|n. 冰壶运动中的喷水小水滴|n. 透明无色的岩石晶体|n. 大颗粒慢燃火药|n. 少量可卡因（俚语）|v. 在冰面上喷水|v. 把皮革处理成颗粒纹理|v. 在图论中按规则放置标记
peculiar	adj. 奇怪的；不寻常的|adj. 某地或某情境特有的|adj. 专属的；只属于某人的|adj. 特定的；特殊的|n. 专有物；特权；特征|n. 教会法中的特殊辖区
peculiarity	n. 特质, 特性, 怪癖
pedagogy	n. 教育教学活动|n. 教学方法与教育理念|n. 教学职业
pedal	n. 踏板|v. 蹬车|adj. 与脚有关的|n. 足状结构|n. 脚踏效果器|v. 踩动踏板|n. 马镫|n. 管风琴脚键音栓组
pedestrian	adj. 行人的；步行的|adj. 平庸乏味的|n. 步行者；行人|adj. 日常步行动作的|n. 专业步行者或跑者
peel	n. 外皮|v. 剥去外皮|v. 剥去表层|v. 表层脱落|n. 去角质产品|n. 烤炉铲|v. 脱掉衣服|v. 分开移动|n. 从队形中分离的动作|n. 木桩|n. 木桩栅栏|n. 小型堡垒
peele	[人名] [英格兰人姓氏] 皮尔 Peel的变体
peep	n. 啾啾声；细小尖声|n. 偷看一眼|v. 窥看；偷看|n. 微弱的出声或抱怨|n. 汽笛的尖声|n. 人；人们|n. 动物形棉花糖|v. 发出啾啾声|v. 轻声说话|v. 查看；看看|n. 小型涉禽|n. 初露；开始显现
peer	n. 同等者|v. 仔细窥看|n. 同龄人|n. 贵族爵士|n. 同伴；伙伴|v. 网络对等互联|n. 一瞥|n. 小便的人|v. 显现|v. 使地位相等
peer-review	n. 各领域专家互相评阅；同行评审；同业监督小组；同业互查组织
peer-reviewed	vi. peer-reviewed|n. 经过同行评议的
peets	(peet 的第三人称 -s形式)  [人名] [英格兰人姓氏] 皮特 Peter的昵称
pell	n. 兽皮；毛皮|n. 皮衬斗篷|n. 羊皮纸卷；羊皮纸账簿|n. 小型湖泊或大型池塘|n. 剑术练习柱|v. 鞭打；击打
pen	n. 动物围栏|n. 笔|v. 创作或写下|n. 监狱|n. 棒球牛棚|n. 文笔或写作者|n. 墨迹|n. 注射笔|n. 电子烟笔|n. 点球或罚分|v. 把动物圈起来|n. 光笔
penalize	v. 因违规而处罚|v. 使处于劣势
penalty	n. 法律刑罚|n. 体育判罚|n. 行为带来的不利后果|n. 违反规则的处罚|n. 提前取款的费用
pencil	n. 铅笔|v. 用铅笔写|v. 用铅笔般的线条勾画|n. 画笔|n. 光线束|n. 共同性质的一组几何对象|n. 小型药用棒|n. 赌博中的优势或权力
pendulum	n. 钟摆|n. 反复转向的局势|n. 吊灯|n. 怀表挂环
penetrate	v. 穿透并进入内部|v. 深入理解|v. 深深触动|v. 插入身体孔道|v. 渗入敌方搜集情报|v. 棋子突破防守
penguin	n. 企鹅|n. 北半球海雀（旧称）|n. 修女（俚语）|n. “企鹅式”手部接球动作|n. 企鹅凤梨属植物|n. 不驾驶飞机的空军人员（英国俚语）
penicillin	n. 青霉素类抗生素|n. 产青霉素的青霉
peninsula	n. 半岛
penniless	adj. 身无分文|adj. 不使用便士硬币的
penny	n. 英国的一便士|n. 美国一美分硬币|n. 历史上的一便士|n. 小额铜币或黄铜硬币|n. 钱；收入|n. 爱尔兰旧便士|n. 钉子尺寸单位|v. 用硬币卡住门|v. 用硬币替代保险丝|v. 把硬币投入饮料的饮酒游戏
pension	n. 退休金；养老金|n. 寄宿旅店；膳宿公寓|n. 工资；报酬|n. 费用；税|n. 代替什一税给教士的款项|n. 给王室宠臣或学者艺术家的定期津贴|n. 寄宿学校|v. 给……发退休金|v. 让……带着退休金退休
pensioner	n. 养老金领取者|n. 老年人|n. 剑桥大学旧称中的自费学生
people	n. 人们；人群|n. 人类；一般人|n. 某个民族或群体|n. 某人的部下或追随者|n. 员工；工作人员|n. 亲友；家族|n. 民众；普通百姓|v. 使住满人|v. 人口增多|v. 居住于；占据|v. 与人交往
pepper	n. 胡椒粉；胡椒|n. 辣椒；甜椒|v. 加胡椒|v. 使布满；散布|n. 胡椒植物|v. 用小颗粒密集击打|v. 频繁穿插|n. 棒球热身击球游戏|n. 哈希前的独立随机值|n. 一顿痛打|n. 霰弹枪|v. 痛打
per	prep. 每；每个|prep. 每单位；按比例|n. 市盈率|prep. 按照；依照|adj. 属于其人的|n. 蛋白质效率比|prep. 通过；经由|pron. 其人；某人（主语）|pron. 其人；某人（宾语）
per cent	n. 百分比；百分之
perceivable	a. 可知觉的, 可认识的, 可理解的
perceive	v. 察觉；感知到|v. 认为；看作
percent	adv. 百分之……|n. 百分比；比例|n. 百分之一|n. 百分号|n. 定息或定额分红证券
percentage	n. 百分比；比例|n. 提成；分成|n. 好处；益处
perception	n. 感知与解释感官信息|n. 对事物的理解|n. 视觉能力|n. 感知的敏锐度
perceptive	adj. 有洞察力的；敏锐的
perceptual	adj. 与知觉有关的
perfect	adj. 完全符合定义|adj. 各部分协调并适合用途|adj. 没有错误或瑕疵|v. 使完善；打磨|adj. 熟语中的完美状态|adj. 极好而令人愉快|adj. 表示动作已完成|n. 完成时|n. 满分或无误的成绩|adj. 古旧的“完美”|adj. 道德或精神上理想|adj. 性成熟且分化完成
perfection	n. 完美；圆满|n. 完美之处；无瑕的优点|n. 担保权益的法律完善|v. 使完善
perfectly	adv. 完美地；无可挑剔地|adv. 完全地；十分
perform	v. 执行；完成|v. 发挥；运转|v. 登台表演|v. 履行合同或义务|v. 履行约定|v. 装出；假装表现|v. 展现社会身份行为|v. 通过行为展现身份|v. 在性方面发挥作用
performance	n. 执行；表现|n. 现场演出|n. 成果；成就|n. 工作效率；性能|n. 语言实际运用
performative	a. [语][哲](表)述行(为)的|n. [语]述行语,述行成分
performer	n. 表演者；演出者|n. 实施者；执行者
perfume	n. 香味；芬芳|n. 香水；香氛产品|v. 给……添香；使带香味
perhaps	adv. 也许；可能|adv. 偶然；碰巧|n. 不确定性；一个“也许”
period	n. 一段时间|n. 历史时期|n. 句号|adj. 某一时期的|adj. 仿某时期风格的|intj. 到此为止|n. 终结|n. 周期|n. 月经|n. 创作时期|n. 课时|n. 比赛的一节
periodical	adj. 定期出版的|n. 定期刊物；期刊|adj. 周期性的；定期发生的|adj. 与定期刊物有关的|n. 专业或学术期刊
periodically	adv. 按规律定期地|adv. 间歇性地；反复地
perish	v. 逐渐消失|v. 死亡|v. 变质腐坏|v. 使毁灭
perm	n. 烫发；永久性卷发|n. 排列；排列组合|n. 权限；许可|v. 给头发烫发|n. 足球竞猜下注组合
permanent	adj. 永久的；永恒的|adj. 长期的；固定的|n. 烫发；烫发效果|n. 积和式|n. 持续牌|v. 给头发烫发
permanently	adv. 永久地；长期地|adv. 永远地
permeate	vt. 弥漫, 渗透, 充满, 影响, 感染|vi. 透入, 散布
permissible	adj. 获准的；允许的|adj. 宽容的；限制少的
permission	n. 许可；准许|n. 准许这一行为|n. 访问权限|v. 授予授权
permissive	adj. 宽松的；宽容的|adj. 允许病毒复制的|n. 许可形式|adj. 获准通行的
permit	n. 许可证|v. 允许某事发生|v. 允许某人做某事|v. 使……成为可能|v. 正式批准|v. 办理许可|n. 正式许可|n. 一种鱼|v. 容许、容得下|v. 交托、听任
pernicious	adj. 隐蔽而严重有害的|adj. 阴险恶毒的|adj. 致命的；会造成伤亡的|adj. 迅速的（过时）
perpetual	adj. 永久的；长期存在的|adj. 永久有效的；无限期的|adj. 持续不断的；接连不停的|adj. 整个生长季持续开花的|n. 长将；连续将军
perpetuate	v. 使长久存在；保存不灭|v. 因反复而使之延续或加深|adj. 永续的；永久延续的
perpetuity	n. 无限持续|n. 永久有效的法律安排|n. 永久年金|n. 永久存在的事物
perplex	vt. 使困惑, 使复杂化, 使为难
perry	n. 梨酒
persecute	v. 迫害|v. 纠缠；烦扰|v. 持续捕杀动物
persevere	v. 坚持不懈|v. 持续存在（旧）
persian	adj. 波斯的|adj. 波斯语的|adj. 波斯人的|n. 伊朗人|n. 波斯人|n. 波斯后裔|n. 波斯猫|adj. 珀尔修斯的|n. 加拿大一种甜点|n. 波斯黑头羊|n. 波斯绸|n. 人像柱
persist	v. 坚持下去|v. 持续存在|v. 反复说|v. 仍然是；保持为|v. 使持久保存
persistence	n. 坚持不懈|n. 数据持续保存|n. 天气延续|n. 达到稳定值前的迭代次数
persistent	adj. 坚持不放弃|adj. 反复不断|adj. 长期存在|adj. 数据持续保存|adj. 成熟后仍不脱落|adj. 具有正布朗函数的|adj. 非瞬态的
persistently	adv. 坚持不懈地；反复不停地
person	n. 人；个人|n. 最重要的亲密对象|n. 身体；肉身|n. 法律主体|n. 人称|n. 生殖器的委婉说法|n. 生物学中的独立个体|v. 使拟人化；扮演|v. 为某处配备人员
personal	adj. 人的；关于人的|adj. 个人的；属于某人的|adj. 私人的；敏感的|adj. 亲自的；本人直接进行的|adj. 针对个人的；人身的|adj. 指人的；人称的|adj. 人称语法的|adj. 个人所有的|adj. 用于性用途的|adj. 身体的；外表的|n. 个人征友广告|n. 个人财产；私人物品
personalise	vt. (贬)使个人化, 体现, 使人格化, 在(物品)上标明姓名/标出地址/标出记号
personality	n. 性格；个性|n. 鲜明特色；个性|n. 魅力；鲜明的个人气质|n. 扮演的身份；假定的行为方式|n. 公众人物；媒体名人|n. 针对个人的言论；人身攻击|n. 人的身份和能力相关的法律属性|n. 乳房的委婉俚语说法
personalize	vt. (贬)使个人化, 体现, 使人格化, 在(物品)上标明姓名/标出地址/标出记号
personally	adv. 个人地；就个人而言|adv. 亲自；本人到场|adv. 对个人产生影响；往心里去|adv. 作为一个人；就个人关系而言
personnel	n. 全体人员|n. 人事部门|n. 一名成员
perspective	n. 观点；角度|n. 看问题的立场|adj. 透视的；与透视有关的|n. 纵深感|n. 透视法|n. 客观看待事物的能力|adj. 视觉的；光学的|n. 透视画|n. 光学观察器|n. 声音空间处理技术
persuade	v. 说服某人去做或接受某事|v. 说服某人相信某事|v. 劝请；力图说服
persuasion	n. 劝说；说服行为|n. 说服人的话；说服方法|n. 说服力；影响力|n. 坚定信念；看法|n. 宗教信仰或思想派别|n. 以压力迫使对方接受|n. 某种类型的人或事物
persuasive	adj. 有说服力的|n. 劝说手段
pervasive	adj. 无处不在且影响广泛
pessimism	n. 对坏结果的总体预期|n. 认为世界已坏到极点的哲学学说|n. 技术上处于最差状态
pessimistic	adj. 悲观的|adj. 按最坏情况估计的|adj. 悲观锁定的
pest	n. 农业害虫|n. 讨厌的人|n. 有害动物或害兽|n. 入侵杂草|n. 瘟疫
pet	adj. 特别偏爱的|n. 宠物|v. 抚摸动物|adj. 作为宠物饲养的|n. 被当作伴侣珍爱的对象|n. 受上级偏爱的人|n. 宠儿；心爱的人|n. 聚对苯二甲酸乙二醇酯|n. 正电子发射断层扫描|v. 宠爱；纵容|adj. 好的；理想的|n. 赌气；闹别扭
petal	n. 花瓣|n. 亲昵称呼|n. 女性外阴的委婉说法|n. 花瓣状几何叶片|v. 向外展开
peter	v. 逐渐耗尽；慢慢消失|n. 代表字母P的通信词|n. 男性生殖器|n. 保险柜|n. 监狱牢房|v. 以弃大牌示意出将牌
petition	n. 请愿书；请愿|v. 向当局请愿|n. 法院正式申请|n. 祈求；祷告
petrol	n. 汽油|n. 汽油车|v. 给车辆加汽油
petroleum	n. 石油；原油
petty	adj. 琐碎的；不重要的|adj. 心胸狭窄的；爱计较的|adj. 因小事报复的；睚眦必报的|adj. 次要的；低级的|adj. 初级学校的；低年级的|adj. 小的|n. 简易厕所|n. 低年级班|n. 小学生
ph	n. 酒吧或公共酒馆|n. 公共卫生|adv. 按读音拼写，原拼写不确定|n. 顶层公寓|n. 初步听证会|n. 身体健康|n. 公共假日|n. 鞍马|n. 照片的缩写|n. 社交媒体中的身体健康|n. 多项式层级|n. 专业水文师
pharaoh	n. 古埃及法老|n. 大小写变体|n. 一种纸牌游戏
pharma	n. 制药业
pharmaceutical	adj. 制药的；药学的|n. 药品；制剂
pharmacy	n. 药房；配药处|n. 药学|n. 药剂师职业
phase	n. 阶段；一段过程|n. 外在表现；面貌|n. 方面；层面|v. 分阶段引入或淘汰|n. 月相；周期性形态|n. 物相；相|n. 波的相位部分|n. 颜色型|n. 橄榄球的一段比赛|n. 单倍型|n. 复数的相位角|n. 频率传播失真
phase-in	n. 逐渐采用
phd	abbr. 哲学博士学位（Doctor of Philosophy）
phenomenon	n. 可观察的现象或事件|n. 可认识、可研究的现象|n. 一种现象或现象类型|n. 奇异而引人惊叹的现象|n. 非凡的人或事物|n. 外观或呈现出来的样子|n. 由认知结构形成的经验对象
philharmonic	adj. 热爱音乐的；重视音乐演出的|n. 交响乐团
philosopher	n. 爱智慧的人|n. 哲学研究者或专家|n. 哲学专业学生|n. 以哲学态度生活的人|n. 某一知识领域的学者|n. 炼金术士
philosophical	adj. 哲学的；与哲学有关的|adj. 理性思考的；善于分析的|adj. 沉着的；看得开的
philosophy	n. 哲学学科|n. 某领域的理念|n. 基本原则|n. 完整的信念体系|n. 沉着的态度|n. 科学的广义分支|n. 对智慧的热爱|n. 一种印刷字体字号|v. 进行哲学思考
phone	n. 电话；手机|v. 给某人打电话|n. 电话号码|n. 语音片段
phony	adj. 假的；冒牌的|n. 冒充者；骗子|n. 虚伪的人|n. 假冒物；假的东西|v. 弄虚作假；冒充
photo	n. 照片|n. 照片判定的并列终点|n. 数字图像|n. 摄影活动或专业|v. 给……拍照
photocopier	n. 影印机, 摄影复制机
photograph	n. 照片|v. 拍摄|v. 深深印在记忆中|v. 上镜
photographer	n. 摄影师；拍照片的人
photographic	adj. 摄影的；照片的|adj. 极其准确的；逼真的
photography	n. 摄影艺术与技术|n. 摄影职业
photosynthesis	n. 光能转化为化学能的过程
phrase	n. 短语；简短表达|n. 语法中的词组|v. 措辞表达|n. 音乐乐句|n. 舞蹈动作段|v. 用特定方式演奏|v. 分成乐句|n. 说法；措辞
phrasing	n. 措辞；表达方式|n. 音乐乐句的处理方式|v. phrase 的现在分词或动名词
physical	adj. 物质世界的；自然界的|adj. 身体的；肉体上的|n. 体检|adj. 旧医学用语|n. 有形显现
physically	adv. 身体上|adv. 按照物理规律|adv. 用身体力量|adv. 亲自实际地|adv. 按医学规则
physician	n. 医生；医师|n. 内科医生
physicist	n. 物理学家|n. 物理化学还原论者
physics	n. 物理学|n. 物理机制|v. physic 的第三人称单数形式
physiological	adj. 生理的；生理学的|adj. （药物对健康人体的）生理作用
physiologist	n. 生理学者
physiology	n. 生理学|n. 某种生物的生理机能|n. 自然科学（旧义）
physique	n. 体格；身体构造|n. 肌肉体格；健美体型
piano	n. 钢琴|adj. 轻柔的；弱音的|adv. 轻声地；弱地|adj. 温和的；柔弱含蓄的|v. 弹钢琴|v. 使手指上下弹动|v. 配置钢琴|v. 变得轻柔起来
pick	n. 镐；鹤嘴锄|n. 选择；选择权|v. 用手指抓拉、抠取|v. 选择；挑选|n. 开锁工具|n. 卷发梳|n. 拨片|n. 首选；最佳之选|n. 掩护|n. 挡人战术|n. 拦截；抄截|n. 内野防守好球
picker	n. 挑选或拾取东西的人|n. 仓库拣货员|n. 选择控件|n. 纤维松解机|n. 织机部件|n. 火炮清理引火孔的金属丝|n. 小块金粒|n. 电铸版修整工|n. 小偷
pickup	n. 拾音器|n. 皮卡|n. 接送或取走|n. 临时组成的|n. 落地后击球|n. 游戏道具|n. 选举中新增席位|n. 接电话|n. 接送时段|n. 加速能力|n. 搭讪求偶|n. 被搭讪并接受的人
picnic	n. 野餐活动|n. 野餐食物|n. 轻松的事情|v. 参加野餐|n. 旧式自带食物的聚餐|n. 猪肩肉部位|phrase 问题在人不在电脑
picture	n. 图像；图画|n. 照片|v. 想象；设想|n. 脑海中的图像|n. 绘画；画作|n. 典型；完美范例|n. 美丽景象|n. 整体情况|v. 画出；用图表现|v. 生动描绘；描述|n. 电影|n. 电影院；看电影
pie	n. 派|n. 可分配的总量|adj. 原始印欧语的|n. 类似的包馅食物|n. 披萨|n. 糊脸的奶油派|n. 饼图|n. 很容易的事|v. 用派糊脸|v. 故意不理|n. 板球中的坏球|n. 女性生殖器
piece	n. 一部分；一块|n. 一件；一个单独物品|n. 艺术作品|v. 拼合；拼凑|n. 棋子|n. 硬币|n. 报刊文章|n. 距离|v. 拼接或修补|n. 火炮|n. 枪|n. 假发或发片
piecemeal	adj. 逐步的；分阶段的|adv. 逐步地；一点一点地|adv. 逐块地；拆散地|n. 碎片；小片|v. 逐块拆分；分散处理
pierce	v. 刺穿；穿透|n. 穿耳耳饰|v. 给皮肤穿孔|v. 突然打破|v. 看透核心|v. 深深触动
piercing	adj. 目光锐利而深|n. 身体上的穿孔|adj. 寒冷刺骨|adj. 声音尖锐刺耳|n. 刺穿这一动作|n. 穿孔饰品|v. 正在刺穿；刺穿这一动作
piero	n. 皮耶罗（男子名）
pig	n. 猪|n. 猪肉|v. 贪吃|n. 用于养殖或屠宰的猪|n. 贪吃的人|n. 好色或性别歧视的男人|n. 邋遢的人|n. 肥胖的人|n. 警察|n. 棘手的问题|n. 掷骰子游戏|n. 英国选举动员技巧
pigeon	n. 鸽子|n. 鸽肉|n. 容易受骗的人|n. 鸽派人士|n. 影片传递人|n. 软弱无用的人|n. 责任；该处理的事|v. 用骗局欺骗
pile	n. 一堆|n. 打入地下的桩|v. 堆放；积聚|n. 待选的一堆|n. 层层堆成的物体|n. 一大笔钱|n. 地基桩|n. 排名中的一席|n. 箭头或矛头|n. 痔|n. 细绒毛|n. 织物绒面
pilgrim	n. 朝圣者|n. 新来者|n. 普利茅斯早期移民|n. 某足球俱乐部相关人士|n. 旧式帽后护颈饰物|v. 远行漫游
pill	n. 药丸|n. 口服避孕药|n. 难以接受的事|n. 严格意义上的药丸|n. 讨厌的人|n. 纤维小球|n. 棒球|n. 圆角标签|v. 起球|v. 给服药|v. 说服|n. 滑稽的人
pillar	n. 建筑柱子|n. 重要支柱|n. 柱状物|n. 躯干|n. 宗教仪仗柱|n. 马术场地中心柱|n. 天然岩柱|v. 加柱支撑
pillay	[人名] 皮莱
pillow	n. 枕头|v. 使枕在；像枕头一样承托|n. 类似枕头的头部支撑物|n. 枕状熔岩|n. 承压垫块、轴承座|n. 船首斜桅下的垫块|n. 枢轴座|n. 粗平绒布
pilot	adj. 试点的；试验性的|n. 试点；试行项目|n. 飞行员|v. 驾驶；操控|v. 试行；试播|adj. 辅助控制的|adj. 引导车辆的|n. 船舶驾驶员；舵手|n. 港口领航员|n. 引导车|n. 向导；带路人|n. 试播集
pin	n. 别针；针|n. 徽章|v. 用别针固定|v. 按住使其不能动|n. 小钉子|n. 销；插销|n. 摔跤压制获胜|n. 球瓶；游戏用柱|n. 腿|n. 连接器插针|n. 别针饰品|n. 棋类牵制
pinch	n. 捏疼人的动作|n. 一小撮|n. 困境|v. 捏疼|v. 用手指夹住|v. 把两边挤到一起|n. 用手指夹压|n. 逮捕|v. 衣物勒得不舒服|v. 偷取小东西|v. 逮捕|v. 掐掉植物芽枝
pine	n. 松树|n. 松木|v. 苦苦思念或渴望|n. 类似松树的针叶树|n. 替补席|v. 因痛苦而憔悴|v. 为某人悲伤或哀悼|n. 菠萝|n. 吧台|n. 痛苦的思念|v. 折磨
pink	adj. 粉红色的|n. 粉红色|n. 石竹花|v. 变成粉红色|adj. 患结膜炎的|adj. 偏社会主义的|adj. 与女性或女孩有关的|adj. 与同性恋群体有关的|n. 斯诺克粉球|v. 使变成粉红色|v. 用讽刺刺痛|adj. 猎装猩红色的
pinpoint	adj. 极其精确的|v. 精确定位；准确找出|n. 针尖|n. 极小的点
pint	n. 英国及英联邦品脱|n. 美国品脱|n. 一品脱牛奶|n. 一品脱啤酒或苹果酒|n. 匈牙利的容量单位|n. 特定医药或商业用量
pioneer	n. 开路先行者|n. 领域先驱|v. 率先开创|n. 新加坡“先驱一代”成员|n. 新加坡先驱一代成员|n. 军队工兵|n. 禁酒组织成员|n. 共产主义少年组织成员
pipe	n. 管乐器|n. 管子；管道|n. 烟斗|v. 吹奏管乐器|n. 管道；水管|n. 管状物|n. 程序连接通道|n. 高带宽连接（俚语）|n. 上市公司股权私募投资|v. 尖声大喊|v. 发出尖细声|v. 用管道输送
pipeline	n. 输送物质的管道|n. 信息按顺序传递的通道|n. 正在推进的流程或项目渠道|n. 导致某种结果的发展路径|n. 持续提供资源的来源|v. 把处理设计成分阶段流水式进行|v. 用管道输送|v. 铺设管道穿过某地|n. 冲浪时浪中的管状空间
piracy	n. 海上劫掠|n. 盗版复制|n. 劫机等类似劫持|n. 无牌广播|n. 盗食寄生
pirate	adj. 盗版的；仿冒的|n. 海盗；海上劫掠者|n. 盗版者；非法复制者|v. 劫掠；劫持船只|n. 海盗船|v. 制作或出售盗版|v. 获取或使用盗版|v. 从事海盗活动|n. 会盗食的鸟|n. 一种弹珠|n. “Pirates”球队相关人士|v. 从竞争公司挖走员工
pistol	n. 手枪|n. 手枪（精确指称）|n. 活力十足的人|v. 用手枪射击|n. 引信击发部件|n. 手枪阵形
piston	n. 活塞|n. 活塞阀|v. 像活塞一样往复运动
pit	n. 地上的坑|n. 赛车维修区|n. 水果硬核|v. 给水果去核|n. 行进乐队的打击乐区|n. 矿坑|n. 腋窝|n. 痘坑|n. 赌场桌台区|n. 糟透了的处境|n. 摇滚舞池|n. 急诊室
pitch	adj. 漆黑的|n. 推销说辞|n. 音高|v. 投掷|adj. 浓重的；极深的|n. 树脂；松脂|n. 焦油状残留物|n. 投掷；投出的一物|n. 棒球投球|n. 球场|n. 高飞短球|n. 间距
pitiful	adj. 凄惨得令人同情|adj. 少得可怜|adj. 有怜悯心的|adv. 凄惨地；可怜巴巴地
pity	n. 同情|n. 令人遗憾的事|v. 同情|intj. 真可惜|n. 虔敬|v. 使人同情
pivot	n. 转轴；支点|n. 关键中心；核心人物或因素|v. 绕固定点转动|v. 迅速改变策略|n. 以一只脚为轴转身|n. 排序分组用的基准元素|n. 数据透视表|n. 页面导航标签组中的一项|n. 矩阵运算中的主元|n. 竞选立场转向|v. 政治立场转向|n. 队列转向时的固定士兵
pizza	n. 披萨这种食物|n. 一张披萨
place	n. 地方；场所|n. 位置|v. 放置；安放|n. 某处；地点|n. 阅读位置|n. 心理状态|n. 职位；分内职责|n. 数位|n. 次序中的位置；首先|v. 获得名次|v. 排名；跑出名次|v. 想起见过的地点或人
placement	n. 放置；安排到位|n. 就业安置；工作安排|n. 位置；摆放处|n. 实习派遣；工作实践岗位|n. 星体落位
plagiarism	n. 抄袭行为|n. 抄来的文本或作品|n. 一次抄袭事件
plagiarize	v. 剽窃, 抄袭
plague	n. 严重传染病|n. 大范围灾祸|v. 不断骚扰|n. 大规模瘟疫|n. 令人厌烦的祸害|v. 使遭受困扰|n. 一群黑䴕
plain	adj. 朴素的；无装饰的|adj. 明显的；显而易见的|adj. 直率的；坦白的|adv. 简直；纯粹地|n. 平原|adj. 相貌普通的；不漂亮的|n. 大片平展区域|adj. 平坦的|adj. 非王牌的|adj. 完整的；足数的|adv. 清楚地|n. 战场
plaintiff	n. 原告
plan	n. 设计图|n. 行动计划|v. 制定计划|v. 打算|n. 平面图|n. 服务套餐|v. 设计|v. 为……作安排|n. 方法；做法
plane	adj. 平的；平坦的|n. 平面；平坦表面|n. 几何平面|n. 飞机|n. 层次；境界|n. 翼面；升力面|n. 刨子|n. 悬铃木|v. 用刨子刨平|v. 滑翔；翱翔|n. Unicode 编码平面|n. 滑翔型蝴蝶
planet	n. 行星|n. 地球|n. 历史上的游走星体|n. 历史上的太阳系轨道天体
planner	n. 计划者|n. 计划本；计划软件|n. 填充停顿语
plant	n. 植物|n. 工厂；生产设施|v. 种植|v. 暗中安插；栽赃|n. 工业设备|n. 栽赃物；被暗中放置的物品|n. 卧底人员|n. 观众中的托|v. 种满；栽种|v. 牢牢放置；稳稳插下|v. 埋入地面|n. 植物界生物
plant-based	adj. 以植物为基础的（饮食或食品）|adj. 植物替代制成的
plantation	n. 大型种植农场|n. 成片种植的树木|n. 迁入人口的殖民活动|n. 由此建立的殖民地
plaster	n. 皮肤用药膏|n. 创可贴|n. 墙面灰泥|v. 给墙面抹灰|v. 给伤口贴创可贴|n. 石膏固定物|n. 石膏粉|v. 厚厚涂抹|v. 铺满并遮住|v. 猛烈轰击|v. 把问题遮掩过去
plastic	adj. 可塑的；易成形的|adj. 塑料制的|adj. 虚假做作的|n. 塑料|adj. 能适应环境变化的|adj. 塑性变形的|adj. 劣质的；冒牌的|n. 信用卡或借记卡|n. 虚假做作的人或表现|adj. 能生成组织的|adj. 有创造性或塑造作用的|adj. 逃离圈养的
plate	n. 盘子|n. 扁平板片|n. 车辆号牌|v. 给表面镀层|n. 一盘食物|n. 一道菜|n. 待办事务|n. 表面镀层|n. 杠铃片|n. 构造板块|n. 唱片|v. 摆盘上菜
plateau	n. 高原台地|n. 增长后的平台期|v. 趋于稳定|n. 成就层次|n. 餐桌托盘|n. 药物体验阶段
platform	n. 舞台；讲台|n. 表达意见的机会|n. 车站站台|n. 网络平台|n. 作业高台；架高的平面|n. 发展的基础|n. 政纲；政治立场|n. 厚底鞋|n. 软件或硬件运行环境|n. 汽车共用底盘|n. 海蚀平台|v. 为……提供表达渠道
plausible	adj. 貌似可信；说得通|adj. 貌似合理但可能是骗人的|adj. 值得称赞的（旧）
play	n. 玩耍；娱乐活动|n. 戏剧作品|v. 玩耍；娱乐|v. 演奏；表演|n. 幼兽玩耍|n. 比赛进程|n. 可进行比赛的范围|n. 比赛表现|n. 比赛中的一次行动|n. 轮流游戏中的一步|n. 戏剧演出|n. 行动计划；争取机会
playe	[医]翻放机, 唱机
player	n. 参加游戏或活动的人|n. 参与者；有影响力的一方|n. 不太认真的游荡者|n. 旧式的自动演奏装置|n. 感情关系不专一的人
playgoer	n. 爱看戏的人, 常看戏的人, 戏迷
playgoing	n. 看戏
playground	n. 儿童游乐场|n. 自由施展的领域|n. 接口测试沙盒
playgroup	n. 托儿所
playhouse	n. 剧场|n. 儿童玩具屋
plea	n. 恳求；呼吁|n. 借口；辩解理由|n. 辩护理由；正当化的说法|n. 诉讼主张；辩护陈述|n. 被告答辩|n. 诉讼中的事实陈述|n. 诉讼；法院审理的案件|v. 申辩；争辩
plead	v. 答辩；提出抗辩|v. 恳求；苦苦哀求|v. 以……为借口|v. 据理争辩
pleasant	adj. 令人愉快的；舒服的|adj. 诙谐的；逗笑的|n. 诙谐者；滑稽人物
pleasantly	adv. 愉快地；和气地|adv. 轻松地；不严肃地|adv. 戏谑地；荒谬地
please	adv. 请|v. 使满意；使高兴|v. 随自己的意愿；想怎样就怎样|intj. 好啊；请吧|intj. 得了吧|intj. 请再说一遍
pleasurable	adj. 令人愉快的；使人享受的
pleasure	intj. 我的荣幸；不客气|n. 愉快；满足；享受|n. 乐事；令人愉快的人或事|n. 选择；想要的东西|n. 性愉悦|n. 掌权者的意愿|v. 使愉快|v. 给予性愉悦|v. 寻欢作乐
pledge	n. 郑重承诺|v. 郑重承诺做某事|n. 担保物；人质式保证|v. 拿东西作抵押|n. 动产抵押|n. 社团候选成员|n. 祝酒词|v. 举杯向某人致意
plentiful	adj. 数量充足的|adj. 产出丰富的|adj. 铺张的（过时）
plenty	n. 充足；富足|pron. 绰绰有余；足够多|adv. 足够地；绰绰有余地|adv. 非常；十分|det. 充足的；足够多的|det. 许多的|adj. 丰富的
plight	n. 困境；苦境|n. 状态；状况|n. 健康状态|n. 风险；危险；责任|n. 危险时刻；险境|n. 过错；罪责|n. 职分；职责|n. 抵押物；承诺物|n. 编结；折叠物|v. 使承担风险；抵押|v. 以婚姻作出承诺|v. 许诺自己；许诺去做某事
plot	n. 故事情节|n. 地块；小块土地|n. 阴谋；密谋|v. 密谋；策划坏事|n. 墓地；墓穴位置|n. 图表；曲线图|n. 计划；意图|v. 绘制图表|v. 在图上标出|n. 谋略；机心|n. 参与阴谋|n. 迷人的身材或外貌特征
plough	n. 犁|v. 用犁翻地|v. 用力穿过|n. 其他切推工具的简称|n. 切推材料的工具|n. 犁地；翻耕|n. 北斗七星的另一形式|v. 耕作；用犁|v. 撞倒；碾过|v. 划出沟槽|v. 使学生不及格|n. 历史土地面积单位
plow	n. 犁|v. 犁, 耕
pluck	n. 猛拉；拔取|n. 勇气；毅力|v. 猛拉；拔出|n. 动物内脏|v. 迅速带走|v. 拨动琴弦|v. 拔掉羽毛|v. 拨弦演奏|v. 猛拉；抽动|n. 廉价酒|v. 敲诈；骗取|v. 考试不及格而被淘汰
pluff	n. 扑通, 比喻掉入水中的声音
plug	n. 电插头|n. 塞子；堵孔物|v. 堵住；塞住|v. 宣传；推销|n. 连接插头|n. 墙内木块|n. 宣传；推介|n. 消防栓|v. 坚持做下去|n. 压制烟草块|n. 高筒丝帽|n. 劣马
plum	adj. 优厚而难得的|n. 李子；李树|n. 优厚职位；难得机会|adj. 李子色的|adv. 完全地；彻底地|adj. plumb 的拼写变体|n. 古旧的水果名称|n. 一大笔财富|n. 男性生殖器官的俚语称呼|n. 笨蛋；讨厌的人|v. 探测深度；测量地下情况
plumb	adj. 垂直的|adv. 垂直地|adv. 正中地；彻底地|n. 铅锤线|n. 垂直状态|v. 测量深度|v. 接通管道|v. 深入探究|v. 用铅锤测量|v. 准确校直|v. 从事管道工工作|adj. 板球中的正面击腿
plumber	n. 水管工|v. 搞砸；弄坏|n. 查堵信息泄漏的人|n. 铅管工|n. 英国海军学徒|n. 泌尿科医生|v. 当水管工|v. 以水管工身份处理|v. 做；设法处理|v. 安装管道设备
plummet	n. 暴跌；急剧下降|v. 急速坠落|n. 猛烈下坠|n. 测深铅锤|n. 重物|n. 划线用铅块
plump	adj. 丰满的；圆润的|adv. 砰地；突然直接地|v. 砰地投入；猛地放下|adj. 胖的；肥胖的|adj. 直截了当的；突然的|n. 砰的一声；突然沉重落下|v. 变丰满；鼓起|v. 使丰满；使充实|v. 支持；赞成|v. 砰地落下；突然跌坐|n. 一团；一群|n. 一群飞行的鹅
plunge	n. 浸入动作|n. 猛然跳入|v. 把……浸入|v. 跳入或冲入|v. 陷入某种状态|v. 猛插入或投入|v. 用吸力疏通|n. 游泳池|n. 猛烈前冲|n. 冒险下注|n. 陷入困境|v. 浸礼
plural	adj. 不止一个的|adj. 复数的|n. 复数|n. 复数形式|adj. 多元的|adj. 具有多重身份的|n. 具有多重身份的人
plurality	n. 复数性|n. 相对最多的一部分|n. 数量众多|n. 选举中的相对多数票|n. 票数或数量上的差额|n. 大量事物|n. 由多个部分组成的整体|n. 兼领多个教会职位或俸禄|n. 一夫多妻或多夫制|n. 多重自我或人格状态
plus	adj. 正的；正数的|adj. 有利的；加分的|n. 正数；正号所表示的量|n. 优点；有利条件|prep. 加；加上|v. 加；相加|adj. 正极的|adj. ……以上；多于……|adj. 以及更多|n. 加号|prep. 再加上；还有|v. 增加；扩充
ply	n. 一层材料|n. 绳线的一股|v. 勤奋从事工作|v. 持续使用工具|n. 胶合板的简称|v. 不断追问或施压|v. 不断提供以劝诱|v. 定期往返某条路线|n. 棋类中的半回合|n. 状态、处境|n. 弯曲方向|v. 弯曲、折叠；使屈服
pm	n. 首相；总理|n. 私人消息|n. 颗粒物|v. 给某人发私信|n. 事后分析报告|n. 私人消息|n. 项目管理|n. 项目经理|n. 产品经理|v. 负责项目管理|n. 价格匹配|n. 绩效管理
pneumonia	n. 肺炎
poach	vt. 水煮(蛋), 偷猎, 侵入, 窃取|vi. 偷猎, 陷入泥中
pocket	adj. 适合放进口袋的|n. 衣服口袋|n. 个人财力|v. 放进口袋|adj. 小巧紧凑的|n. 台球袋口|n. 封闭的小空间|n. 四分卫保护区|n. 被包围的军事区域|n. 孤立的小区域|n. 稳定投入的节奏|v. 使球入袋
pocketbook	n. 笔记本, 钱袋, 皮夹, 经济来源
podcast	n. 播客节目|n. 播客的一集|v. 以播客形式发布|v. 做播客并发布
poem	n. 一首诗|n. 诗歌作品；诗歌|n. 富有诗意的文字
poet	n. 写诗的人|n. 富有诗意的人
poetic	adj. 诗歌的；与诗歌有关的|adj. 富有诗意的；浪漫而有想象力的|adj. 能触动内心的；富有感染力的
poetry	n. 诗歌文学|n. 诗意；艺术感染力|n. 诗人的作品
point	n. 小点；标记|n. 细节；要点|n. 尖端；尖头|v. 用手指指出|n. 毛色特征|n. 一点；一项优势|n. 得分|n. 地点；站点|n. 点火触点|n. 指向；指出的动作|n. 特定运动位置|v. 指示方向或引起注意
point-and-click	adj. 指向并点击操作的|adj. 对准即拍的
pointer	n. 指示物；指针|n. 提示；建议|n. 计分对象|n. 使某物变尖的东西
pointless	adj. 没有意义或作用的|adj. 没有尖端的|adj. 没有重点的|adj. 没有得分的|adj. 不含点的|adj. 无点式的
poison	n. 毒物；毒药|n. 有害因素|v. 给……下毒|v. 使恶化；破坏|n. 酒（习语）|v. 污染；使有毒|v. 使产生偏见或仇视|n. 催化剂抑制物|v. 抑制催化活性|v. 污染缓存等数据
poisonous	adj. 含毒的；有毒的|adj. 会释放毒液的；有毒的动物|adj. 有害的；恶毒的
poke	n. 戳；捅一下|n. 夏威夷生鱼块料理|v. 戳；捅|n. 懒散的人|n. 社交平台上的戳|v. 拨火；拨动|v. 翻找；摸索|v. 在社交平台上戳某人|v. 把某物伸向某处|n. 蠢人；无趣的人|n. 老弱的马|n. 防跳围栏装置
polar	adj. 极地的；与极点有关的|adj. 截然相反的；两极的|n. 极线
polarise	vi.vt. (使)极化, (使)偏振, (使)两极分化
polarize	v. (使)偏振, (使)极化, (使)两极分化
pole	n. 长杆；柱|n. 地理极点；旋转两端|n. 两个极端|v. 用杆推动|n. 车具牵引杆|n. 简易鱼竿|n. 撑杆跳用杆|n. 观鸟或观测用望远镜|n. 杆位；起跑第一位|n. 磁极|n. 几何定点|n. 电接点；电极
poles	v. pole 的第三人称单数现在时
police	n. 警察机构|n. 警察人员|v. 维持秩序|n. 北美语境中的警察机构|n. 英国英语中的警察机构|n. 澳大利亚和新西兰英语中的警察机构|n. “规范警察”|v. 监督规范|n. 军营清理任务|n. 治理与行政|n. policy 的旧式变体|n. polity 的旧式变体
policeman	n. 男警察|n. 冰球等运动中的执行者|n. 化学分析用玻璃棒|n. 一种弄蝶
policewoman	n. 女警察
policy	n. 政策；方针|n. 政策文件；规定文件|n. 保险合同|n. 保单|n. 审慎的处事策略|n. 政治谋略|n. 宅邸周围的 grounds|n. 治理术；政治学|n. 国家；政治实体|n. 政治制度；行政管理|n. 计策；策略|n. 动机；目的
policymaker	n. 政策制定者；决策人
polish	adj. 波兰的；波兰语的|n. 波兰语|n. 上光剂；抛光剂|v. 擦亮；抛光|v. 改进；打磨|n. 光泽；擦亮的状态|n. 精致；成熟度|v. 给鞋擦鞋油|v. 使举止或表达更优雅|n. 波兰鸡|v. 被擦亮；变得有光泽
polite	adj. 有礼貌的；得体的|adj. 磨光的；光滑的|v. 磨光；使文雅
politely	adv. 礼貌地；客气地
politeness	n. 礼貌；有礼貌的品质|n. 礼貌举动；客套行为
political	adj. 政治的；与治理有关的|adj. 政体或行政机构的|adj. 出于政治算计的|adj. 涉及社会权力关系的|adj. 对政治感兴趣的|n. 政治人物|n. 政治刊物|n. 政治犯
politically	adv. 以政治方式|adv. 在政治上；涉及政治影响
politician	n. 政治人物；公职人员|n. 以公职为职业的人|n. 积极参与政治的人|n. 圆滑逢迎的人
politics	n. 政治活动；治理事务|n. 从政；政治职业|n. 政治立场；政治观点|n. 权力周旋；政治手腕|n. 与当前话题无关的现实政治|v. politic 的第三人称单数现在时
poll	n. 民意调查|n. 正式投票|n. 票数或投票结果|v. 统计选票|adj. 无角的|n. 投票地点|n. 斧锤的宽端|n. 宠物鹦鹉|v. 征集模拟意见|v. 参加投票|v. 获得票数|v. 剪掉或割短
pollan	n. [鱼](爱尔兰)白鲑
pollutant	n. 污染物质
pollute	v. 污染；使有害|v. 破坏纯净状态；干扰|v. 玷污；亵渎；败坏|adj. 被污染的；被玷污的|v. 以性行为玷污；使堕落
pollution	n. 环境污染|n. 污染物|n. 道德或精神上的玷污|n. 亵渎神圣之物|n. 遗精等生理排出
polymer	n. 聚合物分子|n. 聚合物材料
polyurethane	n. 聚氨酯材料|v. 涂聚氨酯
pond	n. 池塘；水塘|n. 大西洋彼岸|n. 泉水供给的静水体|v. 拦水蓄水|v. 筑坝蓄成水塘|v. 形成积水|v. 思考；仔细考虑
ponder	n. 一番深思|v. 深入思考|v. 仔细考虑|v. 称量；权衡
pool	n. 小水池|n. 游泳池|n. 资源池|n. 共同资源|n. 台球运动|v. 共同集中资源|n. 水洼|n. 一组同类对象|n. 液体的一小摊|n. 一片光|n. 赌注制台球游戏|n. 合伙项目
poor	adj. 贫穷的|adj. 质量差的|adj. 缺乏某种成分的|adj. 可怜的|adj. 不足的|adj. 谦卑的|n. 穷人群体|n. 一个穷人|n. 一种鳕鱼的旧称|v. 使变穷|v. 变得贫穷|v. 称为穷人
poorly	adj. 身体不适的|adv. 状况很差地；生活拮据地|adv. 效果不佳地|adv. 没有技巧地|adv. 负面地；不赞成地|adv. 怯懦地；没有气魄地
pop	adj. 流行的|n. 砰的一声|n. 汽水|v. 突然出现或移动|intj. 砰的一声|n. 一瓶或一罐汽水|n. 迅速开枪|n. 每份；每个|n. 醒目的亮点|n. 冰棒|n. 棒棒糖|n. 爸爸
pope	n. 罗马天主教教宗|n. 科普特教宗|n. 亚历山大里亚东正教教宗|n. 讽刺性地指自封权威者|n. 广义教会领袖|n. 其他教会的教宗式称号|n. 英国旧式用法中的教宗|n. 美国旧式用法中的教宗|n. 早期基督教主教|n. 一种淡水鱼|n. 海鹦|n. 彩鹀
poplar	n. 杨树|n. 杨木
populace	n. 普通民众|n. 某地居民总体
popular	adj. 大众认可的|adj. 受许多人喜爱的|adj. 公共的；民众的|adj. 源自民众的|adj. 面向大众的|adj. 普通人买得起的|n. 受欢迎的人|adj. 出身低微的|adj. 讨好民众的|n. 大众报纸|n. 民众派成员|n. 相关人民党成员
popularise	vt.vi. 使通俗化, 使受欢迎, 使大众化, 使普及, 宣传, 推广
popularity	n. 受欢迎程度|n. 迎合大众的性质|n. 迎合普通人的性质|n. 迎合大众的宣传话术|n. 博取民众好感|n. 大众情绪
popularize	vt. 使成通俗性, 使平易, 使普及|vi. 通俗化
popularly	adv. 通俗地；普遍地
populate	v. 给地方增加居民|v. 填充列表或集合|v. 居住于|v. 数量增加；繁殖|adj. 人口稠密的|v. 填入电路板插槽
population	n. 某地的人口|n. 人口数量|n. 具有某种特征的人群|n. 生物种群|n. 统计总体|n. 填充集合|n. 普通囚犯群体
populist	adj. 民粹主义的|n. 民粹主义者|adj. 民主的；以普通民众为政治基础的|adj. 为了讨好公众而提出的|n. 迎合民众的政治人物|n. 民主原则的倡导者
populous	adj. 人口众多的|adj. 使用者众多的|adj. 人口密集的|adj. 人群聚集的
porcelain	n. 瓷；瓷质材料|n. 瓷餐具；瓷器总称|n. 瓷制品；瓷器|n. 高岭土|n. 贝壳|n. 贝壳串；贝壳饰物或货币|n. 一种鸽子|v. 给……涂瓷釉
porch	n. 有顶门廊|n. 柱廊；有顶走道|n. 航天器舱门外平台
pork	n. 猪肉|n. 政治私利拨款|n. 执法人员|n. 钉住与双攻并存的局面|v. 与某人发生性关系
pornography	n. 色情内容|n. 煽情式描绘|n. 猎奇式详尽描写
port	n. 港口|n. 左舷|n. 设备接口|n. 波特酒|adj. 左舷的|n. 港口城市|n. 船舷开口|n. 皮下输液接口|n. 连接开口|n. 阀门开口|n. 数据传输端口|n. 网络端口号
portability	n. 便携性；可移植性
portable	adj. 便携的；易搬动的|n. 临时便携建筑|adj. 可转移的|adj. 可跨平台运行的|adj. 免安装即可复制使用的|n. 临时建筑的简称|n. 便携式电脑|n. 手持电子游戏设备|adj. 可以忍受的
porter	n. 行李员|n. 门卫|n. 软件移植人员|n. 深色啤酒|n. 搬运型蚂蚁|n. 保龄球馆服务员|n. 世涛啤酒|v. 担任搬运工；搬运
portfolio	n. 作品集|n. 投资组合|n. 文件夹|n. 政府职责|n. 资产集合|n. 产品组合
portion	n. 分配的一份|n. 整体中的一部分|v. 分成份额并分配|n. 命运中的一份|n. 遗产份额|n. 嫁妆|v. 授予遗产
portrait	adj. 写实人物的|n. 人物肖像|n. 生动描绘|n. 纵向版式|v. 描绘；画出
portraiture	n. 肖像；画像；相似的描绘|n. 肖像画艺术|n. 肖像作品的总称
portray	v. 画出……的肖像|v. 以形象呈现|v. 用文字描写|v. 饰演；演绎角色|v. 装饰
portuguese	adj. 葡萄牙的|adj. 葡萄牙人的；葡萄牙文化的|adj. 葡萄牙语的|n. 葡萄牙人
pose	n. 姿势；姿态|v. 摆好姿势|v. 摆姿势；摆出姿态|n. 装腔作势；做派|v. 提出；设置|v. 构成；造成|v. 冒充|v. 装腔作势|n. 古义：感冒|v. 古义：盘问|v. 古义：用问题难倒|v. 古义：盘问
position	n. 位置；所在处|n. 职位；工作岗位|n. 立场；观点|v. 放置；使就位|n. 地位；职位等级|n. 姿势；身体姿态|n. 处境；条件|n. 场上位置；职责|n. 持有的金融头寸|n. 金融交易头寸|n. 试算法中的假设位置|n. 棋局局面
positive	adj. 大于零的|adj. 乐观的；积极的|adj. 好的；令人愉快的|n. 阳性检测结果|adj. 肯定的；存在的|adj. 明确无条件的|adj. 确信的|adj. 非负的|adj. 有建设性的；有益的|adj. 自以为是的；武断的|adj. 实际的；具体的|adj. 确实存在特征的
positively	adv. 积极地|adv. 肯定地|adv. 绝对；简直|adv. 非常
posse	n. 一群人；一帮人|n. 一帮朋友；同伴圈子|n. 协助执法的一群人|n. 搜索队|n. 犯罪团伙
possess	v. 拥有；持有|v. 支配思想；萦绕心头|v. 附身；控制身心|v. 拥有控制权|v. 控制自己或他人|v. 促使；使着迷|v. 占据注意力或时间|v. 取得；夺取|v. 使归于；据为己有|v. 告知；使了解|v. 掌握语言或技能|v. 居住于；占据地点
possession	n. 拥有的物品|n. 拥有或控制的状态|n. 属地|n. 恶魔附身|n. 被强烈情绪支配|n. 控球权|n. 铁路占用权|n. 一次出球|n. 领属关系|v. 使获得财产
possibility	n. 可能性|n. 一种可能的结果或事情|n. 可行的选择或方案|n. 能力；行动条件
possible	adj. 可能发生的|adj. 能够做到的；可实现的|adj. 可考虑的人选|adj. 看起来合理的|n. 可能的人选|n. 某人能做到的事|n. 可能发生的事情
possibly	adv. 也许；可能|adv. 可能做到；并非不可能
post	n. 邮政服务|n. 网络帖子|v. 寄送邮件|v. 网上发帖|adv. 通过邮政寄送|n. 柱子；桩；立杆|n. 建筑木料；墙骨|n. 球门柱|n. 篮球篮下区域|n. 钩针织物的竖向部分|n. 军事据点；驻地|n. 一批邮件；一次投递
postage	n. 邮资；寄送费用|n. 邮票；邮资凭证
postal	adj. 邮政的；邮件服务的|adj. 发狂的；失控的
postcard	n. 明信片|v. 寄明信片给|v. 用明信片寄送
poster	n. 海报；宣传画|n. 宣传海报|n. 发帖者|v. 张贴海报；用海报装饰|n. 击中门柱得分|n. 击中门柱的射门|n. 隔人扣篮|n. 驿马|n. 快行者；信使
postgraduate	adj. 毕业后的；研究生阶段的|n. 研究生；深造者
posthumous	adj. 某人死后的|adj. 本人死后才发生的|adj. 作者死后发表的作品|adj. 作曲家死后发表或首演的乐曲|adj. 父亲去世后出生的
postman	n. 邮递员|n. 英国历史官职名
postmodern	adj. 后现代主义的|adj. 现代之后的|n. 后现代主义者
postpone	v. 推迟；延期|v. 排在后面；置于次要地位
posture	n. 身体姿势|n. 立场；态度|n. 局面；处境|v. 摆姿势炫耀|v. 装出某种立场|n. 相对于另一物的位置|v. 摆放成某种姿态
postwar	a. 战后的
pot	n. 烹饪用锅|n. 赌池；总赌注|n. 大麻|v. 放进锅里|n. 敞口容器|n. 衰败；变糟|n. 专项资金|v. 装瓶保存|v. 使球入袋|v. 能入袋|v. 赢得；弄到|v. 让孩子坐便盆
potash	n. 木灰中的含钾物质|n. 钾盐或钾类矿物|v. 用钾处理|n. 钾的旧式化学名称
potato	n. 土豆；马铃薯|n. 圆胖、短腿的人或动物|n. 无足轻重的东西|n. 性能很差的设备|v. 狠狠殴打|intj. 发动机的“突突”声|n. 甘薯|n. 袜子上的大洞|n. 毫无价值的东西或人|n. 贬称：无足轻重的人或东西|v. 用土豆击打
potential	adj. 潜在的；可能的|n. 潜力；发展可能|adj. 表示可能性的语法形式|n. 可能形式|adj. 有力量的|adj. 无旋的|adj. 无旋流的|n. 引力势|n. 势；势能相关量
potentiality	n. 潜在性, 可能性
potentially	adv. 可能会；可能造成|adv. 强有力地
pottery	n. 陶器|n. 制陶艺术|n. 陶器作坊
poultry	n. 家禽|n. 禽肉
pound	n. 磅（重量单位）|n. 英镑等货币单位|n. 猛烈的一击|v. 反复猛击|n. 磅（重量单位缩写）|n. 磅（质量单位缩写）|n. 磅（质量单位）|n. 磅（力单位缩写）|n. 磅（力单位）|n. 磅（非正式力单位）|n. 其他货币中的镑|n. 井号
pour	v. 倒出；倒入|v. 连续涌出；倾泻|v. 下大雨|n. 倾倒动作|n. 倒出的量|v. 倾注；大量发出|v. 持续发出|v. 有饮料可供应|v. 人群涌出|n. 倾盆大雨|v. pore 的误拼
poverty	n. 贫穷；贫困|n. 缺乏；不足
powder	n. 粉末；尘粉|v. 研成粉末|v. 撒粉；扑粉|n. 化妆粉；身体用粉|n. 火药|n. 粉雪|n. 粉蓝色|v. 使用化妆粉|v. 变成粉末；粉化|v. 突然离开|v. 撒盐腌制
power	n. 做某事的能力|n. 支配或影响他人的权力|n. 力量；能量|v. 给设备供电；驱动|v. 推动；促成|adj. 很厉害的；令人印象深刻的|intj. 加油；支持|n. 某事物的影响力|n. 有权力的人或群体|n. 强国；有影响力的国家或组织|n. 强力型的；高强度的|n. 电力；电源
power-cut	供电中断, 停电
powerful	adj. 强大的；影响力大的|adj. 论证力强的；能推出重要结论的|adj. 宽厚而规模大的（矿脉）|adj. 幂数的|adv. 非常；极其
powerfully	adv. 强有力地；用力地
powerhouse	n. 发电站|n. 强大力量或影响力的来源|n. 强牌
powerless	adj. 无力改变|adj. 无权干预|adj. 断电的
practicable	adj. 可行的；能实施的|adj. 实用的；有用的|adj. 可使用的；可通行的
practical	adj. 实践性的；非理论的|adj. 实用的；可行的|adj. 注重实际的；善于处理现实问题的|n. 实践考试|n. 实验课；实验|adj. 真正可使用的道具|adj. 画面中的布景灯具|n. 实用道具|n. 布景灯具
practicality	n. 实用性；可行性|n. 实际问题；具体安排
practically	adv. 实际上；事实上等于|adv. 几乎；差不多|adv. 在实际方面；从实践角度|adv. 切实可行地
practice	n. 练习；训练|n. 惯例；习惯做法|n. 实际应用；实践|n. 训练课；练习活动|n. 专业实践；专业活动|n. 专业服务机构；诊所|n. 宗教仪式；宗教戒律的遵守|n. 法律诉讼程序|n. 计谋；巧妙手段|n. 商业算术简算法
practise	v. 练习某项技能|v. 反复练习|v. 按惯例实行|v. 从事某专业|n. practice 的旧拼法|n. practice 的误写|v. 密谋|v. 付诸实行|v. 利用|v. 训练使习惯
practitioner	n. 专业从业者|n. 惯常参与者|n. 狡猾的施术者
prada	n. 普拉达（奢侈品品牌）
pragmatist	n. 实用主义者, 爱管闲事的人
prairie	n. 北美大草原
praisable	a. 值得赞扬的, 可嘉的
praise	n. 称赞；赞扬|v. 称赞；赞美；颂扬|n. 赞美；颂扬；赞颂
pray	v. 祈祷；祷告|v. 恳求；求助|adv. 请；请问|v. 殷切希望|adv. 请问；我问你|v. 恳请得到某物|v. 恳请；请求
prayer	n. 祈祷活动|n. 一次祈祷|n. 请求；祈求|n. 祈祷词|n. 祈祷会|n. 几乎没有希望|n. 祈祷者
pre-determine	vt. 预先确定；预先决定；预先查明
pre-teen	n. 青春期前的儿童；九至十三岁儿童
preach	intj. 说得对！|v. 讲道|v. 郑重劝告|v. 公开宣讲|v. 以布道方式教导|v. 令人反感地说教|n. 宗教布道
precaution	n. 预防措施|n. 事先的谨慎防范|v. 事先提醒或警告|v. 采取措施防范
precautionary	adj. 预防性的；防范性的|n. 预防措施（过时）
precede	v. 先于；在前面|n. 文章前言|v. 为……作先导；在……前加上|v. 级别高于
precedent	n. 先例；前例|n. 法律判例|adj. 先前的；在前的|n. 惯例；成例|adj. 前面的；先行的|n. 上述事物|n. 旧版本；前一版本|n. 文稿草稿|v. 为……提供先例|v. 成为……的先例
preceding	adj. 前面的；先前的|v. 先于；在……之前发生
precheck	[计] 预检验, 预检查, 预检
precious	adj. 珍贵的；价值很高的|adj. 珍爱的；惹人怜爱的|adv. 极少；几乎没有|adj. 过分郑重的；矫饰的|adj. 过分复杂的|adj. 过分护着的；过于在意的|adj. 故意装可爱的；矫揉造作的|n. 心爱的人；宝贝|adj. 该死的；讨厌的|adj. 十足的；彻头彻尾的
precise	adj. 精确明确|adj. 彼此集中一致|adj. 过分拘谨|v. 使明确具体
precisely	adv. 准确地；精确地|adv. 正是如此；没错
precision	adj. 精密的|adj. 准确的|n. 精确；准确|n. 重复一致性|n. 有效位数|n. 精确叫牌体系
preclude	v. 排除可能；使不可能
preconception	n. 事先钩成的看法, 成见
precook	vt. 预煮
predator	n. 捕食者|n. 攻击掠夺者|n. 性掠夺者
predatory	adj. 捕食者的；捕食性的|adj. 以捕食其他动物为生的|adj. 掠夺性的；趁人之危牟利的
predecessor	n. 前任；前人|n. 前身；旧型号|n. 先行顶点
predetermine	vt. 预先决定, 预先查明
predict	v. 预测；预言|v. 预示；意味着|v. 进行预测|n. 预言；预测|v. 为远程武器瞄准目标
predictable	adj. 可预料的；可预测的|n. 可预料之事
predictably	adv. 果然；按预料地
prediction	n. 对未来的预测|n. 统计概率估计
predominance	n. 主导地位, 优势
predominant	adj. 占多数的；普遍的|adj. 最突出的；主导的|n. 下属和弦
predominantly	adv. 主要地；占绝大多数地
preempt	vt. 先买, 先取|vi. 先发制人地叫牌
preface	n. 前言；序言|v. 先说明；先铺垫|n. 开场白；铺垫|v. 为……加序言；为……作引言|n. 弥撒序祷|n. 前置称号|n. 序祷的大小写变体
prefer	v. 更喜欢；偏爱|v. 向权威提交；提出指控|v. 提拔；提升|v. 推荐；举荐
preferable	adj. 更可取的；较好的
preferably	adv. 最好；优先
preference	n. 偏好；选择倾向|n. 偏好设置；所选选项|n. 优先地位|n. 强烈喜好|n. 偏袒；偏向|v. 优先考虑；给予优待|n. 一种纸牌游戏
preform	vt. 预先形成|n. 预成型品
prefrontal	adj. 额叶前部的|adj. 额骨前方的|n. 额骨前方的结构
pregnant	adj. 怀孕的|adj. 意味深长的；蕴含可能性的|adj. 把“我们”说成怀孕的非规范用法|adj. 肥沃多产的|adj. 开放而容易接受的|adj. 机敏聪慧的|adj. 有说服力的；明显的|n. 孕妇；孕者
prehistoric	adj. 文字记录以前的|adj. 古老得离谱的；过时的
preindustrial	a. 未工业化的, 工业化前的
prejudice	n. 先入之见|n. 对群体的敌意偏见|v. 损害；使处于不利地位|n. 成见；预先形成的看法|v. 使产生偏见|adj. prejudiced 的误拼写|n. 预见；预知|n. 损害；不利影响
preliminarily	初步地
preliminary	adj. 初步的；准备性的|n. 准备；开场|n. 预赛|n. 拳击开场赛
premature	adj. 未成熟就发生的|adj. 时机过早的|adj. 过早射精的|n. 早产儿
prematurely	adv. 过早地；未到时机就
premier	adj. 首要的；顶尖的|n. 议会制政府首脑|v. 首次推出；首演|n. 地方或国家政府首脑|n. 政府领导人|n. 赛季冠军队|v. 担任政府首脑|adj. 最早取得某身份的|n. 船上的副指挥官
premise	n. 论证前提；预先假定|n. 故事基本构想|v. 提出或假定为前提|n. 三段论前提|n. 房产；场所|n. 契约或契据中的相关事项|v. 构成前提|v. 预先陈述|v. 预先置于前面
premium	adj. 高档而价格较高的|n. 保险费|adj. 中高端的|n. 奖品；奖励|n. 促销赠品或优惠|n. 额外奖金；附加报酬|n. 高出通常水平的价值或价格|n. 溢价
preoccupation	n. 牵挂；萦绕心头的念头|n. 抢先占用
preoccupy	vt. 抢先占领, 使全神贯注
prep	n. 准备工作|v. 准备|n. 赛前训练|n. 介词的缩写|n. 预科学校|n. 预科学校学生或毕业生|n. 课外作业|n. PrEP的另一写法|n. 暴露前预防用药|n. 带贬义的预科生称呼|n. 幼儿园或学前班|n. 小学前的预备年级
prepacked	a. 事先包装好的|v. 事先包装（prepack的过去式和过去分词）
preparation	n. 准备；筹备|n. 准备就绪；有备状态|n. 准备好的东西；制剂|n. 犹太安息日或节日前一天|n. 礼拜前的祈祷操练|n. 和弦不协和音的预备
prepare	v. 准备好某物|v. 为将来做好准备|v. 准备食物|v. 调配制成|n. 准备工作
preparedness	n. 准备状态|n. 灾害防备
preposition	n. 前置词, 介词
prerequisite	adj. 先决的；必备的|n. 先决条件；必备条件|n. 先修课
preschool	adj. 学前的；幼儿阶段的|n. 幼儿园|v. 给……提供学前教育|v. 上幼儿园|n. 包括托儿班和幼儿园的学校
prescientific	a. 科学发展以前的, 近代科学出现以前的
prescribe	v. 开药；开具治疗用品|v. 规定；明确要求|v. 依法取得或主张权利|v. 因时效失效
prescription	n. 医生处方|n. 处方药或处方治疗|n. 处理方案|n. 成文规定|n. 语言规范规定|n. 权利行使时效|n. 长期占有取得时效|n. 自我约束
presence	n. 在场；存在|n. 身边；面前的范围|n. 表演感染力|n. 存在感；气场|n. 神秘存在|n. 市场存在|n. 专注当下|n. 显要人物的集会|n. 房间底噪|v. 使出现；成为在场
present	adj. 现在的；当前的|n. 现在；当前时期|n. 礼物|v. 展示；提出|adj. 在场的；附近的|adj. 本语境中的；所指的|adj. 专注当下的|adj. 弃权的|n. 现在时|n. 便便；粪便|v. 正式介绍|v. 提交问题审议
present-day	adj. 现今的；当代的
presentation	n. 呈现；展示|n. 演讲；报告|n. 演示文稿；幻灯片|n. 表演；演出|n. 颁发的奖品|n. 婚礼赠礼；贺礼|n. 临床表现|n. 性别呈现|n. 胎位；胎儿先露|n. 出剑迎战|n. 生成元关系表示|n. 向主教推荐圣职人选
presently	adv. 不久；很快|adv. 立即；马上|adv. 目前；现在|adv. 实际上；确实地
preservation	n. 保护；保存行为|n. 保存状态；保存得好
preserve	v. 保护；维护|v. 保持完整；维持|n. 果酱；水果蜜饯|n. 保护区|v. 腌制保存|n. 专属范围
preside	v. 主持会议|v. 掌管；主管|v. 担任主要独奏者
president	n. 共和国总统|n. 总统制国家的政府和国家元首|n. 公司主要领导|n. 会议或机构的主持人|n. 总统的正式称呼|adj. 居首位的；主持的|n. precedent 的废弃形式|v. 担任总统；主持
presidential	adj. 总统的；总统职位的|adj. presidential 的大写写法|adj. 有总统风范的；庄重宽厚的|adj. 主持或照看（旧义）|adj. 礼仪中由主持神父代表会众作的祈祷
press	n. 印刷机|n. 新闻媒体；新闻界|v. 按压；施加压力|v. 按下按钮或按键|n. 按压；施压|n. 压榨机；压制装置|n. 拥挤的人群|n. 出版社|n. 壁橱；储藏柜|n. 推举练习|v. 挤压；压榨|v. 压平；熨平；压成形
pressure	n. 按压的力|n. 外界施加的影响|n. 心理压力|v. 向某人施压|n. 紧迫感|n. 单位面积上的力|n. 压出的印痕
pressure-sensitive	adj. 受压即起作用的
prestige	adj. 有声望的；受推崇的|n. 声望；威望|v. （游戏中）重置进度换取奖励|n. 幻象；骗局
prestigious	adj. 有声望的；受尊敬的
presumably	adv. 想来；估计；应该
presume	v. 冒昧地做|v. 推定；假定为真|v. 作为前提假定|v. 冒昧利用；占便宜|v. 擅自占用或主张
presumption	n. 假定；推断|n. 有依据的推断|n. 推定所依据的前提|n. 傲慢妄为|n. 法律推定
presumptively	据推测
presumptuous	adj. 自以为是而越界的
presuppose	vt. 预先假定, 预料, 以...为先决条件
pretend	adj. 假想的；虚构的|v. 假装；装作|n. 假装游戏|v. 假装某种状态或事实|v. 声称有资格或权利|v. 以……作为掩饰|v. 企图；谋划|v. 伸在前面；遮护
pretext	n. 借口；托词|v. 以借口行事
pretty	adj. 漂亮的；好看的|adj. 好看的；讨人喜欢的|adv. 相当；颇为；挺|adj. 徒有外表的；华而不实的|adj. 巧妙的；高明的|adj. 很好；合宜的|adj. 符合规范、便于阅读的|n. 漂亮的人；对漂亮人的称呼|v. 使变漂亮；美化|adj. 女性化的|adj. 相当大的；颇多的|adj. 糟糕的；令人难受的
prevail	v. 占上风；压倒其他事物|v. 获胜；战胜|v. 盛行；普遍存在|v. 说服；劝得动|v. 有用；奏效
prevalence	n. 普遍程度|n. 疾病流行率
prevalent	adj. 普遍的；广泛流行的|adj. 占优势的；频率最高的|n. 优势种；常见物种
prevent	v. 阻止；防止|v. 预先采取防范措施|v. 先于；在……之前|v. 胜过；超过|v. 抢先；预先料到
prevention	n. 阻止；防止|n. 疾病预防；健康风险预防|n. 先行；先于他者发生|n. 预先料想|n. 预防性准备；先见之明
previous	adj. 先前的；之前的|adj. 过早的；操之过急的|n. 犯罪记录；前科|n. 不良行为记录|n. 过去的不和；冲突记录
previously	adv. 此前；已经|adv. 回顾前情|adv. 事先；预先
prewar	a. 战前的|adv. 在战前
prey	n. 被捕食的对象|n. 受害者；被控制的对象|n. 被另一种生物吃掉的动物|v. 捕食；以……为食|n. 疾病的受害者|n. 战利品；掠夺物|n. 吞食；蹂躏
price	n. 价格；所需花费|v. 给……定价|n. 代价；后果|n. 价值；身价；可贵之处|n. 扭伤处理法缩略词|v. 以……偿付；赔偿|v. 估价；珍视|v. 询问价格
pricing	n. 定价；定价活动|v. 正在定价；定价|n. 价格水平；定价档位
prick	n. 阴茎（粗俗）|n. 讨厌的家伙|v. 轻刺；刺穿|v. 使刺痛；使悔恨难受|n. 小孔；刺孔|n. 刺痕；小凹痕|n. 尖物|n. 刺痛感|n. 悔恨；良心刺痛|n. 钟盘上的时刻标记|v. 刺出孔|v. 感到刺痛
pride	n. 自豪；自尊|n. 引以为傲的人或事|v. 以……为傲|n. 傲慢；自大|n. LGBTQ庆祝活动|n. LGBTQ庆典或游行|n. 身份认同运动|n. 炫耀；显赫|n. 顶峰；鼎盛状态|n. 旺盛的精力；气势|n. 性欲|n. 狮群
priest	n. 神职人员；祭司|n. 击鱼工具|n. 亚伦祭司职的最高职位|v. 授予神职
priestly	adj. 祭司的；与祭司有关的|adj. 像祭司的；有祭司般气质的|adj. 祭司文献（P）的
primacy	n. 首要地位；优先性|n. 卓越；至高地位|n. 教会首席职衔；首要尊位|n. 大主教的职衔或尊位
primal	adj. 最初的；原始的|adj. 最根本的；最重要的|adj. 最初分出的整块肉|n. 初分肉块|v. 接受原始情绪疗法
primarily	adv. 主要地；首先
primary	adj. 最先的；首级的|adj. 主要的；首要的|n. 基本组成部分；不可再分的基础|adj. 最初形成的；基础的|adj. 原发的；病变起始处的|adj. 初级医疗的；基层护理的|n. 初选；预选|n. 小学第一年|n. 小学|n. 原色|n. 原发病灶；原发部位|v. 在初选中挑战现任者
prime	adj. 首要的；最重要的|adj. 质数的|n. 鼎盛时期|v. 准备好；使做好准备|adj. 最初的；首位的|adj. 最好的；上等的|adj. 带撇号标记的|n. 最好的人或部分|n. 最重要的对象|n. 数学中的素元|n. 撇号符号|n. 定焦镜头
primeval	a. 初期的, 原始的, 远古的
primitive	adj. 最早的；原始的|adj. 古老的；简朴的|adj. 粗糙的；过时的|adj. 原始的；非派生的|adj. 早期阶段的|adj. 不可由同类对象再得到的|n. 原始词；基本词|n. 原始社会成员|n. 基本数据类型|n. 基本操作；基本指令|n. 基本几何图形|adj. 最晚的共同祖先
prince	n. 杰出人物|n. 王室男性成员|n. 公国统治者|n. 非王室贵族头衔|n. 王子头衔|n. 君主（历史用法）|n. 女性君主（废旧用法）|n. 塔罗牌侍从牌|n. 一种蘑菇|n. 一种蛱蝶|v. 摆出王子般的样子|v. 使变成王子
princess	n. 王室公主|n. 某领域的“公主”|n. 王子的妻子或公国女统治者|n. 小女孩的昵称|n. 娇气自私的人|n. 公主头衔|n. 女君主|n. 彩色玻璃弹珠|n. 塔罗牌牌面|n. 雌性狐猴|n. 保加利亚肉馅开放式烤三明治|n. 国际象棋变体棋子
principal	adj. 首要的；最重要的|n. 本金|n. 校长|n. 大学校长；学院负责人|n. 委托人；本人|n. 犯罪主犯|n. 企业合伙人；业主|n. 首席舞者|n. 主角；主演|adj. 王子的；王子般的|adj. 主值的|n. 决斗一方
principally	adv. 主要地；首要地
principle	n. 基本原则；指导思想|n. 选择方案的基本规则|n. 道德操守；原则|n. 自然规律；科学原理|n. 产生某种性质的根本本质|n. 根源；本原；根本力量|n. 先天能力；原始禀赋|n. principal 的误拼|n. 开始|v. 使接受原则
print	adj. 印刷出版的|n. 印刷出版物；印刷媒介|n. 印刷体字；工整的分开书写|n. 字迹；印刷文字|n. 印痕；印记|v. 打印；印刷|v. 用印刷体书写|n. 报纸|n. 指纹|n. 脚印|n. 版画；印刷复制的图画|n. 冲印照片
printer	n. 打印机|n. 印刷工；印刷商|n. 印刷者
printout	n. 打印输出
prior	adj. 先前的；之前的|adv. 此前；事先|adj. 更重要的；优先的|n. 先验概率分布|n. 先验判断|n. 前科；先前的犯罪记录|adj. 先验的|n. 修道院或宗教团体的高级成员|n. 佛罗伦萨历史上的首席行政官|n. 行会首领|n. 某领域的先驱或首要人物|n. 公司负责人
prioritise	v. 优先处理；确定优先顺序
prioritize	v. 优先处理或考虑|v. 按优先级排序|v. 列为高优先级
priority	n. 重要性；优先级|n. 重点目标；要优先做的事|n. 先后优先；优先处理的地位|n. 优先地位；较高位次|n. 通行优先权|n. 较早发表带来的优先主张
prison	n. 监狱；牢房机构|n. 监禁；坐牢|v. 监禁；把……关进监狱|n. 束缚人的环境
prisoner	n. 监狱里的囚犯|n. 被强行扣留的人|n. 被处境困住的人
privacy	n. 私人空间不被看见或打扰|n. 个人资料和私人生活不被监控或公开|n. 私人生活免受不当干扰|n. 隐居处；僻静之处|n. 交易或合同关系中的法律关联|n. 秘密；不公开的状态|n. 私事
private	adj. 私人的；非公共机构的|adj. 个人的；私下的|adj. 不公开的；机密的|n. 列兵；普通士兵|adj. 僻静的；不受打扰的|adj. 非政府任职的|adj. 不愿公开的；内向保守的|adj. 非公开交易的|adj. 单人病房的|adj. 靠收费而非政府拨款的|n. 私立医疗系统的医生|v. 设为不公开
private-enterprise	民营企业；[经] 私营企业
private-sector	adj. 私营部门的；民营的
privately	adv. 由私人经营或私下进行
privatization	n. 国有转私有|n. 划入私人范围
privatize	vt.vi. 私有化
privilege	n. 特殊权利或优待|n. 难得的机会；荣幸|n. 特权地位；享有优势的状态|n. 议会成员的特殊权利|n. 受法律保护的通信特权|n. 系统操作权限|v. 优先考虑|n. 教宗授予的法律豁免|n. 股票期权|v. 授予特权或豁免|v. 使免受危险或伤害
privileged	adj. 享有特权的；受到特殊优待的|adj. 法律上受保护、可免于披露的
prize	adj. 获奖的；得奖的|n. 奖品；奖励|n. 值得争取或珍视的东西|v. 珍视；高度重视|adj. 极好的；出类拔萃的|n. 抽奖或机会带来的奖品|v. 用杠杆撬开|n. 缴获物|n. 战时缴获的财产或船只|n. 为奖励而进行的比赛|n. 撬杠；杠杆的支点|n. price 的旧式形式
pro	adj. 专业的；职业的|n. 优点；有利的一面|n. 职业运动员|prep. 赞成；支持|n. 支持者|n. 高手；专业人士|n. 妓女|n. 副监考员|n. 性交后的性病预防药物|n. 压力延迟渗透|n. 患者报告结局
probability	n. 可能性|n. 相对可能性|n. 可能发生的结果|n. 概率数值
probable	adj. 很可能为真|adj. 很可能发生|adj. 有根据但未被证明|n. 可能的事物|n. 可能出现或行动的人|adj. 能够被证明
probably	adv. 很可能；大概
probe	n. 医学探针|n. 探入或探查的东西|n. 调查|v. 深入探查|n. 试探或戳探|n. 测量探头|n. 太空探测器|v. 插入探针|n. 空中加油探管|n. 试探性着法|n. 标记探针
probiotic	[生]前生命期的
problem	n. 需要解决的困难|adj. 难以管教的|adj. 会带来麻烦的|n. 题目；练习题|n. 令人困惑的情况|n. 反对；意见|n. 某人自己的难处|n. 攀岩线路中的一个难点
problem-solve	v. 解决问题
problematic	adj. 有问题的；棘手的|n. 问题体系；研究难题|adj. 仅表示可能实现的
procedurally	adv. procedural（程序上的）的变形; 程序上地
procedure	n. 做事的方法|n. 一连串步骤|n. 既定程序|n. 法律程序|n. 医疗操作；手术|n. 产物；结果|n. 无返回值的程序
proceed	v. 继续向前；前进|v. 继续进行；转到下一步|v. 源自；来自|v. 按步骤推进|v. 继续进行法律程序|v. 发生；进行|v. 适用；有效|v. 取得学位
proceeding	n. 推进或办理的过程|v. proceed 的现在分词或动名词|n. 一件发生的事|n. 会议论文集|n. 向前推进或转移|n. 事务步骤或交易行动|n. 法律程序
process	n. 过程；流程|n. 发展过程；演变路径|v. 处理数据或信号|v. 消化并理解信息|n. 生产工艺；处理流程|n. 运行任务；进程|v. 加工；处理|v. 冲洗胶片|n. 生理过程|n. 诉讼文书|n. 组织突起|n. 游戏中的目标点
procession	n. 庄重行进的队伍|n. 连续出现的一串事物|n. 前进；进展|n. 宗教仪式中的行进或祷文|n. 击球员接连出局|v. 参加行进仪式|v. 以行进仪式表示敬意|v. 划定土地边界
processor	n. 处理设备|n. 中央处理器|n. 事务或材料处理者|n. 微处理器
proclaim	v. 宣布；显露|v. 官方宣布纳入紧急管制
proclamation	n. 正式公告；公开声明
proclivity	n. 倾向, 癖性
procreation	n. 繁衍后代|n. 孕育和生育亲生子女
prod	n. 轻轻戳一下|v. 戳、推或碰一下|v. 催促、推动|n. 驱赶牲畜的尖头工具|n. 用尖物刺一下|n. 生产环境|n. 制作出来的作品|v. 用尖棒刺|n. 轻型弩|n. 新教徒的俚语称呼|n. 新教徒的贬义俚称
produce	n. 生产出来的东西|n. 农产品|v. 生产；产生|v. 产出；产生某物|v. 拿出；提供供检查|v. 制作并呈现影视或音乐作品|v. 经过技术制作|n. 后代|n. 牲畜和宠物饲料|v. 延长线或区域|v. 使延长；拖长
producer	n. 生产者；生产企业|n. 制作人|n. 生产者生物|n. 限期补交证件的超速逮捕|n. 产气燃料炉
product	n. 成果；产物|n. 商品；产品|n. 美容用品|n. （美国俚语）货|v. 生产；制造（过时）
production	n. 生产；制作过程|n. 产量|n. 拿出；提出|n. 被生产；生产状态|n. 戏剧或舞台作品；演出|n. 小题大做的复杂场面|n. 量产成品|n. 正式运行环境|n. 延长；延续|n. 伸出部分；突起|n. 生成规则|n. 诉讼文件
productive	adj. 多产的；丰产的|adj. 有成效的；富有成果的|adj. 生产性的；与商品或服务生产有关的|adj. 具有生成能力的|adj. 有痰的|adj. 能形成新组织的|adj. 可生成特定对象的
productively	adv. 有结果地；有成果地
productivity	n. 生产效率；生产能力|n. 劳动生产率|n. 土地生产率；单位面积产量|n. 语言生产力
prof	n. 教授|n. 利润|n. 教授（非正式写法）
profess	v. 自称是；声称自己处于某种状态|v. 公开宣称；断言|v. 声称具有某种品质或感情|v. 公开表示信奉或拥护|v. 正式接纳入宗教团体|v. 任教；讲授某学科|v. 声称精通某领域
profession	n. 职业|n. 职业界；行业整体|n. 公开宣告信仰
professional	adj. 职业上的；符合专业标准的|adj. 以此为生的；职业性的|adj. 专业的；很在行的|n. 专业人士；职业人员|n. 以某项活动为生的人|n. 专家；专业人士|n. 妓女（委婉说法）|n. 以名字闻名的人或事物|n. 某种社会学分类中的职业导向型社会学家
professionalisation	[网络] 职业化；专业化过程；职业化阶段
professionalise	v. 使专业化；使职业化
professionalism	n. 专业素养；专业作风|n. 采用职业选手
professionalize	vt.vi. 职业化, 专业化
professor	n. 大学里的正式教授|n. 教授这一职称|n. 大学教师|n. 迂腐或过分专注某事的人|n. 宗教教义的宣讲者|n. 某种技艺的传授者或实践者|n. 酒馆或妓院中的钢琴师|n. 木偶戏表演者
professorship	n. 教授之职
proficiency	n. 熟练程度；能力
proficient	adj. 熟练的；精通的|n. 熟练者；专家
profile	n. 外形轮廓|n. 人的侧面轮廓|n. 人物或事物概况|v. 为……建立概况|n. 网络个人资料页|n. 知名度；曝光程度|n. 突出高度|n. 用户设置|v. 按特征画像并据此行动|v. 画出侧面轮廓|v. 分析程序性能|n. 考古剖面
profit	n. 利润；收益|v. 获益；得到好处|n. 好处；益处|v. 使受益；对……有用|n. 土地收益权|v. 利用；占便宜
profit-making	[经] 营利
profitability	n. 盈利能力；盈利程度
profitable	adj. 有利可图的；赚钱的|adj. 有益的；有用的
profitably	adv. 有利地, 有益地
profound	adj. 深沉的；非常严重的|adj. 深刻的；深入彻底的|adj. 深的；深不可测的|adj. 强烈的；深切的|adj. 深深鞠躬的；谦卑顺从的|n. 深海；深处|n. 深渊|v. 使下沉；使深入|v. 潜入；深入
profoundly	adv. 深刻地；有深度地|adv. 尤其重要地；从根本上说|adv. 深深地；强烈地
program	n. 计划；活动安排|n. 计算机程序；软件|v. 给设备写入指令；设定|v. 编写软件|n. 节目单；活动说明册|n. 政策纲领；政纲|n. 电视或广播节目|n. 做事方式；固定思路|v. 编排活动日程|v. 安排播出内容|v. 使其自动按设定行动|n. 自定义曲目列表
programme	n. 活动安排；节目单；项目|v. 编写程序；编程|n. 计算机程序
programming	n. 节目编排|n. 计算机编程|n. 演出安排|n. 机器运行设定|v. program的现在分词或动名词|v. programme的现在分词或动名词|n. 思想灌输|n. 条件化反应
progress	n. 进展；进行情况|n. 进步；发展|v. 前进；继续进行|n. 向前推进|n. “进步号”飞船|v. 发展；进步|v. 逐步发展|n. 君主巡行|n. 前行；旅行|v. 推动；促成办理
progression	n. 向前推进|n. 逐步发展|n. 阶段转换|n. 规律数列|n. 和弦进行|n. 训练递进
progressive	adj. 进步的；先进的|adj. 逐渐增加的；逐步发展的|n. 进步派人士|adj. 推动改进的|adj. 自由派的；进步派的|adj. 进步教育的|adj. 按递增税率计算的|adj. 进行性加重的|adj. 进行时的；连续的|n. 推动进步的人|n. 进行时动词|adj. 进步党的
progressively	adv. 逐步地；渐进地|adv. 随着进程地；按发展顺序地
prohibit	v. 正式禁止
prohibition	n. 禁止；禁令|n. 禁酒法；禁酒政策|n. 受控消费品的禁令时期
project	n. 项目；计划|v. 伸出；突出|v. 投射；发射|v. 规划；预测|n. 低收入住宅区|n. 有培养潜力的人|v. 向外伸出|v. 展现形象|v. 把自己的特点投射给别人|v. 使声音传远|v. 声音传得远|n. 不切实际的打算
projection	n. 凸出物|n. 图像投影|n. 预测；推算|n. 投出；发射|n. 心理投射|n. 投射出的影像|n. 地图投影|n. 关键转折点|n. 几何投影|n. 线性投影变换|n. 数学对象的抽取变换|n. 范畴积的分量映射
projector	n. 投影仪|n. 进行心理投射的人|n. 策划者；提议者|n. 发射或推出东西的装置|n. 投影算子
proliferate	vi. 增殖, 激增, 扩散|vt. 使激增
prolong	v. 延长持续时间|v. 延长空间或长度|v. 推迟到更晚|v. 变得更长
prominence	n. 显著地位；声望|n. 相对重要性|n. 凸起；突出部分|n. 山地相对高差|n. 太阳或恒星表面的气体突起
prominent	adj. 显眼的；醒目的|adj. 杰出的；重要的|adj. 凸出的；突出的|n. 一种有翅膀凸起的蛾|n. 集中营中的小监督员
prominently	adv. 突出地；显眼地
promise	n. 承诺；诺言|n. 潜力；成功希望|v. 承诺；答应|n. 法律上的许诺|n. 异步结果占位对象|v. 预示；显示希望|n. 所应许之物；应许的实现
promising	adj. 有希望的；有潜力的|adj. 令人鼓舞的|v. promise 的现在分词或动名词|n. 作出承诺
promote	v. 升职；晋升|v. 宣传；推广；倡导|v. 促使；促成|v. 晋级；升入更高联赛|v. 提高催化剂活性|v. 兵升变|v. 升读下一教育阶段
promoter	n. 推广者；推动者|n. 启动子|n. 助催化剂
promotion	n. 晋升；升职|n. 宣传；推广|n. 促销；推广活动|n. 兵的升变|n. 向前移动
promotional	adj. 促销宣传的|n. 促销活动|adj. 晋升相关的
prompt	adj. 迅速的；及时的|n. 给人工智能的指令文本|v. 引起；促成|adj. 准时的|n. 提示；提醒|n. 电脑提示符|v. 促使某人做某事|v. 提示某人说话|v. 提示演员台词或动作|v. 要求用户输入|v. 向人工智能输入指令|adj. 愿意行动的
prompting	n. 促使或提醒|n. 向人工智能输入提示词|v. 正在促使；促使这一行为
promptly	adv. 立即地；迅速地
promptness	n. 敏捷, 机敏
promulgate	vt. 发布, 公布, 发表, 传播
prone	adj. 俯卧的；脸朝下的|adj. 容易……的；有……倾向的|adj. （手、前臂或脚）转向外侧或下方的|adj. 俯卧射击的|adj. 向下倾斜的|v. 使俯卧；使脸朝下
pronoun	n. 代替名词的词|n. 个人偏好的称谓代词
pronounce	v. 正式宣布|v. 发音，读出音|v. 被读作|v. 权威宣布结论|v. 作出判决|n. 误作“代词”的复数|v. 发出语音|v. 朗读|v. 突出，凸显
pronouncement	n. 声明, 公告, 宣言, 宣告, 发表, 意见, 决定
pronunciation	n. 某个词的读法|n. 个人或语言的发音方式|n. 说出或宣告某话的行为
proof	n. 检验或证明的过程|n. 确凿证据；证明|adj. 用于检验的|adj. 能抵抗……的|adj. 按酒精度标示的|n. 经得起考验的性质|n. 印刷校样|n. 数学或逻辑证明|n. 酒精度单位|v. 校对|v. 使防……；使耐……|v. 使面团发酵
propaganda	n. 有目的的影响性宣传|n. 带偏见或误导性的煽动宣传|n. 历史上的宗教或传教宣传
propagate	v. 使繁殖|v. 传播思想或消息|v. 使信号或波向前传播|v. 产生；引起|v. 传播；传行|v. 繁殖；自行增殖|v. 在网络中逐步生效|v. 使网络设置逐步生效|adj. 已繁殖的；已传播的|v. 使增加或扩展
propagation	n. 繁殖；增殖|n. 传播；扩散|n. 波的传播|n. 转录延伸
propel	v. 推动向前|v. 推动发展或结果
proper	adj. 合适的；恰当的|adj. 真正像样的；完整规范的|adj. 所属的；相关的|adj. 严格意义上的；专指的|adj. 严格意义上的；范围本身的|adj. 十足的；够呛的|n. 礼仪专属部分|adj. 真正的；确切的|adv. 彻底地；充分地|adv. 好好地；正确地|n. 专用部分
properly	adv. 正确地；妥当地|adv. 非常地；彻底地|adv. 各自地；按自己的方式
property	n. 财产；所有物|n. 房地产；房产|n. 个人特质；特性|n. 物质或概念的性质|n. 房地产行业|n. 所有权；支配权|n. 程序属性；对象属性|n. 舞台道具|n. 待开发或已购版权作品|n. 演出项目；商业作品|n. 得体；正确|v. 赋予性质
prophet	n. 先知；神的传话者|n. 预言家；预言者
proponent	n. 支持者；拥护者|n. 提案提出者|adj. 提出主张的|n. 遗嘱认证申请提出人
proportion	n. 整体中的一部分|n. 各部分的协调比例|v. 按比例分配|n. 应得的份额|n. 部分与整体的大小关系|n. 两个比相等的关系|n. 规模或程度|v. 使各部分对称协调|v. 使符合比例|n. 三项求第四项的比例算法|v. 与……相称或对应
proportionality	n. 比例性, 相称, 均衡性
proportionately	adv. 成比例地, 相称地
proposal	n. 提议；方案
propose	v. 提出；提议|v. 求婚|v. 打算|n. 目标；打算|v. 交谈|v. 陈述；提出
proposition	n. 提议；方案|n. 命题；可判真假的内容|v. 向某人提出提议|n. 提出提议这一行为|n. 暧昧的提议|n. 交易条件；报价方案|n. 供选民表决的议案|n. 完整句子|n. 可判真假的断言|n. 宗教教义|n. 较小的数学定理|n. 诗中点明主题的部分
prose	n. 散文；普通语言|n. 平淡乏味的话语或文风|v. 乏味地说或写|n. 无固定格律的宗教圣歌
prosecute	v. 起诉；检控|v. 控告并审判|v. 依法追索权利或请求|v. 贯彻；推进到底
prosecution	n. 推进；实施|n. 起诉；诉讼程序|n. 控方；起诉方|n. 检察机关；检察院
prosecutor	n. 检察官；公诉人|n. 提起刑事诉讼的人
prosocial	a. 亲社会的,忠实(或拘泥)于既定社会道德准则的
prospect	n. 眼前的景色|n. 对未来的展望|n. 可能发生的未来情况|v. 淘金或探矿|n. 全景或风景画|n. 观景位置|n. 有希望的人或事|n. 职业队储备球员|n. 潜在客户|v. 勘查矿产|n. 建筑物的朝向|n. 管风琴正面装饰
prospective	adj. 潜在的；预期会成为的|adj. 预期将来的；计划中的|n. 潜在对象；候选人|adj. 关于远景或景象的|adj. 有远见的；着眼未来的|adj. 前瞻性研究的|adj. 表示即将开始的|n. 景象；远景|n. 透视图；观景镜
prosper	v. 成功并兴旺|v. 增长、发展|v. 使成功（过时）
prosperity	n. 繁荣；富足；兴旺
prosperous	adj. 成功的；繁荣的|adj. 富裕的；生活优裕的|adj. 有利的；吉利的
protect	v. 保护；防护|v. 为乘客预留后续航班
protection	n. 保护行为|n. 安全状态|n. 保护手段|n. 保险保障范围|n. 贸易保护措施|n. 避孕及防止性传播感染的措施|n. 非法“保护费”换来的庇护|n. 保障文件；通行护照|n. 资源访问保护令牌|n. 成人失禁用品
protective	adj. 保护性的；防护用的|adj. 护着别人的；防卫性的|n. 保护物；防护装置|n. 避孕套
protector	n. 保护者|n. 防护装置|n. 保护者（俚语）|n. 防止干预者|n. 保护国关系中的保护国一方|n. 摄政者|n. 宗教事务保护人
protein	n. 蛋白质分子|n. 蛋白质营养成分|n. 高蛋白食物
protest	n. 正式反对声明|n. 公开抗议；示威|v. 强烈反对；提出抗议|v. 郑重声明属实|v. 反对某事|v. 公开抗议|n. 拒付或拒绝承兑票据的公证记录|n. 船长关于船货损失的书面声明|v. 以见证人身份申明或呼吁|v. 依法办理票据拒付声明|v. 公布；使人知晓
protocol	n. 实验操作方案|n. 外交礼仪和正式规则|n. 网络通信协议|n. 实验原始记录|n. 约定俗成的行为规范|n. 医疗处理方案|n. 编程接口规范|n. 正式记录|n. 外交会议记录或协议草案|n. 条约修正案|n. 卷册的首叶或首部标记|n. 公文固定格式
prototype	n. 原型；基础模型|n. 试制样机；测试版|n. 函数原型声明|n. 典型范例|v. 制作原型|n. 原型赛车|v. 模仿；仿效
proud	adj. 感到自豪|adj. 自尊而不愿低头|adj. 骄傲自负|adj. 令人自豪的|adj. 庄严高耸的|adj. 凸起的；肿起的|adj. 勇敢的；英勇的|adj. 发情的
proudly	adv. 自豪地；傲然地
prove	v. 证明为真|v. 结果证明|v. 证明是……|v. 测试、试用|v. 验证真伪或有效性|n. 面团发酵|v. 经历、遭受|v. 试印|v. 使发酵或进行压力测试|v. 通过试验确定摄入物的作用|v. proove 的过去式
proverb	n. 谚语；格言|n. 旧义：比喻性说法|n. 旧义：谜一般的话；寓言|n. 旧义：众人议论的典型|n. 以谚语为主题的戏剧|v. 说谚语|v. 说成谚语中的对象|v. 配上一句谚语
provide	v. 供养；挣钱维持生活|v. 提供所需之物|v. 向某人供应；为某处配备|v. 为……作准备；防备|v. 规定；约定|v. 使……成为可能；提供选择|v. 预见；预先考虑|v. 预先任命教会职位
provided	conj. 倘若, 以...为条件
provider	n. 提供者；服务提供商
province	n. 大区域；地区|n. 行政省|n. 职责或知识范围|n. 首都以外的各地|n. 罗马行省|n. 大主教管区|n. 修会省区|n. 地质大区
provincial	adj. 省的；地方政府的|adj. 土气的；缺少世面的|adj. 构成一个省的|adj. 带有地方习气的|adj. 狭隘的；不开放的|adj. 眼界有限的|n. 地方人|n. 乡巴佬|adj. 教省的；大主教管区的|adj. 普罗旺斯的|n. 教省负责人|n. 教会省文书
provincialism	n. 乡下习气, 方言, 地方风俗
provincialist	n. 地方居民, 乡下人, 外省人, 地方主义者
provision	n. 预备物资|n. 预先准备|v. 给……备足物资|n. 预留资金|n. 会计准备金|n. 法律条款|v. 为账户或系统配备资源|n. 授予圣职|n. 教宗预授圣职
provocative	adj. 挑衅的；令人恼怒的|adj. 能引发反应的；刺激性的|adj. 挑逗性的；性感的|n. 刺激食欲或性欲的东西
provoke	v. 惹怒；激怒|v. 引起；激发|v. 诉诸；请求回应
proximate	a. 最近的, 将临的, 近似的
proximity	n. 接近；邻近
proxy	adj. 代理性的；替代性的|n. 代理人；受托替身|n. 替代性指标；代理变量|v. 作为替代物；间接代表|n. 代理权；授权|n. 代理服务器；代理接口|v. 充当代理服务器并转发请求|n. 教会法庭中的代理委任书|n. 感应地雷（游戏用语）
prp	abbr. pulse recurrence period 脉冲重复周期; pulse repetition period 脉冲重复周期; performance related pay 绩效工资; present participle 现在分词
prudent	adj. 审慎的；稳妥的|adj. 明智的；精明实际的|adj. 节俭的；精打细算的
prudently	adv. 谨慎地；慎重地
prudery	n. 拘守礼仪, 假正经行为
psychedelic	adj. 迷幻的；使感知改变的|adj. 色彩鲜艳抽象的；迷幻风格的|n. 迷幻药；致幻物质|intj. 真酷；太棒了
psychiatrist	n. 精神科医生
psychiatry	n. 精神医学；精神病学
psychoactive	adj. 影响心智的|n. 精神活性药物
psychoanalyst	n. 心理分析学家
psychological	adj. 心理学的；心理学方面的|adj. 心理的；与心理和行为有关的|adj. 心理上的；由主观预期形成的
psychologically	adv. 从心理层面看|adv. 用心理学来解释
psychologist	n. 心理学家；心理学专业人员
psychology	n. 心理学；对人的心理的研究|n. 对人类或动物行为的研究|n. 某人、群体或活动的心理特点|n. 对灵魂的研究
ptk	光性治疗性角膜切除术
pub	n. 酒吧|n. 公共游戏服务器|n. 出版物；刊物|n. 出版商；出版社|v. 去酒吧消遣|n. 公共事业巴士|v. 出版；发表
puberty	n. 青春期；性成熟发育期|n. 发育成熟阶段|n. 达到生殖能力的年龄|n. 植物开花期
pubic	adj. 耻骨的；阴部附近的
public	adj. 公开的；当众的|adj. 公共的；向所有人开放的|adj. 公众的；全社会的|n. 公众；民众|adj. 政府的；公共机构的|adj. 正式场合的；职业性的|adj. 公开可访问的|n. 支持者；受众|n. 某类公众；某一人群|adj. 国际的；超国家的|adj. 关心公共利益的|adj. 知名的；显眼的
publication	n. 出版；发表这一行为|n. 出版物；刊物|n. 向公众公布；公开发布
publicity	n. 宣传活动|n. 公众关注|n. 公开受关注的状态|n. 公开性
publicize	vt. 宣传
publicly	adv. 公开地；当众地|adv. 面向公众地；由公众提供地
publish	v. 出版并发行|v. 向公众宣布|v. 出版某作者的作品|v. 在网上公开发布|v. 定期出版|v. 作品获得发表|v. 作品被刊出|v. 向订阅者发布信息|v. 传道
publisher	n. 出版商；出版社|n. 发布者组件|n. 耶和华见证会的传教者
pudding	n. 蒸煮制食品|n. 蒸制蛋糕或甜点|n. 蛋奶冻般的甜点|n. 甜点；甜点一道|n. 胖子|n. 亲昵的称呼|n. 血肠|n. 内脏|n. 食物；吃的东西|n. 好运；好事
puff	n. 一口短促的气|n. 喘气能力|n. 一小团烟气|v. 一阵阵喷出烟气|v. 喘气|v. 吹得自满|n. 一阵短促的风|n. 吸一口烟|n. 大麻|n. 夸张吹捧|n. 蓬起的布褶|n. 奶油酥点
pulitzer	n. 普利策奖
pulitzer-prize	普利策奖
pull	n. 拉动；一拉|n. 把手；拉环|v. 拉；拽|v. 吸引；招徕|n. 牵引力|n. 影响力；优势|n. 人脉；话语权|n. 吸引力|n. 拉伤|n. 一口饮料|v. 摘取；采摘|v. 撤下；取出
pulse	n. 脉搏|n. 搏动；脉动|v. 搏动；跳动|n. 脉搏状态或频率|n. 活力；生气|n. 点动档；点动操作|n. 节拍；反复的拍子|n. 短促能量脉冲|n. 电信号脉冲|n. 交通接驳时段|n. 豆类植物|n. 豆类种子
pump	n. 泵；抽送装置|v. 用泵抽送|n. 一次抽动；反复推动|n. 加油机；液体售卖泵|n. 肌肉充血感|n. 低帮帆布鞋|n. 女式高跟鞋|v. 注入；灌入|v. 反复追问套取|v. 用吸奶器挤奶|v. 充气|v. 有节奏地挥动
pumpkin	n. 南瓜植物|n. 南瓜果实|n. 南瓜色|n. 南瓜类栽培品种|n. 小可爱；亲昵称呼|n. 车辆差速器外壳
punch	n. 拳头的一击|n. 打孔工具|n. 混合饮料|v. 用拳头打|n. 力量；劲头|n. 冲击力；影响力|n. 打出的孔|v. 按压操作|v. 输入信息|v. 轻力击球|v. 打孔|v. 顶撞；戳
punctual	adj. 准时的；守时的|adj. 点状的|adj. 瞬时的|adj. 周期性的；偶尔的|adj. 拘泥细节的
punctuate	vt.vi. 给文章加标点, 加标点符号|vt. 强调, 加强, (常用被动)不时打断|n. 标点, 标点法, 标点符号
punctuation	n. 标点；标点系统|n. 标点；加标点的行为
punish	v. 惩罚；处罚|v. 苛待；不公平地为难|v. 猛烈击打；重创|v. 大量吃喝；猛喝
punishment	n. 惩罚行为|n. 具体处罚；刑罚|n. 报应性的痛苦或损失|n. 粗暴对待；折腾
pupil	n. 瞳孔|n. 学生|n. 弟子；门生|n. 受国家保护的未成年孤儿|n. 眼状斑中央部分
puppet	n. 木偶|n. 傀儡|v. 操纵；摆布|n. 小人偶|n. 车床主轴支架
purchase	n. 购买；购买行为|n. 买到的东西|v. 购买|n. 取得物；所得|n. 抓力；机械优势|n. 机械装置；滑轮组|n. 脚下的支撑点|v. 寻求并取得|v. 以代价换取|v. 借助机械装置移动|n. 寻求并取得|n. 按租金收入折算的房产价格
pure	adj. 纯净无瑕|adj. 不含杂质|adj. 品行纯洁|adj. 纯粹是；完全是|adj. 纯理论的|adj. 纯音的；不刺耳的|v. 干净准确地击球|adj. 单一的语音|adj. 很多；非常|adv. 非常；极其|n. 纯洁者；纯粹之物|v. 清洁；提纯
purely	adv. 仅仅；纯粹地|adj. 身体很好；状态不错|adv. 完全地；真的|adv. 纯洁地；无罪地|adv. 纯净地；无杂质地
purifier	n. 使洁净的人, 提纯者, 精炼器, 提纯器, 精炼者
purify	v. 净化；除去杂质|v. 洗清罪过；净化心灵|v. 变得纯净
purist	n. 纯粹主义者
puritan	adj. 过分禁欲的；道德观严苛的|n. 清教徒|n. 禁欲主义者；道德苛刻的人|adj. Puritan的另一种大小写形式
purple	adj. 紫色的|n. 紫色|v. 变成紫色|adj. 红蓝两党支持混合的|adj. 社会民主派与自由派混合的|n. 紫袍；紫色服饰|v. 染成紫色|v. 给……穿紫色衣服|adj. 帝王的；王权的|adj. 血红的；染满鲜血的|adj. 华丽而过分雕饰的|adj. 本场最快圈速的
purplish	a. 略带紫色的
purport	n. 意义, 要旨, 目的|vt. 意味着, 声称, 打算
purpose	n. 目的；目标|n. 人生意义；生活目标感|v. 打算；立志完成|n. 用途；作用|v. 意图；想要表达|n. 决心；意志|n. 所谈主题；要点|v. 交谈；论述
purposelessness	n. 无目的
purposely	adv. 故意地；有意地
purse	n. 钱包；钱袋|v. 抿紧嘴唇|n. 手提包|n. 奖金；专款|v. 皱起；收紧|n. 历史上的特定金额|v. 放入钱袋|v. 偷钱包
pursue	v. 追赶；追捕|v. 沿着；采取|v. 追求；力争实现|v. 从事；实践|v. 担任公诉人|v. 继续；接着说
pursuit	n. 追逐；追求|n. 兴趣活动；业余爱好|n. 自行车追逐赛|n. 追诉；起诉
push	n. 推；推力|n. 努力；冲刺|v. 推开；推着移动|v. 催促；劝说|n. 分娩时的用力|n. 劝说；施压|n. 压力；驱动力|n. 和局赌注|n. 压栈|n. 服务器推送|n. 推杆击球|n. 按钮
pushback	n. 击退；推回|n. 反对；阻力|n. 飞机推出|n. 回撤；削减|n. 遣返寻求庇护者
pushy	adj. 咄咄逼人的；强求的
put	v. 放置|v. 使处于某种抽象位置或关系|v. 使进入某种状态|v. 用某种方式表达|n. 看跌期权|n. put option 的简称|v. 提出供判断|v. 估计为|v. 驶向或前往|v. 推掷铅球|n. 推动或推掷的动作|n. 一种古老的纸牌游戏
put-down	n. 贬低人的话；挖苦
puzzle	n. 难题；令人费解的事|n. 益智游戏；解谜题|v. 使困惑；使费解|v. 苦思；困惑地思考|n. 填字游戏|n. 拼图|n. 谜语|n. 困惑；不知所措|v. 使复杂难解；使纠缠|n. 精巧的构造物
puzzlement	n. 迷惑
pyramid	n. 古代金字塔|n. 金字塔形建筑|n. 金字塔式层级|v. 堆成金字塔形|n. 金字塔体|n. 金字塔骗局|n. 纸牌金字塔布局|v. 参与金字塔骗局|v. 交易中逐步加码|n. 延髓锥体|n. 三角形摆球|n. 游戏名称的另一种大小写形式
q	det. 每隔……|n. 问题|n. 问题|num. 第十七个|num. 第十七个|n. 四分之一|n. 类星体|n. 合格的|n. 后|n. 装备高手；小装置发明者|n. 非自动晋级|n. 四分之一美元
quadruple	adj. 四倍的|n. 四倍数量|v. 乘以四|v. 增至四倍|n. 四周跳|v. 铁路增至四线
qualification	n. 有助于获得资格的能力或训练|n. 课程或考试合格后获得的证书|n. 取得资格的过程或条件|n. 限制或补充条件|n. 性质或特征
qualify	v. 符合条件，算作|v. 使具备资格|v. 限定、修正说法|v. 描述性质，给事物定性|v. 认证或授予执业资格|v. 比赛晋级|n. 杂耍中的规定抛接|v. 减轻不快或痛苦|v. 调节或改变性质|v. 完成杂耍规定动作
qualitative	adj. 定性的；按性质区分的|adj. 定性分析的|adj. 高质量的（尼日利亚英语）|n. 定性的事物或内容
qualitatively	adv. 质量上
quality	adj. 优质的|n. 质量；品质|n. 特征；品质|n. 无缺陷程度|n. 严肃报纸|n. 身份；地位|n. 上流社会身份|n. 蒸汽质量|n. 感觉性质检查
quantify	v. 给……定量|v. 测定数值|v. 用量词限定命题
quantitative	adj. 以数量或数字为依据的|adj. 把大小或数量纳入分析的|adj. 测定含量的
quantity	n. 数量；量|n. 一定量；多少|n. 规定数量；计量的一份|n. 大量|n. 可测量的量|n. 作为整体的表达式|n. 声音的时长
quarantine	n. 防疫隔离|v. 把……隔离|n. 类似的强制或自我隔离|n. 隔离场所|n. 对国家的政治隔离|n. 电脑系统隔离|n. 电脑隔离区|v. 接受隔离|v. 隔离、孤立|n. 四十天的时期|n. 法律上的四十天期限|v. 实行隔离制度
quarrel	n. 争吵；争执|v. 争吵；闹翻|n. 不满；争议；过节|v. 挑剔；对某事不满|n. 好争吵；爱挑衅|n. 弩箭|n. 菱形或方形窗格玻璃|n. 方砖；采石场砖|n. 方头切削工具|n. 窗饰中的小方孔|v. 对……表示异议或见怪|v. 与某人争吵
quart	n. 夸脱；四分之一加仑|n. 同花连续四张牌|adj. 安稳健康的|adj. 横向的|adj. 好争辩的|adv. 横着；横向地|n. 四分之一；区域|n. 击剑第四防守位|n. 健康；安稳|v. 阻挠；使受阻
quarter	adj. 四分之一的|n. 四分之一|v. 分成四份|adj. 与四分之一有关的|adj. 季度的|n. 四分之一|n. 四分之一|n. 区域；位置|n. 一方人群；某个群体|n. 饶命；不杀俘虏|n. 四分之一决赛|v. 给军人或设备安排住处
quarter-century	n. 二十五年；四分之一世纪
quarterly	adj. 每季度的；每三个月一次的|adv. 每季度一次|n. 季刊|adj. 盾徽四分的|adv. 按盾徽四格排列
quartz	n. 石英|n. 冰毒（俚语）
queen	n. 国王的王后|n. 女性君主|n. 棋类等游戏中的“后”|n. 蜂群等昆虫的繁殖雌虫|n. 某领域中的女强人|n. 某地或某类事物中的“王者”|n. 可繁殖的成年母猫|n. 特大号床或床品|n. 女王的头衔|v. 使成为女王|v. 兵升变为后|v. 成为蜂王
queer	adj. 奇怪的；不同寻常的|v. 使无效；弄坏计划|adj. 感到不舒服的|adj. 酷儿文化相关的|adv. 古怪地|adj. 醉醺醺的|adj. 同性恋的|adj. 非异性恋或非顺性别的|adj. 与酷儿身份、性别或性行为相关的|adv. 非常；极其|n. 同性恋者（常含贬义）|n. 非异性恋者
quench	v. 解渴；满足渴望|v. 熄灭；扑灭|n. 熄灭或止住|v. 急速冷却|v. 终止化学反应|n. 超导磁体失超|n. 物理系统骤变|v. 使物理参数骤变|v. 使超导磁体失超
query	n. 问题；询问|v. 询问；向某人提问|n. 问号|n. 数据库查询指令|v. 提问|v. 质疑；对……表示怀疑|v. 查询数据库|n. 投稿询问信|v. 向网络用户私信|v. 寄出投稿询问信
quest	n. 追寻；使命|n. 寻找；追求|v. 追求；执行使命|n. 短测验|v. 寻找|n. 请求；愿望|n. 搜查小组|n. 调查陪审团|n. 量子化电子结构|v. 附着于寄主动物
question	n. 问题；疑问句|n. 疑问；质疑|v. 询问；盘问|v. 质疑；怀疑|n. 议题；待研究的问题|n. 会议议案；待表决事项|v. 提问；探问|n. 刑讯|n. 谈话；言语|v. 争辩；交谈
questionable	adj. 值得怀疑的；有问题的|adj. 行为可疑的；品行不太正当的|adj. 引人发问的（过时）
questionnaire	n. 收集信息的问题表|v. 用问卷调查
queue	n. 等候队伍|n. 等候名单或先来先处理的安排|v. 排队|n. 计算机队列|v. 排成等候队列|v. 加入计算机队列|n. 动物的尾巴|n. 旧式发辫|v. 把头发束成发辫
quick	adj. 速度快的|adj. 很快完成的|adv. 迅速地|adj. 反应快而机智的|adj. 敏锐机敏的|adj. 容易发怒的|adj. 有产出的；未枯竭的|adv. 快点|n. 指甲下的嫩肉|n. 最敏感或致命的要害|adj. 活着的|adj. 能感到胎动的
quick-witted	a. 富有机智的, 机敏的
quickly	adv. 迅速地|adv. 很快；不久后
quickness	n. 迅速；敏捷
quiet	adj. 声音很小|adj. 活动少而平静|intj. 安静！|n. 无声、安静|n. 静止、平和|v. 使……安静|adj. 不忙、数量少|adj. 少说话、声音不大|adj. 不张扬|n. 安宁、没有纷扰|v. 安静下来|adj. 无需太多互动
quietly	adv. 安静地；悄悄地
quilt	n. 绗缝被子|v. 缝制被子|n. 隔音毡|n. 拼接成的整体|v. 用绗缝法制作衣物等|n. 绗缝裙|v. 殴打
quirk	n. 怪癖；小毛病|v. 古怪地抽动；一挑|v. 改得独特而反常|n. 建筑上的细凹槽或锐角|n. 诡辩；推诿|v. 刻出凹槽；加设细槽|v. 用文字花招推诿
quirky	adj. 古怪而有点可爱或好玩
quit	v. 离开某地|v. 辞去工作或职位|v. 停止或戒掉|v. 放弃某物|v. 关闭程序|adj. 摆脱了负担的|n. 热带美洲小鸣禽|v. 使摆脱困扰|v. 免除责任或惩罚|v. 偿付债务或罚款|v. 表现自己|v. 完成或经历到底
quite	adv. 完全；十分|adv. 相当；有点|adv. 确实；很|intj. 正是如此|adv. 确实；完全|n. 斗篷引牛动作
quiver	n. 箭袋|v. 轻轻颤动|n. 可调用的一套工具或策略|adj. 敏捷的；活跃的|n. 外阴|n. 眼镜蛇群|n. 拟多重有向图
quiz	n. 问答比赛|v. 仔细盘问|n. 小测验|v. 用小测验考查|n. 古怪的人或事物|n. 爱盘问的人|v. 捉弄；戏弄|v. 怀疑地打量|v. 玩问答游戏
quo	n. 交换中的回报或对价|v. 古旧：说道
quota	n. 分配的份额|n. 规定的数量或指标|n. 进口配额
quotation	n. 引用语；引文|n. 报价；报价单|n. 引用；引述|n. 定价；报价行为|n. 份额；定额
quote	n. 引语；引用的话|v. 引用原话|v. 给出工作报价|intj. 开始引用|n. 引号|n. 工作报价|n. 市场报价|v. 报出市场价格|v. 提示开始引用|v. 留意；顾及
r	n. 倒车挡|num. 第十八个字母|adj. 限制级|adj. 倒车的|adj. 右边的|det. 我们的|n. 半径|n. 共和党（缩写）|n. 得分次数|num. 第十八个字母|v. 是；处于|n. 国王或女王的署名缩写
rabbit	n. 兔子|n. 兔肉|n. 兔毛|n. 领跑者|v. 喋喋不休|n. 弱击球员|n. 某投手的克星|n. 冒泡排序中的大元素|n. 奶酪吐司菜|n. 核反应堆取样工具|n. 兔耳形成人性用品|v. 猎兔
race	n. 比赛；赛跑|n. 种族；族群|v. 参加比赛|v. 疾驰；赶快|n. 快速移动|n. 竞态条件|n. 急流|n. 生物群体|n. 动物地理群体|n. 类别；种类|v. 与……竞速|v. 按种族归类
racial	adj. 种族的；与种族有关的|n. 种族技能
rack	n. 架子；置物架|n. 车辆或船上的行李架|v. 放上架子|v. 使痛苦不堪|n. 齿条|n. 带骨肉排|n. 台球三角框|v. 压榨；使承受极限|v. 把球摆入三角架|n. 刑讯拉刑架|n. 船具滑轮架|n. 铺位
racket	n. 球拍|n. 喧闹声|n. 非法勾当|n. 行业；行当|v. 发出嘈杂声|n. 雪鞋|n. 软地用木鞋|n. 狂欢；放纵|n. 刺激或难熬的经历|v. 用球拍击打|v. 纵情狂欢
radar	n. 雷达探测技术|n. 雷达系统|n. 雷达装置|n. 敏锐的察觉力|v. 用雷达扫描|n. RADAR（旧式大写写法）
radiant	adj. 发光发热的|adj. 容光焕发的|adj. 以辐射形式发出的|adj. 美丽夺目的|adj. 从中心向外发出的|adj. 放出光线的|adj. 呈放射状的|n. 辐射源|n. 流星雨辐射点|n. 从一点引出的直线
radiate	adj. 放射状的|v. 从中心向外延伸|v. 发出光、热或波|v. 从某处散发出来|adj. 部分呈放射状的|v. 照亮|v. 使接受电离辐射|v. 散发出某种气质|v. 向新栖息地扩散|adj. 带有光芒环绕的|adj. 由管状小花组成的盘状花|adj. 具有辐射对称的
radiation	n. 波或粒子的辐射过程|n. 放射性辐射|n. 向外发出；散发|n. 热辐射等辐射|n. 通过辐射传递能量|n. 适应性辐射；快速分化
radical	adj. 主张根本改变的；激进的|adj. 根本的；本质的|n. 根；数学中的根|adj. 根部的；与植物根有关的|adj. 彻底的；影响深远的|adj. 词根的；与词的根有关的|adj. 根式的；与数学根有关的|adj. 很棒的；酷的|n. 激进分子；持激进观点的人|n. 部首；表意部件|n. 自由基；反应基团|n. 自由基
radically	adv. 从根本上；彻底地|adv. 在根源上；在词源根部
radio	n. 无线电技术|n. 收音机|v. 用无线电发送消息|n. 车载或其他音频播放设备|n. 无线电发射设备|n. 网络广播|v. 用通信设备通知或召集
radioactive	adj. 有放射性的|n. 放射性物质|adj. 危险而令人反感的
radioactivity	n. 放射性|n. 放出的辐射
radius	n. 从中心到圆周的线段|n. 半径的长度|n. 前臂拇指侧的骨头|n. 辐条状或向外伸展的结构|n. 动物前肢中的相应骨骼|n. 昆虫翅脉的一类|n. 图的最小离心率|n. 远程认证服务缩略语|v. 把边缘做成圆弧
raf	abbr. 英国皇家空军（Royal Air Force）
rag	n. 旧布片|n. 低劣报刊|n. 拉格泰姆乐曲|v. 责骂或戏弄|n. 破旧衣物|n. 检索增强生成|v. 捉弄或欺凌|n. 寒酸的人|n. 金属毛糙边缘|n. 帆或帆布|n. 月经吸收用品|n. 扑克牌中的小牌
rage	n. 暴怒|v. 愤怒地发作|n. 风靡一时|n. 喧闹的狂欢聚会|n. 一种激烈的陷阱音乐风格|v. 猛烈肆虐|v. 尽情狂欢|n. 强烈激情|v. 使发怒
raid	n. 突袭；袭击|n. 突击搜查；突袭抓捕|v. 突袭；突击搜查|v. 顺手拿取；搜刮|n. 突进；突然发起进攻|n. 直播突袭转流|n. 大型多人副本团队|v. 挖走；诱使离开|n. 网络骚扰式集体入侵|n. 磁盘阵列
rail	n. 栏杆；横杆|n. 铁轨|n. 铁路运输|v. 乘铁路旅行|v. 用栏杆围住|n. 电源母线|n. 门窗横条|n. 冲浪板边缘|n. 网页侧栏|n. 梯子侧杆|n. 棋盘凸边|n. 秧鸡
railroad	n. 铁轨；铁路|n. 铁路运输系统|n. 强行仓促推进|v. 用铁路运输|v. 乘铁路旅行|v. 强行推进程序|n. 铁路公司或铁路资产|v. 经营铁路|v. 在铁路部门工作|v. 绕过正当程序定罪|v. 逼迫某人接受不公平协议|v. 从事铁路爱好
railway	n. 铁路运输系统|n. 铁轨线路
rain	n. 雨；雨水|v. 下雨|n. 像雨一样落下的东西|n. 密集落下的一阵东西|v. 像雨一样落下|v. 大量连续发出|v. 统治（旧词形）
rainbow	adj. 彩虹色的；按彩虹色排列的|n. 彩虹|n. 各种各样的事物|v. 使呈现彩虹色|adj. 多种族的；多元组成的|adj. 与 LGBT 群体有关的|n. 彩色光谱|n. 幻象；难以实现的希望|n. 弧线球，尤其是慢速弧线球|n. 彩虹过人|n. 虹鳟|v. 呈现彩虹状
raincoat	n. 雨衣
rainfall	n. 降雨量|n. 降雨；下雨现象
rainy	adj. 下雨的；多雨的
raise	n. 加薪|v. 举起|v. 提高；增加；培养|n. 加注|v. 使复活或升起|v. 举起或 подня起|v. 接通并联系|v. 加注|v. 乘方|v. 触发异常|n. 冰壶中的撞推球|n. 采矿上行井巷
raisin	n. 葡萄干|v. 变干瘪|v. 加入葡萄干|v. 缩皱|v. 使起皱|n. 监护人|v. 用葡萄干浸味|v. 撒满小点|v. 使失去饱满和活力|v. 变得起皱
rake	n. 耙子|n. 倾斜；斜度|n. 放荡享乐的人|v. 用耙子耙|n. 类似耙子的工具|n. 耙动；刮理|n. 被耙的东西|n. 狭窄陡峭的路线|n. 一列连接的铁路车辆|n. 刀具前角|v. 迅速攫取；大量赚取|v. 把某物耙过
rakesh	n. (Rakesh)人名；(印)拉凯什
rally	n. 集会；造势大会|v. 重新集合；整顿|v. 重新聚拢；恢复队形|v. 恢复体力或精神|n. 抗议集会|n. 连续对打|n. 汽车拉力赛|n. 市场回升|v. 价格回升|n. 善意打趣|v. 善意取笑
ralph	v. 呕吐|n. 乌鸦
ramble	n. 悠闲散步|n. 漫谈；絮叨|v. 悠闲散步|v. 说话或写作跑题|n. 适合漫步的林地|v. 漫无目的地走动|v. 沿蜿蜒路线延伸|n. 煤层上方的页岩层|v. 过流浪或漂泊生活
rampant	adj. 猖獗的；失控蔓延的|adj. 普遍而令人担忧的|adv. 猖獗地；失控地|adj. 后腿直立的|adj. 纹章中的直立兽形|adj. 倾斜的
random	adj. 无规则、无明确原因的|adj. 概率上不可预测的|adj. 伪随机的|adj. 随便挑的；无特定身份的|adj. 杂乱而互不相关的|adj. 突然没来由的|adj. 说话做事跳脱的|adj. 古怪而出人意料的|n. 无关紧要的陌生人|n. 漫无规则的状态|n. 疾驰或猛烈冲力|n. 弹丸的射程或射击角度
randomise	vt. [主英国英语]＝randomize
randomly	adv. 随意地；碰巧地|adv. 不按顺序地
range	n. 山脉或一系列建筑|n. 选择范围；一系列|n. 到目标的距离|v. 漫游；遍历|n. 大型炉灶|n. 射击场|n. 军事训练或测试场|n. 最大作用距离|n. 车辆续航距离|n. 放牧地|n. 范围；广度|n. 函数值域
rank	n. 一排；一列|n. 名次；排名|n. 军衔；组织级别|v. 排名|v. 排列；分类|n. 棋盘横排|n. 牌面等级|n. 社会地位；阶层|n. 某一类人；群体|n. 分类等级|v. 胜过；级别高于|adj. 强劲的；有力的
ransom	n. 赎金|v. 付钱赎人|n. 赎回；获释|v. 索要赎金|n. 历史上的赎罪金或罚金|v. 使获释；赎回
rap	n. 啪的一击；敲击声|n. 责备；责任|n. 说唱音乐|v. 敲击；叩击|v. 说唱|n. 闲聊；随意交谈|n. 说唱歌曲；说唱段落|n. 一点儿；丝毫|n. 逮捕与起诉记录|n. 逮捕和起诉记录|n. 指控；罪名|v. 厉声说出
rape	n. 油菜|adv. 快速地；匆忙地|n. 强奸；未经同意的性暴力|n. 令人痛苦的强迫经历|n. 强夺；掠夺|n. 掳走女性|n. 被夺走之物|n. 急速；匆忙|n. 萨塞克斯旧行政区|n. 仓促；急速|n. 葡萄酿酒残渣|n. 酿酒过滤器
rapid	adj. 快速的；迅速的|n. 急流；险滩|adj. 坡度陡变的|adj. 短曝光的|n. 快棋|adj. 猛烈的；严重的|adj. 快乐的|adv. 迅速地|n. 一阵猛烈射击
rapidly	adv. 迅速地；快速地
rapson	[人名] 拉普森
rare	adj. 稀有的；少见的|adj. 肉煎得很生|adj. 稀薄的；密度低的|n. 稀有物；稀有收藏品|adj. 很好的；令人愉快的|adj. 早期的；早的|v. 向后仰起；向后退|v. 养育；抚养
rarefy	vt. 使稀少, 使稀薄, 使纯化, 精炼|vi. 变稀少, 变稀薄
rarely	adv. 很少；不常|adv. 非同寻常地好|adv. 非常；极其
rarity	n. 稀少；罕见|n. 稀有物；珍品|n. 稀薄；低密度
rash	adj. 轻率的；鲁莽的|n. 皮疹；红疹|n. 一片零散分布的东西|n. 突然大量出现；一连串|adj. 谷粒易脱落的|adj. 紧迫的|adj. 见效迅速而强烈的|adv. 轻率地；匆忙地|n. 一种平滑织物|n. 轻微的噼啪声；沙沙声|v. 用力推向|v. 猛力打碎
rasher	n. 熏肉薄片
rat	n. 老鼠|v. 捕杀老鼠|v. 背叛、背弃|n. 鼠类动物|n. 卑鄙的背叛者|n. 告密者|n. 破坏罢工的人|n. 常泡在某地的人|v. 破坏罢工|v. 告发某人|n. 发型垫发用的脱落头发团|n. 垫高头发的材料卷
rate	n. 比例；比率|n. 速度|n. 变化或进展的速度|n. 统一收费标准|v. 评定等级；排名|v. 评价价值或能力|v. 认为；看作|n. 单件价格；费用|n. 按时间计算的工资|n. 地方税费|v. 值得；配得上|v. 规定额定限值
rather	adv. 宁愿；更愿意|adv. 相反；反而|adv. 相当；颇为|adv. 更准确地说；或者说|adj. 较早的；以前的|adv. 更快地|intj. 当然；非常愿意|n. 选择；偏好|v. 宁愿；选择
rating	n. 等级；档次|n. 信用或身份评价|n. 能力等级；分数|n. 收视率|v. rate 的现在分词或动名词|n. 军舰水兵|n. 英国海军士兵
ratio	intj. 表示原帖遭到反对|n. 两个对象之间的比率|n. 两个数量的相对大小|n. 评论数相对点赞数的优势|v. 使帖子遭到评论压过点赞|n. 判决理由
ration	n. 定量；配给的一份|v. 给……定量供应|v. 分配；限量使用|v. 限制获取或使用
rational	adj. 有理性的|adj. 合乎逻辑的|adj. 理智而合理的|adj. 有理的|n. 有理数|adj. 表示化合物结构的|adj. 表示实体物体的|n. 大祭司胸牌
rationale	n. 依据；基本理由|n. 辩护理由；合理化说法|n. 主教礼服
rationalist	n. 理性论者, 纯理论者, 理性主义者
rationalization	n. 合理化
rattlesnake	n. 响尾蛇
ravitch	[人名] 拉维奇
raw	adj. 生的；未煮熟的|adj. 未经加工的；原始的|adj. 赤裸的；未经掩饰的|adj. 擦破的；疼痛裸露的|adj. 没有经验的|adj. 粗糙的；不成熟的|adj. 未经分析的；原始的|adj. 湿冷刺骨的|adj. 直白揭露的|adj. 粗俗冒犯的|n. 敏感痛处|adj. 不使用避孕套的
ray	n. 光线；射线状辐射|n. 数学射线|n. 鳐鱼|n. 鱼鳍中的硬条|v. 发出；放射出|v. 向外辐射|n. 放射动物的分枝|n. 植物的放射状部分|n. 视线|n. 排列；装束|n. 速记符号|v. 使接受辐射
razor	n. 剃刀|n. 排除解释的原则|v. 用剃刀剃|n. 剃毛工具|n. 野猪獠牙
rce	abbr. rapid circuit etch(ing) 电路快速蚀刻; remote-controlled equipment 遥制装置; right center entrance 正中央的入口
rd	n. 道路；路（地址缩写）|n. 轮；回合|n. 注册营养师|n. 右后卫；右侧防守位置|n. 辐射吸收剂量单位“rad”的符号|n. 红矮星|n. 受限制的数据|n. 乡村投递|n. 报告辖区|n. 限制性皮肤病
re	n. 唱名“第二音”|n. 重赛|prep. 关于；涉及|n. 宗教教育|n. 稀土|n. 房地产|n. 可再生能源|prep. 关于；涉及|n. 再保险的品牌缩写|n. 年龄回归者|n. 递归可枚举类|n. 反应元件
re-appear	重现, 再发生
re-create	v. 重新创造；再现
re-engineer	v. 重新设计改造
re-evaluate	v. 重新评估；重新考虑
re-order	[经] 重新订货, 再订购(单)
re-search	v. 再次搜索；重新查找
reach	n. 能力或影响力|v. 伸手去拿|v. 到达；达到|v. 打动；使理解|n. 伸展；延伸|n. 够得到的距离|n. 范围；影响|n. 牵强的说法|n. 两次换舷间的航程|n. 河流平缓河段|n. 一片延伸区域|v. 伸手递给
react	v. 作出反应|v. 用表情回应帖子|n. 社交媒体表情回应|v. 重新做或再演一次|v. 产生反作用力|v. 相互作用或发生反应|v. 使物质发生反应
reaction	n. 回应；反应|n. 化学反应|n. 政治反动；反动势力|n. 消息回应图标|n. 无目的行为
reactor	n. 反应器|n. 核反应堆|n. 作出回应的人|n. 能对另一物质作出反应的物质|n. 电抗器
read	n. 可读的作品|v. 阅读文字|v. 朗读文字|n. 一次阅读|n. 看法；解读|v. 文字排列方向|v. 阅读某作者或作品|v. 读懂并推断含义|v. 文字写着|v. 无线电中听清|v. 在大学攻读学科|v. 读取数据
reader	n. 读者；阅读的人|n. 出版物的读者|n. 读取设备|n. 朗读者|n. 校对员|n. 出版审稿人|n. 英国大学讲师职级|n. 配套练习读本|n. 初级阅读教材|n. 文学选集|n. 阅读眼镜|n. 贵族或富人家的朗读职位
readership	n. 读者群；读者人数|n. 学术职位；读者职位|n. Reader 职位
readily	adv. 欣然地；毫不犹豫地|adv. 容易地；轻易地
readiness	n. 准备就绪；有准备|n. 乐意；愿意
reading	n. 阅读过程|n. 仪表读数|v. read的现在分词和动名词|n. 阅读活动或阅读能力|n. 朗读活动|n. 字词的读法|n. 读物|n. 阅读积累|n. 礼拜或活动中的朗读篇章|n. 阅读清单中的材料|n. 法案审议阶段|n. 围棋中的预读
readjust	vt. 重新调整, 再调整
readmit	vt. 重新接纳
ready	adj. 准备好了|adj. 容易；倾向于|adj. 随时可能|adj. 反应快的|n. 现金；现钱|v. 使准备好|adj. 现成可用的
ready-made	adj. 现成的；拿来就能用的|adj. 按统一规格预先生产的|adj. 现成套用的；缺少原创的|n. 现成品
reaffirm	v. 再次确认|v. 巩固；增强支持
real	adj. 真正的；名副其实的|adj. 真的；非人造或非假冒的|adj. 现实的；非虚构的|adv. 非常；很|adj. 真挚的；真切的|adj. 实际存在的；客观的|adj. 非常的；十足的|adj. 真实不做作的；脚踏实地的|n. 实数|n. 巴西雷亚尔|adj. 按实际购买力计算的|adj. 实在经济学意义上的
real-estate	adj. 房地产的；不动产的
real-world	adj. 现实中的；实际可验证的
realise	v. realize 的英式拼写
realistic	adj. 现实可行的；切合实际的|adj. 写实的；如实表现现实的
reality	n. 真实存在；真实性|n. 现实世界；实际情况|n. 真实的实体、事件或事实|n. 一切真实事物的整体|n. 个人感知中的现实|n. 真人秀；真人秀节目|n. 忠诚；效忠|n. 不动产；房地产
realization	n. 意识；领悟
realize	v. 意识到；明白|v. 实现；使成为现实|v. 真切感受到|v. 使形象变得真实|v. 发挥潜力|v. 变现资产|v. 获得收益|v. 产生某金额或收益|v. 意识到；明白|v. 显得真实；变得具体|v. 资产变现|v. 从投资中获利
really	adv. 确实；实际上|adv. 非常；很|adv. 真实地；不是假的|intj. 真的吗？|intj. 哦，是吗？|intj. 确实；可不是嘛|intj. 真是的！|intj. 是吗，真有那么夸张吗？
realm	n. 王国|n. 领域；范围|n. 生物地理区|n. 幻想世界中的王国|n. 古义：王国|n. 病毒分类中的界|n. 宇宙体系中的区域
realtor	n. 房地产经纪人
realty	n. 房地产；不动产|n. 遗产中的不动产|n. 现实；真实|n. 忠诚；效忠|n. 王权
reap	v. 收割|v. 收割并收集|v. 收获结果或回报|n. 一小捆谷物|v. 回收已结束的子进程|v. 剃去胡须|v. 强奸
rear	adj. 后面的；最后面的|n. 后部；最后面|v. 养育；培养|v. 饲养；繁育|v. 用后腿站起|n. 后卫；后方部队|n. 臀部|v. 发怒；恼火|v. 高耸；耸立|v. 使升起；使显现|adj. 未熟透的|adj. 三分熟的
reason	n. 原因；理由|n. 理性；推理能力|v. 推理得出结论|v. 论证；讲道理|v. 讨论；辩论|v. 用道理说服|v. 推导；解释|n. 合理性；公正|n. 比率；比例|n. 墙板构件|v. 交谈；交换意见|v. 为请求提供理由
reasonable	adj. 合理的；公平的|adj. 适度的；不过分的|adj. 价格适中的；不贵的|adj. 尚可的；令人满意的|adj. 有理性的
reasonableness	[计] 合理性
reasonably	adv. 合乎道理地|adv. 还算；价格适中|adv. 相当；颇为
reassure	v. 使安心；恢复信心|v. 重新投保
reawaken	vi.再度觉醒
rebalance	再平衡
rebel	n. 反抗者；叛乱者|v. 反抗；不服从|v. 起兵推翻政府|n. 南方邦联士兵|n. 南方邦联士兵
rebellion	n. 武装叛乱|n. 反抗权威|n. 推翻政权的有组织叛乱
rebellious	adj. 叛逆的；反抗的
rebelliousness	n. 造反, 难以控制
rebound	n. 反弹|n. 恢复|v. 弹回|v. 重新振作|n. 挫折后的重新振作|n. 失恋后的过渡期|n. 失恋后的替代性恋人或关系|n. 球被挡后弹回|n. 篮板球|v. 回荡|v. 使回荡；传回|v. 抢篮板球
rebuild	n. 重建；重建成果|v. 重新建造|n. 球队重整期|v. 重建竞争力
recall	n. 召回；撤回|n. 记忆；回忆|v. 召回；叫回|v. 想起；回忆起|n. 罢免动议；罢免投票|v. 撤回；收回|v. 罢免|v. 使恢复；使回到某种状态|v. 使联想到；使想起|v. 再次打电话；再次召集|v. 召回有问题的产品|n. 查全率
recapture	n. 重新捕获；重新夺回这一行为|v. 再次捕获；夺回|n. 被夺回的东西|n. 补收税款|v. 在棋类中立即吃回
recede	vi. 向后退, 退却, 收回, 降低, 减弱
receipt	n. 收入；进账|n. 收据；收讫凭证|n. 收到；收讫|n. 证明材料；凭证|n. 揭露过错的证据|v. 开收据；出具收据|v. 在账单上标记已付款|n. 受伤；挨打|n. 配方；处方|n. 容器|n. 税收机关|n. 接待；款待
receive	v. 收到；接到|v. 接待；接纳进入|v. 接收信号|v. 收受赃物|v. 受到；遭受|n. 数据接收操作|v. 接受提议|v. 接受为惯例或说法|v. 准备接球或回球|v. 准备接球或回球|v. 接受并理解
receiver	n. 接收者；收件人|n. 接收器；接收设备|n. 历史上的接收者|n. 历史上的接收容器
recent	adj. 最近发生的|adj. 新近的；不过时的|adj. 新近做过某事的|n. 最近访问的项目|adj. 相对近期的（学科用语）|adj. 全新世的
recently	adv. 最近；近来
reception	n. 接收；接待|n. 欢迎招待会|n. 信号接收|n. 反响；受到的待遇|n. 接待处；前台|n. 英国小学入学预备年级|n. 接住传球|n. 法律制度的移植与接受|n. 文本接收与理解过程
receptionist	n. 前台接待员|n. 接受主义的支持者
receptive	adj. 能够接收或容纳|adj. 乐于接受新想法|adj. 与语言理解有关的|adj. 适合受精的|adj. 处于发情期的
receptor	n. 细胞受体|n. 感觉受体|n. 接收者；窝藏者
recess	n. 凹处；凹进去的空间|n. 隐蔽深处|n. 休息；暂停|n. 课间休息|n. 建筑凹龛|n. 洞；开口|n. 复杂领域的深处|n. 议会休会|v. 向后设置|v. 使凹进去|v. 嵌入凹处|v. 藏起来；遮住
recession	n. 退却；撤回|n. 经济衰退|n. 寒冷期；冰期|n. 礼拜结束时的退场|n. 归还；退让|n. 眼外肌后徙术
recipe	n. 混合材料的制作配方|n. 烹饪食谱|n. 达到某种结果的方法|n. 旧式的药方或按药方配制的药|n. 工业生产的工艺参数组合
recipient	n. 接受者；接收者|adj. 接收的；接受方的|n. 器官或组织移植接受者|n. 馏出液收集器；接收部分
reciprocal	adj. 相互的；双向的|n. 倒数|adj. 可互换的；相互对应的|adj. 表示相互动作的|adj. 作为回报的；互惠的|n. 相互动作结构|adj. 互反的；倒数关系的
reciprocity	n. 互惠性；相互回馈|n. 相互依赖或相互影响|n. 互惠关系|n. 国家间互惠|n. 对他人行为的回应|n. 互相结构（语言学）
recitation	n. 当众背诵或朗诵|n. 背诵或朗诵的内容|n. 大学或学校的讨论课|n. 对既有内容的重述|n. 歌曲中的说白部分
recite	v. 背诵；朗诵|v. 逐项列举|v. 进行背诵或朗诵
reckless	adj. 粗心鲁莽的|adj. 无视危险和后果的
recklessly	adv. 鲁莽地；不计后果地|adv. 漠视他人地
reckon	v. 计算；数清|v. 把……算作；认为属于|v. 认为；估计|v. 把……归于；算在……身上|v. 考虑到；应对|n. 看法；判断|v. 进行计数或计算|v. 清算账目；结算
reclaim	n. 收回|v. 使土地恢复可用|v. 从废物中回收利用|v. 取回；重新占有|n. 行李提取处|v. 重新取得带侮辱性的称呼|n. 召回猎鹰|n. 召回某人|v. 使改过自新|v. 驯服野生动物|v. 召回并使安静|v. 反对；驳斥
reclassify	[经] 三级分类
recognise	v. recognize 的拼写变体
recognition	n. 认出；辨认|n. 承认；认可|n. 赞誉；受到关注|n. 承认政府合法地位|n. 抗体对抗原的特异性识别|n. 向领主返还封地
recognize	v. 认出；辨认出|v. 承认有效；承认其合法地位|v. 认定为；承认具有某种性质|v. 再次辨认|v. 看出；意识到|v. 表彰；正式肯定|v. 重新审查|v. 侦察|v. 识别特定抗原
recollect	vt. 回忆, 回想, 忆起|vi. 回忆
recombine	vt. 再结合, 重组
recommend	v. 推荐；称许|v. 建议；劝告|v. 使受欢迎；使显得值得考虑|n. 推荐；推荐意见|v. 托付；交托
recommendation	n. 被推荐的内容|n. 认可或推荐信|n. 行动建议|n. 推荐这一行为
reconcile	v. 使和好；恢复和谐|v. 使一致；调和差异|v. 核对账目使余额一致
reconciliation	n. 和解；重归于好|n. 账目核对；对账|n. 宗教上的和解|n. 和好圣事；告解圣事|n. 历史和解；修复群体关系
reconsider	v. 重新考虑|v. 改变主意
reconstruct	v. 重新建造；修复原貌|v. 还原事件经过
reconstruction	n. 重建物；修复结果|n. 重建；恢复原状的过程|n. 事件还原；经过重构|n. 语言重构形式
record	adj. 创纪录的|n. 记录；记载的信息|n. 记录载体；档案|n. 纪录；最高成绩|v. 记录；记下|v. 录制；录音或录像|n. 唱片|n. 一条数据；个人档案|v. 正式登记|v. 被固定或记录下来|v. 录音或录像|n. 记录型数据结构
recorder	n. 记录设备|n. 竖笛；木笛|n. 记录者|n. 市法院法官
recording	n. 录制行为|n. 录音或录像成品|v. 正在记录；记录这一动作|n. 登记；报名
recount	v. 详细讲述|v. 重新计数；重新计票|n. 叙述；讲述|n. 重新计数；重新计票|v. 逐项列举；回想
recoup	v. 收回投资或成本|v. 从错误中挽回|v. 获得补偿或赔偿|v. 依法扣回一部分款项
recover	v. 找回；重新获得|v. 恢复体力或状态|v. 康复；好转|v. 重新覆盖|v. 救回；打捞出|v. 胜诉|v. 依法取得赔偿|v. 恢复镇定或平衡|v. 重新铺设屋顶|n. 恢复；挽回|n. 持枪操练姿势|n. 划船回桨动作
recoverable	adj. 可取回的|adj. 可恢复的|adj. 可恢复的|adj. 可追回的|n. 再保险可收回款项
recovery	n. 重新找回或收回|n. 健康恢复；康复|n. 经济回升|n. 恢复原来的地位|n. 债务收回|n. 恢复能力|n. 依法获判可追回款项|n. 矿石或金属的提取率
recreate	v. 享受休闲；自娱|v. 进行休闲娱乐|v. 使恢复精神
recreation	n. 消遣；娱乐活动|n. 重新创造|n. 重新创造的结果
recruit	n. 新兵|n. 新招募的员工或成员|v. 招募；招聘|v. 补充兵力；征募入伍|n. 补充力量或资源|n. 种群中的新成体|v. 补足；恢复|v. 成为种群中的新成体|v. 促使蛋白质或白细胞介入|v. 恢复健康或精神
recruiter	n. 招募人员的人
rectangle	n. 矩形；长方形|n. 长方形（非正方形）|adj. 直角的|n. 直角|n. 两量之积
rectangular	adj. 长方形的|adj. 轴线互相垂直的
rectify	v. 使恢复正常|v. 解决不良局面|v. 纠正错误或缺陷|v. 使身体部位恢复正常|v. 蒸馏提纯|v. 纠正某人的错误看法|v. 校准天文仪器|v. 把交流电变成直流电|v. 求曲线弧长|v. 重新蒸馏制成调味烈酒
recur	vi. 复发, 回到, 重现, 再来, 诉诸, 采用, 循环
recycle	v. 回收并再利用材料|v. 放入回收箱|n. 回收利用；再循环|v. 重复使用；旧内容再用|v. 自行进入循环|v. 扔进回收箱|v. 重新接受训练|v. 滚轴德比中的回退战术
recycling	n. 回收利用|v. 正在回收利用；回收利用这一活动|n. 待回收物|n. 再利用制品
red	adj. 红色的|adj. 脸红的|intj. 立即停止|n. 红色|adj. 红褐色或橙红色的|adj. 棕色的|adj. 红色牌面的|adj. 与红色政治阵营有关的|adj. 美国政治上倾向共和党的|adj. 共产主义的|adj. 登记为红发的|n. 共产党人；革命社会主义者
red-hot	adj. 热到发红|adj. 非常热|adj. 情绪激烈；气氛火爆|adj. 最新且火爆|adj. 性感迷人
rede	vt. 忠告, 解开(迷), 叙述|n. 忠告, 计划, 解释
redeem	v. 赎回；买回|v. 救出；挽救|v. 挽回名誉或价值|v. 付赎金解救|v. 解除债务或罪责|v. 赎罪；弥补过错|v. 兑付；变现证券|v. 使脱离罪恶|v. 修复；恢复|v. 改过自新；变好|v. 用武力解放|v. 收回；重新取得
redefine	v. 重新定义；重新界定
redesign	n. 重新设计；改设计方案|v. 重新设计
redirect	n. 重新引导；改道|n. 地址重定向|v. 重新改变方向|v. 更换地址或指针|n. 法律上的重新询问|v. 指引到别处|v. 被转到新位置
redistribution	n. 资源或财富的重新分配|n. 收到或购买后再次分发
redstone	n. 红石材料|n. 红石电路系统
reduce	v. 减少；降低|v. 减重|v. 降级；降职|v. 征服；攻克|v. 使沦为；使变成较差状态|v. 逼到；使陷入|v. 收浓；熬稠|v. 形成书面文件|v. 还原|v. 冶炼还原|v. 化简公式|v. 归约问题
reduction	n. 减少；降低|n. 减少的幅度；降幅|n. 收汁|n. 折扣价；减价|n. 还原|n. 化简|n. 归约；问题转换|n. 缩编版；简化编排|n. 现象学还原|n. 复位|n. 厚度压下率|n. 传教聚居区
reductionism	n. 简化论
redundancy	n. 多余状态|n. 多余部分；不必要的重复|n. 系统冗余配置|n. 信息传输中的重复保护|n. 裁员；因岗位取消而失业|n. 法律文书中的多余陈述
redundant	adj. 多余的；不再需要的|adj. 重复啰嗦的|adj. 因岗位取消而被裁员的|adj. 冗余的；可作备份的|adj. 具有重复传输路径的
redwood	n. 红杉树|n. 红杉木材|n. 红杉属植物的统称|n. 苏格兰松木材（旧称）|n. 巴西人心果树|n. 巴西人心果木材
reed	n. 芦苇|n. 芦苇茎|n. 簧片|n. 簧片乐器的简称|n. 盖屋草料|n. 织机打纬梳|n. 服装撑条|n. 铺芦苇|n. 导火药管|n. 投射武器|n. 量杆|n. 反刍动物第四胃
reeducate	vt. 再教育, 重新教育
reel	n. 线轴；卷盘|v. 踉跄；摇晃着走|v. 感到眩晕|n. 踉跄的步态|n. 里尔舞|n. 里尔舞曲|n. 影视作品集|n. 社交媒体短视频集|v. 绕在线轴上|v. 反复旋转|v. 卷出；放出|v. 猛然后退
reese	n. 里斯（姓氏）
reevaluate	v. 再评估, 再评价
refer	v. 指引某人去找|v. 提到并引向|v. 涉及、指的是|v. 提交处理|v. 指向内存或对象|v. 表示、指代|n. 报纸导读|v. 归因于|v. 语法上的指代|v. 被安排补考
referee	n. 比赛裁判|n. 争端调解者|v. 担任裁判|n. 推荐人（英）|n. 学术稿件评审人
reference	n. 推荐信息；证明人提供的评价|n. 文献引用|n. 参考文献；资料来源|v. 为文章列出参考文献|n. 参照标准|n. 推荐人|n. 参考工具书|n. 提交请示；转交处理|n. 指称关系；连接关系|n. 指向数据的对象|v. 查阅；引用|v. 提及；谈到
refine	v. 提纯；除去杂质|v. 使举止或品味更文雅|v. 改进；使更准确完善|v. 变纯；杂质被除去|v. 使思想或区别更细致微妙
refinement	n. 提纯；改进|n. 高雅；教养|n. 细微区别；细化|n. 奢侈享受；讲究|n. 需求细化与排序
refinery	n. 精炼厂；炼油厂
reflect	v. 反射光线|v. 映照出形象|v. 认真思考|v. 光线反射回来|v. 影像映现出来|v. 反映、符合|v. 体现某人的特点
reflection	n. 反射；反映的过程或状态|n. 波的反射|n. 倒影；映像|n. 反思；深思|n. 体现；反映出的结果|n. 运行时反射机制|n. 折叠；褶皱
reflective	adj. 反射的；反光的|adj. 沉思的；反思的|adj. 反映……的；显示……的|adj. 与反射有关的|adj. 通过反射的|adj. 互指的；相互作用的
reflex	adj. 自动发生的；反射性的|n. 反射动作；条件反射|adj. 折回的；反射的|adj. 优角的|n. 语言历史中的对应形式|n. 历史遗留的对应物|n. 反射影像；反射光|v. 对刺激作出反应|adj. 反射光照亮的|n. 祖语对应词|v. 弯回；折回|v. 反射光线
reflexion	[医] 反射[作用], 反折
refocus	vt. 重调…的焦距
reform	n. 改革；改良|v. 改革；改造；改进|adj. 改革派犹太教的|n. 改革派政党或运动|v. 改过自新|v. 重新形成
reformatory	n. 教养院|a. 改革的, 革新的
reformer	n. 改革者|n. 英国 Reform UK 支持者|n. 宗教改革参与者|n. 制氢重整装置|n. 炼油重整装置|n. 宗教改革者|n. 加拿大改革运动成员|n. 加拿大改革党成员
refrain	n. 副歌；反复段落|v. 克制；避免做某事|n. 反复说法；老生常谈|v. 阻止；使收住|v. 克制自己|v. 压制；抑制|v. 戒食或戒饮
reframe	vt. 再构造, 重新制订, 再组织, 给...装上新框架
refresh	n. 重新加载页面|v. 使恢复活力|v. 重新加载网页|n. 刷新所需的持续更新|n. 更新改造|v. 恢复精神|v. 使浏览器刷新显示|v. 定期刷新系统|v. 吃喝解乏
refreshment	n. 恢复精力的过程|n. 茶点和饮料|n. 恢复后的清爽状态
refrigerate	vt. 使冷却, 使清凉, 冷藏
refrigerator	n. 冰箱；冷藏设备|n. 专用冷藏设备|n. 使气氛变冷的人
refuge	n. 安全与庇护状态|n. 提供庇护的地方|n. 可求助的人或办法|n. 求得保护的办法|n. 避难岛|v. 回到避难处|v. 提供庇护
refugee	n. 难民；避难者|n. 逃避惩罚的人；逃犯|v. （历史）带走奴隶以躲避联邦军推进
refund	n. 退款；退还的钱|v. 退还钱款|v. 退掉商品并拿回钱（口语）|v. 再次提供资金|v. 倒回；回流
refusal	n. 拒绝；拒不接受|n. 钻进停止点；拒钻深度
refuse	n. 废物；垃圾|v. 拒绝请求|v. 拒不做某事|adj. 被丢弃的|v. 拒不给予|n. 拒绝|v. 使一侧后撤|v. 不承认；与之断绝关系|v. 再次熔合
refutation	n. 反驳, 辩驳, 反驳的证据
refute	v. 证明错误；驳倒|v. 否认其正确性
reg	n. 常客；固定成员|n. 规章；规定|n. 登记员；注册负责人|n. 登记；注册|n. 登记信息；注册资料|n. 登记处；注册簿|n. 石砾沙漠地表
regain	v. 重新获得；恢复|n. 恢复；重新获得|n. 织物宽度恢复量
regard	n. 关切；尊重；关系|n. 方面；考虑|v. 看待；认为|n. 目光；凝视|n. 评价；看重程度|v. 看；观察|n. 网络替代拼写|v. 留意；理会|v. 朝向；面向|v. 涉及；关系到|v. 尊重；重视
regarding	prep. 关于；就……而言|v. regard 的 -ing 形式|n. 观察、注视
regardless	adj. 不理会；不顾|adv. 无论如何；不管怎样|adj. 粗心而不顾及|prep. 不规范地表示“不管……”
regenerative	adj. 促进恢复或再生的|adj. 利用反馈反复放大信号的
regime	n. 管理制度|n. 政权|n. 生活或训练方案|n. 统治时期|n. 黑手党分支|n. 特征变化模式
region	n. 地区；区域|n. 行政区|n. 该地区的居民|n. 身体部位；身体区域|n. 大约的范围|n. 历史上的行政区|n. 安大略省行政区的简称用法|n. 行政区的缩略用法|n. 地位；身份|n. 月球轨道以内的空间
regional	adj. 地区的；区域性的|adj. 大区域的；区域范围的|adj. 身体局部的|n. 地区性实体或活动|adj. 澳大利亚非大都市区域的
regionally	adv. 在区域范围内
register	n. 登记记录|n. 语体|v. 登记；注册加入|v. 记录；记下|n. 登记册|n. 登记项目|n. 登记行为|n. 登记员|n. 自动记录器|n. 音域|v. 报名；登记参加|v. 注册使用完整版
registrar	n. 记录管理官|n. 博物馆记录负责人|n. 专科培训医生|n. 域名注册服务
registration	n. 登记；注册；报名|n. 登记证；注册文件|n. 登记处；接待登记处|n. 车辆登记号码（英国用法）|n. 套准；对齐|n. 管风琴音栓配置
regret	n. 后悔；遗憾|v. 后悔做过的事|n. 提前通知不能出席的受邀者|v. 遗憾某事；遗憾不得不做某事|n. 厌恶；反感|n. 错误选择造成的可避免损失|v. 思念；哀悼失去的事物
regretful	a. 惋惜的, 遗憾的, 抱歉的
regrettable	adj. 令人遗憾的；值得惋惜的
regrettably	adv. 令人遗憾地
regular	adj. 整齐有规律的|adj. 定期发生的|adj. 规则变化的|adj. 普通正常的|adj. 按规则运行的|adj. 正规编制的|adj. 排便或月经规律的|adj. 十足的；典型的|n. 常客|n. 军警人员|n. 固定客户或合作伙伴|n. 正常或标准的东西
regularity	n. 规律性；稳定地反复发生|n. 一次有规律的发生
regularly	adv. 定期地；有规律地|adv. 通常地；按普通方式地
regulate	v. 按规则控制|v. 规定政策|v. 调准机制|v. 整顿恢复秩序
regulation	n. 调节；管控|n. 规章；规定|n. 政府行政法规|n. 某一条法规|adj. 按规定的；正规的|n. 欧盟条例|n. 基因调控机制|n. 生理调节
regulator	n. 调节装置|n. 监管机构或监管者|n. 省略的调节装置名称|n. 调控基因|n. 校准钟表的标准钟|n. 蒸汽机车蒸汽控制装置|n. 历史上的恐吓团体成员|n. 数学中的调节常数
regulatory	adj. 监管的；规章制度的
rehearsal	n. 排练；演练|n. 预演；前兆|n. 事先编排；反复排演
rehearse	v. 重复说；重述|v. 排练；反复练习|v. 叙述；复述经过|v. 预先编好说法|v. 带领排练；指导排练
reidy	[人名] 里迪
reign	n. 君主统治|n. 统治时期|v. 称王统治|v. 保持冠军地位|v. 占主导地位|n. 统治范围|v. 统治某国
rein	n. 缰绳|n. 控制手段|v. 用缰绳驾驭|v. 控制；抑制|v. 听从缰绳|n. 肾脏|n. 内在情感|n. 重复电脉冲噪声
reinforce	v. 加固；增强|v. 巩固；加强记忆或观点|v. 强化行为或倾向
reinstate	v. 恢复职位或地位|v. 恢复使用或存在
reinvent	v. 重新发明已有之物|v. 重新塑造形象或身份
reject	n. 被拒绝的东西|v. 拒绝接受|n. 不受欢迎的人|n. 有缺陷的退货品|v. 挡出球|v. 回绝追求|n. 中止起飞
rejection	n. 拒绝行为|n. 被拒的状态|n. 挡下投篮或射门|n. 免疫排斥
rejoice	v. 欢喜；欣喜|v. 使高兴；使振奋|v. 以某人为情人或配偶（过时）|v. 享有；享受（过时）
relate	v. 讲述；叙述|v. 把……联系起来|v. 产生共鸣；理解认同|v. 有关联；相关|v. 相处；互动|v. 作出反应|v. 带回；恢复
relation	n. 联系；关联|n. 关系；交往|n. 亲属；亲戚|n. 叙述；讲述|n. 有序组关系|n. 关系表|n. 群表示关系式|n. 积对象的子对象关系|n. 性交
relationally	adv. relational（有关系的；有联系的, 相关的）的变形
relationship	n. 联系；关联|n. 相处关系|n. 亲属关系|n. 数学中的对应关系|n. 恋爱关系|n. 音高或和弦之间的关系
relative	adj. 相对的；比较而言的|n. 亲属；家人|adj. 相对的；相对于另一项的|adj. 相对于先行词的|adj. 关系大调或小调的|adj. 有条件的；会随情况改变的|n. 相近的事物；同类事物|adj. 有关的；相关的|n. 关系形容词
relatively	adv. 相对地；相比之下|adv. 比较；相当
relativity	n. 相对性；相对主义|n. 相对论|n. 物理学中的相对论|n. 比较；差异；悬殊|n. 科学或经济比较中的差异
relax	v. 使放松|v. 放松休息|v. 使变松|v. 变松|v. 使不那么严厉或紧张|v. 变得不那么紧张或严厉|v. 使肠道放松|v. 放宽规定|v. 规定变宽松
relaxation	n. 放松；松弛状态|n. 休闲；放松活动|n. 严格程度减弱；缓和|n. 努力或注意力减弱|n. 音乐张力的释放|n. 张力减弱；松弛|n. 能级弛豫
relay	n. 接力赛|v. 传递信息或信号|n. 轮流接替的一批|n. 连续行驶的车辆队列|n. 继电器|n. 猎犬接班队伍|n. 沿途换马队伍|v. 放出新一批猎犬|v. 安排轮流接替|v. 换马接班
release	n. 释放；放开|n. 发布；发行|n. 新推出的产品|v. 放开；松手|v. 发布；发行|v. 释放；放出|n. 放出；释放出的东西|n. 放弃债权或索赔|n. 解脱；痛苦的缓解|n. 化学物质的释放|n. 声音的收束方式|n. 释放装置
relevance	n. 相关性；关联程度
relevant	adj. 相关的；切题的|adj. 不过时的；仍有现实意义的|adj. 直接相关的；有针对性的|adj. 在当下仍受关注的
reliability	n. 可靠；值得信赖|n. 测量结果的一致性|n. 失效前的可测工作时间
reliable	adj. 值得信赖的|adj. 传输可靠的|n. 可靠的人或事物
reliably	adv. 可靠地；稳定地
reliance	n. 信任；依靠|n. 依赖状态|n. 可依靠的对象|n. 依赖者
reliant	adj. 依赖的；依靠的
relic	n. 残余；遗留部分|n. 旧时代遗物|adj. 大爆炸遗留的|n. 圣遗物；宗教遗物|n. 宇宙大爆炸遗留物|v. 人工做旧
relief	n. 缓解；解脱|n. 宽慰的感觉|n. 援助；救济|n. 浮雕技法|adj. 有起伏的|n. 替班；卸任|n. 接班的人|n. 法律救济|n. 税收减免|n. 高尔夫移球许可|n. 浮雕作品|n. 画面的凸起感
relieve	v. 使焦虑减轻|v. 缓解身体不适|v. 缓解痛苦或压力|v. 帮助有困难的人|v. 免除法律义务|v. 使免除困难或任务|v. 接替岗位|v. 重新抬起|v. 使脱离危险|v. 解围|v. 使突出|v. 排泄
religion	n. 宗教信仰|n. 具体宗教|n. 宗教仪式或形式|n. 近乎虔诚的投入|n. 修道生活|n. 恪守原则|v. 进行宗教实践|v. 使接受宗教灌输|v. 使神圣化
religious	adj. 宗教的；与宗教有关的|adj. 信教的；虔诚的|adj. 极其投入的；近乎信仰般的|adj. 修会的；宗教团体成员的|n. 修会成员；宗教团体成员
relish	n. 令人愉悦的滋味|n. 享受；乐趣|n. 调味酱；腌菜酱|v. 津津有味地品尝|v. 尽情享受|n. 爱好；喜爱|n. 令人喜爱之物|v. 给……增味|n. 特色；意味|n. 榫肩；榫头侧面的凸肩|v. 尝起来；带有某种味道|v. 使人愉快
relocate	v. 把某物移到别处|v. 搬到新的居住地或工作地|v. 重新找到
reluctance	n. 不情愿|n. 行动前的迟疑|n. 抗命、违抗|n. 磁阻
reluctant	adj. 不情愿的；不愿意的|adj. 反抗的；不服从的|adj. 尽量少匹配的
reluctantly	adv. 勉强地；不情愿地
rely	v. 依靠；信赖
rem	n. 快速眼动|n. 快速眼动睡眠|n. 根字号相对单位|adj. 剩余的|n. 剩余时间|n. 备注语句|n. 代码备注|n. 雷明顿枪械|n. 稀土金属|n. 反应性电化学膜|n. 参考出口标记|n. 辐射剂量单位
remain	n. 残余；遗迹|v. 留下； ಉಳ下|v. 继续保持；仍然是|n. 遗骸；尸体|v. 剩下；余留|v. 有待；留待|v. 继续处于某种状态|n. 遗作|n. 停留；留下
remainder	adj. 剩余的|n. 剩下的部分|n. 除法余数|n. 减法后的剩余数|n. 滞销清仓品|v. 将滞销品降价清仓|n. 法律上的剩余权益
remains	n. 遗体；遗骸|v. 继续停留；仍然是|n. 遗迹；遗存|n. 遗作；遗著|n. 剩余物；残余部分
remake	n. 重新制作的新版本|v. 重新制作|n. 电影等作品的重制版|v. 重制电影、游戏等作品
remark	n. 说出的评论；提及|v. 说；指出|v. 发表评论；评论|n. 观察；注意到|n. 随口评论|v. 注意到|n. 另一词形|v. 评论；指出|v. 使显眼；标出
remarkable	adj. 非凡的；值得注意的|adj. 罕见的；不寻常的
remarkably	adv. 格外地；出乎意料地|adv. 值得特别注意的是|adv. 非同寻常地
remarry	v. (使)再婚
rembrandt	n. 双色条纹郁金香
remedy	n. 补救办法|n. 药物；治疗方法|v. 补救；纠正|n. 法律救济|n. 铸币允许误差
remember	v. 想起；记得|v. 牢记；放在心上|v. 记得去做|v. 记住；背下来|v. 记得；有记忆|v. 纪念；缅怀|v. 代为问候|v. 提醒；使想起|v. 在遗嘱中留给；赠予
remind	v. 使想起；提醒|n. 提醒；提醒的事物
reminder	n. 提醒；提示|n. 付款提醒；催款通知
remnant	n. 剩余的一小部分|n. 布料零头|adj. 剩下的；残留的|n. 卖剩的尾货
remodel	n. 改造工程|v. 重新改造
remold	vt. 改造, 改铸
remorseless	a. 无怜悯之心的, 冷酷的, 不知自责的
remote	adj. 遥远的；远程的|n. 遥控器|v. 远程连接电脑|adj. 偏远的；难以接近的|adj. 极小的；渺茫的|adj. 冷淡疏离的|n. 外景节目；异地播出|n. 远程仓库|v. 移走；使离开
remould	vt. 重新塑造, 改造, 改铸
removal	n. 移除；清除|n. 搬迁；迁址|n. 撤职；免职|n. 送葬仪式|n. 谋杀
remove	v. 删除|v. 拿走；移开|n. 移走；移除这一动作|n. 隔一层；一个层次|n. 距离；间隔|n. 情感上的疏远|n. 退一步客观看|v. 抛开；排除|v. 免职；撤职|n. 换上的一道菜|n. 学校中的一个年级或班级|n. 搬迁
ren	n. 肾脏|n. 古埃及灵魂中的名字|n. 振铃等效数
renaissance	adj. 文艺复兴时期的|adj. 文艺复兴风格的|n. 复兴；重新兴盛|n. 艺术或思想复兴|n. Renaissance 的替代形式
rename	v. 重新命名|n. 一次改名
renault	n. 法国雷诺公司；雷诺（姓氏）
render	n. 计算机生成的图像|v. 使变成某种状态|v. 表达；演绎|v. 渲染；生成图像|n. 墙面抹灰层|v. 翻译成另一种语言|v. 作出（判决等）|v. 给予；提供；交付|v. 绘出真实色彩和阴影|v. 秘密移交到另一国|v. 把动物废料制成副产品|v. 烹调时脂肪融出
renege	vi. 违例出牌, 食言, 毁约|vt. 否认, 放弃, 拒绝|n. 出牌违例
renew	v. 使恢复如新|v. 补充；更换|v. 重新开始|v. 使精神焕新|v. 续期；续借|n. 更新；恢复|v. 恢复；复苏|v. 重复
renewable	adj. 可续期的；可恢复的|adj. 可再生的；可持续补充的|n. 可再生能源；可再生资源
renewal	n. 更新；续期；恢复|n. 格挡后的再次进攻
renovate	v. 翻新；翻修|v. 恢复活力；使焕然一新|adj. 翻新过的
renovation	n. 翻新；改造|n. 更新；重生
renown	n. 声望；名气|v. 使成名|n. 赞誉；美名
renowned	adj. 著名且备受赞誉
rent	n. 租金；房租|v. 租用；租入|adj. 撕裂的；破裂的|n. 租用费|n. 出租的对象|n. 裂口；撕裂处|n. 分裂；裂痕|v. 出租|v. 租用物品或服务|v. 以某租金出租|n. 权利带来的收益|n. 收入；收益
rental	adj. 与租金有关的|n. 租来的东西|n. 租金；租赁费用|adj. 与租赁有关的|n. 出租业务或出租公司|n. 租赁行为；一次租用|n. 短期租借来的球员
renter	n. 租用者；租客|n. 出租人|n. 男妓|n. 值得租看的电影|v. 精细缝合|v. 修复挂毯图案
reorder	vt. 重新安排, 再定购, 重新排序|vi. 再定购|n. 再定购
reorganize	v. 重新组织；重新安排|v. 进行重组；改组
rep	n. 声誉|n. 代表人|v. 代表；替人出面|n. 重复次数|n. 代表性呈现|n. 报告；简报|n. 仿制品|n. 共和党人|v. 展示代表性形象|v. 重复|v. 做若干次训练动作|n. 剧目；剧团演出
repair	n. 修理行为|v. 修理；修复|n. 修理后的结果或痕迹|n. 完好程度|v. 弥补损失或伤害|n. 前往某处|n. 常去之处|v. 前往|v. 重新配对
repairable	a. 可修理的, 可赔偿的, 可挽回的
repay	v. 偿还；还清|v. 使努力得到回报|v. 报答；回报|v. 重新涂柏油
repayment	n. 偿还行为|n. 偿还的钱或物|n. 报复
repeat	n. 重复；再来一次|v. 重复做；重复说|v. 再次发生|n. 重播节目|n. 处方续配|n. 音乐重复记号|v. 续配处方|v. 复述某人的话|n. 重复序列|v. 报时|v. 再次经历|v. 退还多收款
repeatedly	adv. 反复地；一再地
repel	v. 拒绝请求或要求|v. 抵御有害影响或攻击|v. 使人反感或厌恶|v. 击退进攻者或推进中的力量|v. 通过排斥力推开|v. 挡出射门或击球|v. 拒绝给予权利或职位
repercussion	n. 弹回, 反响, 反射
repertoire	n. 表演曲目；节目储备|n. 技能储备；应对手段|n. 鸟的叫声集合|n. 一批；一组事物|n. 处理器指令集|n. 字符集合
repetition	n. 重复；反复|n. （锻炼中的）一次重复动作|v. 再次请愿
replace	v. 放回原处|v. 替换；换成|v. 偿还；补回|v. 接替职位或角色|v. 取代；代替使用|v. 拆旧建新|v. 重新放置|v. 放到新位置
replaceable	adj. 可替代的|adj. 可更换的|n. 可替代者或可替换物
replacement	n. 替代者；替代物|n. 替换；更换|n. 晶体棱边的去除
replicate	v. 复制；仿制|v. 重复实验以重现结果|n. 复制品；重复样本|adj. 向后折叠的|n. 相隔八度的音|v. 回复
reply	n. 回应；答复|v. 回答；回复|n. 回应行动；反应|n. 反击|v. 作出行动回应|n. 角色的回答|n. 答辩文件|v. 重复；回声式回应
report	n. 报告；报道|v. 叙述；报道|v. 转述；传达|v. 报告；举报|v. 向……汇报；受……领导|n. 名声；口碑|n. 枪声；爆炸声|n. 直接下属|v. 投诉；告发|v. 报到；到场|v. 采访报道|v. 记录发言；做会议记录
reportedly	adv. 据报道；据传闻
reporter	n. 报告信息的人或装置|n. 新闻记者|n. 司法或议会记录员|n. 判例汇编|n. 报告基因
reportorial	a. 记者的, 报道的
repository	n. 资料或物品的集中存放处|n. 比喻上的承载者或聚集处|n. 旧式的存放处或承载者
represent	v. 呈现；代替表示|v. 描绘；画出|v. 代表；代行|v. 扮演；饰演|v. 代表选区或国家|v. 声称；向他人说明|v. 描述；叙述|v. 象征；表示|v. 使人想到；呈现感受|v. 构成；是……的例子|v. 作为队员参加|v. 再次提交；再次就诊
representation	n. 代表物；呈现|n. 代表或呈现的行为|n. 媒体中的群体呈现|n. 法律代理|n. 政治代表权|n. 替代现实的形象或观念|n. 正式陈述或主张|n. 数学表示|n. 戏剧演出|n. 再次就诊
representational	a. 代表的
representative	adj. 有代表性的；典型的|n. 代表；代理人|adj. 表现相似的；能体现的|n. 议员；民选代表|n. 替代物；代表物
repression	n. 压制；镇压|n. 心理压抑；无意识排除
reproach	n. 责备；指责的话|v. 责备；斥责|n. 羞耻；不光彩|n. 耻辱的对象|v. 使蒙羞；使不光彩
reproduce	v. 复制图像或内容|v. 繁殖后代|v. 重新创造或重现|v. 使人想起；唤起
reproducibility	[计] 再现情, 笪复情|[化] 实验室间重复性; 再现性
reproducible	a. 可再生的, 可复写的, 能繁殖的
reproduction	n. 生物繁殖|n. 复制行为|n. 复制品|n. 问题重现方法
reproductive	adj. 与繁殖有关的|adj. 能够繁殖的|n. 繁殖个体
reptile	adj. 爬行的；匍匐的|n. 爬行动物|adj. 卑劣的；低下的|n. 爬行类动物（生物学）|n. 爬行动物或两栖动物|n. 卑劣、令人厌恶的人
republic	n. 共和国|n. 俄罗斯的共和国级行政区|n. 分权意义上的共和政体|n. 前南斯拉夫的共和国级组成单位
republican	adj. 支持共和制的|adj. 共和党的|n. 共和主义者|n. 共和党人|adj. 共和国的|adj. 中国民国大陆时期的|n. 爱尔兰民族主义者|adj. republican 的另一种大小写形式|adj. republican 的另一种大小写形式|n. 一种燕子|n. 一种群居织巢鸟|n. 爱尔兰某政党的成员
reputation	n. 名声；声誉
request	n. 请求；要求|v. 请求某物|n. 正式请求；请求信|n. 受欢迎；有需求|n. 网络请求|v. 请求某人做某事|n. 所请求的事物
require	v. 需要；以……为必要条件|v. 要求某人做某事|v. 正式要求；坚持要|v. 请求
requirement	n. 必须满足的条件|n. 提出的要求|n. 可验证的技术约束
reschedule	v. 改期；重新安排|v. 重新列入另一法定等级
rescue	n. 救援；营救|v. 营救；救出|n. 解放；解脱|n. 解围；解除围困|n. 救援航班|n. 被救助的动物|v. 解救；释放|v. 强行解围|v. 在困境中挽回|v. 挽救被丢弃的物品|v. 挽救失误|v. 救助后收养
research	n. 研究；调查|v. 研究；仔细调查|n. 一项研究；研究成果|v. 开展深入调查|v. 重新查找|v. 市场测试反响
researcher	n. 研究人员；研究者
resemblance	n. 相似；相像之处|n. 相似物；画像；摹本|n. 比喻；譬喻|n. 貌似可信；可能性
resemble	v. 像；与……相似|v. 比作；视为相似|v. 仿造；模仿|v. 使相像
resent	v. 对……心怀怨气|v. 对……表示愤怒或不满|v. 感觉到|v. 欣然接受|v. 察觉；辨认出|v. 散发气味；有某种味道
resentment	n. 受了不公后的怨恨|n. 古：心中的感受或思量|n. 古：满意或感激
reservation	n. 保留；留出|n. 疑虑；保留意见|n. 预订；预约|n. 被保留的东西|n. 保留地|n. 道路中央分隔带|n. 特定群体名额保留制度|n. 法律暂缓批准权
reserve	n. 保留；限制|n. 储备；留存物|v. 保留；留住|v. 留作以后或特殊用途|v. 预订|n. 储备；保留物（加拿大用法）|n. 休闲或体育活动中预留的名额或机会|n. 候补奖项|n. 印花工艺中的抗染剂|n. 电镀用边界预处理层|v. 例外处理；排除
reservoir	n. 储藏处；储备库|n. 水库|n. 储备；来源|v. 储存；蓄存|n. 分泌物储存腔|n. 疾病宿主种群|n. 信息暂存组件
reshape	v. 重新组织；重新安排|v. 重新改变外形
residence	n. 居住地；住所|n. 住宅；住房|n. 机构所在地；注册地|n. 大学宿舍；学生住宿处|n. 居住状态；驻留|n. 永久停留处|n. 沉降；沉淀过程|n. 沉淀物；残渣|n. 情报机构驻外机构
resident	adj. 居住的；常住的|n. 居民；居住者|adj. 常驻的；当地的|adj. 驻留内存的|n. 留鸟|n. 住院医师|n. 永久居民|adj. 固定的；稳定的|n. 驻外外交代表|n. 间谍语境中的变体形式
residential	adj. 住宅的；居住区的|adj. 供居住者使用的；居住用的|adj. 与居住资格或居留有关的|n. 集体住宿活动；住宿旅行
resign	v. 辞去职位；辞职|v. 无奈接受；认输|v. 放弃； relinquish|v. 交给他人照管或控制
resignation	n. 辞职；辞去职务|n. 无奈接受|n. 辞职声明；辞职书|n. 封建法中的返还手续
resilient	adj. 有弹性的；受压后弹回|adj. 有韧性的；能恢复的|adj. 材料科学中的弹性恢复
resist	v. 反抗；对抗|v. 抵挡；经受住|v. 反对；拒绝接受|n. 保护涂层|v. 使人厌恶
resistance	n. 抵抗；反抗|n. 阻力|n. 电阻|n. 抵抗运动|n. 电阻器
resistant	adj. 抵抗的；抗拒外力的|adj. 抗……的；不易受……影响的|n. 抵抗者；抵抗运动成员|adj. 不受样本个体差异明显影响的|n. 抵抗物；起抵抗作用的东西
reskill	v. （使）学习新技能；（使）进行再培训
resolute	adj. 坚定的；坚决的|n. 意志坚定的人|adj. 确信的；感到满意的|n. 沿任意向量方向的投影
resolution	n. 决定；决议|n. 坚定的决心|n. 决心；誓言|n. 分辨细节的能力|n. 图像的清晰度|n. 图像的像素规格|n. 名称解析|n. 解决；求解过程|n. 正式决议|n. 光谱等成分的分离|n. 分离精度|n. 和弦解决
resolve	n. 坚定意志|v. 解决问题|v. 下定决心|v. 化解分歧|n. 具体决定|v. 弄清说明|v. 解析细节|v. 解析名称|n. 解析行为|v. 作出决定|v. 分解消散|v. 使人明白
resort	n. 度假胜地|v. 诉诸；求助于|n. 求助手段；依靠对象|n. 常去之处|n. 苏里南行政区|n. 推动力；弹性|v. 退回；恢复到|v. 前往；聚集到
resound	vi. 回响, 鸣响, 反响, 驰名, 被传遍|vt. 使回响, 传颂
resource	n. 实现目标的可用资源|n. 应对困难的能力或办法|n. 帮助学习或工作的资料和工具|n. 计算机或网络可调用的硬件、软件或容量|v. 为……提供资源|v. 重新寻找供应来源
respect	n. 尊重；敬意|v. 尊重|v. 遵守；尊重|intj. 问候|n. 敬意；好感|n. 致意；吊唁|n. 方面；细节|v. 遵守协议|v. 注意；重视|n. 善意；眷顾|v. 涉及；关乎|v. 视为；看作
respectable	adj. 值得尊敬的|adj. 体面的；还不错的|adj. 生活中等宽裕的|n. 体面的人
respectful	adj. 尊重的；恭敬的
respective	adj. 各自的；分别的|adj. 留意的；谨慎的|adj. 关于……的；相对的|adj. 能引起敬意的|adj. 表示尊重的；恭敬的
respectively	adv. 分别；各自对应
respond	v. 回答；回复|v. 作出反应|v. 相称；符合|n. 回应；答复|n. 礼仪应答歌|n. 拱券承接构件|v. 满足；答复|v. 负有付款责任
respondent	n. 回应者；答复者|n. 问卷填写者|n. 被申请人；被上诉人|adj. 回应的；相应的
response	n. 回答；回应|n. 反应；响应|n. 回应这一行为|n. 神谕的回答|n. 礼拜中的应答词句|n. 经文宣读时的应唱段落|n. 正式辩论中的答辩|n. 广告点击回应指标
responsibility	n. 负责的状态|n. 具体职责或义务|n. 对特定结果担责
responsible	adj. 对……负责；承担责任|adj. 是……的原因；应为……负责|adj. 可靠的；值得信赖的|adj. 向……负责|adj. 职责重要的；责任重大的|adj. 审慎明智的|adj. 具有理性行为能力并能承担道德责任|n. 责任承担者|n. 剧院中的次要角色演员
responsive	adj. 能回应的|adj. 对刺激反应灵敏的|adj. 体贴他人感受的|adj. 响应式的|adj. 采用应答轮唱的|adj. 相应的；对应的|adj. 负责的
rest	n. 休息；睡眠|n. 短暂休息|n. 剩余部分|v. 休息；停止活动|n. 安宁；无忧无扰|n. 静止；停止|n. 安息；死亡|n. 音乐休止|n. 休止符|n. 物理静止|n. 支架；托座|n. 歇脚处；住所
restate	vt. 重新叙述, 重申
restaurant	n. 餐馆；饭店
restless	adj. 坐立不安的|adj. 没睡好、未得到休息的|adj. 让人无法休息的|adj. 不满足现状、渴望变化的
restoration	n. 恢复；修复过程|n. 修复成果；修复物|n. 王朝复辟|n. 社会制度恢复|n. 重新获得神的恩宠
restorative	adj. 恢复性的；使人振作的|n. 恢复精神的东西|n. 酒精饮料（委婉说法）
restore	n. 数据恢复|v. 恢复；重新建立|v. 修复；恢复良好状态|v. 从备份恢复|v. 归还；交还|v. 赔偿；补偿|v. 恢复原有含义|v. 弥补；补偿
restrain	v. 控制；克制|v. 剥夺自由；把人束缚住|v. 限制；使受到约束|v. 再次过滤
restraint	n. 固定装置；约束带|n. 克制；谨慎
restrict	v. 限制；约束在一定范围内|adj. 受限制的（旧）|v. 把函数限定在较小定义域上
restriction	n. 限制；受限状态|n. 限制规定；约束条件|n. 限制性降解机制
restrictive	adj. 限制范围或自由的|adj. 妨碍活动的（衣服）|n. 限定性从句
restroom	n. 公共厕所
restructure	n. 重组；重新安排|v. 重组；重新组织|v. 重新安排贷款条件
restructuring	n. 重组；结构调整|v. 正在重组；重组这一活动
result	n. 结果；后果|n. 成效；取得的成果|v. 产生；由此得出|v. 导致；造成|intj. 太棒了，成了！|n. 比赛结果；最终比分|n. 好结果；令人满意的结局|n. 决议；裁定|n. 反弹；回弹|v. 依法归还；复归|v. 跳回；反弹
resultant	adj. 由此产生的|n. 结果|n. 合向量
resume	n. 求职履历；简历|v. 继续；恢复某事|n. 摘要；概要|v. 恢复；重新开始|v. 重新取得；收回|v. 概括；总结
resumption	n. 恢复；重新开始|n. （澳大利亚法律）征收土地
retail	adj. 零售的；面向消费者的|adv. 以零售方式|n. 零售业|v. 零售；直接卖给顾客|n. 零售价；原价|v. 转述消息；传播传闻|v. 分开出售；转卖二手物品
retailer	n. 零售商；零售销售人员
retain	v. 继续拥有；保留|v. 保留；不废除|v. 阻止；制止|v. 容纳；留住在内部|v. 固定住；防止脱落|v. 聘用；请来服务|v. 控制自己；克制|v. 记住；记忆住|v. 滞留组织或物质|n. 保留；持有|n. 随从队伍|v. 供养为随从；留在麾下
retake	n. 重拍的镜头或照片|v. 重新拿取或重新做|n. 重考|v. 拿回|v. 重新占领或收复|v. 重新拍摄
retention	n. 保留；留住|n. 记忆力；记忆能力|n. 记住的内容；记忆|n. 排泄潴留|n. 治疗留置时间|n. 保存物品或印象的容器|n. 扣留；克制|n. 拘禁处；收押场所|n. 留置权|n. 保险自留额
rethink	n. 重新考虑|v. 重新审视并考虑改变
retire	v. 退休|v. 退到某处|n. 退隐处|v. 退役|v. 撤到一旁|v. 停止使用|v. 退出流通并兑付|v. 使退役|v. 撤退避险|v. 就寝|n. 退隐状态|n. 撤退号令
retiree	n. 退休者
retirement	n. 退休后的生活；退休状态|n. 退休；离开职业|n. 退离；退出|n. 退隐状态|n. 隐居处；幽静处
retirement-age	退休年龄
retort	n. 机智反击|v. 尖锐回话|v. 反推指责|n. 蒸馏瓶|n. 工业高温密闭容器|n. 压力锅|n. 火化炉|v. 向后弯曲|v. 反射回来|v. 在蒸馏器中加热
retrain	vt. 重新训练, 再训练
retreat	n. 撤退；退回|n. 隐居处；静谧之所|n. 静修期；退居独处|v. 撤退；退回|n. 撤退信号|n. 棋子退回|v. 冰川后退|n. 厕所；简易厕所|n. 降旗号；降旗鼓点|n. 降旗仪式|v. 向后倾斜
retrieval	n. 取回某物|n. 数据检索与提取|n. 记忆提取
retrieve	n. 找回；取回|v. 找回；重新获得|v. 调取数据；检索文件|n. 救回难接的球|v. 救出；救回|v. 抢救；挽救|v. 挽回；纠正|v. 回忆起|v. 救回难接的球|n. 再次寻找；发现|n. 猎物的找回|v. 取回猎物
retrofit	n. 加装新部件的改造行为|v. 给旧物加装新部件|n. 加装新部件后形成的改动|v. 为旧设备加入或替换部件|v. 给旧软件版本补上修复或功能|v. 改造以适应新情况|v. 进行加装升级
retrospect	n. 回顾；反思往事|v. 回顾；回溯
retrospection	n. 回顾, 追忆, 反省
return	n. 返回；回来|n. 退回的物品；退货|v. 回来；返回|v. 归还|n. 往返票|n. 回答；答复|n. 正式报告；统计报表|n. 投资收益|n. 报税表|n. 返回值|v. 回到话题|v. 再次出现
reusable	adj. 可重复使用的|adj. 可重复运行的|n. 可重复使用的产品
reuse	n. 废弃物的再利用|n. 再次使用|v. 重新利用旧物|v. 再次或换处使用
reveal	v. 揭示；显露|n. 故事中的揭晓|v. 透露神启内容|n. 门窗框内侧面
revelation	n. 揭露；揭示|n. 被揭示的事实|n. 令人震撼的新发现|n. 神圣真理的启示|n. 大获成功的事物
revenge	n. 报复；复仇|v. 为……报仇；报复|n. 雪耻；赢回一场胜利|v. 为自己报仇|v. 自行报复
revenue	n. 投资收益|n. 某来源带来的总收入|n. 销售额；营业收入|n. 政府财政收入|n. 正常经营所得的收入|v. 产生收入|v. 为某方提供收入|n. 回报；偿还之物
revere	v. 崇敬；敬仰|v. 敬奉；尊奉|n. 翻折的衣领或衣襟
reversal	n. 方向逆转|n. 运势逆转|n. 反转状态|n. 一次反转|adj. 用于反转的
reverse	adj. 反向的；相反的|n. 相反的一面；反面|n. 倒挡|v. 倒转方向或顺序|adj. 倒行的；倒车的|adj. 逆转录的|n. 逆转；反转|n. 挫折；不幸|n. 硬币或徽章的背面|n. 背面；反面|v. 翻面或倒置|v. 对调位置
reversely	adv. 相对地, 反对地
reversible	adj. 可反转的|adj. 可两面穿的|adj. 可双向进行的|adj. 可恢复原状的|n. 两面穿的衣服|adj. 热力学可逆的|adj. 可据以推翻判决的
review	n. 复习；重新研读|n. 评论；评价文章|v. 概览；审阅|v. 重新检查；修订|n. 正式审查；司法复核|n. 概览；综述|n. 评论性期刊|n. 合规审查|v. 撰写评论|v. 复习|n. 时事讽刺剧|n. 综述文章
reviewer	n. 报刊评论者|n. 艺术作品评论者|n. 审核或检查人员|n. 复习资料
revise	n. 修订；复查|v. 修订；修改|v. 复习；备考|n. 二校样|v. 再次查看；反思
revision	n. 修改；修订过程|n. 考试复习|n. 修订版；修改后的版本|n. 受委托改写的故事版本|v. 赋予新的视角
revitalise	vt. 使有新的活力, 使新生, 使恢复元气
revitalize	v. 使恢复活力；振兴
revival	n. 复苏；恢复|n. 恢复健康或精神|n. 复兴；重新繁荣|n. 重新流行|n. 宗教复兴|n. 法律效力恢复|n. 金属活化
revive	v. 使苏醒|v. 使重新兴盛|v. 苏醒过来|v. 重新兴盛起来|v. 使死者复活|v. 唤回感情或精神状态|v. 重新唤起记忆或关注|v. 使褪色或模糊的东西恢复鲜明|v. 重新上演|v. 恢复健康或活力|v. 感情或精神重新出现|v. 重新上演
revolt	n. 反抗行动；叛乱|v. 反抗；反叛|v. 对……感到反感|v. 使强烈厌恶|v. 使退回；击退|v. 转开并拒绝
revolution	n. 政治剧变|n. 绕轴转一周|n. 巨大变革|n. 推翻政府|n. 绕轨道运行一周|n. 周期的一轮|n. 反复思量
revolutionary	adj. 革命的；推动革命的|adj. 突破性的；颠覆性的|n. 革命者|adj. 与旋转有关的
revolutionise	vt. 使革命化, 彻底改革, 彻底改变
revolutionize	v. 彻底改变；使发生革命性变化
revolve	n. 舞台旋转换景|v. 使绕中心旋转|v. 绕中心运行；公转|v. 绕轴旋转|n. 旋转舞台|v. 按顺序循环|n. 激变；革命|v. 使回到原处；恢复|v. 反复思考|v. 通读；研读
reward	n. 奖赏；回报|v. 奖励；奖赏|n. 悬赏；事先许诺的奖赏|n. 结果；报应|v. 作为对……的回报|v. 以……作为奖赏
rework	n. 返工；重新加工|n. 返工品；改好的成品|v. 返工；重新修改|n. 质量问题导致的返工|n. 一次返工|n. 食品再加工料
rexford	[人名] 雷克斯福德; [地名] [美国] 雷克斯福德
rhetoric	n. 说服性的语言艺术|n. 空洞的华丽说辞|adj. 修辞的；演说的
rhythm	n. 声音或音乐的节奏|n. 做事或活动的规律步调|n. 特定的节奏模式|n. 节拍或活动的快慢|n. 自然或其他过程的周期规律|n. 叙事中的反复安排和效果|n. 对节奏的自然感觉|n. 提供节奏的乐器或声部|v. 赋予特定节奏
rib	n. 肋骨|n. 肋状支撑条|n. 打趣；调侃|v. 善意取笑|n. 排骨；带骨肉|n. 船肋|n. 机翼翼肋|n. 拱顶肋条|n. 罗纹；凸条纹|n. 叶脉；主脉|v. 加肋支撑；用肋条定形|n. 一缕头发
ribbon	n. 装饰带；丝带|v. 用带子装饰|n. 象征支持的标志带|n. 打印机色带|n. 细长条；窄条|n. 软件功能区|n. 艺术体操彩带器械|n. 艺术体操彩带项目或器械|v. 使呈条纹状|n. ribband 的另一形式|n. 船侧饰条|n. 表带发条
rice	n. 稻；稻米这种作物|n. 米饭；食用的米|n. 一种稻米|n. 定制计算机界面|n. 休息、冰敷、加压、抬高|n. 休息、固定、冷敷、抬高|v. 压成米粒状|v. 定制计算机界面|n. 带有特定族群刻板印象的汽车改装俚语|n. 树枝；细棍|n. 线轴|n. 化学平衡反应记录表
rich	adj. 富有的|adj. 味道浓厚的|adj. 丰富充足的|adj. 报酬丰厚的|adj. 肥沃多产的|adj. 奢华昂贵的|adj. 色彩浓艳的|adj. 非常逗的|adj. 真够荒谬的|adj. 富媒体的|adj. 高浓度的|n. 富人阶层
richly	adv. 华丽奢华地|adv. 充分地；非常地|adv. 富裕地；有利地
richness	n. 富有；财富|n. 丰富；充沛|n. 丰厚效果；丰富之处|n. 群落类型数量
rid	v. 摆脱；免除|v. 清除；处理掉|adj. 清空的；清理过的|adj. 充满或受压制的|adj. 骑过的|n. 进展；速度|n. 采石场表土和碎石|n. 救生失误原因缩略语|v. 解救；释放|v. 清除地方或土地|v. 杀死|v. 清空或清理
riddle	n. 谜语；难题|v. 解答谜题|v. 充满问题|n. 粗筛；筛子|v. 含糊其辞|v. 筛分|v. 打出许多孔洞|n. 古代隐喻谜语|n. 拉丝板|n. 帘幕|n. 祭坛帘|v. 编织
ride	n. 骑行或乘坐|n. 搭便车|v. 骑行|v. 乘坐；搭乘|n. 车辆|n. 游乐设施|n. 林中骑行道|n. 曲折经历|v. 用车载送|v. 骑行通过|v. 骑行参加；完成|v. 利用形势
ridge	n. 动物背脊|n. 狭长隆起|n. 斜坡交会的脊线|n. 屋脊|n. 山脉|n. 丘陵脊线|v. 形成脊状|v. 呈脊状延伸|n. 军事防御工事的高脊|n. 海底长脊|n. 高压脊
ridicule	n. 嘲弄；讥笑|v. 嘲弄；讥笑|n. 笑柄|n. 荒谬可笑之处|adj. 荒谬可笑的|n. 小型女式手提包
ridiculous	adj. 荒谬可笑的|adj. 极其夸张的
rifle	n. 步枪|v. 快速翻找|v. 抢劫或偷窃|v. 搜掠并翻空|v. 抢走财物|v. 加工螺旋膛线|v. 使平直飞射|v. 平直快速飞行|n. 步枪手|n. 线膛火炮|n. 磨镰条|v. 强行夺走
right	adj. 右边的|adj. 正确的；正当的|adv. 正确地；妥当地|n. 权利；正当权益|adj. 合适的；恰当的|adj. 正常清醒的；健全能干的|adj. 十足的；真正的|adj. 直角的|adj. 含直角的|adj. 右岸的|adj. 正面朝外的|adj. 右翼的；保守派的
right-to-life	adj. 反堕胎的
righteous	adj. 清白正直的|adj. 道德高尚的|adj. 在道德上正当的|adj. 很棒的；酷的|adj. 特别大的；很严重的|v. 使脱离罪责
rightfully	adv. 正当地；理应地|adv. 正确地；恰当地
rightly	adv. 正确地；合理地
rigid	adj. 坚硬不易弯曲|adj. 思想僵化|adj. 固定不动|adj. 严格而不变通|adj. 不妥协|n. 硬式飞艇|n. 无悬挂自行车
rigidly	adv. 严格地；坚硬地；严厉地；牢牢地
rigorous	adj. 严格周密的|adj. 严酷的；强烈的
rigour	n. 严格, 严厉, 苛刻, 严酷, 严密, 精确
rim	n. 边缘；外沿|v. 沿轮廓围绕|v. 沿边缘滚动|n. 轮圈|v. 形成边缘|v. 给杯口蘸盐|n. 半圆形排字台|n. 膜|n. 腹膜；腹部|n. 梯级；横档|v. 肛门口交
ring	n. 圆环；环状物|n. 铃声|n. 一通电话|v. 打电话给|n. 环形排列的一组事物|n. 环绕的色带或污迹|n. 环形比赛场地|n. 非法或封闭团伙|n. 化学环|n. 环形区域|n. 悦耳或恰当的声音|n. 某种特征意味
rinse	n. 冲洗|v. 用清水快速冲洗|v. 冲掉肥皂等残留物|n. 冲洗液；染发剂|v. 使液体在内部漱动|v. 喝酒并与朋友聚会|v. 彻底击败
riot	n. 暴动；骚乱|n. 纷繁丰富；五彩缤纷|v. 参加暴动；闹事|n. 逗乐的场面或人|n. 放纵；不受约束的行为|n. 狂欢；铺张宴饮|v. 放纵享乐|v. 使骚动|v. 使烦扰
rip	n. 撕裂处；裂口|n. 敲诈性高价|v. 撕裂；撕开|v. 飞奔；猛冲|intj. 网络版“安息吧”|intj. 愿逝者安息|intj. 对消失事物的戏称|intj. 夸张地表示“完了”|intj. 对失败的自嘲|n. 强劲水流|n. 多股急流|n. 滑稽尴尬的事
ripe	adj. 成熟可采收|adj. 熟成适用|adj. 发展成熟完善|adj. 时机条件成熟|adj. 跃跃欲试|adj. 红润丰满|adj. 具备司法审理条件|adj. 有难闻气味|v. 成熟起来|adj. 脓肿已成熟|adj. 醉醺醺的|adj. 充斥着（非规范）
rise	n. 上升|v. 上升|v. 上涨或提升|n. 崛起|n. 增加|n. 加薪|n. 裆高|n. 尿布前片|n. 隆起地形|n. 明显反应|v. 起身或复起|v. 开始发展
risk	n. 不利结果的可能性|n. 可能的损失程度|v. 冒着……的风险|v. 使……面临损害|n. 按可能性和损失综合评估的风险|n. 具体的危险事件|n. 保险或商业中的风险|n. 可能带来不利后果的人或事物|n. 金融机构眼中的风险对象|v. 冒险提出或尝试
risk-taker	n. 冒险者, 喜欢冒险的人
riskily	adv. 冒险地, 危险万分地
risky	adj. 有风险的；不稳妥的|adj. risqué 的误拼
ritual	adj. 仪式性的；与仪式有关的|n. 仪式；固定的重复做法
ritualistic	a. 仪式的, 遵守仪式的
rival	adj. 竞争的；争夺同一目标的|n. 竞争对手|v. 与……竞争|v. 匹敌；胜过|n. 可匹敌者|v. 力求比得上；努力超越|n. 共同享有权利者
river	n. 河流|n. 大量连续的液体|n. 扑克中的最后一张牌|n. 排版中的白色竖缝|n. 劈裂者|v. 靠最后一张牌获胜
riverboat	n. 江河中行驶的船
riverside	adj. 河边的|n. 河岸
roach	n. 蟑螂|n. 鲤科鱼|n. 大麻烟蒂|n. 整支大麻烟|n. 卷烟滤嘴|n. 帆边的凹弧|n. 竖起的发型|n. 矿层|n. 粗糙岩石|v. 抽完大麻烟|v. 剪短并竖起马鬃|v. 把头发剪得竖起
road	n. 道路|n. 人生或事业道路|adj. 客场的|adj. 公路自行车的|n. 公路交通|n. 路线|n. 矿井巷道|n. 铁路|n. 铁路股道|n. 骑马出行|n. 袭击性骑行|n. 近岸锚泊水域
roadblock	n. 道路障碍物|n. 进展中的障碍|v. 阻碍；妨碍
roadhog	n. 莽撞的司机；横冲直撞的驾驶员
roadside	adj. 路边的|n. 路边；道路两旁
roam	v. 自由漫游|v. 在某范围内游荡|v. 网络漫游|n. 漫游；闲逛|v. 在设备间传递资源
roar	n. 吼叫声；怒喊声|n. 轰鸣声|v. 吼叫；怒喊|v. 轰鸣；发出巨响|n. 狮子的吼声|n. 公牛的吼声|n. 力量或气势的展示|v. 放声大笑|v. 动物吼叫|v. 猛烈推进|v. 喧闹；闹腾|v. 大声宣布
roast	adj. 烤熟的|n. 烤肉|v. 烘烤|adj. 被狠狠调侃的|n. 烤餐|n. 烘焙程度|n. 严厉批评|n. 吐槽式喜剧活动|n. 烤食聚会|n. 机智的吐槽|v. 用余烬等烤|v. 烘焙加工
rob	v. 抢劫；强行夺取|v. 使失去；剥夺|v. 不正当地骗取；剥夺|v. 入室盗窃|v. 实施抢劫|v. 抢断球|n. 水果浓缩糖浆|n. 图像背景区域|v. 偷走
robber	n. 抢劫者；劫匪|n. 会掠取东西的动物
robbery	n. 抢劫罪；抢劫案件|n. 抢劫行为
robe	n. 长袍；宽松外衣|v. 给……穿衣|n. 嵌入式衣柜|v. 穿上正式礼服|n. 带毛兽皮|n. 上等烟叶
robot	n. 类人的机器人|n. 执行任务的机器|n. 自动执行任务的软件程序|n. 没有情感和个性的人|n. 强制劳役制度|n. 交通信号灯|n. 自动跟踪测量仪|n. 机器人舞|n. 特定论坛用户
robotic	adj. 机械的；像机器人一样的
robotics	n. 机器人学
robust	adj. 经得起不利条件|adj. 强健壮实|adj. 需要较大力气|adj. 有力而明确|adj. 局部受损仍不致全坏|adj. 面对意外输入仍可靠|adj. 粗野强硬|adj. 对误差分布假设不敏感|adj. 骨骼或体格粗壮
rock	n. 岩石|n. 摇滚音乐|v. 轻轻摇动|v. 演奏或欣赏摇滚|n. 岩礁；礁石|n. 石块|n. 宝石|n. 可靠支柱|n. 冰块|n. 棒状糖果|n. 篮球|n. 石头手势
rocket	n. 火箭；火箭弹|v. 猛然加速|v. 迅速上涨或飙升|n. 势大力沉的射门或击球|n. 一顿严厉的责骂|n. 芝麻菜|v. 垂直飞升|v. 迅速成名或成功|v. 用火箭攻击|n. 粗俗语境中的讨厌鬼或蠢人|n. 苏格兰俚语中的淘气鬼|n. 地区俚语中的笨蛋或讨厌的人
rocky	adj. 多岩石的|adj. 摇晃不稳的|adj. 像岩石一样坚硬|adj. 困难多、动荡的|adj. 摇滚风格的|adj. 栖息在岩石上的|adj. 冷硬无情的|adj. 身体不适或站立不稳的
rod	n. 直杆；棒；棍|n. 钓鱼竿|n. 框架支撑杆|n. 鞭打用的棍条|n. 体罚工具；鞭打|n. 测量杆|n. 测量仪器标杆|n. 机械连接杆|n. 视网膜杆细胞|n. 杆状微生物|n. 玻璃搅拌棒|n. 枪；手枪
rohe	[人名] 罗厄
role	n. 演员扮演的角色|n. 事物发挥的作用|n. 社会或生活中的角色|n. 职位及其职责|n. 词语在短语中的功能|n. Raku中的组合接口|n. 七十二张羊皮纸的数量单位
rolex	n. 劳力士腕表|n. 乌干达鸡蛋卷饼
roll	n. 滚动|n. 官方名单|n. 小圆面包|v. 滚动；使滚动|n. 翻滚|n. 滚动的东西|n. 摇摆步态|n. 隆隆声|n. 船舶或飞机横摇|n. 绕纵轴旋转角|n. 横滚翻转|n. 掷骰子
rollout	n. 逐步推出；部署|n. 飞机着陆后的滑跑阶段|n. 四分卫向边线移动后传球的战术|n. 重复掷骰分析法|n. 逐步亮牌的牌局玩法|n. 燃气炉外燃故障
roma	adj. 罗姆人的；与罗姆人有关的|n. 一个罗姆人|n. 罗马番茄|n. roma 番茄的另一种写法
romance	n. 恋爱关系|v. 追求；向……求爱|adj. 罗曼语族的|n. 强烈迷恋|n. 理想化的爱情|n. 爱情故事或爱情题材作品|n. 神秘迷人的气质|n. 爱情题材类型|n. 美化事实的说法|n. 传奇般的经历|n. 脱离现实的浪漫想象|n. 罗曼语族
romantic	adj. 理想化而不现实的|adj. 梦幻而富有感染力的|adj. 浪漫的；适合恋爱的|adj. 有爱情吸引的|n. 浪漫的人|adj. 传奇文学式的|adj. 虚构的|adj. 另一种大小写写法|adj. 罗曼语族的|adj. 浪漫主义的|adj. 罗曼语族的（非正式）|n. 传奇式的人
roof	n. 屋顶|n. 顶层|v. 给……加顶|n. 上部内壁|n. 矿层上覆岩层|n. 悬垂岩壁|n. 帽子|v. 在屋顶间穿行|v. 关进监狱|v. 像加顶一样遮住
room	n. 机会；余地|n. 空间；容纳处|n. 房间|n. 充分的余地|n. 卧室|n. 住处；住房|n. 房间里的人|n. 聊天室|n. 职位；地位；位置|v. 居住；寄宿|v. 安排住宿|adj. 宽敞的
roommate	n. 同房室友|n. 合住者|n. 对同性伴侣的戏称
root	n. 植物的根|n. 根源；基础|v. 牢固建立；扎根|v. 为……加油；支持|n. 根菜|n. 牙根|n. 头发根部|n. 未处理的发根|n. 数学根|n. 平方根|n. 词根|n. 派生词的词源词
rope	n. 绳索材料|n. 一段绳子|n. 绳状的一串或一股|v. 用绳子捆住|v. 用套索套住|n. 棒球中的平直强击球|n. 绞刑|v. 借绳攀爬|n. 连续流|n. 陶土条|n. 字符串数据结构|n. 干扰雷达的箔条
rose	n. 玫瑰植物|n. 玫瑰花|v. rise的过去式|adj. 玫瑰色的|n. 蔷薇科植物|n. 玫瑰形物|n. 玫瑰徽饰|n. 玫瑰色|n. 玫瑰线|n. 洒水喷头|n. 灯具底座|n. 玫瑰凤蝶
rose-tint	v. 把事情想得过分美好|v. 染成玫瑰色
rosemary	n. 迷迭香
ross	n. 树皮的粗糙表面|n. 沼地|v. 去除粗糙表层
rosy	adj. 玫瑰色的|adj. 红润的|adj. 乐观的|adj. 玫瑰般的|v. 染成粉红色|v. 把事情说得过于乐观
rot	n. 腐烂；腐败过程|v. 腐烂；腐败|n. 腐物；腐烂的东西|n. 组织腐败疾病|n. 胡说；无稽之谈|v. 衰退；失去作用|v. 败坏；腐化|v. 使腐烂；使分解|v. 长期困在不快处境中|n. 传播记录缩略词|v. 浸渍植物以分离纤维|v. 胡说
rotary	adj. 旋转式的|n. 环岛|n. 扶轮社分会
rotate	v. 旋转；转身|v. 使旋转；转动|v. 轮流；轮换|v. 轮换安排；轮流使用|v. 轮换库存|v. 轮作|adj. 轮状的|v. 飞机抬头离地
rotation	n. 围绕中心或轴转动|n. 一次完整旋转|n. 按顺序轮换|n. 投资领域的板块轮换|n. 歌曲或广告的反复播放|n. 数学中的旋转变换|n. 棒球队的先发投手组|n. 起飞滑跑中的抬头动作
roth	n. 罗斯（姓氏）
rotten	adj. 腐烂的；变质的|adj. 腐朽的；破败的|adj. 恶劣的；坏透的|adj. 糟糕的；很差的|adv. 极其；坏到极点|adj. 松散易碎的|adj. 醉得厉害的
rotunda	n. 圆形穹顶建筑|n. 哥特式圆体字|n. 环岛的另一拼写|n. 五边形穹顶结构
rough	adj. 粗糙的；不平的|adj. 粗略的；未完成的|adj. 艰难的；难熬的|n. 高尔夫球场的长草区|adj. 波涛汹涌的|adj. 粗野的；未经修养的|adj. 破旧的；饱经风霜的|adj. 治安较差的；问题多的|adj. 粗暴的；不留情面的|adj. 刺耳的；沙哑的|adj. 未经切割或加工的|adj. 味道辛涩的
roughly	adv. 不平整地；不均匀地|adv. 大约；约略地|adv. 粗暴地
round	adj. 圆形的|n. 圆形物|n. 比赛的一回合|v. 取整；约为|adj. 完整的；整整的|adj. 整齐的；便于取整的|adj. 圆唇的|adj. 直截了当的|adj. 完整流畅的|adj. 数额大的|adj. 丰满立体的|adj. 往返的；绕回原点的
round-the-clock	adj. 全天候的；不间断的
roundabout	adj. 间接的；绕弯的|n. 环岛交叉路口|v. 拐弯抹角地说|adj. 环绕的；包围性的|n. 儿童旋转木轮|n. 游乐场旋转木马|n. 绕道|v. 乘坐旋转木轮|v. 沿环岛行驶|n. 旧式短外套|n. 圆圈舞
rounders	n. 圆场棒球
rouse	v. 叫醒；使振作|v. 激起感情或想法|v. 激使某人行动或发怒|n. 唤起；唤醒|v. 醒来；振作起来|v. 把藏着的动物赶出来|v. 斥责；批评|n. 起床号|n. 饮酒仪式|n. 畅饮聚会|n. 满杯酒|v. 用力拖拽
route	n. 行进路线|n. 固定线路|v. 按路线转送|n. 道路；公路|n. 途径；办法|v. 通过路由器发送|n. 中国古代行政区域|n. 路由表中的路径规则|n. 长距离赛马|n. 铁路进路|v. 连接网络|v. root 的方言拼写
routine	adj. 习惯性的；惯常的|n. 惯常做法；固定流程|adj. 按既定程序的|adj. 普通的；平淡无奇的|n. 机械重复的生活模式|n. 表演节目；固定段子|n. 体操成套动作|n. 子程序；任务程序
routinely	adv. 通常反复地|adv. 按惯例或习惯性地
row	n. 一排；一行|n. 划船；一次划船|v. 划船|n. 表格横行|n. 玉米辫|n. 划船式拉力动作|n. 吵架；争吵|n. 嘈杂声|v. 划船送某人或某物|v. 靠桨移动|v. 大声争吵|n. 一周投放次数
royal	adj. 王室的；君主的|adj. 君王般的；尊贵宏大的|adj. 多人混战的|adj. 非常；极其（非正式加强语气）|n. 王室成员|adj. 帆船上的上桅或其帆|adj. 被吃掉即输棋的棋子|n. 一种印刷纸规格|n. 一种书写纸规格|n. 曾拟用的澳大利亚货币名|n. 一种灰蝶|n. 鹿角梁上的第四个枝叉
royalty	n. 王室地位与权威|n. 知识产权使用费|n. 王室成员及其家人|n. 特许开发权及其收益|n. 矿产开采费|n. 作品赚回预付款|n. 享有特权的人或群体|n. 扑克中的高牌起手牌|n. 苏格兰王室自治市边界
rsc	abbr. 皇家莎士比亚剧团（Royal Shakespeare Company）；加拿大皇家学会（Royal Society of Canada）；防翻滚稳定控制系统（Roll Stability Control）
rub	n. 擦动；摩擦|n. 难处；问题|v. 擦；摩擦|n. 涂擦用品|v. 摩擦；磨脚|v. 涂抹；抹上|v. 擦亮；清洁|n. 讥讽话|n. 使球偏转的障碍|n. 借款|n. 一组相关蛋白质|n. “富裕城市骑手”的缩略语
rubber	n. 橡胶材料|n. 橡皮|adj. 资金不足|n. 合成橡胶|n. 避孕套|n. 投手板|n. 防水套鞋|n. 轮胎|n. 一组比赛|n. 决胜局|v. 好奇地窥看|n. 摩擦者或摩擦物
rubbish	adj. 糟透了|n. 垃圾|n. 胡说八道|intj. 糟了；真倒霉|intj. 胡说；才不是|n. 劣质东西|v. 贬低；抨击|v. 乱扔垃圾|n. 建筑废墟
rubble	n. 碎石；残砖|n. 岩石碎屑层|n. 未筛分的麦麸|v. 弄成碎石
rubin	[医] 品红, 复红
ruby	adj. 宝石红的|n. 红宝石|n. 宝石红|n. 汉字旁的注音|n. 纹章学中的红色|n. 红宝石蜂鸟|n. 红极乐鸟|n. 五点半字号|n. 红色尖晶石|n. 咖喱（俚语）|n. 一份咖喱|v. 染红
rude	adj. 没礼貌的；粗鲁的|adj. 未经训练的；粗浅的|adj. 猛烈而突然的|adj. 粗糙而不精致的|adj. 强健有活力的|adj. 粗制的；原始简陋的|adj. 带有粗俗或色情意味的|adj. 很棒的；很酷的|adj. 性感迷人的
rudely	adv. 粗鲁地；无礼地
rug	n. 地毯；地垫|n. 毯子|v. 给……盖上毯子|n. 马衣；马毯|n. 阴毛|n. 毛茸茸的狗|n. 假发|n. 浓密的胸毛|v. 突然卷走资金|n. 粗厚呢料|n. 呢绒斗篷|n. 穿着呢绒衣物的人
ruin	n. 废墟|n. 衰败状态|n. 祸根；毁灭性后果|v. 毁坏；使不能使用|v. 破坏计划或进展|n. 毁坏行为|n. 毁灭；覆灭|n. 破产；经济上的彻底失败|v. 使破产|v. 使兴致或体验变差|v. 剧透|n. 跌倒；坠落
rule	n. 规则；规定|n. 支配原则；规律|v. 统治；管理|n. 统治；管理；权威|n. 通常情况；惯例|n. 法院规则；司法命令|n. 运算规则；方法|n. 直尺；尺子|v. 很棒；占优势|v. 裁定；判决|v. 确定；规定|v. 给纸张划线
ruler	n. 直尺|n. 统治者；掌权者|v. 用尺子打
ruling	adj. 掌权的；占主导地位的|n. 裁决；判定|v. rule 的现在分词和动名词
rumor	n. 一个传闻|v. 据传；传言说|n. 传闻性消息|n. 消息；传报|n. 名声；声誉|n. 喧闹声；叫喊声
rumour	n. 传闻；谣言|v. 据传；传闻说|n. 嘈杂声
run	n. 奔跑；跑步|v. 奔跑|v. 流动|v. 经营管理|adj. 耗尽的|n. 赶路；跑一趟|n. 兜风；游玩一趟|n. 逃跑；逃亡|n. 鱼类洄游|n. 洄游鱼群|n. 路线；线路|n. 自由使用权
run-up	n. 投球前的助跑|n. 起跳或投掷前的助跑|n. 重要事件前的一段时期|n. 数值或数量的上涨|n. 海浪冲上陆地的距离|n. 飞机起飞前的预热和测试
runaway	adj. 逃跑的；逃脱的|adj. 失控加速的|n. 逃跑者；逃脱者|adj. 轻易获胜的|adj. 无法遏制的；失控蔓延的|adj. 脱离阵营的；另立门户的|n. 失控的车辆|n. 失控的过程或事物|n. 压倒性的胜利|n. 逃跑；突然失控
runner	n. 跑步的人|n. 跑鞋；软底鞋|n. 长条地毯|n. 从事某项跑腿或运输的人|n. 逃跑；逃跑的人|n. 鞋底和鞋面之间的条带|n. 设备中快速移动的部件|n. 导向或辅助移动的机械部件|n. 能正常行驶的汽车|n. 桌旗；长条装饰布|n. 匍匐茎；匍匐繁殖枝|n. 有希望实施的想法
runoff	n. 地表径流|n. 选举第二轮|n. 径流携带的污染物|n. 比赛加赛
runway	n. 狭长通道|n. 时装秀伸展台|n. 飞机跑道|n. 动物固定通道|n. 运动助跑道|n. 现金可支撑时间|n. 河床
rupert	n. 年轻军官
rural	adj. 乡村的；农村的|n. 乡下人（过时）
rush	adj. 紧急而仓促的|n. 猛冲|v. 赶快做；匆忙处理|v. 快速奔流；迅速向前移动|n. 突然涌入|n. 匆忙|n. 快速而嘈杂的流动|n. 突然袭击|n. 游戏中的快速突袭策略|n. 冲向对手进行阻挡|n. 短暂兴奋感|n. 社团招募期
russian	adj. 俄罗斯的；俄罗斯人的|adj. 俄语的|n. 俄罗斯人；俄罗斯公民|n. 俄语|adj. 苏联的|n. 俄罗斯族人|n. 俄罗斯猫品种|n. 一只俄罗斯猫|adj. Rus 的|adj. 带法西斯色彩的俄罗斯式的|n. 苏联人|n. 一种杂耍球
russians	v. “Russian”的第三人称单数现在时
rust	n. 锈；锈蚀层|v. 生锈|n. 其他金属的类似锈蚀物|n. 铁锈色；红褐色|n. 植物锈病|v. 使生锈|v. 患锈病|v. 因闲置而退化；使变迟钝|n. 集邮品上的真菌损害|v. 黑猫晒后变成锈色
rustle	n. 沙沙声, 瑟瑟声, 飒飒声, 急忙|vi. 发出沙沙声|vt. 使飒飒作响
rut	n. 车辙；沟槽|n. 固定轨道；老套模式|v. 压出车辙|n. 乏味的生活状态|n. 动物发情期|n. 鹿的发情吼叫|n. 咆哮声|n. 虚构设定中的发情期|v. 进入发情期|v. 性交|v. 与某人性交|v. 摩擦生殖器
rutgers	[医]避虫酮，苯二甲酸二甲酯
ruth	n. 怜悯；同情|n. 悔恨；懊悔|n. 悲痛；苦难|n. 令人惋惜的事物
ruthless	adj. 残酷无情的|adj. 毫不退让的；不留余地的
ruthlessly	adv. 残酷无情地
ruthlessness	n. 无情；冷酷；残忍
s	adj. 小号；小码|n. 南方的缩写|n. 小号；小码的缩写|num. 第十九个字母（小写）|num. 第十九个字母（大写）|n. 季的缩写|n. 女高音的缩写|n. 字幕的缩写|n. scruple 的缩写|n. 奇异夸克的缩写|n. s.. 的另一写法|n. 十六开本的缩写
sa	adj. 窦房的；窦耳房的|n. 情境意识|n. 星期六|n. 特工|n. 轻武器|n. 表面积|adj. 表现得不像同性恋的|n. 性虐待|n. 性吸引力|n. 模拟退火|n. 可持续性分析|n. 情景分析
sabatier	人名；(西)萨瓦蒂耶尔；(法)萨巴捷
sack	n. 袋子；大袋|n. 洗劫|n. 解雇|v. 装进袋子|v. 洗劫|v. 解雇|n. 一袋的容量|n. 抢到的财物|n. 擒杀四分卫|n. 棒球垒包|n. 床|n. 一次性袋子
sackett	[人名] [英格兰人姓氏] 萨基特 Sack的昵称
sacred	adj. 神圣的；经祝圣的|adj. 宗教的；非世俗的|adj. 不可侵犯的；必须尊重的|adj. 精神性的；涉及神圣观念的|adj. 献给……的；专用于……的|adj. 尊贵而应受敬仰的|adj. 被诅咒的；凶恶的
sacrifice	n. 为更大目标作出牺牲|v. 牺牲或放弃|n. 献祭行为|n. 祭品|n. 虔敬的献上|n. 基督的自我献祭|n. 弥撒或圣餐礼|n. 棒球中的牺牲打|n. 棋类中的弃子|v. 献祭|v. 杀死或毁掉|v. 棒球牺牲打
sad	adj. 悲伤的；难过的|adj. 可悲的；没品的|intj. 呸；真可悲|n. 季节性情绪失调|n. 社交焦虑障碍|adj. 吃饱的；满足的|adj. 坚定勇敢的|adj. 庄重严肃的|adj. 淘气的；讨厌的|adj. 湿软的（指糕点）|adj. 沉重的；厚重难处理的|n. 标准美国饮食
sadden	vt. 使忧愁, 使悲哀|vi. 忧愁, 悲哀
saddle	n. 马鞍|v. 给动物加鞍|v. 使承担负担|n. 骑乘用鞍|n. 鞍形物|n. 鞍形地貌|n. 鞍形部分|n. 节目夹档时段|v. 像加鞍一样放上|v. 把负担推给某人|v. 锯出鞍形接口|v. 上马准备骑行
sadly	adv. 悲伤地|adv. 遗憾的是；不幸的是|adv. 悲惨地；极其糟糕地|adv. 非常；迫切地|adv. 深深地；完全地
sadness	n. 悲伤；难过|n. 令人悲伤的事情
safari	n. 野生动物探险旅行|v. 参加野外探险|n. 探索或搜寻之旅|n. 参加探险旅行的队伍
safe	adj. 安全的；没有危险的|adj. 不会带来危险的|adj. 能提供保护的|n. 保险箱|adj. 棒球中未被判出局的|adj. 妥善保管的|adj. 耐受某种情况的|adj. 可靠的；可信赖的|adj. 确定的；准是如此的|adj. 谨慎的|adj. 难以被击入袋的|adj. 很棒；赞
safeguard	n. 防护措施|v. 保护；保障|n. 保护者；防卫|v. 实施保护机制|n. 安全通行证|n. 巨蜥|v. 安全护送
safely	adv. 稳妥地；谨慎地|adv. 安全地；平安地
safety	n. 安全；平安|n. 保险装置；保险栓|n. 美式橄榄球中的安全得分|n. 美式橄榄球中的安全卫|v. 固定机械部件|v. 给武器上保险|n. 拘押保护；严密看管|n. 棒球中的安全短打|n. 斯诺克中的安全球|n. 安全自行车
sagan	n. 至少四十亿|n. Sagan的小写形式
sage	adj. 明智的；睿智的|n. 智者；贤人|n. 鼠尾草；鼠尾草香料|n. 鼠尾草属植物|adj. 庄重的；严肃的|intj. 论坛中的沉帖操作词|n. 类似鼠尾草的芳香灌木|v. 使用沉帖选项
sail	n. 帆|n. 帆力；借帆航行|v. 航行；借风前进|v. 乘船航行|n. 帆力；扬帆状态|n. 乘帆船航行；一次航行|n. 帆状物；翼|v. 在水上游动|v. 启航；出发|v. 在空中掠过|v. 轻快而从容地走过|n. 船；船只
sailboat	n. 帆船|v. 乘帆船航行|n. 牌面为四的牌
sailor	n. 水手；航海者|n. 水手帽|n. 水手蝶|n. 竖砌砖
saint	n. 正式认可的圣人|n. 圣人称号|n. 天堂中的圣者|n. 基督徒、信徒|n. 大好人|n. 圣徒队成员或球迷|v. 正式封为圣人|n. 后期圣徒|n. 圣物|n. 后期圣徒成员|n. 圣级蒸汽机车|前缀 圣人地名构词成分
sake	n. 为了某个讨论目的或考虑|n. 为了某个目的或理由|n. 为了某人的利益或情面|n. 争端、罪责或指控
salad	n. 沙拉；凉拌蔬菜|n. 沙拉用的生蔬菜|n. 混杂的组合|n. 生菜（英国英语）
salary	n. 固定工资；薪水|adj. 含盐的；咸的|v. 按固定周期支付报酬
sale	n. 出售；销售|n. 打折销售；促销活动|n. 拍卖出售|n. 大厅
saleroom	n. 销售额,销售活动
sales	n. 销售工作|n. 销售额|n. sale 的复数形式
salesgirl	n. 女店员
salesman	n. 销售员；推销员
salesperson	n. 销售人员；售货员
saleswoman	n. 女售货员, 女店员
salient	adj. 关键的；切题的|adj. 突出的；醒目的|adj. 向外突出的|adj. 小于平角的|n. 军事突出部|n. 行政区域突出部|adj. 呈跳跃姿态的|adj. 跳跃的|adj. 喷出或迸发的|n. 地质突出构造
saline	adj. 含盐的|n. 盐水|adj. 带盐味的|n. 盐泉；取盐水处
saliva	n. 唾液；口水
sally	n. 出击|n. 突然冲出|n. 机智俏皮话|v. 突然出击|v. 出发远行|n. 柳树|n. 短途游览|v. 离开常规路线探索|n. 类似柳树的树|n. 柳木制品|n. 铃绳上的抓握绒球|n. 救世军成员
salmon	n. 鲑鱼；三文鱼|adj. 淡粉橙色的|n. 鲑鱼菜；鲑鱼肉|n. 鲑鱼色；淡粉橙色|n. 窑炉上部砖层|n. 鼻子（伦敦俚语）|n. 罐装鱼（斯里兰卡用法）|v. 骑车逆行
salt	adj. 盐腌的|n. 食盐|n. 味道；调味|v. 加盐；用盐腌制|adj. 含盐的|adj. 受海水淹没的|adj. 盐业的|n. 化学盐类|n. 老水手|n. 加密随机数据|n. 怀疑；常识|n. 愤怒；争吵
salty	adj. 咸的；有盐味的|adj. 含盐的|adj. 粗俗大胆的；带刺的|adj. 有海上阅历的；老练的水手|adj. 恼怒的；心里不爽的|adj. 萨丁语及部分加泰罗尼亚方言相关的
salute	n. 敬礼；致意动作|v. 向……敬礼；致意|v. 向……致敬；赞扬|n. 礼炮；鸣炮致敬|v. 问候；向……致意|n. 亲吻；吻礼|n. 爆响礼花|v. 挥手向熟人打招呼|v. 使……受益；有利于|v. 亲吻
salvation	n. 宗教上的得救|n. 救助或解困之物|n. 使事物恢复和改善|v. 拯救
sam	n. 地对空导弹|adj. 半成品的；不完整的|adj. 温度不够的|adv. 一起；共同|n. 利物浦人（英国俚语）|n. 自组装单分子层|n. 收缩期前向运动|n. 单一抽象方法|n. 分离吸引模型|n. 共享升值抵押贷款|n. 一种带有支配情境的性俚语缩写|n. 联邦缉毒探员
same	adj. 同一个；完全相同|adj. 相似；一样|adv. 同样地；一样程度地|pron. 同一件事；同上|pron. 同样的东西；同类物品|adj. 没有变化；千篇一律|adj. 同一……中的不同情况|intj. 同意；我也是|pron. 前文所指的人或事物|adj. 正是；没错|adv. 在一起|pron. 如上所述的对象
sammy	n. 萨摩耶犬|n. 皮革加湿机|v. 给皮革加水
sample	n. 样品；样本|v. 取样；品尝|n. 统计样本|n. 试吃品|n. 商品样品|n. 音乐采样片段|v. 对信号采样|v. 音乐采样|n. 榜样；范例|n. 急救病史询问缩写|v. 按样本取得数据
sanction	n. 正式批准|n. 制裁措施|v. 实施制裁|n. 法律或合同中的规定|v. 正式批准使生效|v. 正式认可或默许
sand	n. 沙；沙子|v. 用砂纸打磨|adj. 沙色的|n. 一种沙|n. 沙地；含沙层|n. 沙色|n. 眼角干眼垢|v. 用沙覆盖|n. 勇气|n. 沙粒级颗粒|n. 一粒沙|n. 时间；人生时日
sandal	n. 凉鞋|n. 檀香木|n. 狭长船
sandberg	[人名] 桑德伯格; [地名] [德国] 桑德贝格
sandwich	n. 三明治；夹心面包|v. 把……夹在两者之间|n. 夹层；夹心结构|n. 夹层蛋糕|v. 把事情安排在两个事件之间|adj. 小份的；非正餐的|n. 三明治广告牌人|n. sandwich 的旧形式|v. 以特定成人方式夹在两人之间|v. 给……吃三明治|v. 吃三明治
sane	adj. 神志正常；精神健全|adj. 理智清醒；能正常判断|adj. 合理；稳妥；明智|adj. 标准且正常演化的|n. 性侵害案件检查护士|n. 黑洞吸积盘
sapiens	n. 人类物种
sapir	[人名] 萨皮尔
sarbanes-oxley	n. 萨班斯-奥克斯利法案
sarcastic	adj. 带讽刺意味的|adj. 惯于讽刺的
satellite	n. 绕行天体|n. 人造卫星|v. 经卫星传送|n. 附属实体|n. 卫星电视|n. 卫星城镇|n. 侍从；爪牙|n. 卫星结构|n. 卫星 DNA
satire	n. 讽刺艺术|n. 讽刺作品|n. 严厉的讥讽
satirist	n. 讽刺作者, 爱挖苦的人
satisfaction	n. 需要或愿望的满足|n. 满足感；愉悦|n. 满足的来源|n. 损失或伤害的补偿|n. 讨回公道；洗清受辱|n. 性满足
satisfactory	adj. 令人满意的；合格的|adj. 令人满足的；惬意的|adj. 赎罪的；补偿性的|n. 合格者；合格品|n. 合格等级
satisfy	v. 足够；令人满意|v. 使满意；满足需要或要求|v. 偿付到应付数额|v. 履行法律要求；了结索赔|v. 使条件成立|v. 查明而消除疑虑
saturate	vt. 使渗透, 浸透, 使充满, 使饱和|a. 浸透的, 饱和度高的, 深颜色的|n. 饱和化合物, 饱和脂肪酸
saturation	n. 饱和的过程或状态|n. 颜色的鲜艳度|n. 作用达到上限|n. 溶液饱和状态|n. 空气达到百分之百湿度|n. 色彩纯度|n. 密集轰炸|n. 市场被产品全面充满|n. 有机化合物的饱和状态|n. 等价关系下的饱和集合|n. 吉他的失真效果|n. 通信系统达到流量容量上限
saturday	n. 星期六|adv. 在星期六|v. 度过星期六
sauce	n. 酱汁；调味汁|v. 加酱调味|n. 番茄酱|n. 酒；烈酒|n. 劲头；本领|n. 合成代谢类固醇|n. 绘画用软蜡笔|n. 冒犯性的顶嘴|n. 蔬菜|n. 配肉蔬菜|v. 使人感到有滋味|v. 增添情趣
saucer	n. 杯下小碟|n. 碟状物|n. 圆形雪橇|v. 眼睛睁圆|n. 盛酱汁的浅容器|n. 打捞沉船的浅沉箱|n. 绞盘轴心浅槽|v. 倒入碟中降温
sauer	n. 萨奥尔（姓氏）
saunders	[医] 檀木, 檀香
sausage	n. 香肠|n. 香肠形的东西|n. 亲昵称呼|n. 腊肠犬|n. 阴茎（粗俗俚语）|n. 历史上的军政术语|n. 失业救济金（俚语）|v. 挤卷成香肠状|v. 紧塞进狭小空间|v. 紧贴着穿进|v. 制成香肠|v. 弄成香肠形
savage	adj. 野生的；未驯化的|adj. 凶猛的；残暴的|v. 猛烈攻击|adj. 野蛮的；不文明的|adj. 原始的；不复杂的|adj. 残酷的；毫不留情的|adj. 毒舌而痛快的；损人很狠的|adj. 糟糕的；太不厚道的|adj. 太棒了；太绝了|adj. 粗暴的；咄咄逼人的|n. 横冲直撞的人|n. 毒舌的人；狠话高手
savagely	adv. 野蛮地；凶狠地；失控地
savant	n. 学者, 专家
save	n. 成功救险|n. 数据保存|v. 救下；避免伤害|v. 保存文件或进度|n. 替人解围|n. 漂亮的化解|prep. 除……之外|v. 留下备用；留到以后|v. 节省；省下|v. 守身待婚|v. 省掉；别再说|n. 豁免检定
saver	n. 节俭的人；爱存钱的人|n. 优惠票；优惠方案|n. 救助者；挽救者
saving	adj. 拯救的；保全的|adj. 节俭的|n. 节省；节约额|n. 存款；积蓄|v. save 的现在分词和动名词|adj. 救赎的；能拯救的|adj. 节省……的|n. 节省这一行为|adj. 保本的|adj. 保留例外的|n. 例外；保留条款|prep. 除……之外
savings	n. 储蓄, 存款
saw	n. 锯子|v. 用锯切割|v. 看见的过去式|n. 锯琴|n. 锯齿波|v. 来回移动|v. 被锯开|v. 锯成|intj. 宗教祝语缩写|n. 轮流吊将|n. 话语|n. 格言
say	adv. 比如说；假定|n. 发言权；决定权|v. 说出；念出|v. 告诉；转述|v. 写着；显示|intj. 喂；对了|v. 背诵；复述|v. 据说；人们常说|v. 假设；比如说|v. 发言；回答；表达意见|v. 打赌；断言|n. 一种布料
saya	n. 赛亚裙（菲律宾、西班牙和西班牙语国家穿的一种齐膝短裙）
sb	adj. 太糟的|pron. 某人|adj. 向南的|adv. 向南|n. 本赛季最佳成绩|n. 盗垒数|n. 参议院法案|n. 州法案|n. 长相思|v. 软屏蔽|n. 担架员|n. 边带信号
sc	n. 屏幕截图|adj. 皮下的|n. 高级法院|n. 案件状态会议|n. 和解会议|n. 小额索赔案件|n. 安全车|n. 平装本|n. 州立大学|n. 高级律师|n. 购物中心|n. 表列种姓
scale	n. 刻度；尺度|n. 规模；范围|n. 秤；体重秤|v. 按比例调整大小|n. 比例尺；比例|n. 测量标尺线|n. 音阶|n. 等级序列；层次|n. 统一标准报酬|n. 鱼鳞；鳞片|n. 蝶蛾翅鳞|n. 皮屑；鳞屑
scalia	斯卡利亚（人名）
scaling	n. 攀登|n. 按比例测量|v. scale 的现在分词和动名词|n. 去鳞|n. 结垢|n. 除垢|n. 数据尺度调整|n. 无量纲换算|n. 校准炮瞄具
scan	n. 仔细查看|v. 仔细检查或搜寻|n. 一次扫描|n. 扫描图像或结果|v. 快速浏览寻找|v. 扫描成像|v. 电子读取|n. 函数式编程中的累积扫描|v. 逐级攀登|v. 检查诗歌节拍|v. 符合韵律
scandal	n. 丑闻；丑事|n. 公愤；哗然|n. 名誉受损|n. 流言；诽谤|n. 使他人陷入道德或宗教堕落的言行|n. 业余色情制品；骚动|n. 相关分类单元的缩略语|n. 相关形成过程的缩略语|phrase 相关生物学短语的首字母缩略语|v. 诋毁；诽谤|v. 使人反感；冒犯
scandinavian	adj. 斯堪的纳维亚的|n. 斯堪的纳维亚人|adj. 北日耳曼语族的|n. 斯堪的纳维亚防御
scantiness	n. 缺乏
scanty	a. 缺乏的, 仅有的, 不够的, 狭小的, 吝啬的
scapegoat	n. 替别人背锅的人或群体|v. 把某人或某群体当替罪羊|n. 赎罪仪式中的替罪羊
scar	n. 皮肤上的疤痕|n. 心灵创伤|v. 使留下皮肤疤痕|v. 造成深重心理创伤|n. 损害留下的痕迹|v. 形成疤痕|n. 悬崖或岩石突出处|n. 海面露出的岩礁|n. 山坡上的裸岩地|n. 鹦嘴鱼
scarce	adj. 稀少；难找到|adj. 缺少；供应不足|adv. 几乎不；勉强才
scarcely	adv. 几乎不；大概不会|adv. 刚刚；勉强才|adv. 很难说会；当然不
scarcity	n. 稀缺状态|n. 某物短缺
scare	n. 一阵惊吓|v. 吓到；使害怕|n. 引发恐慌的事件|n. 吓唬用的装置|v. 容易受惊|adj. 瘦的；稀少的
scarf	n. 围巾|v. 松松披上|n. 头巾|v. 用布包住或装扮|v. 像围巾一样覆盖|v. 狼吞虎咽|n. 领巾|n. 斜接接头|n. 针槽或加工槽|n. 树干导向切口|n. 鸬鹚|n. 皮屑；皮肤病
scary	adj. 令人害怕的|adj. 惊人得不寻常的|adv. 达到惊人程度地|adj. 容易受惊的|n. 贫瘠的薄草地
scatter	n. 散开；驱散|v. 散开；驱散|v. 撒开；撒布|n. 零星分布的一片东西|v. 使光线或粒子偏散|v. 零星分布；稀疏出现|v. 打乱；使落空|v. 散布在……上|v. 让对手少得分|v. 离开；溜走
scenario	n. 事态发展设想|n. 剧情梗概|n. 剧本或剧本提纲
scene	n. 事件现场|n. 戏剧或电影中的一幕|n. 舞台布景|n. 故事或事件的背景|n. 眼前的整体情形|n. 风景|n. 当众大闹|n. 作品中的场景片段|n. 兴趣圈子|intj. 表演结束！|n. 舞台|n. 一种青年亚文化
scenery	n. 自然风光；景色|n. 舞台布景和道具
scenic	adj. 风景优美的|adj. 与景色有关的|adj. 戏剧性的；舞台的|n. 风景画面|n. 舞台布景设计人员
scent	n. 独特气味|v. 闻出、嗅到|v. 察觉、嗅出苗头|n. 动物留下的气味踪迹|n. 嗅觉|n. 香味用品|n. 可追踪的线索|v. 嗅闻以辨认气味|v. 使带有某种气味|v. 凭嗅觉追猎|n. 感觉、感知|v. 散发气味；呈现意味
sceptical	adj. 持怀疑态度的
schedule	n. 日程表；安排|v. 制定日程|v. 排定时间|n. 条目清单|n. 正式附表|n. 任务分配表|v. 安排某人参加|n. 管制药物等级|n. 专业分类表|n. 纸条；短笺|n. 法律文件中的大写形式|v. 依法收治入院
scheme	n. 计划；方案|n. 阴谋；诡计|v. 暗中策划|v. 谋划；设计|n. 有条理的组合；体系|n. 图表；示意图|n. 协议标识|n. 修辞中的词序安排|n. 占星图|n. 数学概形|n. 住房社区|n. 养老金计划组合
schism	n. 团体分裂|n. 宗教分裂|n. 基督教会的正式分裂|v. 使团体分裂
schmidt	n. Schmidt望远镜的简称
scholar	n. 奖学金学生；求学者|n. 某领域专家；学者|n. 博学的人|n. 荣誉奖学金获得者
scholarly	adj. 学者式的；有学者风范的|adv. 以学术的方式|adj. 学术性的；与学术研究有关的
scholarship	n. 奖学金|n. 学术研究；学术成果|n. 学养；学者气质|n. 学术知识体系|n. 澳大利亚英语：中学第一年|v. 获奖学金就读|v. 提供奖学金
scholastic	adj. 学校的；学业的|adj. 经院哲学的|adj. 迂腐的；过分琐细的|n. 经院哲学家|adj. scholastic 的另一种大小写形式|n. scholastic 的另一种大小写形式
school	n. 学校；教育机构|n. 中小学教育|n. 上课时间；在校期间|v. 教育；训练|n. 大学里的学院或系|n. 艺术流派|n. 思想学派|n. 传统风格；旧派|n. 专门培训学校|n. 鱼群；海洋动物群|v. 彻底击败；给人上一课|n. 一段授课时间
schoolboy	n. 男学生|adj. 男学生式的；幼稚顽皮的
schoolchild	n. 学童
schooling	n. 训练；指导|n. 正规教育；上学|v. 正在教育；接受训练|n. 马术训练|n. 教训；责备|n. 教学报酬；学费
schroeder	n. 施罗德（男子名）；施罗德银行（德国银行）
schutt	[人名] 舒特
schwarzenegger	n. 肌肉特别发达的人
sci-fi	adj. 科幻的|n. 科幻类型；科幻作品|n. science fiction 的简称
science	n. 一门学科|n. 自然科学|n. 科学方法所得的知识|n. 科学研究及其知识体系|n. 科学界|n. 专门知识或技艺|n. 所知之事|n. 拳击技艺|n. 后代、后裔|v. 使受科学训练|v. 用科学解决
scientific	adj. 科学的；与科学有关的|adj. 有科学依据的；符合科学方法的
scientifically	adv. 以科学方式|adv. 按照科学方法|adv. 有条理地|adv. 在科学方面|adv. 从科学角度看
scientist	n. 科学家
scissors	n. 剪薄材料的工具|n. 剪刀手势|intj. 痛苦或懊恼的喊声|n. 空战中的剪刀机动|n. 一次剪刀机动|n. 球类中的交叉跑动配合|n. 滑冰中的剪刀步|n. 双腿交替开合的练习|n. 剪刀式控制动作|v. 用剪刀剪|v. scissor的第三人称单数现在时
scold	v. 生气地责骂|n. 爱训人的人|v. 鸟发出攻击性的刺耳叫声|v. 鸟发出像责骂的叫声|v. scald 的误写
scoop	n. 舀取工具|n. 一勺的分量|n. 独家消息|v. 舀起或收集|n. 舀取动作|v. 挖出空穴|v. 抢先报道|v. 滑入目标音|n. 进气口|n. 装载机铲斗|n. 凹地或空穴|n. 手术刮匙
scope	n. 范围；涵盖面|n. 余地；机会|v. 快速查看；摸清|v. 界定范围|n. 瞄准镜；观察镜|n. 作用域；范围|n. 内窥检查|v. 做内窥检查|v. 限定作用域|n. 逻辑作用域|n. 修饰范围|n. 仪器名称中的scope
scopus	n. 斯高帕斯（公司名）；当今世界最大的文摘和引文数据库
score	n. 得分；总成绩|n. 比分|n. 考试成绩；分数|v. 得分；记分|intj. 成功了！得手了！|n. 二十|n. 许多；好几十|n. 赌博赢得的钱|n. 总谱；乐谱|n. 电影或戏剧的配乐|v. 刻出刻痕或凹槽|v. 弄到；获得
scorn	n. 轻蔑；鄙视|v. 鄙视；蔑视|n. 轻蔑的表示；侮辱|n. 受鄙视的人或事物|v. 不屑接受；拒绝|v. 不屑于做|v. 嘲弄；表示轻蔑
scots	adj. 苏格兰的
scottish	adj. 苏格兰的|adj. 苏格兰人的|n. 苏格兰人
scout	n. 侦察员|n. 童军成员|n. 球探；人才发掘者|v. 侦察；探查|v. 观察；跟踪侦察|n. 侦察行动|n. 老兄；小伙子|n. 童军成员|v. 轻蔑地拒绝|v. 嗤笑；嘲弄|n. 行业情报员|n. 牛津大学女清洁工
scramble	intj. 快来抢！|n. 匆忙忙乱|v. 匆忙移动|v. 把食材炒成杂乱的一团|n. 一阵激烈争抢|n. 杂烩炒蛋|v. 慌乱地赶往|v. 扰乱通信信号|v. 手脚并用攀爬|v. 争抢着抓取|n. 紧急升空拦截|n. 越野摩托车赛
scrap	n. 碎片；小片|v. 丢弃；取消|n. 剩饭；残食|n. 废旧物；废金属|n. 小打斗；扭打|v. 停止继续做|v. 送去废品场处理|v. 打架；扭打|n. 炼油后的脆渣|n. 炸鱼剩下的面糊块|n. 低等烟草碎料|n. 带族群色彩的侮辱性称呼
scrape	n. 擦伤|v. 沿表面刮擦|v. 刮掉|v. 擦伤；擦坏|n. 刮擦声；刮擦动作|n. 刮下来的薄层|n. 小冲突；打架|n. 窘境；麻烦|v. 勉强达到|v. 东拼西凑；勉强收集|v. 抓取网页数据|v. 费力谋取；一点点攒下
scraping	n. 刮擦声；刮擦动作|n. 刮下来的东西|v. scrape 的现在分词或动名词|n. 自动收集数据
scratch	adj. 初步的；临时的|n. 划痕；擦痕|n. 抓挠|v. 抓挠；挠痒|adj. 临时拼凑的|adj. 临时存储用的|n. 起跑线|n. 轻微伤口|n. 鸡饲料|n. 潦草字迹|n. 零；从头开始|v. 刮得发痒
scream	n. 尖叫声|v. 尖声大叫|n. 动物的尖叫声|n. 嘶吼唱法|n. 非常有趣的人或事|v. 飞快冲过|v. 明显表现出|n. 感叹号
screen	n. 屏障；遮挡物|n. 屏幕；银幕|v. 筛；过滤|v. 遮挡；掩护|v. 放映；播出|n. 筛网；滤网|n. 筛查；筛选|n. 显示屏；显示界面|n. 掩护；掩饰|n. 掩护位（美式足球等）|n. 挡拆；掩护|v. 审查；遮去信息
screener	筛
screw	n. 螺钉；螺丝|v. 用螺钉固定|n. 拧转；旋转动作|n. 回旋球；反旋|v. 欺骗；害得某人失败|v. 敲诈；苛刻盘剥|v. 扭曲；弄皱|v. 滚开；离开|v. 去你的；管它呢|v. 放弃；暂时不管|n. 监狱看守|n. 敲诈者；吝啬鬼
script	n. 戏剧或影视剧本|n. 小型程序|v. 编写脚本|n. 书面文件|n. 书写方式|n. 按顺序执行的命令文件|n. 行为套路|n. 书写体系|v. 预先设计或编造|n. 仿手写字体|n. 法律文书原件|n. 处方
scrub	n. 杂木丛；灌木丛|n. 取消|v. 用力擦洗|v. 取消|n. 低劣的灌木植被|n. 卑微而寒酸的人|n. 不中用的人；菜鸟|n. 替补队员|n. 手术服|n. 医用工作服|v. 擦洗；用力摩擦|v. 清理数据
scrutinise	vt.vi. 细看, 仔细检查, 审查, 细阅
scrutinize	v. 仔细审查|v. 核查账目
scrutiny	n. 细致研究|n. 彻底检查|n. 选票复核|n. 受洗前的宗教考查|n. 写有选票的小纸条|v. 仔细审查
sculpture	n. 雕塑作品|n. 广义立体艺术作品|v. 雕刻或塑形|n. 雕塑艺术|v. 用雕塑表现|n. 贝壳表面纹饰|n. 版画（旧义）|v. 塑造地貌
sd	n. 标准差|n. 标准差的另一种写法|n. 学区|n. 警长部门|n. 自毁|n. 标清格式|n. 片段重复
sea	n. 大片咸水海域|n. 大型湖泊|n. 一阵海浪|n. 汹涌的海况|n. 海的；海边的；海洋相关的|n. 数量巨大或局面混乱的事物|n. 量子色动力学中的胶子海|n. 月面或行星表面的深色岩石平原|n. 大型液态烃湖|n. 战略环境评估的缩写
sea-pink	海石竹
seacoast	n. 海岸, 沿岸
seal	n. 海豹|n. 印章|n. 密封件；密封圈|v. 封住并使其可见受损|v. 密封防漏|v. 锁定；保证成功|n. 印记；封印|n. 徽章；标志|n. 保证；认证物|n. 防拆封条|n. 认可；批准|n. 严密封闭
seam	n. 缝线；缝口|n. 矿层；煤层|v. 缝合；用接缝接在一起|n. 缝合线；组织接合处|n. 接缝；接合处|n. 伤痕线；裂痕|n. 连接处；衔接痕迹|v. 织出接缝；按特定针法编织|v. 留下伤痕或线痕|n. 球缝；沿缝偏移|n. 旧式谷物计量单位|n. 旧式玻璃计量单位
seamless	adj. 没有接缝的|adj. 无缝衔接的；连贯自然的
sear	a. 枯萎的, 凋谢的|vt. 烤焦, 使枯萎|vi. 凋谢, 干枯
search	n. 寻找；搜寻|v. 搜查某处以寻找|v. 仔细寻找；搜寻|n. 搜索活动；检索过程|v. 在搜索引擎中检索|v. 寻求|v. 检查伤口|v. 检查；考验
seaside	n. 海边；海滨地带|adj. 海边的；海滨的
season	n. 季节|n. 某事发生的时期|v. 使适应|v. 使材料成熟适用|v. 给食物调味|n. 旺季|n. 赛季|n. 电视节目的一季|n. 游戏内容包|n. 游戏赛季|v. 变得成熟适用|v. 变干变硬
seasonal	adj. 季节性的|n. 季节性事物或人员
seat	n. 座位|n. 机构所在地|v. 使物体就位|v. 为人安排座位|n. 职位或席位|n. 特定地区的所在地|n. 火源或起火点|n. 西雅特汽车|v. 请人就座|v. 正式确认某人取得席位|v. 安置或固定|n. 飞行器上的座位或座舱座椅
second	adj. 第二的；第二个的|n. 第二次机会；再试一次|n. 秒；时间单位|v. 支持；帮助|adj. 次于第一的；第二位的|adj. 又一个；再次出现的同类事物|adv. 第二；居第二位|adv. 第二个地；第二次地|n. 第二个；第二项|n. 第二位；次位者|n. 第二名|n. 次品；有瑕疵的商品
second-rate	adj. 次等的；平庸的|adj. 二级战列舰的|n. 二级战列舰
secondary	adj. 第二位的；次级的|adj. 次要的|adj. 由代理人或受委托机构产生的|adj. 继发的|adj. 中等教育的|adj. 与原材料加工制造有关的|adj. 由原色混合成的|n. 增发股票|n. 中学|n. 间色|n. 次要事物|adj. 有机化学中的仲级的
secret	adj. 秘密的；隐藏的|n. 秘密；机密|n. 诀窍；关键|v. 藏起；隐匿|n. 未知之谜；难以理解的事|n. 秘密状态；暗中|v. 秘密藏匿|adj. 隐居的；幽僻的|adj. 守密的|adj. 分开的；独立的|n. 生殖器|n. 钢制护头盔
secretary	n. 秘书；行政助理|n. 政府部门负责人|n. 组织负责人；书记|n. 秘书桌|v. 担任秘书；为……做秘书|n. 秘书鸟|n. 秘密受托人|n. 私人书信抄写员
secretive	adj. 不愿透露信息的|adj. 与分泌有关的
secretly	adv. 秘密地；暗中
section	n. 切下来的部分|n. 整体的一部分|n. 文件的一节或一部分|v. 切分或分开|n. 切割这一动作|n. 剖面图|n. 切口或切开|n. 军队小组|n. 条款符号 §|v. 切成薄片|v. 为某人做剖宫产|n. 数学或科学中的截面
sector	n. 指定区域；分区|n. 扇形|n. 经济领域；行业|n. 一部分；区段|n. 球扇形|n. 磁盘扇区|n. 测量规|n. 扇形齿轮|n. 赛道分段|n. 攀岩区段
secular	adj. 世俗的；非宗教的|adj. 尘世的；现实世界的|adj. 不受修道院誓约约束的|adj. 长期的；长期趋势的|adj. 每隔一个时代或世纪发生的|adj. 古老的；有数百年历史的|adj. 长期非周期性的|adj. 随时间保持不变的|n. 世俗教士|n. 教堂唱诗班的职员|n. 平信徒
secure	adj. 安全的；受保护的|adj. 稳固的；稳定的|adj. 确信的；有把握的|v. 保护；使安全|v. 确保；使免于损失|adj. 防盗的；不易丢失的|adj. 安全保密的|adj. 安心的；无所畏惧的|adj. 财务可靠的；无亏损风险的|adj. 稳操胜券的；确定能得到的|v. 固定；关牢|v. 取得；争取到
security	n. 安全；保障|n. 证券|n. 保障物；安全装置|n. 保安部门；安保人员|n. 法律担保|n. 证券所有权凭证|n. 抵押物；担保品|n. 保证；担保|n. 免除忧虑；安心|n. 粗心；疏忽
sedition	n. 煽动反叛|n. 叛乱；反叛
see	intj. 你看；要知道|v. 看见；察觉|v. 理解|v. 见面；拜访|n. See的另一种大小写形式|v. 在心中想象|v. 预见；想象到|v. 经历；见证某时期|v. 确保某事发生|v. 陪同；护送|v. 试试看；查明|v. 参阅
seed	n. 植物种子|n. 萌芽因素；源头|n. 初始位置；种子排名|v. 播种|v. 提供初始资源|n. 一批种子|n. 网络项目的初始版本|v. 安排种子排名|v. 上传供他人下载|v. 获得种子资格|n. 珊瑚碎片|n. 精液
seedling	n. 由种子长出的幼苗|n. 泛指幼小植物
seek	v. 寻找；搜寻|v. 请求；寻求|v. 追求；争取|n. 数据流定位|v. 前往；到某处寻求|v. 试图；努力做|v. 在数据流中定位|n. Sikh 的旧拼写|v. 前往；朝某方向走
seeker	n. 寻找者|n. 宗教探索者|n. 魁地奇找球手|n. 英国历史宗教团体成员
seem	v. 看起来；似乎|v. 适合；相称
seemingly	adv. 表面上看；似乎|adv. 得体地；合乎礼仪地
seethe	vi. 冒泡, 沸腾|vt. 使煮沸, 使浸透|n. 翻腾
segment	n. 一段|n. 整体中的一部分|v. 分段|n. 数学或科学中的一部分|n. 节目中的一段|n. 行程中的一段|n. 以太网总线|n. 程序或内存中的分段
segmental	a. 部分的, 断节的
segregate	a. 分离的, 被隔离的|vi. 分离, 隔离, 分凝|vt. 使分离, 使隔离
seize	v. 抓住；攫取|v. 抓住机会|v. 夺取；依法没收|v. 突然控制；攫住心灵|v. 抓住；扑住|v. 卡死；抱死|v. 确立土地所有权|v. 用绳索捆牢|v. 固定；牢牢系住|v. 发作；抽搐|v. 提交审议|v. 由法院继续审理
seldom	adv. 很少；不常|adj. 罕见的；不常有的
select	adj. 精选的；少数受优待的|adj. 精选的；上等的|v. 选择；挑选|n. 选择按钮|v. 查询并取出数据库中的数据
selection	n. 选择过程|n. 选中的东西|n. 精选的一组东西|n. 音乐作品|n. 自然选择的简称|n. 数据库查询结果集|n. 谓词的语义选择能力|n. 待操作项目清单|n. 关系的子集运算|n. 澳大利亚殖民地的先选地权|n. 澳大利亚的先选土地|n. 遗传算法中的筛选阶段
selective	adj. 挑剔的；慎重挑选的|adj. 与筛选过程有关的|adj. 与自然选择有关的|adj. 具有筛选权或筛选功能的|adj. 与社会工作中的选择性服务有关的
selectively	adv. 有选择地；只针对部分对象
self	adj. 纯一的；同一种的|n. 自我；个性|n. 意识中的自我|n. 个人；自我主体|n. 私利；自身利益|adj. 相同的|adj. 自己的；属于自身的|adj. 自身的（生物学）|n. 自花授粉幼苗|n. 单色花|n. 自身成分|pron. 本人；他本人等
self-analysis	n. 自我分析；自省
self-centered	adj. 过分以自我为中心|adj. 强调个人而非集体
self-confident	adj. 自信的
self-conscious	adj. 意识到自我存在|adj. 因在意自己而感到局促|adj. 过分在意外表或举止
self-consciousness	n. 自我意识|n. 害羞；局促不安
self-contentedness	n. self-contented的变形
self-contradictory	adj. 自相矛盾的
self-deception	n. 自我欺骗；拒绝接受明显事实
self-discipline	n. 自律；自我约束
self-discovery	n. 自我认识的过程
self-doubt	n. 自我怀疑；对自己没信心
self-drive	v. 自动驾驶
self-employed	adj. 自己工作；不受雇于固定雇主
self-employment	n. 自主就业；为自己工作
self-esteem	n. 自尊；自我价值感
self-evident	adj. 不言自明的
self-examination	n. 自我审视；反省|n. 自查身体
self-expression	n. 自我表达；展现个性
self-governing	adj. 自治的；自我管理的
self-help	n. 自我提升|n. 自行补救；自行处理侵害
self-image	n. 自我形象；自我看法
self-interest	n. 自利；个人利益
self-observation	n. 对自身外貌的观察； 自省, 内省
self-perception	n. 自我知觉；自我形象
self-plagiarism	n. 自我剽窃；重复使用自己的旧作
self-promotion	n. 自我宣传；自我推销
self-regulatory	adj. 能自行监管的
self-reliance	n. 自立；独立自主
self-report	n. 本人填写的问卷或报告|v. 自己回答或提供资料|n. 无意中暴露偏见的话|v. 主动报告自己的问题
self-respect	n. 自尊；自重
self-rule	n. 自治；自我统治
self-satisfied	adj. 自鸣得意的；自负的
self-serving	adj. 只顾自身利益的
self-sufficiency	n. 自给自足；独立自主
self-sufficient	adj. 自给自足；无需外援|adj. 自负；过分相信自己
selfish	adj. 以自身利益为标准|adj. 只顾自己、不顾他人|adj. 游戏中可独立发挥|adj. 基因层面的自我保存与复制
selfishly	adv. 自私地, 自我中心地, 任性地
selfless	adj. 无私的；为他人着想的
sell	n. 销售；卖出|n. 推销；说服|v. 出售；卖|v. 推销产品或服务|n. 容易办成的事|v. 卖得出去|v. 说服别人接受想法|v. 为钱出卖|v. 欺骗；耍弄|n. 欺骗；丢脸的结果|n. 座位；凳子|n. 马鞍
seller	n. 卖东西的人|n. 畅销的东西|n. 地下室；地窖（过时拼写）
semel	[法] 似乎是
semester	n. 学期|n. 半年；六个月
semiconductor	n. 半导体材料|n. 半导体器件；芯片
seminar	n. 学术研讨会|n. 行业或培训研讨会|v. 参加或主持研讨会
semiprofessional	a. 半职业性的|n. 半职业性运动员
senate	n. 立法机关的上院|n. 资深人士组成的决策或咨询团体|n. 德国部分城市州的行政机构或高等上诉法院合议庭
senator	n. 参议院议员|n. 参议员这一职衔|n. 议会成员|n. 古罗马参议员|n. 古代其他政务委员会成员|n. 统治者的政务顾问|n. 高级教会官员|n. 德国城市州政务官员
send	n. 发送操作|v. 发送；派送|n. 发送按钮|n. 攀岩完攀|n. “发送”按钮|n. 特殊教育与残障简称|v. 使兴奋；使陶醉|v. 使陷入某种状态|v. 派人去请或办事|v. 成功完成攀岩路线|v. 放手去做|v. 载某人一程
sender	n. 发送者；寄件人|n. 发送器；发射装置
senior	adj. 年长的|adj. 资历或级别更高的|adj. 高年级的；毕业班的|n. 比某人年长的人|adj. 高年龄组或高水平组的|n. 老年人|n. 受尊敬的长者|n. 上级；资深人士|n. 高中或大学毕业班学生|n. 早期教会长老
sensation	n. 身体感觉|n. 引起轰动|n. 感官受到刺激|n. 引人注目的人|n. 小份烈酒
sensational	adj. 轰动的；令人兴奋的|adj. 极好的；惊人的|adj. 刺激感官的|adj. 感觉的；感觉器官的
sense	n. 感官|n. 意识；感觉|n. 意义；道理|v. 感知|v. 察觉；意识到|n. 判断力；常识|n. 鉴赏力；天赋|v. 理解|n. 表达方式；语义|n. 向量方向|n. 旋转方向|n. 有义链；编码链
sensible	adj. 明智的；讲道理的|adj. 实用舒适的|adj. 可感知的|adj. 能感知的|adj. 易受外界影响的|adj. 感官的|adj. 意识到的|n. 感觉；感受能力|n. 可感知的事物|n. 有感知能力的存在
sensitive	adj. 容易受伤或难过的|adj. 体察他人感受的|adj. 对刺激反应灵敏的|adj. 容易引起不快的|adj. 机密的|adj. 需要谨慎处理的|adj. 灵敏而精确的|adj. 有感知能力的|adj. 有超常感知能力的|n. 超常感知者
sensitivity	n. 敏感性；敏感程度|n. 对刺激作出反应的能力|n. 真阳性识别率|n. 仪器对输入变化的响应程度|n. 胶片对光的感光度
sensor	n. 传感器；感知器官
sensory	adj. 感觉的；感官的|adj. 感觉传入的|n. 感觉中枢|n. 感觉器官
sensual	adj. 性感的；令人愉悦的|adj. 感官的；感觉上的|adj. 强烈刺激感官的
sentence	n. 判刑决定|n. 句子|v. 判处|n. 刑罚|n. 判决结果|n. 格言|n. 逻辑命题|n. 形式句子|n. 意义|n. 意见|n. 判断|v. 宣判
sentiment	n. 总体看法；态度|n. 感伤情绪；柔情
sentimental	adj. 多愁善感的；感情浓烈的|adj. 感情用事的|adj. 浪漫的
separate	adj. 单独的；不相连的|adj. 分开的；不在一起的|v. 拆分；分成几部分|v. 使脱离；断开|v. 把人或物隔开|n. 单件服装|v. 自行分离；分层|n. 单独刊印本|v. 挑出；选派
separately	adv. 分开地；各自地
separation	n. 分开；分离|n. 人与人之间的离别|n. 夫妻分居|n. 分界处|n. 间隔；空隙|n. 隔开空间的物体|n. 离开现役岗位
sequence	n. 有序的一串|n. 先后顺序|v. 按顺序排列|n. 音乐主题的变奏重复|n. 数学序列|n. 连续镜头段落|n. 同花顺子牌组|v. 测定生物分子顺序|n. 弥撒中的圣歌|n. 后续结果|v. 用设备制作音乐|v. 依次经过一系列内容
sequencing	n. 顺序排列|v. 正在排列；进行测序|n. 序列测定
sequestration	n. 隔离；退隐
sequoia	n. 巨杉|n. 红杉
seray	n. (Seray)人名；(塞拉)塞赖
serendipity	n. 偶然促成的美好结果|n. 意外发现或意外学到好东西|n. 事情偶然而顺利地发展
seri	[地名] [巴基斯坦、尼泊尔] 塞里
serial	adj. 系列的；连续排列的|n. 连载作品|adj. 反复实施某种行为的|adj. 分期出版的；连载的|n. 连续出版物|n. 序列号；激活码|adj. 表示习惯且持续动作的|n. 防暴警察小队|v. 编上序列号
serially	[计] 可连续地
series	n. 一连串；一系列|n. 电视或广播连续节目|n. 一季节目（英国英语）|n. 级数|n. 系列赛|n. 分类学中的级|n. 鳞翅目分类等级|n. 属下分类单位|n. 一批混合品质的钻石|n. 辅音系列
serious	adj. 严肃的；不苟言笑的|adj. 严重的；重要的|adj. 认真的；当真的|adj. 投入的；坚定的|adv. 认真地；当真地
seriously	adv. 认真地；当真地|adv. 非常；严重地|adv. 说正经的|adv. 真的吗？；真是的|adv. 极其；大幅度地
seriousness	n. 严肃；认真；郑重
sermon	n. 布道；讲道|n. 冗长的训话|v. 布道；说教|v. 训诫；说教
servant	n. 受雇服务的人|n. 服务或帮助他人的人|n. 上帝的仆人|n. 恋人|n. 地位低下的人|v. 使受制于
serve	n. 发球|v. 为某人提供服务或物品|v. 发球|n. 一份食物或饮料|v. 提供服务；起服务作用|v. 对目标有效或有帮助|v. 起到某种作用|v. 正式送达法律文件|v. 服兵役|v. 服刑|v. 履行公共义务|n. 惊艳的造型
server	n. 服务器程序|n. 服务器计算机|n. 社交平台空间|n. 服务员|n. 上菜托盘|n. 分餐勺
service	n. 帮助；服务|n. 服务业；服务活动|v. 为……提供服务|n. 服侍；任职|n. 军队服役|n. 公共设施服务|n. 部门；机构|n. 计算机服务|n. 军队|n. 餐具套装|n. 发球|n. 宗教仪式
serving	n. 服务这一行为|n. 一人份；一次食用量|v. serve 的现在分词和动名词|n. 一次服务|n. 一部分；一份|n. 电缆外层保护层
session	n. 一段专门活动时间|n. 正式会议或会期|n. 登录或连接会话|n. 即兴音乐合奏|n. 学期或学年|v. 参加即兴合奏|n. 板球的一段规定比赛时段|n. 坐下或就座的状态|n. 连续饮酒的一段时间|n. 长老会会众的管理机构
set	adj. 准备好的|n. 一组；一套|v. 放置|v. 整理并准备好|adj. 固定在原位的|adj. 凝固坚硬的|adj. 决意要做的|adj. 预先安排的|adj. 态度已定的|adj. 固定风格的|n. 收音机或电视机|n. 种用小鳞茎或块茎
setback	n. 挫折；阻碍；进度倒退|n. 不利事件；进展受阻|n. 建筑退界；与道路的规定距离|n. 墙面后收的一层|n. 恒温器温度偏移设定|n. 回流；逆流；涡流|n. 挫败；反击；复发
seth	n. 赛斯（男子名）
setter	n. 排版人员|n. 出题人；设定挑战的人|n. 猎犬|n. 排球二传手|n. 属性设置方法|n. 多局制比赛|n. 诱骗受害者的人|n. 配曲填词者|n. 瓷器匣钵|n. 拍卖托价者|v. 给牛植入引流线
setting	n. 故事背景；环境|n. 档位；设置值|adj. 正在落下的|n. 设置；放置|n. 宝石镶座|n. 配乐作品|n. 舞台呈现；编排|v. set 的现在分词和动名词|n. 猎犬指示猎物的位置|n. 用猎犬狩猎|n. 嵌入物；插入物|n. 风向
settle	v. 解决；定夺|v. 平静下来|v. 定居|v. 结清；付清|v. 与债权人清账|v. 安排妥当；处理完|v. 使固定；使稳住|v. 安定下来|v. 稳定在某状态或方向|v. 使人定居|v. 使沉淀|v. 沉淀下来
settlement	n. 安顿；解决的过程|n. 新建立的居住地|n. 庭外和解|n. 稳定状态|n. 居民点；社区|n. 古代聚落|n. 交易结算|n. 争端的解决|n. 建筑沉降|n. 财产处分或授予|n. 法定居所或居住权|n. 英属印度的定额征收区
settler	n. 定居者；殖民者|n. 争端解决者|n. 定胜负的一击；收尾之物|n. 博彩店的结算员|n. 安胃饮料|n. 沉淀容器
sev	abbr. several 几个; seven 七; seventy 七十; seventeen (th) 十七
seven	n. 数字7；七这个符号|num. 七；七个|n. 七点牌|n. 七喜汽水
seven-day	[网络] 本句中的
seventeenth	adj. 第十七的|n. 十七分之一|n. 一种音乐音程
seventy	num. 七十
several	det. 几个；数个|adj. 不同的；各种的|adj. 可分别处理的|adj. 各自的；分别的|adv. 分别地；各自地|n. 私有土地|n. 单独的一项；细节|n. 围起来的独立场所|n. 女式宽松外衣
severe	adj. 严重的；强烈的|adj. 严厉的；严格的|adj. 朴素冷峻的
severely	adv. 严厉地；严重地；极其严重地
severity	n. 严厉程度|n. 严重程度
sew	v. 缝制；缝合|v. 缝纫|v. 缝进；缝在里面|n. 汤；肉汁|v. 排干水|v. 船只搁浅
sex	n. 生物学性别类别|n. 性别区别与关系|n. 人的性别类别|n. 某一性别的成员|v. 鉴定动物性别|n. 女性群体|n. 性行为|n. 生殖器|v. 与某人发生性行为|v. 发生性行为
sexual	adj. 与性别或男女关系有关|adj. 与性行为或亲密身体接触有关|adj. 有性生殖的|adj. 有性欲或带有性意味的|adj. 与性行为或性文化有关|n. 有性生殖的物种或个体|adj. 有性吸引的|adj. 女性的|n. 有性吸引的人
seymour	n. 西摩（男子名）
shabby	adj. 破旧邋遢的|adj. 衣着寒酸邋遢的|adj. 刻薄吝啬的；不体面的|adj. 质量差的；表现不佳的|adj. 质量差的|adj. 质量差的|adj. 质量差的|v. 使变破旧|v. 变得破旧
shade	n. 阴影；阴凉处|n. 遮光物|n. 色调；色泽|v. 遮蔽；挡住光|n. 细微差别|n. 某人的影子或风格痕迹|n. 一点点；些许|n. 含蓄的挖苦|n. 灯罩|v. 略微调整|v. 逐渐变为另一色调|v. 加深阴影；画阴影
shadow	n. 影子|n. 阴暗处|v. 使变暗|v. 跟随专家学习|adj. 非正式且未获授权的|adj. 幕后发挥影响的|adj. 反对党的|adj. 正式任职前承担领导职责的|n. 遮蔽区|n. 笼罩着的事物|n. 模糊的替代形象|n. 跟岗学习者
shady	adj. 多阴影的|adj. 能遮阴的|adj. 阴凉避光的|adj. 可疑的；不可靠的|adj. 刻薄的；残忍的
shaft	n. 箭、矛等的杆身|n. 长而细物体的柄或杆|v. 坑害；欺骗|n. 光束|n. 羽毛中轴|n. 矿井竖井|n. 电梯井|n. 通风或供暖管道|n. 柱身|v. 给……装上杆身|n. 长兵器的整体|n. 投射出的长矛状物
shake	n. 摇动；颤抖|v. 使……来回晃动|v. 摇头表示拒绝|v. 使受到震动；使震惊|n. 抽动；痉挛；震颤|n. 奶昔|n. 漂浮饮料|n. 片刻；一会儿|n. 颤音|n. 歌唱颤音|n. 震动；冲击|v. 摇落；抖掉
shakiness	n. 震动, 颤抖, 动摇
shaky	adj. 摇晃的；颤抖的|adj. 紧张的；不安的|adj. 不稳固的；不可靠的|adj. 犹豫不定的；动摇的|adj. 有裂缝的；开裂的
shall	v. 第一人称将来|v. 征求意见或提出建议|v. 命令、保证或规定|v. 欠下
shallow	adj. 深度小|adj. 思想感情流于表面|adj. 向下延伸不远|adj. 内容单薄|adj. 思想不深刻|adj. 坡度不陡|n. 浅水处|v. 变浅；使变浅|adj. 音调不深|adj. 靠近球网|n. 红眼鱼|n. 小贩手推车
shallowness	n. 浅；肤浅
sham	adj. 虚假的；为欺骗而设的|n. 假货；冒牌物；骗局|v. 欺骗；蒙骗|adj. 冒牌的；不真实的|n. 欺骗；骗局手段|n. 假门面；可拆下的装饰外层|n. 装饰性枕套|v. 假装；模仿|n. 香槟（俚语）|v. 用欺诈强行塞入
shame	n. 羞耻感|n. 遗憾；可惜|n. 羞耻心；自制|v. 使感到羞耻|n. 耻辱；丢脸|n. 丢脸的人或事|v. 使蒙受耻辱|v. 公开指责；羞辱|v. 使因羞耻而被迫做某事|adj. 感到羞耻的|intj. 可耻！|intj. 真可怜
shampoo	n. 洗发水；清洁纤维的液体|v. 洗自己的头发|n. 一次清洗|v. 用洗发水清洗|n. 传统身体按摩|n. 香槟（俚语）|v. 揉按身体
shanghai	v. 强迫或骗走某人|v. 强行占用|n. 逐步淘汰的飞镖游戏|v. 以强迫或欺骗手段弄走|n. 上海鸡|n. 粗劣涂料|n. 花花公子|n. 弹弓|n. 小写形式|v. 用弹弓击中
shape	n. 状况；状态|n. 健康和体能状态|n. 形状；外轮廓|v. 塑形成形|v. 影响；塑造|n. 形式；构造|v. 使形成某种样子|n. 特殊截面金属材|n. 锻造毛坯|n. 模制甜点|n. 作弊骰子|n. 数据结构
shapiro	n. 夏皮罗（姓氏）
share	n. 一份；份额|v. 分享；分给|v. 共同拥有或使用|n. 股份|n. 网络共享资源|n. 社交媒体上的分享|v. 分配；分摊|v. 告诉；分享信息|v. 开放网络共享|n. 耻骨；胯部|n. 犁铧；农具切割刀片|v. 切开；劈开
shareholder	n. 股东
shareholding	adj. 持股的；与股权有关的|n. 持股；股份持有|n. 所持股份的规模或比例
shark	n. 鲨鱼|n. 剥削他人的无赖|n. 鲨鱼肉|n. 广义的鲨鱼状软骨鱼|n. 淡水鲨|n. 无良律师|n. 追逐事故受害者的律师|n. 竞争中紧追不放的人或团队|n. 某领域的高手|n. 非正式的领域高手|n. 装无能赢钱的人|n. 一种夜蛾
sharp	adj. 尖的；锋利的|adj. 聪明机敏的|adj. 突然而强烈的|n. 升号|adj. 升高半音的；带升号的|adj. 音高偏高的|adj. 味道辛烈的；酸涩刺激的|adj. 非法的；不诚实的|adj. 精于算计的；手段刁钻的|adj. 精确的；敏锐的|adj. 尖锐的；严厉的|adj. 穿着漂亮的；时髦的
sharpen	v. 使变锋利；使更尖锐|v. 变得锋利；变得更尖锐
sharply	adv. 尖锐地；陡然地|adv. 短促而用力地呼吸
shatter	v. 打碎成片|v. 彻底摧毁|v. 击垮精神|v. 碎裂|n. 碎片|n. 松针|n. 零星散落物|n. 浓缩大麻制品|v. 种子散落|v. 散撒|v. 猛然落下
shave	n. 剃毛发；一次剃毛|v. 剃掉毛发|v. 擦着表面掠过|v. 略微减少|n. 薄片；削屑|n. 险些躲过；千钧一发|v. 削薄；刮去表层|v. 刮脸；剃自己的毛发|v. 切成薄片|n. 高额折价|n. 延期或变更交易的加价|n. 木工刨削工具
shaver	n. 剃须工具|n. 小男孩；小家伙|n. 剃须的人|n. 剃须师|n. 敲诈者|n. 掠夺者
she	pron. 她；它（指雌性动物）|n. 女性|pron. 她（指船）|pron. 她（指国家或地方）|pron. 她（指物品或机器）|det. 方言中的 her|n. 标准氢电极缩写|n. 超重元素缩写|n. 安全、健康与环境缩写|n. 畲族|n. 畲语|pron. 泛指性别未知的人
shear	n. 剪切工具|v. 剪掉羊毛|n. 剪羊毛；剪下的毛|v. 剪头发|v. 剪切、割断|v. 因受力而断开|v. 剥夺财物|adj. sheer的误写|n. 金属板剪切机|n. 剪切力|n. 风切变现象|n. 一次风切变
shed	n. 棚屋；简易建筑|v. 摆脱；脱去；脱落|v. 散发；照亮；阐明|n. 织布梭道|n. 破旧汽车|v. 分开；分割|v. 流下；流出|n. 分界线|n. 头发分缝|n. 头顶|n. 划分出的土地|n. 大型临时货棚
sheep	n. 羊；绵羊属动物|n. 胆小而盲从的人|n. 家羊；家养绵羊|n. 羊皮革|n. 宗教团体成员|n. 容易被语音识别系统识别的人
sheer	adj. 纯粹的；十足的|adj. 数量或程度之大的|adj. 轻薄透光的|adj. 陡峭的；近乎垂直的|n. 薄纱；透光窗帘|adj. 纯的；未掺杂的|adv. 彻底地；一下子|n. 甲板纵向弧度|n. 船只突然偏航|v. 偏离航向|v. shear 的古旧拼写
sheet	n. 床单|n. 纸张|n. 薄片或薄层材料|v. 铺上或包上|n. 烤盘|n. 大片覆盖面|n. 大片；一阵阵铺开的东西|n. 帆索|n. 暴雨形成的雨幕|n. shit 的委婉说法|v. 制成薄片|v. 倾盆而下
sheldon	n. 谢尔登（男子名）
shelf	n. 搁板；架子|n. 一架所能容纳的量|n. 突出的平台；台状边缘|n. 代码暂存区|n. 礁；沙洲；浅滩
shell	n. 动物的硬外壳|n. 命令界面|v. 剥去外壳|v. 掏钱；付出|n. 广义的动物外壳|n. 蛋壳|n. 洋葱外层|n. 植物种子的硬壳|n. 未填充的外部结构|n. 外在形式|n. 空壳般的状态|n. 封闭心理
shelter	n. 避难处；遮蔽物|n. 保护性遮蔽物；庇护|v. 保护；掩护|v. 躲避；避雨|n. 有遮挡的空间|n. 动物收容所|n. 受保护状态；庇护
shelve	vt. 放置架子上, 搁置|vi. 渐渐倾斜
shepherd	n. 牧羊人|n. 照看和引导者|v. 看护、引导|n. 牧师、宗教上的带领者|n. 德国牧羊犬|n. 乡村情人|v. 阻挡对手接近球
sheryl	n. 谢乐尔（名, 等于Shirley）
shield	n. 盾牌；防护物|n. 保护；庇护|v. 保护；遮挡|n. 盾形徽章；盾形标志|n. 车辆防撞部件|v. 躲避；使自己受到保护|n. 盾形物；盾形称呼|n. 盾形物的旧称|n. 警徽|n. 地盾|n. 厕所；简易厕所|v. 隔绝影响；屏蔽
shift	n. 变化；转变|n. 轮班；一班工作时间|n. Shift键|v. 改变方式或状态|n. 开始行动；一动|n. 宽松直身连衣裙|n. 汽车换挡装置|n. Shift键的另一拼写|v. 移动或重新分配|v. 改变位置|v. 换挡|v. 切换键盘输入模式
shilling	n. 旧英国先令|n. 东非先令|v. 正在吹捧宣传|n. 美国历史货币|n. 西班牙里亚尔
shin	n. 小腿前侧|v. 抱住物体用手脚攀爬|v. 用小腿撞击|n. 铁路接缝板|n. 闪米特字母的第二十一个字母|v. 急忙借钱周转
shine	n. 光亮|n. 反光；光泽|v. 发光；闪耀|v. 反射光线|v. 表现出色|n. 光彩；出色|n. 鞋油服务；擦鞋|n. 阳光|n. 好感；喜欢|v. 显得光彩照人|v. 脱颖而出|v. 显而易见
shiner	n. 出色的人, 发亮物, 发光体, (英)(非正式)钱币, (英)(非正式)金钱
ship	n. 船|v. 寄送；发货|v. 发布；上市|n. 泛指飞行或太空载具|n. 宇宙飞船|n. 粉丝配对|v. 用船运送|v. 转给；传给|v. 交易球员|v. 支持角色配对|n. 生命游戏中的一种图案|n. 多桅方帆船
shipbuilding	n. 造船；造船业|n. 一艘船的建造工程
shipload	n. 船货, 大量
shipment	n. 一批运输中的货物|n. 货物运输这一行为
shipper	n. 发货方；寄件人|n. 运输包装箱|n. 船员；水手|n. 关系配对支持者
shipwreck	n. 失事的船；沉船残骸|n. 船只失事|v. 使船失事|n. 彻底失败；毁灭
shirt	n. 衬衫；上衣|n. 熔炉内衬|n. 穿上衣的一队|v. 给……穿上；覆盖
shiver	n. 一阵发抖|v. 发抖；颤抖|n. 寒冷引起的发抖|n. 碎片；碎屑|v. 打碎；碎裂|n. 碎片|n. 薄片；薄切片|n. 蓝板岩的一种|n. 滑轮小轮|n. 小楔子|n. 纺锤|n. 一群鲨鱼
shock	adj. 令人震惊的|n. 强烈撞击|n. 心理冲击|v. 使震惊|n. 车辆减震器|n. 一簇；一蓬|v. 使触电|n. 方程解中的突跃|n. 泳池强化处理剂|n. 成排晾晒的禾捆|n. 六十件的一批|n. 长毛小狗
shoe	n. 鞋|v. 穿鞋|n. 马蹄铁|n. 牌靴|n. 鞋状部件|n. 轮胎外套|v. 给……穿鞋或钉蹄铁|v. 包上保护层|n. 鞋形金属块|n. 轮胎|n. 假护照
shoe-polish	鞋油
shoestring	n. 鞋带, 小额资本
shoot	n. 植物新芽|n. 摄影活动|v. 发射；射击|v. 猛增；迅速超过|intj. 轻微惊讶或懊恼|n. 狩猎或射击活动|v. 朝……射击|v. 投射；出手|v. 请说；问吧|v. 否决；扼杀|v. 拍摄|v. 快速冲过
shop	n. 商店；店铺|v. 逛店购物|n. 工作间；制作场所|n. 修车厂|n. 工作场所；工作部门|n. 业务或专业话题|n. 职业技能课|n. 理发店；美容店|n. 一次购物；日常采购|n. 买回来的东西|v. 在线浏览或购买|v. 修图；数字编辑
shopkeeper	n. 店主；零售商
shopper	n. 购物者|n. 地方购物广告报纸|n. 购物用短途自行车|n. 塑料购物袋
shore	n. 水边的陆地|v. 支持；加固|n. 岸上，陆地一侧|n. 支撑物；撑杆|v. 用支撑物托住|adv. sure 的旧式拼写|n. 下水道|v. 到达岸边|v. 送上岸|v. shear 的过去式|v. 威胁；警告|v. 预示要下雨
short	adj. 长度短|adj. 时间短|adj. 简短生硬的|adj. 数量不足的|adj. 身材矮|adj. 缩写的|adj. 缺少供给的|adj. 不足以达到标准的|adj. 做空的|adj. 怀疑的|adv. 突然停止；简短地|adv. 猝不及防地
short-lived	adj. 短命的；持续不久的|adj. 半衰期短的
short-sighted	adj. 近视的；看不清远处的|adj. 短视的；缺乏远见的
short-term	adj. 近期的；眼前的|adv. 短期内|adj. 短期的；持续时间短的
short-termism	n. 短期效益主义（只注重眼前利益）
shortage	n. 短缺；不足
shortcoming	n. 缺点, 短处
shortcut	n. 捷径；近路|n. 简便办法；省略步骤的方法|v. 走捷径；抄近路|n. 快捷方式|n. 快捷键
shorten	v. 使变短；缩短|v. 变短|v. 减少；缩减|v. 使缺少；剥夺|v. 使酥松|v. 使变得松脆易碎|v. 收紧绳子的松弛部分|v. 收帆|v. 给婴儿换短衣
shortfall	n. 未达标；不足|n. 差额；缺口
shorthand	n. 速记法|v. 用速记记录|n. 简略说法|v. 简化表达|v. 写速记
shortlist	v. 列入候选短名单
shortly	adv. 不久；很快|adv. 简短地；用很少的话|adv. 很快地；短时间内|adv. 简短而生硬地；不耐烦地
shortness	n. 短小；短暂|n. 简短；简洁|n. 短小所形成的部分或结果
shortsighted	a. 近视的, 目光短浅的, 缺乏想像力的
shot	n. 射击；射出的子弹|n. 机会；尝试|n. 照片；镜头|n. 注射；疫苗|adj. 疲惫的|adj. 损坏的|n. 投篮；射门|n. 铅球|n. 铅球运动|n. 散弹；金属弹丸|n. 射手；枪法|n. 挖苦；抨击
should	v. 应该；最好|v. 按预期应该|v. 建议去做|v. 正式假设或条件|v. 第一人称的 would|v. 说按道理应当如此|n. 本来应该如此的事|v. shall 的过去式|v. 第一人称的正式 would|v. 第一人称表示会做某事|v. 反复用 should 劝人
shoulda	v. 本来应该
shoulder	n. 肩膀|n. 路肩|v. 承担负担|v. 承担责任或过错|n. 类似肩膀的突出部|n. 颈部与身体之间的部分|n. 支撑；依靠|n. 淡季与旺季之间的时期|v. 用肩推|v. 仗势排挤|v. 扛在肩上|v. 靠在肩上
shout	n. 喊声；呼喊|v. 大声喊叫|v. 喊出；大声说出|n. 请客的一轮饮料|n. 紧急出勤任务|n. 公开致意；点名|n. 建议；主意|v. 以喊声吸引注意|v. 请客；替别人付款|v. 用全大写发消息|n. 平底船；驳船|v. 用喧嚣声对待
shove	n. 用力一推|v. 用力推|n. 全押|v. 推着离开；出发|v. 全押|v. 匆忙塞入|n. 河冰向前挤动|v. 兜售假钞|v. shave 的过去式
show	n. 演出；娱乐节目|v. 展示；给人看|v. 表明；证明|v. 显现；看得见|n. 展览|n. 广播或电视节目|n. 电影|n. 农业展览会|n. 项目；展示|n. 展示；示范|n. 排场；表面功夫|n. 外表；表象
showcase	n. 展示柜|n. 展示平台；亮相机会|v. 突出展示
shower	n. 阵雨；短时降水|n. 淋浴设备|n. 淋浴；洗澡|v. 洗淋浴|n. 大量洒落的一阵|n. 送礼聚会|n. 一群无能的人|v. 喷洒|v. 大量给予|v. 成阵落下；倾泻|n. 杂耍中的一种传递动作|n. 战斗；攻击
showroom	n. 商品展厅|v. 实体店看、网上买|n. 展览或演出场所
shrewd	adj. 精明能干的|adj. 狡黠的；会算计的|adj. 老练机灵的|adj. 聪明敏锐的|adj. 相当准确的|adj. 猛烈的；强烈的|adj. 尖锐刺人的|adj. 邪恶的；不祥的|adj. 预示征兆的|adj. 有害的；会惹祸的|adj. 爱骂人的；泼辣刻薄的|adj. 尖刻讽刺的
shrink	n. 收缩；缩水|v. 使变小；使缩水|v. 变小；收缩|v. 畏缩；瑟缩|n. 心理治疗师|n. 库存损耗|v. 因害怕或厌恶而躲开|v. 缩回；收回|v. 退避；退出
shrinkage	n. 缩水；缩减|n. （俚语）男性生殖器暂时缩小
shroud	n. 裹尸布|n. 遮蔽物；笼罩物|v. 覆盖；包裹|v. 遮掩；使神秘莫测|n. 覆盖物；衣物|n. 船桅支索|v. 躲藏；栖身|n. 隐蔽处；藏身处|n. 水轮侧板|n. 火箭整流罩|n. 树冠；枝叶|v. 砍去树枝
shrub	n. 灌木|n. 酸甜果味饮品|n. 受母语影响的误发音|v. 修剪；截短|v. 种成或修剪成灌木|v. 制作或饮用果味饮品|v. 把外语词读错
shrug	n. 耸肩动作|v. 耸肩表示态度|n. 短款针织外套
shut	adj. 关着的；闭合的|v. 关上；关闭|adj. 处于关闭状态|adj. 封闭的；闭合的|n. 关闭；关上的时刻|n. 门、盖子或遮板|v. 关门；停止营业|v. 关闭文件或系统|v. 夹住；夹伤|v. 把……关在里面|v. 把自己隔绝起来|v. 挡在外面；排除
shutter	n. 窗户挡板|n. 相机快门|v. 关上挡板|n. 其他封闭装置|v. 关闭建筑物|v. 终止项目|n. 关闭者|v. 大雨倾注
shuttle	n. 织布梭子|n. 往返接送服务|v. 在两地之间往返|n. 往返交通工具|n. 羽毛球|v. 用接驳服务运送|n. 缝纫机梭|n. 往返移动的物件|n. 熔融金属通道闸板
shy	adj. 容易受惊；胆小|adj. 拘谨；不愿与人亲近|v. 避开；躲着不做|v. 受惊跳开|adj. 谨慎；有所戒备|adj. 少于；差一点|adj. 感到难为情|n. 突然躲闪|adj. 不愿透露投票意向的|n. 投掷；甩出|n. 投掷游戏场所|n. 伊顿墙球中的得分
sibling	n. 兄弟姐妹|n. 同一父节点下的节点|n. 近缘物种
sichel	[人名] 西奇尔
sick	adj. 生病的|adj. 恶心想吐的|adj. 厌烦的|adj. 心理不正常的|adj. 令人反感的|adj. 很棒的|adj. 状况很差的|n. 呕吐物|n. 病假福利|v. 呕吐|adj. 产量不足的|v. 病倒
side	n. 一半；一侧|n. 某个位置；某一边|n. 方面；一面|v. 支持一方|adj. 侧面的；横向的|adj. 间接的；附带的|n. 几何图形的边|n. 立体物的面|n. 身体侧部|n. 纸张的一面|n. 比赛中的一方|n. 体育队伍
sideways	adj. 向一侧的|adj. 侧着摆放的|adv. 侧着|adv. 向一侧|adj. 横向停滞的|adj. 与人闹矛盾的|adv. 斜着看|adv. 横向停滞地|adv. 偏离计划而变糟
siege	n. 围攻；围城|n. 持续的猛烈进攻；围攻式压力|v. 围攻；围困|n. 围攻行动（美国英语）|n. 座位（历史用法）|n. 座位|n. 厕所；简易厕所
sift	n. 筛分；筛选|v. 筛；过滤|v. 筛开；分散|v. 仔细查阅；筛查|v. 仔细审查|v. 在内存中上移数据记录
sigh	intj. 唉；（文字中的）叹气|n. 叹气；叹息|v. 叹气|n. 悲叹；哀叹|v. 悲叹；哀伤|v. 为……叹息；哀悼|v. 叹着气说出|n. 无聊的人|v. 发出类似叹气的声音|v. 叹息着呼出
sight	n. 视力；视觉能力|n. 看见；视野|v. 看见；发现|n. 所看见的东西|n. 景象；景点|n. 瞄准器|n. 看法；判断|v. 安装或调节瞄准器|v. 用瞄准器瞄准|n. 瞄准孔；观察孔|n. 很多；大量|n. 画面框内的部分
sighted	adj. 有视力的；非盲的|adj. 带有特定瞄具的
sightsee	vt. 游览；观光
sightseeing	n. 观光；游览|v. 正在游览；游览这件事
sightseer	n. 观光客
sign	n. 迹象；征兆|n. 符号；标记|n. 招牌；告示牌|v. 签名；签署|v. 打手势示意|n. 星座；星象属相|n. 正负号；符号方向|n. 手势；手语中的词|n. 手语|n. 有意义的语言单位|v. 签名|v. 用手势表示
sign-on	n. 登录凭据|n. 登录尝试|n. 加入或签署|n. 加入者|n. 固定开场问候语|n. 签约奖金
sign-up	n. 报名；注册
signal	n. 提示行动的信号|n. 手机或无线电信号|n. 迹象；预兆|v. 发信号表示；示意|adj. 显著的；出众的|n. 编码信息的信号|n. 传递信息的变化|n. 发出提示的装置或灯号|n. 传达信息的行为或变化|n. 有用信息|v. 向人或系统发信号|n. 进程间通知信号
signature	adj. 标志性的；最具代表性的|n. 签名；署名|n. 标志性特色；招牌产品|n. 签署；签名这一行为|n. 音乐记号|n. 邮件签名档|n. 处方用药说明部分|n. 印刷折页|n. 识别模式；方法签名|n. 数字签名|n. 象征性标记|n. 二次型符号组
significance	n. 重要性；影响力|n. 含义；意义
significant	adj. 有意义的；传达信息的|adj. 重要的；影响明显的|adj. 相当大的；数量可观的|adj. 含有隐含意义的|adj. 具有统计显著性的|adj. 有效数字的；有效位的|n. 符号；标志；象征物
significantly	adv. 显著地；明显地
signify	v. 赋予意义或重要性|v. 表示或预示|v. 意味着或代表|v. 要紧；有影响|v. 把事物变成符号
signpost	n. 招牌柱, 广告柱, 路标
silence	intj. 安静！|n. 寂静；无声|n. 沉默；不发言|v. 使安静；让……不出声|n. 祈祷或冥想中的静默|v. 压制表达|v. 压制批评|v. 阻断基因表达|v. 杀害（委婉说法）
silent	adj. 寂静无声|adj. 不说话的|adj. 静音的|adj. 静止而平静的|adj. 不发音的|adj. 不显眼的；暗中的|adj. 无症状而未被发现的|n. 无声电影|adj. 不起作用的|adj. 没有音频功能的|adj. 未明说的；未注明的|adj. 不改变结果的
silently	adv. 无声地；悄无声息地|adv. 未说明地；悄悄改动地
silicon	n. 硅这种元素|n. 计算机芯片材料或芯片|n. 计算机处理器|n. 芯片的简称|n. 一个硅原子
silk	n. 蚕丝等天然细纤维|n. 丝绸布料|n. 丝状物或类似丝的部分|n. 高级法律顾问穿的法袍|n. 高级法律顾问|n. 空中表演用的悬挂丝带|n. 赛马骑师展示马主颜色的服装|v. 去掉玉米须
silliness	n. 傻气；胡闹|n. 一件傻事
silly	adj. 愚蠢而可笑的|adj. 愚蠢的、傻气的|adj. 荒唐得可笑的|adv. 傻里傻气地|n. 傻瓜|n. 傻瓜（称呼）|n. 小错误|adj. 受祝福的|adj. 令人怜悯的|adj. 令人怜悯的|adj. 令人怜悯的|adj. 简单的、朴素的
silt	n. 淤泥；粉砂|v. 使淤泥堵塞|n. 类似的细颗粒沉积物|v. 发生淤积；被淤泥堵住|n. 粉砂颗粒|v. 渗流；渗入裂隙
silver	adj. 银制的|adj. 银白色的|n. 银|adj. 二十五周年的|adj. 次于金牌但仍属高等级的|adj. 声音清亮柔和的|n. 银币或银钱|n. 银餐具|n. 银制品或白色金属制品|n. 银白色|n. 银牌|v. 变成银白色
similar	adj. 相似的；相近的|adj. 相似的（几何）|n. 相似物；相似者|adj. 矩阵相似的|n. 类似症状的物质
similarity	n. 外表或形式上的相似|n. 共同性质或相似关系|n. 几何相似变换|n. 矩阵相似性
similarly	adv. 以相似的方式|adv. 同样地；类似地
simmer	v. 慢慢煮|v. 把某物慢慢煮|n. 慢煮状态|v. 怒气逐渐积聚|v. 把怨气憋在心里|v. 想法逐渐形成|n. 模拟游戏玩家|n. 游戏系列爱好者
simple	adj. 不复杂的|adj. 容易的|adj. 朴素的|adj. 单纯坦率的|adj. 普通的；没有特殊身份的|adj. 头脑不灵活的|n. 单方草药|adj. 微不足道的|adj. 结构简单的（科学）|adj. 结构简单的（数学）|adj. 模论中结构简单的|adj. 环论中结构简单的
simplicity	n. 简单；简洁|n. 愚蠢的行为；过错
simplification	n. 简化；简化后的版本|n. 有效的简单论证
simplify	v. 简化；使更易理解|v. 变得简单
simply	adv. 简单地；单独地|adv. 仅仅；只是|adv. 直白地；朴素地|adv. 非常；完全|adv. 坦率地说|adv. 愚蠢地
simulate	v. 模拟；仿真|adj. 虚假的；假装的
simulation	n. 模拟模型；仿真环境|n. 模拟过程；仿真活动|n. 模拟类电子游戏|n. 假装；虚假的表现|n. 假摔骗犯规
simultaneous	adj. 同时发生的|adj. 需同时求解的
simultaneously	adv. 同时地
sin	n. 宗教上的罪|n. 过错；坏事|v. 犯罪；作恶|n. 罪恶；罪性|n. 缺点；错误|n. 体育禁赛区|n. 社会保险号码|n. 赎罪祭；赎罪牺牲|n. 罪恶的化身；恶人|n. 希伯来字母|n. 阿拉伯字母
since	adv. 从那以后|prep. 自……以来
sincere	adj. 真诚的；发自内心的|adj. 真心实意的；诚恳的|adj. 纯净的；无杂质的
sing	n. 唱歌；唱一会儿|v. 唱歌|v. 演唱声乐部分|v. 唱出；用歌声表达|v. 用歌声哄睡|v. 鸟鸣唱|v. 受审时招供|v. 发出尖细声|v. 显得出色；更有味道|v. 鸟鸣唱（文学用法）|v. 以诗歌吟咏；歌颂|v. 适合演唱；唱出来效果好
single	adj. 单独的；唯一的|adj. 单身的；没有伴侣的|n. 单身者|v. 单独挑出|adj. 未分开的；连成一体的|adj. 供一人使用的|adj. 单人进行的；一对一的|adj. 单瓣的|adj. 纯的；未混合的|n. 单曲唱片|n. 单曲|n. 一分；一分得分
single-mindedness	n. 专心致志
single-use	adj. 一次性的
singular	adj. 单独的；个别的|adj. 独一无二的；独特的|adj. 单数的|n. 单数形式|adj. 卓越的；非凡的|adj. 反常的；奇怪的|n. 个别实例；具体对象|adj. 不可逆的|adj. 行列式为零的|adj. 不等于自身共终性基数的|adj. 各自的；每一个的|adj. 单独进行的
sinister	adj. 邪恶的；暗藏危险的|adj. 不祥的；不吉利的|adj. 左侧的|adj. 纹章上的左侧|adj. 不正当的；乖僻欺诈的
sink	n. 水槽|n. 排水口|v. 下沉；沉入|v. 减弱；低落|n. 散热器|n. 资源或能量汇|v. 使下沉；击沉|v. 损害；降低|v. 堕落到；降到很低|v. 大量喝酒|v. 投入大量金钱|v. 陷入困境；力量衰竭
sip	n. 一小口|v. 小口喝|n. 小口慢饮的聚会|v. 喝一小口|v. 品尝或啜饮|v. 慢慢消耗|n. 单主题出版物|v. 渗出
sir	n. 对成年男性的礼貌称呼|n. 身份较高的男性|n. 对有地位男性的尊称|n. 对上级或有头衔男性的称呼|n. sir的大小写形式|n. 骑士或男爵的称号|adj. 易感—感染—移除模型缩写|n. 姓名前的尊称|n. 表面绝缘电阻缩写|n. 静默信息调节因子缩写|v. 用sir称呼
siren	n. 海妖|n. 警报器；警报声|adj. 海妖般的；诱人的|n. 迷人的歌者|n. 危险的诱惑者|v. 发出警报声|v. 开着警报器驾驶|n. 海牛目动物|n. 水螈属动物|n. 蝴蝶|n. 管弦乐器中的警笛乐器|n. 声学实验仪器
sister	n. 姐妹|n. 姐妹般的女性；同一群体中的女性|n. 修女；宗教团体中的女性成员|n. 资深护士（英国用法）|n. 对女性的非正式称呼|n. 宗教或组织中的女性同伴|n. 有亲密或对应关系的|n. 共享同一父节点的节点|n. 同类的；相对应的|n. 对修女的尊称|n. 共同体中的女性同志或尊称|v. 在旁边加梁加固
sit	v. 坐着|v. 坐下|v. 处在某个位置|n. 坐下；静坐|n. 情况（缩写）|v. 停留；处于状态|v. 担任成员|v. 开庭；开会审理|v. 压在心头|v. 合身；贴合|v. 被接受；行得通|v. 让……坐下
site	n. 事物所在的地点|n. 选定的场地|n. 网站|v. 为项目选址|n. 计算机系统中的站点或节点|n. 生物分子的反应部位|n. 手术部位|n. 物体的姿态或位置|n. 带拓扑的范畴
sitter	n. 肖像模特|n. 照看者|n. 轻松的得分机会|n. 降神会参与者|n. 抱窝母鸡
sitting-room	n. 起居室
situate	vt. 使位于, 使处于
situated	adj. 位于；坐落于|adj. 经济条件优越|adj. 嵌入特定文化或社会背景
situation	n. 处境；局面|n. 麻烦局面；棘手问题|n. 环境位置；坐落条件|n. 地点；所在位置|n. 身份；地位|n. 工作；职位|n. 园艺中的安置位置|n. 适合种植的位置|n. 电影院|n. 穿搭造型
six	n. 六个组成的一组|n. 数字或数字符号 6|num. 六|n. 六点牌|n. 六点钟|n. 身后；后方|n. 板球中的六分球|n. 美式橄榄球中的达阵|n. 厕所|n. 六先令一桶的小麦啤酒
sixteen	num. 十六
sixth	adj. 第六的|n. 第六位的人或物|n. 六分之一|n. 六度|v. 除以六
sixty	num. 六十|n. 六十秒广告
sizable	adj. 相当大的；颇为可观的
size	n. 大小；规模|n. 尺码；规格|v. 估量大小|n. 图的边数|n. 画布底胶|n. 墙纸胶|v. 调整尺寸|v. 按大小分类|v. 给表面上底胶|n. 地位；才干|n. 珍珠量具|n. 辣肉酱汉堡
skate	n. 滑冰鞋|v. 滑行；滑冰|adj. 滑行技术的|n. 冰鞋的简称|n. 轮滑鞋的简称|n. 滑板活动|n. 滑冰或轮滑活动|n. 鳐鱼|v. 玩滑板|v. 采用滑行技术|v. 侥幸逃过惩罚|v. 顺畅地移动
skeleton	n. 骨骼|n. 基本框架|n. 骷髅形象|n. 瘦得只剩皮包骨|n. 建筑骨架|n. 最低限度的配置|n. 丑闻或见不得人的秘密|n. 俯卧式冰橇运动|n. 远程调用服务端辅助程序|n. 多面体的棱与顶点结构|n. 细线体字体|n. 叶脉网络
skeptic	adj. 持怀疑态度的|n. 怀疑者|n. 宗教怀疑者
skeptical	adj. 持怀疑态度的|adj. 哲学怀疑论的
skepticism	n. 怀疑精神；怀疑主义|n. 质疑和不确定的态度|n. 关于绝对知识不可能的哲学立场|n. 以观察和逻辑检验知识的方法|n. 对宗教教义的怀疑
sketch	adj. 可疑；不靠谱|n. 速写；草图|n. 草案；粗略计划|v. 画速写；画草图|v. 简要描述；概述|n. 简要概述|n. 短小喜剧片段|n. 有趣的人|n. 望风；警戒|n. 政治讽刺短评|n. 数学结构规范
ski	n. 滑雪板；滑具|v. 滑雪；用滑雪板滑行|n. 滑雪；滑雪旅行|v. 滑过某地或某坡面|n. 飞机滑橇
skilful	adj. 熟练的；有技巧的
skill	n. 技能；技巧；能力|v. 用点数兑换技能|adj. 很棒的|n. 判断；分辨力|n. 知识；理解|n. 施展本领；巧办法|v. 分开；分离|v. 辨认；懂得如何做|v. 知道；理解|v. 理解；辨别|v. 熟悉；精通|v. 有关系；要紧
skilled	adj. 熟练的；有技能的|adj. 需要专门技能的
skillful	adj. 有技巧的；熟练的|adj. 需要技巧的
skillfully	adv. 熟练地；巧妙地
skim	v. 贴面滑行|v. 快速略读|v. 撇去液面浮物|adj. 低脂的|n. 略读|n. 低脂牛奶|v. 掠过表面|v. 粗略浏览|v. 使物体在水面弹跳|v. 反弹着前进|v. 刮去表层|v. 撇取奶油
skin	n. 皮肤|n. 果皮|v. 擦伤皮肤|n. 动物皮|n. 液面薄膜|n. 软件外观主题|n. 游戏角色外观|v. 剥皮|v. 更换软件外观|v. 长出新皮|v. 覆盖表面|n. 卷烟纸
skin-deep	adj. 肤浅的；停留在表面的
skinner	n. 剥皮的人|n. 剥皮刀|n. 剥皮机|n. 兽皮商|n. 性犯罪者（俚语，贬义）|n. “剃光”式大胜（赌博俚语）
skint	a. 身无分文的, 穷光蛋的
skip	n. 跳跃动作|v. 单脚交替跳着走|v. 略过；遗漏|v. 不参加；缺席|n. 跳过；省略|n. 音程跳进|n. 躲藏者|n. 天波传播|n. 不值得听的歌曲|n. 大型垃圾箱|n. 船长；负责人|n. 对船长的称呼
skipper	n. 船长|n. 运动队队长|v. 担任船长或队长|n. 带队者|n. 逃课者|n. 跳跃者|n. 跳绳者|n. 弄蝶|n. 跃水鱼类|n. 轻率的年轻人|n. 奶酪蝇幼虫|n. 谷仓或棚屋
skirt	n. 裙子|n. 边缘；外围|v. 沿边缘构成边界|v. 沿边缘绕行|n. 裙装下摆|v. 回避；绕开|n. 衣物的松边饰|n. 衬裙|n. 对女性的贬称|n. 女性群体（性语境）|n. 与女性发生性关系|n. 动物的膈或腰腹部
skittish	a. 易惊的, 轻佻的, 三心二意的, 不可靠的, 羞怯的, 活泼的, 爱蹦跳的, 活跃的
skull	n. 头骨|n. 死亡的象征|v. 击打头部|n. 头脑；脑子|v. 把杯中剩余饮料一饮而尽|n. 熔融金属冷却形成的硬壳|n. 盔甲头盔的顶部|n. 浅底提梁篮|n. 学院负责人|n. 一群人（旧）|v. 把球击到顶部
sky	n. 天空|n. 某地或某时的天空|v. 悬空喝下|v. 轻松越过高度|v. 把球打得很高|v. 球飞得极高|n. 天堂|n. 天蓝色|n. 光线方向空间|n. 画廊高处的画|n. 云|n. 讨厌的人；敌人
skylight	n. 屋顶或天花板上的天窗|n. 大气散射形成的漫射天空辐射|n. 熔岩管顶部的观测孔|n. 可供潜水艇上浮的薄冰区
skyrocket	n. 火箭烟花|v. 猛然上升|v. 使猛增|n. 训斥|n. 口袋
skyscraper	n. 摩天大楼|n. 高耸之物|n. 桅顶小帆
slack	adj. 松弛的；不绷紧的|adj. 松懈的；不尽责的|adj. 清淡的；不活跃的|n. 松弛部分；松量|v. 偷懒；降低努力程度|adj. 松弱的；握不牢的|adj. 强度适中的；火力不旺的|adj. 剩余量；富余容量|adj. 宽松的；不严格的|n. 表面凹陷|n. 低洼小谷地|v. 使变松；放松强度
slacken	vt. 使松弛, 放松, 放慢|vi. 变松弛, 减弱, 松劲
slam	n. 猛烈撞击|n. 赛季大满贯|v. 砰地关上|v. 用力放下|n. 砰然关上的声音|n. 扣篮|n. 大满贯赛事中的一站|n. 批评或挖苦|n. 诗歌朗诵赛|n. 快速出牌游戏|n. 赢下全部墩数|v. 猛力击打
slant	adj. 倾斜的；斜的|n. 斜坡；倾斜|n. 观点；偏向|v. 使倾斜；倾斜|v. 使偏向；使有偏见|n. 斜面；斜线|n. 斜向移动；斜向路线|n. 煤层中的斜向开采路线|n. 斜线符号|n. 培养基中的斜面|n. 斜底画笔盘|n. 调色板上的斜底凹槽
slap	adj. 特别棒|n. 拍打；掌掴|v. 拍打；掌掴|v. 特别棒；很带劲|adv. 正好；恰恰|n. 啪的一声|v. 使……重重撞击|v. 拍打在……上|v. 随手放上；随便加上|v. 强行施加处罚|n. 拍弦贝斯的击打声|n. 化妆品
slaughter	n. 屠宰动物|n. 大规模屠杀|v. 屠宰动物|v. 大规模杀人|n. 惨败|v. 残酷地杀死|n. 大批毁坏|n. 一群鬣蜥
slave	n. 奴隶|n. 受某物支配的人|n. 像奴隶一样苦干的人|n. 卑屈、毫无尊严的人|n. 从属设备|n. Slavey的替代形式|v. 辛苦苦干|v. 使设备受控|n. 自愿服从的性关系角色|n. 性奴隶|n. Slav的过时形式|v. 奴役
slavery	n. 奴隶制|n. 被迫劳动|n. 受奴役状态|n. 受某物支配|adj. 满是口水的
sleep	n. 睡眠|v. 睡觉|n. 一次睡觉|n. 一夜|v. 容纳住宿|v. 不警觉；糊里糊涂|v. 委婉地表示死亡|v. 静止；闲置；搁置|v. 暂停等待|v. 使设备休眠|n. 眼角分泌物|n. 植物休眠
sleeper	n. 睡觉的人|n. 暂时不生效的事物|n. 潜伏者|n. 防止耳洞闭合的小耳环|n. 铁路卧铺车厢|n. 寝技压制|n. 后来走红的作品|n. 连脚睡衣|n. 沙塘鳢科鱼类|n. 护士鲨|n. 伪装成普通车的改装车|n. 镇静药
sleepy	adj. 困倦的；想睡的|adj. 显出困倦的|adj. 催眠的；使人犯困的|adj. 乏味迟缓的；懒散的|adj. 安静冷清的|n. 眼垢|n. 一种澳大利亚蜥蜴
sleeve	n. 袖子|n. 保护套；衬套|n. 唱片或光盘封套|n. 整条手臂的纹身|n. 小杯啤酒（加拿大不列颠哥伦比亚省）|n. 长筒包装|v. 装上袖子或套层|v. 藏在袖子里|n. 狭窄水道|n. 松散未捻的线|n. 电线连接套管
slender	adj. 细长的；纤细的|adj. 微薄的；不足的|adj. 颚化的|n. 朴实的乡绅
slice	n. 薄而宽的一片|n. 切下的薄片|v. 切成片|v. 用刃划切|n. 一部分；一份|n. 一角披萨|n. 咸味馅点心|n. 向右偏的曲线球|n. 烤盘切块甜点|n. 医学成像切片|n. 数组连续区段|v. 打出偏右球
slide	n. 滑梯|n. 演示文稿页面|v. 使沿表面滑动|v. 在表面上滑行|n. 供滑行的冰雪表面|n. 山体滑坡|n. 滑动部件|n. 滑动过程|n. 滑动拨杆|n. 拉链滑块|n. 投影胶片|n. 显微镜载玻片
slight	adj. 轻微的；少量的|n. 冷落；怠慢|v. 轻视；不把……当回事|v. 怠慢；冷落|adj. 纤细的；瘦削的|adj. 轻蔑的；怠慢的|adj. 少量的（旧式）|adj. 平整的；平滑的（地区用法）|adj. 平静的（多指水面）|adj. 愚蠢的（废旧义）|adj. 劣质的（废旧或地区用法）|n. 巧计（废旧义）
slightly	adv. 略微；稍微|adv. 体格纤细；身材单薄
slim	adj. 苗条的；纤细的|adj. 很小的；渺茫的|adj. 细长的；纤细的|n. 细长型香烟|v. 减重变瘦|v. 使变瘦；使变小|adj. 质量差的；不结实的|adj. 狡猾的；诡诈的|n. 爱尔兰土豆饼|n. 艾滋病或相关消瘦状态|n. 可卡因|n. 短线性基序的缩写
sling	n. 投石器|n. 伤臂吊带|v. 甩出；投掷|n. 婴儿背带|n. 吊装绳圈|n. 枪背带|n. 甩投；一击|v. 用投石器投|v. 套上吊装绳|v. 兜售；非法贩卖|n. 桅杆固定带|n. 攀岩用绳圈
slip	n. 滑倒；失足|n. 小错误；失误|v. 打滑；滑倒|v. 无意泄密|n. 衬裙|n. 吊带衬裙式连衣裙|n. 船只停泊位|n. 康复后的短暂复发|n. 板球近击手位置|n. 逃脱；摆脱|n. 外套；套子|n. 插条；幼枝
slippage	n. 滑移, 滑动, 滑程
slipper	n. 易穿脱的软鞋|n. 室内拖鞋|n. 人字拖|adj. 易滑的；不可靠的|n. 会滑倒的人或动物|n. 儿童围裙|n. 车轮制动块|n. 滑动部件的耐磨片|n. 用鞋底打屁股的体罚|n. 体罚用鞋|n. 拖鞋形便盆尿壶|v. 用鞋底打屁股
slippery	adj. 容易打滑的|adj. 难以捉摸的|adj. 变化不定的|adj. 站不稳的|adj. 道德放纵的
slipup	n. 错误, 疏忽, 不幸
slit	adj. 有狭长开口的|n. 狭缝；窄切口|v. 切开狭长开口|v. 沿长度切成条|v. 切断；分开|n. 女性外阴（粗俗俚语）|n. 淫荡的女人；妓女（粗俗侮辱语）
slogan	n. 口号；格言式标语|n. 广告宣传语|n. 战斗号召
slope	n. 斜坡|n. 倾斜度；坡度|v. 向上或向下倾斜|n. 直线的斜率|n. 曲线某点的切线斜率|n. 屋顶坡度|v. 使倾斜；使成斜面|v. 偷偷溜走|adj. 倾斜的|adv. 倾斜地|n. 针对东亚人的侮辱性称呼|v. 扛枪待命
slot	n. 狭槽；插口|n. 时间段；安排位置|v. 插入槽中|v. 安排进时段或顺序|n. 老虎机；老虎机游戏|n. 机场起降时段|n. 存储位置；存档位|v. 开槽；加工槽口|v. 放到合适位置|n. 动物踪迹|n. 冰缝；冰裂隙|n. 阴道
slow	adj. 速度慢的|adj. 进展缓慢的|adv. 慢慢地|v. 使变慢|v. 变慢|adj. 理解迟缓的|adj. 不急躁的|adj. 钟表走慢的|adj. 缺少活力的|adj. 不忙的|n. 慢节奏歌曲|v. 阻碍进展
slow-down	n. 减慢速度，怠工
slowdown	n. 减速；放缓
slowly	adv. 慢慢地；缓慢地
sludge	n. 泥渣；泥浆状沉积物|n. 工业或污水处理污泥|v. 懒散地塌下；弓着身子|n. 锅炉矿物沉积物|n. 水面浮冰碎片|n. 拖沓低效的制度负担|v. 缓慢滴流|n. sludge metal 的简称|n. 胆碱能中毒症状记忆词
sluggish	adj. 懒散的；无精打采的|adj. 缓慢的；行动迟缓的|adj. 不易自行运动的；惰性的|adj. 低迷的；增长缓慢的|adj. 迟钝的；愚钝的
slum	n. 贫民区；棚户区|v. 到贫困地区游逛|n. 廉价小奖品|n. 肉炖菜|n. 胡说；骗人的话|v. 不体面地闲逛
slump	n. 瘫塌；低迷状态|v. 无力地塌下|v. 活动或表现下滑|n. 低迷期|v. 姿势松垮下垂|v. 混乱地归并|n. 混凝土坍落度|n. 山坡土石下滑|n. 下滑形成的凹地|n. 沼泽地|n. 落入泥坑的声音|n. 总量；一大堆
sly	adj. 狡猾的；暗中使坏的|adv. 狡猾地；偷偷地|adj. 灵巧而不引人注意的|adj. 隐秘而微妙的|adj. 轻薄的；纤细的
small	adj. 小的；少量的|n. 小号规格|n. 小号商品|adj. 年幼的|adj. 小写的|adj. 气量小的；卑微的|adj. 短暂的|adj. 小规模的|adj. 小号的|adv. 用小字体地|n. 小号适用者|adj. 纤细的
small-scale	adj. 低数量级的|adj. 小规模的|adj. 按小比例绘制的
small-town	adj. 小城镇的；地方化的
smallpox	n. 天花
smart	adj. 聪明机灵|adj. 造成刺痛的|n. 刺痛|v. 感到刺痛|v. 使刺痛|adj. 有知识、学识好|adj. 智能的|adj. 衣着漂亮利落|adj. 自作聪明而尖刻的|adj. 尖锐的疼痛|adj. 符合SMART标准的|n. 精神痛苦
smartphone	n. 智能手机
smash	n. 猛烈撞击声；撞击|n. 大获成功的事物|v. 猛力打碎|v. 猛烈击打|v. 压倒性击败|n. 车祸；撞车|n. 猛烈扣杀|v. 被撞碎|v. 彻底毁掉|v. 压扁；压变形|n. 破产|n. 灾难；糟糕局面
smell	n. 气味|v. 闻到|v. 闻起来|n. 嗅觉|n. 可疑的迹象|v. 察觉到气味|v. 有某种气味|v. 显得可疑|v. 留意
smile	n. 笑容；微笑|v. 微笑；脸上带着笑容|v. 以微笑表达情感|n. 善意；眷顾|v. 用微笑表示|v. 显得明媚喜悦|v. 对……有利；眷顾|n. 请人喝一杯|v. 果实成熟裂开
smith	n. 铁匠|v. 锻造；加工成形|n. 制作或加工者|n. 艺术家（旧义）
smog	n. 烟雾；雾霾|v. 给车辆做尾气检查
smoke	n. 燃烧产生的烟|n. 一支香烟|v. 抽（烟）|v. 冒烟|n. 可供吸食的烟|n. 抽烟的一次|n. 虚幻或徒劳的东西|n. 掩饰或遮蔽|n. 麻烦或找茬|v. 抽烟|v. 用烟熏制|v. 用烟熏处理
smoker	n. 吸烟者|n. 吸烟车厢|n. 驱蜂烟熏器|n. 熏制食物的人或设备|n. 旧式男性吸烟聚会|n. 英国旧式演出聚会|n. 深海烟囱|n. 非法拳击赛|n. 二冲程发动机|n. 二冲程车辆|n. 快速球|n. 男性色情影片
smoking	adj. 冒烟的|n. 吸烟|v. smoke 的现在分词和动名词|n. 冒烟的过程|n. 吸食其他物质|n. 烟熏处理|adj. 性感迷人的|adj. 极其出色的|n. 嘲弄
smoky	adj. 烟雾弥漫的|adj. 冒烟的|adj. 烟熏味的|adj. 烟灰色的|adj. 被烟熏黑的|adj. 低沉沙哑的|adj. 朦胧性感的|adj. 低沉浑厚的|adj. 如烟的|adj. 冒蒸汽或散发气体的|adj. 虚幻而模糊的|adj. 可疑的
smooth	adj. 表面光滑|adj. 顺利的|adj. 流畅、不生硬|v. 使平整、抚平|v. 使事情顺利|adj. 圆滑而不真诚|adj. 温文圆熟的|adj. 自然连贯的|adj. 连贯不中断的|adj. 平静的|adj. 边缘平整的|adj. 质地细腻的
smoothly	adv. 平稳地；顺利地；流畅地
smuggle	v. 走私|v. 偷偷带入|v. 抚摸或拥抱|v. 熊抱式挥打
snack	n. 少量加餐|v. 吃点加餐|n. 正餐间的食物|n. 很有魅力的人|v. 在两餐之间吃东西|n. 一份；一部分|v. 抢夺|v. 咬|v. 分享
snake	n. 蛇|n. 阴险背叛的人|v. 蜿蜒前进|n. 通管道的疏通工具|n. 牵引电缆的工具|v. 用疏通器清理|n. 蛇形软糖|n. 阴茎俚语|n. 贝塞尔曲线序列|n. 雷诺曼牌第七张|n. 告密者|n. “隧道中的蛇”的简称
snap	n. 啪的一声；清脆断裂声|n. 快照；随手拍的照片|v. 突然断裂|v. 拍照|adj. 仓促的；突然的|intj. 我也是；真巧|intj. 同意|intj. 天哪；糟了|intj. 同时说中；巧了|n. 突然断裂|n. 突然抓取或攻击|n. 弹指声
snapshot	n. 随手拍的照片|n. 某时刻的概况|v. 给……拍快照|n. 系统快照|n. 快速、猝然的一脚或一击|v. 保存系统状态快照|n. 未瞄准的快速射击
snatch	n. 突然抓取|n. 短暂的一段时间|v. 迅速抓走|v. 仓促夺取|n. 抓举|n. 一小段声音|v. 突然伸手去抓|v. 偷走|v. 最后一刻夺得|v. 抽空匆忙做|n. 女性外阴（粗俗俚语）|n. 副翼快速抖振
sneak	adj. 提前公开前的|n. 偷偷摸摸的人|v. 偷偷走进或离开|v. 偷偷拿取|v. 偷偷带给某人|adj. 偷偷摸摸的|n. 偷偷行动|n. 骗子；耍手段的人|n. 告密者|n. 运动鞋|v. 告发；打小报告|n. 贴地滚出的球
sneaker	n. 运动鞋|n. 偷偷行动的人|n. 盛饮料的容器|n. 带盖的大杯|n. 低等级雄性
sneeze	n. 喷嚏|v. 打喷嚏|v. 像打喷嚏一样喷出|v. 喷出或弄出
sniff	n. 闻一下；吸鼻一下|v. 吸鼻；嗅闻|v. 模糊察觉|intj. 吸鼻声|n. 吸入的一点量|n. 一点感觉；一丝机会|v. 抽鼻子说；哼声说|v. 打探；探听|v. 对……不屑一顾|v. 抓取并分析网络数据包|n. 可吸食的可卡因|n. 小孩
snobbish	a. 自命不凡的, 势利的
snow	n. 雪；降雪；积雪|v. 下雪|n. 一场降雪|n. 雪状食物|v. 用话术把人弄糊涂|n. 雪白之物|n. 雪白的植物等|n. 诗意的雪状景象|n. 俚语中的雪状物|n. 旧俚语中的雪状物|n. 海洋雪|n. 俚语中的雪状物
snowstorm	n. 暴风雪|n. 玻璃雪球
so	adv. 到明确的程度|adv. 到暗示的程度|adv. 同样、也|pron. 就是那样|adj. 确实如此|adj. 是那样的|adv. 很、非常|adv. 非常地|adv. 非常（口语强调）|adv. 确实、的确|adv. 如此程度；只要|intj. 那么、好
so-called	adj. 被称为……的|adj. 所谓的；名不副实的
soa	n. 最先进水平|n. 面向服务的架构|n. 半导体光放大器|n. 安全工作区|n. DNS 起始授权记录|n. 账单明细|n. 刺激起始异步性|n. 面向搜索的架构|n. 超级输出区|n. 突然发生的攻击性行为|n. 数组结构
soak	n. 浸泡；泡澡|v. 浸泡；泡透|v. 浸泡某物|v. 渗入；浸透|n. 酗酒者|n. 痛饮；饮酒聚会|v. 吸收；吸进去|v. 狠狠索取；敲诈|n. 雨后积水洼地|v. 纵情饮酒|v. 加热金属|v. 窑内保温
soap	n. 肥皂|v. 用肥皂清洗|n. 清洁剂|n. 肥皂剧|n. SOAP病历记录|v. 用肥皂涂满|n. 贿赂钱|n. 减薄的砖|n. 硫喷妥钠|v. 避谈|v. 奉承讨好
soar	v. 高飞|v. 猛涨|n. 高飞动作|n. 向上飞行|v. 乘气流升空|v. 滑翔飞行|v. 精神高涨
sob	n. 抽泣声；哽咽声|v. 抽泣；啜泣|v. 抽泣着说|n. 呼吸急促的缩写|n. 拟声的抽泣声|n. 粗俗侮辱语的缩写|n. 机上人员总数的缩写|n. 最佳成绩总和的缩写|n. 营业开始时间的缩写|n. 业务份额的缩写|v. 浸泡；吸水
sober	adj. 清醒的；未醉的|adj. 未受娱乐性药物影响的|adj. 冷静克制的；严肃现实的|v. 使清醒；变得清醒|adj. 饮酒有节制的|adj. 素淡的；不鲜艳的|adj. 庄重的；沉肃的|v. 摆脱醉态或药物影响|v. 使冷静；使面对现实|adj. 贫乏的；微弱的
soc	n. 片上系统|n. 社会学；社会科学|n. 上流社会青年|n. 大学社团|n. 特种作战司令部|n. 关注点分离|n. 荷电状态|n. 照护标准|n. 领主司法管辖权|n. 磨粮专有特权|n. 标准播出提示
soccer	n. 足球运动|v. 用脚沿地面踢球
sociability	n. 社交活动, 好交际, 善于交际
sociable	adj. 爱交际的；合群的|adj. 适合交谈的|n. 善于交际的人|n. 社交聚会|adj. 可联合的|adj. 不再敌对的；友好的|n. 四轮面对面座位的敞篷车|n. 双人并排自行车或三轮车|n. 弧形靠背的长沙发
social	adj. 爱交际的|adj. 社会的；社会关系的|n. 社交聚会|adj. 社交媒体的|adj. 群居的；群体性生长的|n. 社交媒体|n. 社交账号或主页链接|adj. 盟国的；同盟关系的|n. 募款舞会|n. 社会保障|n. 社会安全号码|n. 公司或俱乐部晚宴舞会
social-science	n. 社会科学|社会科学学科
socialise	vt. 使社会化, 使社会主义化, 使适合社会需要|vi. (美)(非正式)参加社交活动, 发生社交往来
socialism	n. 社会主义思想|n. 马克思主义中的过渡阶段|n. 民主社会主义等现代流派|n. 泛指左翼政策
socially	adv. 善于社交地；合群地|adv. 在社交场合中；在社会交往方面
societal	adj. 社会的；社会层面的
society	n. 文化社会；社会群体|n. 整个社会；社会大众|n. 协会；社团|n. 社会关系总体|n. 上流社会|n. 共同目标团体
socio-economic	adj. 社会经济的
socioeconomic	a. 社会经济学的
sociologist	n. 社会学家
sociology	n. 社会学
sock	n. 袜子|v. 猛打|n. 动物腿上的白色斑块|n. 袜子傀儡账号|n. 麦克风防噪软套|n. 重重一拳|v. 用力扔出|adj. 极其成功的|intj. 砰的一拳|n. 古代演员穿的轻便鞋|n. 风向袋|n. 枪套
soda	n. 碳酸水；苏打水|n. 汽水；碳酸软饮料|n. 碳酸氢钠；小苏打|n. 一杯或一罐汽水|n. 碳酸钠|n. 化合态的钠|n. 远洋纸牌戏中弃掉的第一张牌
sofa	n. 沙发|n. 建筑中的铺垫高台|n. 马里帝国士兵|n. 部队地位协定|v. 配上沙发|v. 安置在沙发上
soft	adj. 柔软的|adj. 轻柔的；温和的|adj. 容易的；不费力的|n. 软饮料|adj. 柔韧而不粗糙的|adj. 轻声的|adj. 温柔和善的|adj. 轻缓的；轻松的|adj. 性格软弱的|adj. 柔和的；不强烈的|adj. 缓斜的|adj. 浊音的
soften	v. 使变软|v. 缓和严厉程度|v. 削弱士气或抵抗|v. 变软|v. 使辅音弱化|v. 使辅音腭化
softener	n. 软化剂, 硬水软化器
softly	adv. 轻柔地；轻轻地|adv. 轻声地；低声地|adv. 柔和朦胧地
software	n. 计算机软件|n. 战争或政治中的人员因素
soho	n. 小型或家庭办公室|n. 小型或家庭办公室|intj. 远处呼喊
soil	n. 植物用土|n. 地表土层|v. 弄脏|v. 变脏|n. 祖国土地|n. 污渍；污物|v. 玷污名誉|v. 弄脏自己|n. 受环境形成的土壤|n. 猎物躲藏的泥地|n. 粪肥、堆肥|n. 衣物上的排泄物
sojourner	n. 旅居的人, 逗留的人
solar	adj. 太阳的；与太阳有关的|adj. 按太阳运行计算的|adj. 由太阳产生或受太阳影响的|adj. 使用太阳能的|n. 太阳能|adj. 受太阳影响的人|adj. 太阳这颗恒星的|n. 中世纪大厅上方的阁楼
soldier	n. 士兵；陆军士兵|v. 坚持下去；继续苦干|n. 军人；军队成员|n. 入伍士兵；非军官|n. 卫兵|n. 救世军成员|n. 帮派低级打手|n. 长条蘸蛋吐司|n. 能坚持苦干的人|n. 白蚁兵蚁|n. 象棋中的卒或兵|v. 服兵役
sole	adj. 唯一的|n. 脚底|n. 鞋底|adj. 未婚或丧偶的|adj. 独一无二的|adj. 独立掌权的|n. 鳎鱼|n. 类似鳎鱼的比目鱼|n. 底部或承托面|v. 给鞋装底|n. 脚|n. 矿井底部
solely	adv. 仅仅；完全由……
solemn	adj. 庄重正式的|adj. 严肃沉重的|adj. 神圣庄严的|adj. 令人肃然起敬的|adj. 阴郁无欢的
solid	adj. 固体的|adj. 坚固的；不易动摇的|n. 固体|adj. 数量可观的|adj. 纯的；无空隙的|adj. 连续而密集的|adj. 很好的；可靠的|adj. 丰盛顶饱的|adj. 可信而有分量的|adj. 富裕的|adj. 健壮的；稳健的|adj. 连写的
solidarity	n. 团结一致；共同支持|n. 在困境中给予支持
solidly	adv. 坚定地；稳固地
solitary	adj. 孤独的；独自一人的|adj. 单独进行的|adj. 偏僻少有人到的|adj. 荒无人烟的|adj. 因无人而显得凄清的|adj. 唯一的；单个的|n. 独居者；隐士|n. 单独监禁|n. 独处；孤独状态|adj. 同类中单独存在的|n. 罗德里格斯渡渡鸟
solo	adj. 独自的；单独的|adv. 独自地；单独地|n. 独奏曲；独奏|v. 进行独奏|adj. 独奏的；单人表演的|n. 单人工作或表演|n. 单份浓缩咖啡|v. 独自完成；单独行动|v. 独立完成高难度动作|n. 单人轮流对抗的纸牌游戏|n. 盖尔式足球中的单人带球动作|v. 完成盖尔式足球中的单人带球动作
soluble	adj. 可溶的|adj. 可解决的；可解释的
solution	n. 溶液|n. 解决办法|n. 答案|n. 商业解决方案|n. 溶解|n. 债务清偿|n. 疾病危象|v. 用溶液处理
solve	v. 解决；解答|v. 侦破；查明|v. 求出未知数|v. 变形求解|n. 答案；解释|v. 松开；分离|v. 分解；溶解
some	det. 一些；某些|det. 一些；若干|det. 一些；一点|pron. 有些；有一些|pron. 一些；一部分|pron. 一些；一部分|adv. 大约；约有|det. 某个；某位|det. 相当多的|det. 大约；约有|det. 足足；竟有|det. 真是个了不起的……
somebody	n. 某个人|pron. 有人；某个人|n. 重要人物
someday	adv. 总有一天；以后某天
somehow	adv. 想办法；以某种不明方式
someone	n. 某个未点名的人|pron. 有人；某个人|n. 重要人物
something	pron. 某事；某物|adv. 有点；相当|adv. 很；非常（口语）|n. 说不清的东西|n. 忘了名称的东西|pron. 相当程度；颇有点|pron. 难以说清的特质|pron. 很不一般的人或事|adj. 说不清的某种特征|v. 做了叫不出名字的动作
sometime	adj. 曾经的；从前的|adv. 某个时候|adj. 偶尔担任的；间或出现的|adv. 有时|adv. 曾经；从前某时
sometimes	adv. 有时；偶尔|adj. 从前的|adv. 曾经；一度
somewhat	adv. 有点；在一定程度上|adv. 非常|n. 某种程度；一点东西|n. 重要人物；重要事物|pron. 某种东西；某件事
somewhere	adv. 在某处|adv. 到某处|adv. 大约在某个位置|n. 某个地方|n. 某地人
son	n. 儿子|n. 养子|n. 被视为儿子的后辈|n. 某种冲突环境塑造的人|n. 某地或环境的产物|n. 长者对男性的称呼|n. 朋友间的随意称呼|n. 古巴音乐|n. 后继文件或版本|n. 视上核缩写|phrase 正中目标|v. 生育儿子
sonar	n. 声呐探测技术|n. 声呐设备|n. 回声定位|n. 过时的声呐写法
sonata	n. 多乐章器乐作品
song	n. 歌曲|n. 音乐作品|n. 诗歌；韵文|n. 歌唱；歌唱艺术|n. 动物的鸣唱|n. 鸟的求偶或护域鸣唱|n. 极低价；便宜货|n. 笑柄
songbird	n. 燕雀, 歌鸟, 女歌手
soon	adj. 不久的；很快到的|adj. 即将……的|adv. 不久；很快|adv. 宁愿；乐意|adj. 早的|adv. 立即；马上|adv. 早；过早
soothe	v. 安抚；使平静|v. 安抚某人或局面|v. 缓解疼痛或痛苦|v. 缓和；减轻|v. 带来安慰或缓解|v. 讨好；哄劝|v. 使不那么刺眼或令人反感|v. 用附和或让步敷衍安抚|v. 证实；证明为真|v. 为某人的话作证|v. 附和；以让步取悦
sophisticate	n. 久经世故的人, 精于...之道的人|vt. 篡改, 曲解, 使变得世故, 掺合, 弄复杂|vi. 诡辩
sophisticated	adj. 见多识广的；老练世故的|adj. 精致高雅的；有文化品位的|adj. 复杂精密的|adj. 掺杂的；不纯的|adj. 被误导性改变含义的
sophomore	adj. 第二年的；第二阶段的|n. 二年级学生|adj. 幼稚而自以为是的|n. 三岁马
sore	adj. 疼痛的；酸痛的|n. 疼痛的伤口；溃疡|adj. 敏感的；易受刺激的|adj. 严重的；迫切的|adj. 恼怒的；生气的|n. 痛处；苦恼；难题|adj. 邪恶的；错误的|adv. 非常；极其|adv. 深深地；非常|n. 一岁以内的幼鹰|n. 四岁的雄鹿|n. 小型越野发动机（缩写）
sorrow	n. 悲伤；哀痛|v. 感到悲痛|n. 令人悲伤的事|v. 为……哀悼；遗憾
sorry	adj. 感到抱歉|adj. 为某人或某事难过|intj. 对不起；抱歉|intj. 不好意思|intj. 请再说一遍|adj. 糟糕、凄惨的|adj. 不中用、可鄙的|intj. 借过|intj. 纠正刚才的话|intj. 委婉地表示反对|n. 道歉|v. 感到同情或遗憾
sort	n. 种类；类型|v. 分类|v. 排序；排列|n. 某一类人|n. 分类；整理|n. 排序算法|v. 归类；归在一起|v. 处理；解决|n. 方式；样子|n. 身份；地位|n. 群体；一伙人|n. 漂亮女人
sought-after	adj. 抢手的；备受追捧的
soul	n. 人的灵魂|n. 事物的精神或精髓|n. 活力；生命力|n. 灵魂乐|n. 一个人|n. 一个生命；一条人命|n. 数学中的特殊子流形|v. 赋予灵魂或心智|v. 万灵节乞讨|v. 喂养；供养
soul-searching	adj. 深入自省的|n. 深入自省|v. 自省；正在自我反省
sound	adj. 健康的；安然无恙的|n. 声音|v. 发出声音|v. 听起来；给人印象|adj. 完好坚固的|adj. 合理可靠的|adj. 不错的；可以的|adj. 安静而深沉的|adj. 重重的；用力的|adj. 法律上有效的|adv. 安稳地；沉沉地|intj. 好；可以
soup	n. 汤；汤类食物|n. 一份或一种汤|n. 汤汁；汤这种食物|n. 混杂成汤状的东西|n. 麻烦处境|n. 混杂物（俚语）|n. 混杂物（美国俚语）|n. 混杂物（行话）|v. 给……吃汤或饭|v. 用显影液冲洗胶片|v. 靠供食布道|v. 扫
sour	adj. 酸的|adj. 变质发酸的|adj. 不友好的；阴沉的|n. 酸味|v. 使变酸|v. 变酸|v. 使扫兴或破坏|v. 变坏；失去兴趣|adj. 有馊味的|adj. 不利的；令人倒霉的|adj. 走调的；不和谐的|n. 威士忌酸酒
source	n. 来源；出处|n. 水源；源头|n. 消息来源；线人|v. 采购；取得|v. 查明出处；为引文找来源|n. 源代码|n. 源极|n. 源节点|n. 源对象；定义域
south	adj. 朝南的；向南的|adj. 南方的；南部的|adv. 向南|adv. 恶化；变糟|n. 南方；南向|n. 南部地区|adj. 来自南方的|adj. 南向车道的|adv. 向下|adv. 从南方吹来|n. 南极|adj. 教堂礼仪中的南侧
southeast	adj. 东南的；与东南有关的|adv. 向东南；朝东南方向|n. 东南方|adj. 朝东南的；向东南的|adj. 来自东南的
southern	adj. 南方的；向南的|adj. 南方地区的；南部特色的|adj. （风）从南方吹来的|adj. 某地区南部的；来自南部的|adj. 美国南部的；南部文化的|n. 南方人
southwest	adj. 西南的；西南部的|adv. 向西南；朝西南方向|n. 西南方；西南方向|adj. 朝向西南的|adj. 来自西南的
southwestern	adj. 西南的；西南部的
sovereign	adj. 主权的；行使统治权的|adj. 拥有最高权力的|n. 君主；国家统治者|adj. 卓越的；极好的|adj. 王室的；君主的|adj. 最重要的；至高的|n. 独立主权者|n. 英国金币|n. 君主这一头衔|n. 上帝；至高神|v. 统治|adj. 药效极强的
sovereignty	n. 主权；最高统治权|n. 国家或人民的自主决定权|n. 主权国家；受主权统治的政治实体
sow	n. 母猪|v. 播种|n. 雌熊|n. 雌性豚鼠|n. 工作说明书|v. 散布；传播|v. 撒满；播下|n. 金属浇道|n. 铸成的大金属块|n. 侮辱女性的俚语|n. 潮虫|n. 攻城掩护棚
soybean	n. 大豆植株|n. 大豆种子
space	n. 空间；空隙|n. 具体区域；场地|v. 使保持间距|v. 加空格；留出文字间隔|n. 一段时间|n. 数学空间|n. 领域；范围|v. 走神|n. 一段时间|v. 漫游；游荡|v. 将人抛入太空|v. 在太空中旅行
spacecraft	n. 太空飞行器
spaceship	n. 载人航天器|n. 会移动的固定模式|n. 三向比较运算符|n. 电脑（俚语）
spacious	adj. 宽敞的；不拥挤的|adj. 开阔的；范围大的
spade	n. 翻土铲|n. 黑桃|v. 用铲翻土|n. 鲸类处理刀具|n. 铲形接线端子|n. 种族侮辱语
spammer	n. 垃圾邮件制作者
span	n. 手掌宽度|v. 横跨|v. 延续并覆盖一段时间|n. 传统长度单位|n. 一小段时间或短暂范围|n. 一段内容或连续部分|n. 桥梁或拱顶的跨度|n. 翼展|v. 用手指张开测量或覆盖|n. 支撑物之间的缆绳长度|n. 两端固定的绳索|n. 成对协同驱赶的马或牲畜
spanish	adj. 西班牙的|adj. 西班牙人的；西班牙文化的|adj. 西班牙语的|n. 西班牙人|n. 西班牙菜|adj. 西语裔的|n. 西语裔人士|n. 钱|v. 进行特殊凹陷印刷
spare	adj. 额外的；备用的|adj. 不充裕的；简朴的|n. 未使用的东西；余量|v. 省下；保留|adj. 气坏了的；烦躁失控的|n. 备用部件；备用轮胎|n. 备用人选；多余人员|n. 保龄球中的补中机会|n. 补中这一击|v. 饶恕；放过|v. 饶某人一命|v. 保留；省下
sparingly	adv. 少量而节制地；不过度地
spark	n. 火星；火花|n. 萌芽；诱因|v. 引发；激起|n. 电火花；短暂放电|n. 闪光；亮点|n. 电工|v. 点燃|v. 迸出火花|n. 一种蓝灰蝶|n. 船舶无线电报务员|n. 短暂出现的细胞集合|n. 钻石
sparkle	n. 小火星；闪光点|n. 光彩；光泽|v. 迸出火星|v. 闪闪发光|n. 活力；神采|n. 起泡性；气泡感|v. 显出光彩或神采|v. 起泡；冒小气泡|v. 使以火星状散出|v. 散开|v. 撒在……上
sparrow	n. 麻雀|n. 雀科小型鸣禽|n. 新大陆雀类|n. 小型不起眼的鸟|n. 机灵活泼的人
spatial	adj. 空间的；空间维度的|adj. 外层空间的
speak	n. 某群体的说法|v. 开口说话|v. 交谈|v. 会说某种语言|n. 谈话|v. 通过其他方式传达|v. 发表讲话|v. 听懂某种专业语言|v. 说出|v. 表明、传达|v. 发出声音|n. 扣分点
speaker	n. 说话的人|n. 扬声器；音箱|n. 免提通话|n. 议会主持人|n. 演讲者|n. 话语发出者|n. 议长（大写变体）|n. 演讲选文集|n. 木管乐器的发声键|n. 挑担木杆
speaking	adj. 说话时使用的|n. 口语表达能力|v. 正在说话；说话这一活动|adj. 能传达意思的；有表现力的|adj. 包含台词或说话部分的|adj. 会说话的|adj. 使用某种语言的|intj. 我就是|n. 说话；口头交流|n. 口头讲述
spear	n. 长矛；矛刺动作|v. 用矛刺|n. 捕鱼叉矛|n. 冰球违规刺击|n. 摔跤冲撞|n. 植物嫩芽；尖茎|n. 蔬菜长条|n. 植物嫩芽；茎|v. 猛刺；用长物刺中|v. 用头盔冲撞|v. 植物抽茎|adj. 男性的
special	adj. 特别的；独特的|adj. 特殊的；珍爱的|n. 特价商品；优惠项目|n. 今日特餐；特别菜品|adj. 特种的；特殊军事的|adj. 专门指定的|adj. 特殊教育的|n. 特别节目|n. 临时特别班次或安排|adj. 种的；物种的|adj. 带冒犯性的委婉说法|adj. 与性有关的；生殖器的
specialisation	n. <主英> =specialization
specialise	v. 专门从事；专攻
specialist	adj. 专门的；专业性强的|n. 专家；专门人才|n. 专门承担某种技能或位置的运动员|n. 专科医生|n. 美国军队中的某些士官军衔|n. 适应特定环境的生物|n. 狭生态幅物种|n. 伊顿公学的高年级学生
speciality	n. 专长；特色项目
specialization	n. 专门化过程|n. 专长领域|n. 生物的特定适应|n. 更具体的特殊情形
specialize	v. 使专门化|v. 专攻某领域|v. 形成特殊功能|v. 只专做某一小类|v. 使接受专门训练|v. 使区别开来|v. 明确指出|v. 使具有特定形式
specially	adv. 专门为了|adv. 极其（不规范）|adv. 尤其（不规范）
specialty	n. 专长；专门本领|n. 地方特色产品|n. 特殊情况；特例|n. 特殊性；独特性|n. 物种特有的属性|n. 盖印契约；特定债务担保文书
species	n. 物种；种类|n. 形象；外观|n. 形象；观念|n. 圣餐礼中的圣体或圣血|n. 硬币；金属货币|n. 复方药的成分
specific	adj. 明确具体的|adj. 针对特定对象的|n. 具体细节|adj. 专属的；特有的|adj. 特异的；能明确识别的|adj. 针对病因的特效的|n. 区分性特征|n. 特效药|n. 具体说明|adj. 种级的|adj. 特异性结合的|adj. 按质量归一化的
specifically	adv. 明确地；具体地|adv. 专门地；特意为了
specification	n. 具体要求；技术规格|n. 明确说明；具体规定
specify	v. 明确说明；具体规定|v. 写入规范；规定标准|v. 规定出特定结果|v. 明确谈及；详述
specimen	n. 代表一类的实例|n. 送检样本；标本|n. 被当作典型看待的人或物|n. 出色的男人；理想男性
spectacle	n. 壮观场面；精彩表演|n. 丢脸的场面；闹剧|n. 眼镜的；眼镜相关的|n. 蛇的眼鳞|n. 铁路信号的彩色透镜框
spectacled	a. 戴了眼镜的, 有眼镜状斑纹的
spectacular	adj. 精彩壮观的|n. 精彩展示；壮观表演|adj. 演出性的；以展示为特点的|adj. 与眼镜有关的|n. 立体折页广告材料
spectator	n. 观众|n. 旁观者；观察者
spectrum	n. 连续范围|n. 光谱|n. 自闭症谱系|n. 物质的辐射谱|n. 矩阵的特征值集合|n. 算子谱|n. 环的谱|n. 幻影|n. 闭眼后的残像
speculate	v. 推测；猜想|v. 投机；冒险交易|v. 思考；沉思|v. 预先执行可能的代码分支
speculation	n. 思考与沉思|n. 推测；猜想|n. 高风险投机投资|n. 从假设推理|n. 买卖差价投机|n. 视力（古旧）|n. 观察（古旧）|n. 一种纸牌游戏|n. 推测执行
speculative	adj. 推测性的；未经证实的|adj. 冒险的；碰运气的|adj. 投机性的；高风险投资的
speech	n. 说话能力|n. 说话；言语方式|n. 演讲；讲话|n. 口语|n. 引语；话语|n. 方言；语言|n. 传闻；议论|v. 发表演说；长篇劝说
speed	n. 快速移动|n. 速度数值|v. 快速行驶|v. 超速|v. 使加快|n. 感光度|n. 快门速度|n. 最大光圈|n. 兴奋剂|n. 个人喜好|v. 受兴奋剂影响|intj. 设备就绪
speedometer	n. 速度计, 里程计
spell	n. 咒语|n. 魔法影响|n. 一段时间|v. 拼写|v. 组成拼出|n. 工作班次|n. 一阵子|n. 休息时间|n. 一阵疾病或坏情绪|v. 详细说明|v. 预示|v. 代班
spelling	n. 拼写活动或能力|n. 拼法；拼写形式|n. 一个具体拼法|v. 正在拼写；拼写|n. 拼写测试或拼写比赛|n. 音高的记谱写法
spelt	n. 斯佩耳特小麦|adj. 捣碎的；劈开的|n. 薄片；碎片|n. 镀锌合金材料|v. 磨碎；捣碎
spencer	n. 历史短款双排扣男式外套|n. 十九世纪女性或儿童短夹克|n. 女性或女孩穿的保暖背心|n. 方帆船上的大斜帆
spend	n. 花费；支出|v. 花费（金钱）|v. 投入；用于|v. 度过（时间）；用掉|n. 各项支出；花销|v. 耗尽；耗竭|n. 射出的精液|n. 阴道分泌物|v. 挥霍；糟蹋|v. 达到性高潮；射精|v. 逐渐消耗；磨损|v. 扩散；散开
spent	adj. 用尽的；耗尽的|adj. 产卵后耗尽体力的|adj. 失效的；已履行完毕的|adj. 不再留在犯罪记录中的
spero	[人名] 斯佩罗
sphere	n. 球面|n. 球状物；球|n. 活动范围；影响领域|n. 适合某人的位置或领域|n. 固定距离点的集合|n. 天球|n. 承载天体的同心天球|n. 神祇或天体的作用领域|n. 命题或谓词的适用范围|v. 置于球体中|v. 使成球形；使完善
spicy	adj. 含香料的；香料味浓的|adj. 辛辣的；辣得刺激的|adj. 气味或风味浓烈的|adj. 活泼刺激的；言辞犀利的|adj. 带丑闻或争议的；劲爆的|adj. 有风险或带攻击性的|adj. 带情色意味的
spider	n. 蜘蛛|v. 像蜘蛛一样移动|n. 网络爬虫|n. 冰淇淋汽水饮料|n. 油炸捞网|v. 像蛛网一样蔓延|v. 自动抓取网页|n. 含酒精的汽水饮料|n. 瘦长的人|n. 酒吧搭讪纠缠者|n. 台球架杆器|n. 三脚铸铁锅
spike	n. 大尖钉|n. 突然激增|v. 突然猛增|v. 在饮料中暗加酒精或药物|n. 尖刺装置|n. 尖刺状物|n. 谷穗|n. 钉鞋|n. 图表尖峰|n. 高跟鞋鞋跟杆|n. 退稿钉架|n. 扣球
spill	n. 洒出的东西；一摊洒落物|v. 把东西洒出|v. 自己洒出；散落出来|v. 涌出；涌到外面|v. 泄露；全盘说出|n. 摔倒；跌了一跤|v. 没接住而掉落|v. 糟蹋；浪费；毁坏|v. 溢出；流入|n. 引火纸条；引火木片|n. 细长的小片或细条|n. 细长的小片或细条
spin	n. 旋转；打转|n. 有利的解读；舆论包装|v. 旋转；转身|v. 包装；歪向性解读|n. 头脑发懵；不知所措|n. 自旋|n. 新变化；独特改编|n. 球的旋转|n. 乘车兜风；短途出行|n. 唱片的一次播放|n. 动感单车锻炼|v. 纺成纱线
spine	n. 脊柱；脊椎|n. 脊状中央结构；主脊|n. 尖刺；棘状突起|n. 骨气；勇气|n. 书脊|n. 核心；主线|n. 心材|n. 树突棘|n. 分级薪酬主表|n. 火山熔岩尖塔|n. 箭杆硬度
spiral	adj. 螺旋形的|n. 螺旋线|n. 不断加剧的循环|v. 螺旋式移动|v. 持续增加或恶化|n. 螺旋体|v. 使沿螺旋路线运动|n. 螺旋形铁路路段
spirit	n. 灵魂；精神|n. 热情；团队精神|n. 精神；风格|n. 本意；实质|n. 鬼魂；精灵|n. 烈酒；蒸馏酒|n. 精力；干劲|n. 心情；精神状态|v. 迅速带走|v. 鼓舞；激励|n. 活跃的人；某种性格力量|n. 气息；呼吸
spiritual	adj. 精神的；灵魂的|adj. 宗教的；神圣的|adj. 超自然的；与灵体有关的|adj. 心智的；智性的|n. 灵歌；宗教歌曲|adj. 非物质的；无形的|adj. 教会的；神职方面的|n. 宗教事务；宗教职权|n. 方济各会严格派成员
spiritually	adv. 在精神上；在灵魂层面上
spit	n. 烤肉叉杆|n. 唾液；吐出的唾沫|v. 刺穿；穿在尖杆上|v. 吐出；吐唾沫|n. 狭长沙洲|n. 吐出的一口；零星雨雪|n. 长得一模一样的人|v. 用烤肉杆烧烤|v. 喷出；飞溅|v. 零星下雨或下雪|v. 怒气冲冲地说出|v. 发出嘶嘶或噗噗声
spite	n. 恶意；故意使人难受的心态|prep. 尽管；不顾|v. 故意使某人难受；阻挠|n. 懊恼；屈辱感|v. 憎恨；对某人怀有敌意|v. 使恼怒；使受冒犯
splash	n. 水花声|n. 少量液体|n. 一抹颜色|v. 玩水或使水花飞溅|v. 液体突然四散|v. 泼洒液体|v. 把液体泼向某人|n. 飞溅留下的痕迹|n. 轰动影响|n. 启动画面|n. 醒目头条|v. 大肆宣传
splendid	adj. 灿烂耀眼的|adj. 极好的；出色的|adj. 华美壮丽的
split	adj. 分裂的；意见不一致的|n. 分裂；分歧|v. 使裂开；分开|v. 离开|adj. 中项等于其余项之和的|adj. 一半含咖啡因、一半无咖啡因的|n. 裂缝；裂口|n. 裂下来的碎片；薄片|n. 一字马；劈叉|n. 保龄球分瓶|n. 分杆；分击|n. 类似香蕉船的甜点
split-second	n. 一瞬间；极短时间|n. 双秒针秒表
spoil	v. 毁坏；破坏|v. 变质；腐坏|v. 剧透；破坏惊喜|n. 战利品|n. 挖掘废料|v. 宠坏|v. 使选票作废|n. 掠夺行为|v. 剥去武器装备|v. 掠夺某人的财物|v. 掠夺某地|v. 强行夺走货物
spokesman	n. 发言人
spokesperson	n. 发言人；代言人
spokeswoman	n. 女性发言人
sponge	n. 海绵动物|n. 清洁用海绵|v. 占别人便宜|v. 用海绵擦或吸|v. 吸收；汲取|n. 海绵材料|n. 酒鬼|n. 海绵蛋糕|n. 海绵布丁|n. 占便宜的人|n. 善于吸收信息的人|n. 海绵避孕用品
sponsor	n. 承担责任或提供支持的人或机构|v. 赞助或支持|n. 为活动或节目出资的赞助商
sponsorship	n. 赞助关系或行为|n. 赞助者提供的支持或资助
spontaneity	n. 自发性；自然流露|n. 自发行为；自然流露的举动|n. 生物的自发变化倾向|n. 肌肉的自发活动倾向
spontaneous	adj. 自发产生的|adj. 自愿且未计划的|adj. 出于自然感情的|adj. 一时冲动的|adj. 内部自行活动的|adj. 野生自生的|adj. 突然发生的|adj. 未经准备而说或做的
spook	n. 鬼；幽灵|n. 惊吓；一惊|v. 吓到；使紧张|n. 间谍；情报人员|v. 受惊|n. 小妖怪|n. 针对黑人的侮辱性称呼|n. 抽象构造；虚构概念|n. 精神科医生|n. 偷看底牌的赌徒|v. 闹鬼；缠扰
spoon	n. 勺子|n. 有限的日常精力|v. 用勺舀、盛|n. 搅拌用的勺子|n. 一勺的量|v. 贴身相拥|n. 旧式高尔夫木杆|n. 桨|n. 勺形鱼饵|n. 匙形牙科挖器|n. 南非一种灌木|n. 笨蛋
sport	n. 体育运动；比赛项目|n. 输得起、经得起打趣的人|v. 玩乐；参加运动|v. 穿戴或展示|n. 有无运动家风度的人|n. 朋友；老兄|n. 对男孩的亲昵称呼|v. 取笑；戏弄|n. 玩乐；消遣|n. 嘲弄；取笑|n. 玩具；供玩弄的对象|n. 以比赛、狩猎等为赌注的活动
sportsman	n. 男运动员|n. 有体育道德的人|n. 打猎或钓鱼的人
sportsmanship	n. 体育精神|n. 比赛中的表现
sportswoman	n. 女运动员
spot	adj. 准确的；恰好的|n. 斑点；色斑|n. 地点；地方|v. 发现；认出|adj. 现货的；立即可用的|n. 污点；污渍|n. 痘；丘疹|n. 点数；点记号|n. 少量；一点|n. 停车位|n. 定位；判定的位置|n. 聚光灯
spot-on	a. &adv. 恰好的（地）; 准确的（地）
spotlight	n. 聚光灯|n. 关注焦点|v. 用聚光灯照亮|n. 聚光灯照出的光圈|n. 展示机会|v. 突出；聚焦于|v. 用聚光灯照射猎物
spouse	n. 配偶|v. 与某人结婚
spray	n. 喷雾；细小水花|v. 喷洒；喷射|v. 喷散；喷到某处|n. 喷溅状的一片；散开的细小斑点|n. 喷雾器；喷雾罐|n. 喷雾产品|n. 药用喷雾；消毒喷雾|n. 一小簇花枝或果枝|n. 一片枝条簇|n. 枝条状装饰图案|v. 分散投放许多小物体|v. 把球横向长传
spread	n. 丰盛的一桌食物|v. 摊开以覆盖更大面积|v. 散布到一片区域|v. 使消息或影响传播开|n. 铺开这一动作|n. 铺开的东西|n. 牌阵|n. 大片土地|n. 牧场|n. 铺盖物|n. 面包涂抹食品|n. 跨栏版面文章
spree	n. 一阵放纵活动|n. 欢乐狂欢|v. 参加狂欢
spring	n. 跳跃|n. 春天|v. 突然冲出；迸发|v. 开始（旧式）|n. 早期阶段|n. 政治运动初期|n. 春季型肤色|n. 泉水；泉源|n. 来源；源头|n. 弹性；回弹力|n. 来源|n. 推动因素；动机
springbok	n. 跳羚
springtime	n. 春季；春天|n. 复兴期；繁荣期
sprinkle	n. 少量撒上的一层|v. 撒下细滴或小颗粒|n. 一阵细雨|n. 蛋糕装饰糖粒|v. 撒在某物上使其覆盖|v. 零星滴落|v. 下很轻的雨|n. 撒水器具|v. 以少量水行宗教洒水礼
sprout	n. 嫩芽；新长出的部分|v. 发芽；生长出来|v. 突然出现；大量冒出|n. 发芽的种子；幼苗|n. 孩子；小家伙|n. 抱子甘蓝|v. 使发芽|v. 从地面长出芽|v. 从表面杂乱冒出|v. 去掉芽
spur	n. 马刺|n. 刺激；动力|n. 支线；突出部分|v. 促使；激励|n. 马刺的一刺|n. 后伸的尖突|n. 山脊支脉|n. 铁路支线|n. 公路支路|n. 侧枝；短枝|n. 热刺俱乐部相关人士|v. 用马刺催马
sputnik	n. 苏联“伴侣”号卫星|n. 人造卫星|n. 俄罗斯新冠疫苗|n. 大写形式
spy	n. 间谍|v. 从事秘密侦察|v. 突然看见|n. 盯防跑动进攻球员的防守队员|v. 仔细搜查或挑剔查看|v. 暗中探索或查看
spymaster	n. 间谍组织的首脑
square	adj. 正方形的|adj. 诚实公正的|n. 正方形|n. 平方；平方数|adj. 成直角的|adj. 平方的|adj. 心里踏实的|adj. 扯平的|adj. 守旧乏味的|adj. 实在充足的|adj. 宽阔方正的|adv. 直对着
squeeze	n. 挤压；一挤|n. 狭窄的容纳空间|n. 困境；紧张处境|v. 挤压|v. 勉强塞入|v. 设法挤出；弄到|v. 使陷入两难|n. 拥抱；亲昵的搂抱|n. 恋人；爱人|n. 短打抢分战术|n. 狭窄通道中的艰难通过|v. 紧紧拥抱
squirrel	n. 松鼠|v. 偷偷藏存|n. 泛指松鼠|n. 像松鼠一样囤藏东西的人|n. 梳理机的小滚筒|n. 异端实践者
st	n. 街；街道|intj. 嘘；安静|n. 州|n. 石（重量单位）|n. 商店|n. 针数|n. 短吨|n. 蒸汽|n. 卫生巾|n. 源文本|n. 圣；圣徒|n. 星期六
stab	n. 刺击|n. 刺伤；刀伤|n. 尝试|v. 刺伤；刺入|n. 情感上的刺痛|n. 尖锐的批评|n. 音乐中的短促重音|v. 以刺的动作插入|v. 朝某处乱刺|v. 造成尖锐刺痛|v. 暗中伤害；诋毁|adj. 固定的；正式设立的
stability	n. 稳固与平衡|n. 受扰后恢复平衡
stabilize	v. 使稳定|v. 变得稳定
stable	adj. 稳定的；牢固的|n. 马厩|adj. 正式稳定版的|adj. 保持相等项原有顺序的|n. 某位主人所有的赛马群|n. 受同一处照料或训练的一群人|n. 一套连贯的事物|adj. 达到稳定恒等关系的|n. 律师事务所（苏格兰）|n. 相扑部屋|n. 摔角剧情中的支持团体|n. 由皮条客管理的妓女群体
stack	n. 一堆；一叠|n. 栈；栈式数据结构|v. 堆放；叠放|n. 一堆；一垛（英式）|n. 烟囱；烟囱状高塔|n. 栈（特指该结构）|n. 海蚀柱|n. 图书馆书架区|n. 大量；一大叠|n. 牌桌上的筹码|n. 一格所能容纳的数量|v. （作弊地）安排牌局
stadium	n. 体育场；运动场|n. 古希腊赛跑场|n. 生物发育阶段|n. 古希腊长度单位|n. 测距仪|n. 测量标尺
staff	n. 手杖；长杆|n. 五线谱|n. 全体员工|n. 权杖；权力标志杆|n. 旗杆|n. 参谋部；参谋团队|v. 为……配备员工|n. 临时外墙材料|n. 梯子的横档|n. 诗节|n. 轮轴；销轴|n. 外科导槽器械
stage	n. 阶段|n. 舞台；台|v. 上演；演出|v. 策划并实施|n. 级；级段|n. 楼层；层|n. 工作台；脚手架|n. 电路级|n. 显微镜载物台|n. 关卡；级别|n. 场面；世间舞台|n. 餐饮实习
stagger	n. 踉跄；摇晃|v. 踉跄；摇摇晃晃地走|v. 错开；分批安排|n. 困惑；不知所措|n. 错开；分批安排|v. 使踉跄；使站不稳|v. 动摇；犹疑|v. 使震惊；使大为意外|n. 动物的蹒跚病|n. 赛车轮胎的周长差|n. 多层机翼的前后错位|n. 单身汉聚会参加者
stagnant	adj. 不流动而变得不新鲜|adj. 停滞不前
stagnate	v. (使)淤塞, (使)停滞, (使)变萧条
stagnation	n. 停滞不前|n. 缺乏流动
stain	n. 污渍|n. 名誉污点|v. 弄脏；染上污渍|v. 玷污名誉|v. 给表面染色|n. 染色剂|n. 显微镜染剂|v. 染上污渍|v. 给标本染色|n. 纹章学中的非标准色|v. 使相形见绌
stair	n. 台阶|n. 楼梯；一段台阶
staircase	n. 楼梯；一段楼梯|n. 楼梯间；连续的楼梯组|n. 阶梯式船闸组|v. 使呈阶梯状|v. 逐步增加共有住房产权
stairway	n. 楼梯；阶梯
stake	n. 木桩；尖桩|n. 利益份额；持有的股份|n. 赌注；押上的东西|v. 用桩固定；标界|v. 把某物押在结果上|n. 火刑柱|v. 资助某人下注或经营|n. 槌球终点桩|n. 车厢侧桩|n. 小型铁砧|n. 摩门教教区|v. 用桩刺伤
stakeholder	n. 利益相关者|n. 受托保管财产的人|n. 赌注保管人
stale	adj. 不新鲜的|adj. 陈旧老套的|n. 不新鲜的食物|v. 使变老套|adj. 已存在一段时间的|adj. 拖延太久的|adj. 逾期未兑现的|adj. 过时或未同步的|v. 变得乏味|adj. 陈年而浓烈的酒|adj. 过了适婚年龄的|adj. 休耕的
stalk	n. 植物的茎|v. 悄悄接近|v. 持续骚扰性跟踪|n. 花梗或果梗|n. 类似植物茎的细长部分|n. 跟踪行动|n. 隐蔽接近猎物|v. 悄无声息地走|n. 科林斯柱头的茎状饰件|n. 梯子的直立侧杆|n. 某些动物的茎状柄|n. 膜翅目昆虫腹部基部的细柄
stall	n. 摊位；小店面|n. 拖延；拖时间|v. 故意拖时间|v. 使手动挡车辆熄火|n. 动物隔间|n. 售货台|n. 淋浴间；厕所隔间|n. 剧院前排座位|n. 停车位|n. 飞机失速|v. 拖延某人或某事|v. 停住；停止运行
stamina	n. 耐力；持久力|n. 基本要素；基础结构
stamp	n. 压出的印记；印痕|n. 邮票；缴费票|v. 跺脚|v. 压印；打上标记|v. 盖章；加盖官方标记|n. 跺脚；踩踏一下|n. 印章；压印工具|n. 装饰用贴纸|n. 特征；鲜明印记|v. 使脚快速重踩|v. 用脚猛踩|v. 贴邮票
stance	n. 站姿；姿势|n. 立场；观点|n. 站立处；位置|n. 攀岩中的站位|n. 公共交通候客点|n. 集市或摊贩经营地点|n. 诗节|v. 安置；使就位
stand	n. 坚定立场|n. 支架|v. 站着；处在某处|v. 有望；很可能|n. 站立|n. 防守阵地|n. 一地演出或比赛期|n. 证人席|n. 成片树木|n. 小摊或亭台|n. 停靠点|n. 看台
stand-alone	adj. 独立运行的；独立存在的|adj. 独立成篇的；不属于系列的|n. 独立作品；单独的一项|n. 独立设备
standard	adj. 符合通常标准的|adj. 标配的|n. 标准；基准|adj. 公认优秀或权威的|adj. 够用的；合格的|adj. 手动挡的|adj. 标准语的|intj. 同意；行|n. 年级；等级标准|n. 竖杆；立柱|n. 手动挡汽车|adj. 独立直立生长的
standard-setter	规则制定者
standardise	vt. 使与标准比较, 用标准校验, 使符合标准, 使统一, 使标准化
standardize	vt. 使标准化, 使合于标准, 用标准检验
standing	adj. 直立的|adj. 现行的；常设的|n. 地位；声望|n. 排名；名次|adj. 站着进行的|adj. 静止不流动的|adj. 持久的；不易消退的|adj. 固定不移动的|n. 持续时间；资历|n. 站立的位置|n. 诉讼资格|v. 站立；正站着
standing-room	n. （剧院、公共交通车辆的）站席
standoff	n. 僵局；对峙|adj. 远距离作战的|n. 隔离支撑件|v. stand off 的非标准拼写
standpoint	n. 立场；角度
standstill	n. 完全停滞；停顿
staple	adj. 主要的；大批生产的|n. 主食；基本供应|n. 订书钉|v. 用订书钉固定|adj. 在商业上确立的|adj. 适销的|n. 供应来源|n. 主要产品|n. 反复出现的主题或人物|n. 纤维长度|adj. 与主要商品市场有关|n. 特许贸易城市或商人团体
star	n. 夜空中的星星|n. 明星；名人|v. 担任主演|v. 由某人主演；让某人担任主演|n. 占星中的星象|n. 星号或星形标记|n. 星形|n. 声望上升；前途看好|v. 用星号标记|v. 像星星一样闪耀|n. 恒星|n. 星状的抽象图形或标记
stare	n. 凝视；注视|v. 凝视；目不转睛地看|v. 用目光迫使|v. 显得格外醒目|n. 椋鸟|v. 竖起；支棱起来
stark	adj. 荒凉简陋；空旷无遮掩|adj. 赤裸的|adj. 彻底的；极端的|adv. 完全地；彻底地|adj. 严酷；猛烈|adj. 坚硬；强硬|adj. 强劲；有力|adj. 僵硬；挺直|n. 虚构语言|v. 变硬；变僵
starkly	adv. 完全, 分明地, 赤裸裸地
starry	adj. 繁星可见的|adj. 呈星状的|adj. 明星云集的
start	n. 开始|n. 突然一惊|n. 起点|v. 开始；启动|v. 突然一动|n. 首发出场|n. 幼苗|n. 先行优势|n. 一次启动|n. 开始按钮|v. 从某处开始|v. 惊吓某人或惊起动物
startle	n. 惊愕, 惊恐|vt. 吃惊, 使惊愕|vi. 惊起
startlingly	adv. 惊人地
startup	n. 启动过程|n. 初创公司|n. 自动启动文件夹|n. 高筒靴|n. 绑腿|n. 突然冒头的人
starvation	n. 饥饿；挨饿|n. 资源严重短缺|n. 进程饥饿
starve	v. 饿死|v. 因缺粮而受苦|v. 饿得厉害|v. 使饿死|v. 使严重挨饿|v. 断粮逼降|v. 使缺少必需品|v. 因缺少必需品而衰退|v. 断粮逼城市投降|v. 冻死；冻得受不了|v. 死亡、渐渐消瘦
stash	n. 藏货；储备|v. 藏起；收存|n. 毒品藏放处|n. 社团标志服装|n. 未分配的手工材料库存|n. 小胡子
state	n. 状态；状况|n. 国家；政治共同体|n. 州；地方政治实体|n. 国家；州；政治实体|v. 陈述为事实|n. 糟糕的状况|n. 社会地位；身份|n. 本国；本州|v. 说明；表明|adj. 庄严的；气派的|n. 状态；处境|n. 身份；地位
state-of-the-art	a. 已经发展的, 最新型的
state-owned	adj. 国有的；国营的
statement	n. 声明；说法|n. 立场；观点陈述|n. 账单；财务明细|adj. 彰显实力的；决定性的|n. 程序语句|v. 正式出具文件
statesman	n. 国家或国际事务的男性领袖|n. 以公共利益为重的男性政治家|n. 小土地所有者
static	adj. 静止不变的|adj. 停滞的|n. 广播杂音|adj. 不动的|adj. 静态的；运行前确定的|adj. 类级共享的|n. 阻挠；干扰|n. 责骂；找麻烦|n. 静电|n. 静态变量|n. 固定式活动房屋
station	n. 车站|n. 工作站点|n. 身份地位|v. 安排到指定地点工作|n. 加油站等服务站|n. 测量路线上的定距点|n. 物种的自然栖息地|n. 岗位与职分|v. 派驻执行军事任务|n. 牧场或偏远工作站|n. 历史上的驻地|n. 苦路的一站
stationary	adj. 静止的|adj. 不能移动的|adj. 不变的|n. 静止的事物|n. stationery 的误拼
stationery	n. 文具；办公用品|adj. stationary 的误拼
statistic	n. 统计项目|n. 统计数值|n. 被数字化的人或事件|v. 用统计方法分析|v. 进行统计|v. 列入统计
statistical	adj. 统计的；与统计学有关的
statistically	adv. 用统计方法|adv. 从统计角度看|adv. 根据统计证据
statistician	n. 统计分析人员|n. 统计学专长的数学家
statistics	n. 统计学|n. 统计数据|v. statistic 的第三人称单数现在时
statue	n. 雕像；塑像|n. 人物雕像式肖像|v. 制成雕像；雕像化
status	n. 社会地位；身份条件|n. 进展；当前情况|n. 声望；受尊重的地位|n. 法律身份；法律状况|n. 社交平台状态|n. 加拿大特定法律身份|n. 医学术语的缩略说法
statute	n. 成文法；法令|n. 机构规章|n. 君主或上帝的法令|n. 特定的成文法类型|n. 依法举办的集市
stay	n. 停留；住宿|n. 支撑物|v. 停留；留下|v. 停止；延迟|n. 延期令；暂缓执行|n. 船只停泊处|n. 服装撑条|n. 紧身胸衣|n. 桅杆支索|n. 稳定拉索|v. 保持某种状态|v. 坚持到底；耐久
steadfast	adj. 稳定不变|adj. 坚定忠诚
steadily	adv. 稳步地；持续而平稳地
steady	adj. 稳固不摇|adj. 坚定不变|v. 使稳定|adj. 平稳不颠簸|adj. 镇定冷静|adj. 均匀持续|adj. 缓慢地|n. 支撑物|n. 固定伴侣|v. 变得稳定|adj. 固定伴侣|adj. 有把握而可靠
steak	n. 牛排|n. 其他食材的厚片|n. 鱼排|v. 按牛排方式处理
steal	n. 偷窃行为|v. 偷走|v. 偷偷取得|v. 悄悄移动|n. 超值便宜货|n. 抢断|n. 偷垒|v. 盗用|v. 低价买到|v. 抢尽风头|v. 偷垒|v. 抢断
steam	n. 蒸汽|v. 蒸熟；用蒸汽烹调|n. 水汽；雾气|n. 用于加热或做功的蒸汽|n. 蒸煮；蒸的过程|n. 干劲；推动力|n. 积压的怒气|v. 被蒸熟|v. 用蒸汽处理|v. 冒出或排出蒸汽|v. 升起成水汽|v. 发火；气得冒火
steamboat	n. 蒸汽船|n. 火锅|n. 火锅锅具|v. 乘蒸汽船旅行
steamer	n. 蒸汽装置|n. 蒸汽船或蒸汽交通工具|n. 大旅行箱|n. 奶泡饮品|n. 长袖长裤潜水服|v. 乘蒸汽船旅行|n. 旧义：蒸汽装置|n. 动物名称|n. 动物名称|n. 被看好的赛马|n. 口语：口交行为|n. 参与群体抢劫的帮派成员
steel	adj. 钢制的|n. 钢|n. 钢铁般的坚韧|adj. 像钢一样的|adj. 钢铁行业的|adj. 钢版印制的|n. 钢制品|n. 钢灰色|v. 炼成钢或用钢处理|v. 使坚强|adj. 含钢的|n. 熨斗
steelworker	n. 炼钢工人
steep	adj. 陡峭的|v. 泡茶|adj. 昂贵的|n. 陡坡|v. 浸泡；浸透|v. 使深深沉浸于|adj. 高耸难达的|adj. 倾角很大的|n. 浸泡液|n. 凝乳酶袋
steer	v. 驶向某处|v. 操控交通工具|v. 引导某人或某事走向某方向|n. 方向提示；建议|n. 阉公牛；肉牛|v. 容易操控；沿某方向行进|v. 引导动物|v. 使自己采取某种做法|v. 引导谈话|v. 把物体送入某处|n. 掌舵者|v. 阉割公牛犊
stem	n. 植物的茎|n. 词干|v. 源自|v. 阻止；遏制|n. 家族血统|n. 家族分支|n. 花梗或叶柄|n. 细长连接部|n. 字母竖线|n. 音符符干|n. 分轨音频|n. 船头
stencil	n. 镂空模板|n. 模板印出的图案|v. 用模板印制|n. 复印蜡纸
stenographer	n. 速记员
step	n. 脚步；一步|n. 台阶；梯级|n. 步骤；阶段|v. 迈步；走动|n. 工具踏板|n. 上车踏板|n. 步幅；一步的距离|n. 很短的距离|n. 脚印；足迹|n. 步态；走路姿势|n. 行动；措施|n. 便携梯
stepdaughter	n. 继女；继女儿
stephenson	n. 斯蒂芬森（姓氏）
stepladder	n. 活梯
stereo	adj. 立体声的|n. 立体声系统|adj. 立体图像的|n. 立体声音响|n. 铅版印模|n. 西式流行摇滚音乐|v. 制作立体图像
stereotype	n. 刻板印象|v. 使刻板化；用刻板印象看待|n. 刻板形象的体现者|adj. 用固定版印刷的|adj. 固定化的；公式化的|n. 印刷铅版|n. 统一建模语言中的扩展机制|v. 制成印刷铅版|v. 用铅版印刷|v. 使固定下来
stereotypical	adj. 符合刻板印象的|adj. 老套的；陈词滥调的|adj. 反复固定的（技术用语）
stern	adj. 严厉的；冷酷的|n. 船尾|adj. 冷峻的；令人生畏的|n. 后部；末端|n. 掌管的位置；领导岗位|n. 动物尾巴|n. 黑燕鸥|v. 操舵；使船改变航向|v. 使船倒退；船尾向前行进
stethoscope	n. 听诊器|vt. 用听诊器诊断
stew	n. 炖菜|v. 用小火炖煮|n. 焦躁不安|n. 乘务员|v. 把茶泡得过浓|v. 在闷热中煎熬|v. 焦虑或气恼地煎熬|n. 炖煮用的大锅|n. 蒸汽浴室|n. 妓院|n. 妓女|n. 养鱼池
steward	n. 受托管理者|v. 受托管理|n. 船上事务长|n. 乘务员|n. 工会代表|n. 场所或动物管理员|n. 活动组织负责人|n. 负责任的守护者|n. 历史上的受托官员|n. 酒吧服务人员|n. 财务代理人|n. 共济会初级助理
stick	n. 棍；棒|v. 粘住|v. 卡住|v. 忍受；坚持|adj. 容易粘住的；黏的|n. 木料；木棍|n. 家具等物件|n. 条状物质|n. 一条黄油|n. 棍上串着的东西|n. 杆状操纵器|n. 手动挡驾驶
sticker	n. 坚持到底的人|n. 贴纸；不干胶标签|v. 贴上贴纸|n. 价格标签|n. 标价；挂牌价|n. 网络表情贴图|n. 会粘住毛发或衣物的植物刺球|v. 贴上标价|n. 刺入或粘住的东西|n. 难题；令人困惑的事|n. 木材间隔条|n. 管风琴传动小木杆
stickiness	n. 粘性, 胶粘
sticky	adj. 有黏性的|adj. 棘手的|n. 便签|adj. 死得惨的|adj. 闷热黏腻的|adj. 不易改变的|adj. 持续保留的|adj. 置顶的|adj. 能留住访客的|n. 置顶帖|v. 置顶帖子|adj. 甜腻多情的
stiff	adj. 坚硬的|adj. 拘谨的|adj. 僵痛的|adj. 强劲的；烈的|adj. 僵硬的；不灵活的|adj. 严厉的；重的|adj. 昂贵的|adj. 死去的|adj. 稠厚的|adj. 打发至挺立的|n. 普通人；工人|n. 受骗者
stiffly	adv. 呆板地, 顽固地, 僵硬地
stiffness	n. 僵硬；硬度|n. 肌肉发紧；酸痛|n. 不灵活；僵化|n. 生硬；不自然
stifle	v. 使窒息|v. 忍住声音或呼吸|v. 压制、遏制|v. 使呼吸困难|v. 遮住声音|v. 隐瞒、压下消息|v. 闷热得难以呼吸|n. 窒息或压抑|n. 动物膝关节|n. 该关节的骨病|v. 蒸处理蚕茧|v. 因窒息而死
still	adj. 静止的|adv. 仍然；还|adv. 仍然；到那时还|adv. 更加|adv. 尽管如此；还是|n. 寂静；平静|adj. 无气泡的|adj. 无声的|adj. 持续不变的|adj. 轻柔安静的|n. 无气泡水|n. 静态照片
stimulant	adj. 有刺激作用的|n. 兴奋剂；刺激身体或神经的物质|n. 促进兴趣或活动的因素
stimulate	v. 促进发展|v. 激发活动
stimulation	n. 推动行动；激励|n. 引起反应的刺激；感官输入|n. 使人兴奋或愉悦的活动
stimulus	n. 推动行动或变化的因素|n. 引起身体或心理反应的刺激|n. 植物或昆虫身上的刺
sting	n. 昆虫或蛛形动物的叮刺|n. 刺痛|v. 刺痛或蜇伤|v. 用刺刺入|n. 被刺后的肿块或伤痕|n. 昆虫或蛛形动物的刺|n. 警方设局抓捕|n. 某事物的伤害性|v. 感到刺痛|v. 使人受伤害或付出代价|v. sting 的现在分词或动名词|n. 植物或动物的毒刺毛
stipulate	v. 规定为条件|v. 约定或保证|v. 承认事实而不争辩|v. 正式共同约定|adj. 有托叶的|v. 要求合同条款
stir	n. 搅拌|v. 搅动液体|v. 触动感情|n. 骚动；喧闹|n. 公开骚乱|v. 搅动容器内容物|v. 激起行动|v. 挑起争议|v. 移动；挪动|v. 开始移动|v. 情感萌发|v. 活动起来
stirling	n. 斯特灵（英国苏格兰中部城市, 中央区首府）
stirring	adj. 振奋人心的；感人的|n. 搅动；初现的迹象|v. stir 的现在分词和动名词
stitch	n. 一针；针脚|n. 运动时的肋侧痛|v. 缝制；缝出针脚|n. 针法；缝法|n. 局部刺痛|n. 针织线圈|n. 针织针法|n. 视频拼接创作|v. 缝合；用针脚连接|v. 做针线活|v. 点焊连接|v. 拼接；融入整体
stock	adj. 通常有售的标准品|n. 储备；供应|n. 股份；股票资本|v. 储备并供应|adj. 普通而现成的|n. 现有库存|n. 股票；股份（美国英语）|n. 声望；评价|n. 原材料；基料|n. 常备剧目剧团|n. 树干；主干|n. 柄；枪托
stock-market	股票市场
stockbroker	n. 股票经纪人
stockholder	n. 股东
stocking	n. 长袜|n. 圣诞袜|v. stock的现在分词或动名词|n. 动物腿上的毛色圈|n. 燃气灯纱罩|n. 林木密度
stockpile	n. 储备物；囤积的大量物资|v. 囤积；大量储备|n. 战略或技术储备|v. 建立战略或技术储备|v. 积累储备|n. 煤矿堆或矿石堆|v. 堆放煤或矿石
stomach	n. 胃|n. 对某事的胃口或意愿|v. 忍受；承受|n. 肚子；腹部|n. 傲气；自负|n. 食欲|n. 衣服遮住腹部的部分|v. 生气|v. 怨恨；恼恨|v. 使恶心；使反感
stomp	n. 重重一脚|v. 重重踩踏或跺着走|v. 跺脚|n. 跺脚舞|v. 狠狠打败|v. 大比分击败|n. 跺脚舞爵士乐|n. 一首此类乐曲|n. 舞会|v. 用脚踩葡萄酿酒
stone	adj. 石制的|n. 石材；石头物质|n. 石块；石子|v. 给水果去核|adj. 像石头的|adj. 石灰灰色的|adv. 完全处于某状态|n. 宝石；钻石|n. 英制重量单位|n. 果核|n. 结石|n. 棋子
stool	n. 凳子|n. 便器|n. 植物截干后的基部|n. 粪便|n. 排便|v. 排便|n. 凳子（苏格兰方言）|n. 凳子（苏格兰方言及引申义）|n. 凳子（西非英语）|n. 诱鸟用的假鸟或诱饵|n. 船上的小槽|n. 牡蛎附着材料
stoop	n. 弯曲的姿势|v. 弯腰|n. 俯冲攻击|n. 门前台阶和门廊|n. 门口台阶或门槛|v. 自降身份|v. 猛禽俯冲|v. 屈尊、降低身份|n. 盛液体的容器|n. 柱子或支柱|v. 使向下倾斜|v. 使屈服
stop	n. 车辆停靠点|v. 停止移动；停下|v. 使停止；阻止前进|v. 堵住开口|n. 停止；中断|n. 障碍；阻挡|n. 阻挡装置|n. 塞音|n. 标点符号|n. 管风琴音栓|n. 扑救；阻止进球|n. 减光部件
storage	n. 储存；存放状态|n. 计算机存储|v. 储存；存放|n. 储存空间或设施|n. 储存费
store	n. 储藏处|n. 储备；库存|n. 商店|v. 存放；储存|n. 大量；丰富|v. 容纳；装有|v. 能容纳|v. 备货；装满|n. 存储器容量|n. 待育肥的牛|v. 写入存储器
storehouse	n. 仓库, 储藏所, 宝库
storekeeper	n. 店主
storey	n. 楼层；层|n. 字形的一层结构|n. 建筑物
storm	n. 暴风雨|v. 下暴风雨|v. 怒气冲冲地冲走|n. 风暴天气|n. 猛烈倾泻|n. 社会或政治风暴|n. 抗议或情绪风暴|n. 疾病或症状的猛烈发作|n. 强攻|v. 使烦乱或困扰|v. 强攻并夺取|v. 天气猛烈
stormy	adj. 风雨猛烈的|adj. 激烈动荡的|adj. 与暴风雨有关的|adj. 带有愤怒或激烈情绪的
story	n. 故事；叙述|n. 情况；事情经过|intj. 近况如何？|n. 谎话；编造的说法|n. 肥皂剧|n. 限时动态|v. 讲述；叙说|v. 发布限时动态|n. 历史|n. 用户故事
stout	adj. 粗壮的；肥大的|adj. 坚定不屈的|n. 黑啤；烈性麦芽啤酒|adj. 结实耐用的|adj. 固执的|adj. 勇敢强硬的|adj. 傲慢的|n. 肥胖者|n. 大号服装尺码|n. 小飞虫|n. 虻类|n. 萤火虫或某种飞蛾
stove	n. 取暖炉|n. 炉灶|n. 炉面|v. 用炉子加热或烘干|n. 温室|n. 暖房|v. 用人工热力保温|v. 挤伤或扭伤
strack	n. 斯特拉克（男子名）
straddle	n. 跨坐姿势|v. 跨坐在两侧|v. 横跨两边|adv. 跨坐着|v. 在两方之间摇摆|v. 凌乱地铺展开|n. 炮弹落在目标前后|n. 同时买入看涨和看跌期权|n. 盲注后的额外加注|n. 竖直矿坑支撑木|n. 驮具上的承重部件|v. 炮击夹住目标
straight	adj. 直的；不弯的|adj. 坦率直接的|adj. 异性恋的|adv. 直接地|adj. 直接的；不偏离的|adj. 水平或垂直的|adj. 直握球棒的|adj. 诚实守规矩的|adj. 严肃的；非喜剧的|adj. 恢复正常的；理顺的|adj. 连续的；接连的|adj. 直落的；未丢盘的
straightforward	adj. 简单明了的|adj. 直率坦诚的|adj. 直接进行的|adv. 直接地；坦率地
strain	n. 压力；负担|v. 拉紧；使受力|v. 费力地做；竭力听看|v. 过滤；滤出|n. 品系；菌株|n. 遗传倾向|n. 旋律；诗歌段落|n. 文辞的格调|n. 过度用力|n. 拉伤|n. 形变；应变|v. 使受损；拉伤
strand	n. 海岸；海滩|n. 绳或线中的一股|n. 组成部分；线索|v. 使船搁浅|v. 使陷入困境；抛下|n. 街道|n. 一根线；一缕|n. 细长物质中的一根|n. 电线束中的一股|n. 主题节目系列|n. 核苷酸链|n. 高中教育方向
strange	adj. 奇怪的；不寻常的|adj. 陌生的；不熟悉的|adj. 关系之外的；非固定对象的|adj. 具有奇异性的|adj. 具有分形结构的|adj. 外国的|adj. 疏远冷淡的|adj. 迟缓的|adj. 不习惯的；没有经验的|adj. 不属于某人的|n. 关系外的性对象|n. 奇异夸克
strangely	adv. 奇怪地；出乎意料地|adv. 出奇地；格外地
stranger	adj. 更奇怪的|n. 陌生人|n. 外来者；外国人|n. 新来者|n. （玩笑）老朋友|n. 未获准参加团契者|n. 家庭或住户以外的客人|n. 无权介入者|n. 访客将至的征兆|v. 使疏远
stranglehold	n. 勒颈, 压制自由, 抑制, 束缚
strap	n. 带子；窄长条带|n. 带状装置；带子制品|v. 用带子固定；捆绑|n. 磨剃刀的皮带|n. 机械或建筑中的窄条部件|n. 航海或运输中的窄条部件|v. 用带子鞭打|v. 用磨刀带磨利|n. 鞭打用的皮带|n. 舌状花的花冠舌片|n. 某些禾本科植物的叶片|n. 枪；手枪
strategic	adj. 战略性的；着眼全局和长远的|adj. 军事上战略层面的；非局部战术性的
strategically	adv. 有策略地；从全局出发地
strategist	n. 战略家；策略制定者
strategy	n. 实现目标的方案|n. 军事总体谋划|n. 谋划过程
stratford	n. 斯特拉特福德（男子名及城市名）
stratford-on-avon	埃文河畔斯特拉特福（英国英格兰中部沃里克郡西南部地区，莎士比亚故乡，亦作 Stratford-upon-Avon）
stratford-upon-avon	[地名] [英国] 埃文河畔斯特拉特福
straw	adj. 稻草制的|adj. 稻草色的|n. 一根干谷物茎秆|n. 吸管|adj. 虚构的；假想的|n. 稻草（材料）|n. 稻草色|n. 微不足道的东西|v. 给植物铺稻草|n. 名义上的所有人|v. 以卖稻草作掩护
strawberry	adj. 草莓味的；含草莓的|n. 草莓|adj. 人造草莓味的|adj. 草莓色的|n. 草莓植株|n. 草莓红；深粉红色|v. 采草莓|n. 草莓树的果实|n. 草莓状红色斑痕或血管瘤|n. 以性服务换取可卡因者|v. 变成深粉红色
stray	adj. 游荡的；走失的|n. 流浪动物；走失的动物|v. 偏离路线；走偏|v. 离群游荡；走失|adj. 错位的；不合位置的|n. 迷路的人；离群的人|n. 游离；偏离的一次行动|v. 偏离正道；犯错|v. 使偏离；引入歧途|n. 供牲畜放牧的公地|n. 无主的动产|n. 大气干扰信号
stream	n. 小河；溪流|n. 连续流；一连串|n. 在线播放内容|v. 流动|v. 在线播放；串流传送|n. 流动的水|n. 细流|n. 水流；流势|n. 流派；路线|n. 数据流|n. 能力分班|n. 思路；谈话方向
streamline	v. 简化并提高效率|v. 做成流线型|v. 使现代化|n. 流线|n. 气象图上的风向线
street	adj. 有街头感的；符合城市潮流的|n. 街道|n. 街道及其两旁的城市环境|n. 与大道垂直的街道|n. 街头的；流浪的|n. 远远领先；相差很远|n. 由街道引申出的相关事物|n. 市场或金融圈|n. 街头俚语|n. 大众或消息来源|n. 扑克中的下注阶段|n. 街式滑板
streetlight	n. 街灯, 路灯
strength	n. 力量；体力|n. 力度；强度|n. 长处；优势|n. 最强处；依靠|n. 武装力量；军队|n. 要塞；坚固据点|n. 图论中的强度|v. 使变强；加强
strengthen	v. 使变强；加固|v. 增强勇气；鼓舞|v. 增强说服力；使更有根据|v. 增强；加剧|v. 增援；加强支持|v. 逐渐变强
strenuous	adj. 强劲有力的|adj. 需要很大努力的
stress	n. 心理压力|n. 强调|v. 使人承受心理压力|v. 强调说出的词|v. 强调观点|n. 生物体受到的有害刺激|n. 使生物体产生应激反应的压力|n. 物体内部的应力|n. 施加在物体上的外力|n. 语言中的重音|v. 使物体受力|v. 感到焦虑或烦躁
stressed-out	adj. 压力大到快绷不住
stressful	adj. 令人有压力的|adj. 使人精神负担很重的
stretch	n. 伸展动作|n. 一段路程|n. 一段材料|v. 拉长|v. 被拉长|v. 把资源用得更久|v. 延伸|v. 伸展身体|n. 伸缩性|n. 牵强说法|n. 一段时间|v. 拉紧
strict	adj. 精确严谨的|adj. 严格遵守规则的；严厉的|adj. 管教严厉的|adj. 严格限定的；按字面精确理解的|adj. 紧紧的；收拢的|adj. 绷紧的；不松弛的|adj. 直立而狭长的|adj. 非自反的
strictly	adv. 严格地；严格按照规定地|adv. 仅仅；只限于|adv. 严格地说；狭义地说|adv. 严格地对每个成员或区间成立
stride	n. 大步|n. 步幅；一步的距离|v. 迈大步走|n. 步距；间隔|v. 叉腿站立|v. 跨过|n. 步进爵士钢琴风格|v. 骑跨；跨坐
strife	n. 激烈冲突|n. 艰苦努力|n. 争胜或较量|n. 麻烦；困扰|n. 争端对象；争执由头
strike	n. 好球；三击不中的一击|n. 罢工；集体停工|v. 删去；划掉|v. 击打；撞击|n. 保龄球全中|n. 击打；打击|n. 攻击|n. 期权执行价|n. 击球位|n. 发现资源|n. 鱼咬钩|v. 撞击；敲击
striking	adj. 醒目的；令人印象深刻的|adj. 罢工中的；参加罢工的|v. strike 的现在分词或动名词|n. 击打；击中的动作
strikingly	adv. 显著地；极其地|adv. 令人惊讶地；出人意料地|adv. 以醒目的方式
string	n. 线；绳|n. 串；一串|n. 字符串|v. 把物品串在线上|n. 类似的细长物|n. 细丝状物质|n. 一连串；一系列|n. 主力阵容；梯队|n. 连续几轮比赛|n. 弦乐器|n. 弦乐组；弦乐手|n. 合同条件；限制
stringent	adj. 严格的；限制性强的
strip	n. 狭长地带|n. 长条材料|v. 剥去；除去|v. 脱掉衣服|n. 漫画连载|n. 飞机跑道|n. 纽约客牛排|n. 商业娱乐街|n. 脱衣表演|n. 脱衣游戏|v. 表演脱衣舞|v. 夺去；剥夺
stripe	n. 条纹图案中的一道色带|n. 一道细长的色带或色痕|v. 给……加上条纹|n. 制服上的等级条纹标志|n. 特征；类型|n. 台球中的条纹球|n. 鞭打留下的长痕；鞭打|n. 惩罚性割痕|n. 织物中的色带排列|n. 跨磁盘分布的数据段|n. 赛车起终点线|v. 用鞭子或带子抽打
strive	v. 努力争取；奋力达到|v. 与……抗争；奋力对抗|v. 竞争；争胜
stroke	n. 一击；打击|n. 笔画；一笔|n. 中风|v. 轻抚；抚摸|n. 类似击打的动作|n. 运动中的一次动作|n. 重大打击；灾难|n. 高明之举；成就|n. 文章中的点睛之笔|n. 一道闪电|n. 安抚或鼓励|v. 给字母 t 加横线
stroll	n. 悠闲散步|v. 悠闲漫步|v. 轻松走到|v. 轻松完成|n. 一种舞蹈|v. 拉客卖淫
stroller	n. 婴儿推车|n. 漫步者|n. 流浪者|n. 半正式男士日间服装
strong	adj. 身体强壮|adj. 结实耐用|adj. 刺激性强|adj. 力量或实力强|adj. 意志坚定|adj. 气味或味道浓烈|adj. 浓度或效力高|adj. 酒精度高|adj. 难以攻破|adj. 经济或资源雄厚|adj. 人数为……|adj. 严重；程度很高
strongly	adv. 强有力地|adv. 非常；强烈地
structural	adj. 结构上的|adj. 涉及建造构造的|n. 结构钢
structure	n. 由部分搭成的整体|n. 整体的组织方式|v. 安排、组织|n. 物体内部或外部的形状构造|n. 规定行为的制度框架|n. 作为整体处理的一组数据|n. 水下吸引鱼类的地形或物体|n. 有共同目标的组织实体|n. 带运算和关系规则的集合
struggle	n. 身体挣扎|v. 艰难应对|n. 艰苦奋斗；冲突|v. 奋力争取；对抗|v. 身体挣扎
stubborn	adj. 固执的；顽固的|adj. 僵硬难加工的|n. 固执|n. 柑橘病害
stubbornly	adv. 固执地；倔强地
stuck	adj. 被卡住，动不了|adj. 事情卡住，无法继续|adj. 程序卡死，不再响应|adj. 没钱可用|n. 刺击
student	n. 某领域的学习者|n. 在校学生|adj. Student's 的省略形式
studio	n. 艺术家工作室|n. 录音或影视制作场所|n. 艺术教学场所|n. 影视或唱片制作公司|n. 单间公寓
studiously	adv. 故意地；好学地；注意地
study	n. 学习；研习|n. 研究；考察|v. 学习；复习|v. 研究|v. 仔细查看|n. 研究对象；研习内容|n. 书房|n. 练习性作品|n. 练习曲|n. 学术研究报告|v. 攻读；修读|v. 思考；琢磨
stuff	n. 东西；个人物品|n. 事情；各种事|n. 材料；物质|v. 塞满；填入|v. 挤入；塞进空间|v. 吃得很饱|n. 不知名的东西|n. 废话；无聊话|v. 给食物填馅|v. 装入运输容器|v. 大吃；猛吃|v. 撞坏；弄坏
stumble	n. 绊倒；失足|v. 绊倒；跌跌撞撞地走|v. 犯错；遇到困难|n. 失误；小错误|n. 跌跌撞撞的走路|v. 偶然遇到；意外发现|v. 使绊倒|v. 使误入歧途；使犯错
stun	n. 昏厥或懵住的状态|n. 令人震惊的冲击|v. 击晕；使失去行动能力|v. 使震惊；使愣住|n. 台球中的停滑击球|v. 用停滑击法击打母球|v. 进入被击懵状态|n. 笨人|n. 使人失去攻击力的低档能量|v. 没收装备作为惩罚
stunning	adj. 美得惊人的|adj. 令人震撼地好|adj. 使人失去反应的|v. 正在击昏；使人发懵|n. 击昏行为
stupid	adj. 愚蠢的；不明智的|adj. 该死的；恼人的|adj. 使人发懵；使人麻木|adj. 惊人地棒的|adv. 非常；极其|n. 笨蛋；蠢人|n. 愚蠢；蠢劲|adj. 麻木发呆的
sturdy	adj. 结实的；强健的|adj. 结构牢固的|adj. 坚定的；坚决的|adj. 顽固的；执拗的|n. 动物脑部寄生虫病
style	n. 表达风格|n. 创作或呈现方式|v. 按某种风格设计|v. 正式称作|v. 为某人打造形象|n. 尖头工具的古义|n. 刻写用的尖笔|v. 故意表现得很有派头
stylish	adj. 有型的；时髦的|adj. 优雅而有品味的|adj. 具有鲜明风格的
stylishly	adv. 时髦地, 新式地
stylist	n. 设计师|n. 文风独特的人|n. 发型师|n. 艺术风格鲜明的人
su	n. 星期日缩写|n. 学生会缩写|n. 州立大学缩写|n. 特殊酉群缩写|n. 统计单位缩写
sub	n. 长面包三明治|n. 替补者|prep. 在……下面|v. 代替|n. 潜水艇|n. 订阅费|n. 字幕|n. 低音音箱|n. 投稿|n. 订阅者或订阅数|n. 子版块|v. 代课
sub-discipline	n. 学科的分支；副学科
subconscious	adj. 潜意识的；下意识的|n. 潜意识|adj. 半清醒的
subconsciously	adv. 下意识地；潜意识地
subfield	[计] 子字段
subject	adj. 容易受到……影响|adj. 受条件约束|n. 主语|n. 主题；谈论对象|v. 使遭受；使经历|n. 行动者或参与行动的人|n. 学科|n. 君主制国家的臣民|n. 被统治的人|n. 研究或实验对象|v. 使屈从；使受支配|adj. 位于……之下
subjective	adj. 基于个人感受的|adj. 源于个人心理状态的|adj. 只有本人能直接体验的|adj. 与主体而非客体有关的|adj. 缺乏现实或实体的|adj. 荣格所说的内向型世界取向|adj. 只标示施事者的|n. 主格|n. 主格名词或代词
submarine	adj. 水下的|n. 潜水艇|adj. 隐藏的；未公开的|n. 长面包三明治|n. 低手投球|v. 暗中摧毁；突然破坏|v. 下沉；从下方穿过|adj. 低位投出的|n. 水下生物或植物|n. 偷乘船的人|v. 在潜水艇上服役|v. 从安全带下方滑出
submerge	vt. 使浸水, 使陷入, 淹没|vi. 潜入水中
submicroscopic	a. 亚微观的, 普通显微镜下看不出的
submillimeter	亚毫米
submission	n. 服从；投降|n. 提交；提交行为|n. 提交的材料；呈交物|n. 降服技|n. 任务分项
submissiveness	n. 柔顺；服从
submit	v. 屈服；服从|v. 提交；呈交|v. 交出；使屈服|v. 使接受处理或检验|v. 以降服取胜|v. 使降低；使下垂|v. 置于下方
suboptimal	[计] 次最优的|[医] 最适度下的
subordinate	adj. 较低层级的|adj. 从属的（语法）|v. 使从属于；使次要|adj. 受支配的；服从的|n. 下属|v. 把某人当作较不重要的人|adj. 按层级递降的|n. 下位词
subscribe	v. 订阅出版物|v. 订购服务|v. 赞同观点|v. 付费成为会员|v. 向共同基金捐款|v. 认购股份|v. 关注并接收更新|v. 注册接收通知或事件|v. 签名认捐|v. 签署并表示同意|v. 在文件末尾签名|v. 放弃或屈服
subscriber	n. 订阅者；用户|n. 订阅组件；事件接收方
subscription	n. 订阅；订阅资格|n. 正式签署；签名确认|n. 签名|n. 认捐；捐款承诺
subsequent	adj. 随后发生的；后来的|adj. 顺序或位置上后面的|adj. 顺着易侵蚀地质线形成的|n. 顺向河流或断层
subsequently	adv. 后来；随后|adv. 因此；于是
subsidise	vt. 给...补助金, 津贴, 资助
subsidize	v. 补贴；资助
subsidy	n. 补贴；资助|n. 议会拨给英国王室的款项
substance	n. 物质；材料|n. 实质；核心内容|n. 坚实度；厚实感|n. 财产；资产|n. 毒品；违禁药物|n. 本体；本质实体|v. 使具体化；使有实质
substantial	adj. 真实的；确实的|adj. 大量的；可观的|adj. 丰盛的；足以填饱的|adj. 结实的；坚固的|adj. 富有的；家产丰厚的|adj. 重要的；实质性的|adj. 实际存在的|adj. 有形的；物质的|n. 有实质的事物；核心部分
substantially	adv. 大幅地；很大程度上|adv. 基本上；实质上|adv. 在重要方面；基本符合要求
substantiate	v. 用证据证实|v. 使具体化并留下记录
substitute	n. 替代物；替代者|v. 用……代替……|n. 代课教师|n. 替补队员|v. 以 X 替代 Y|v. 用 Y 替换 X|v. 换下并换上另一名队员|v. 充当替代者|n. 代人服兵役者|n. 替代品（经济学缩写）
substitution	n. 替换；替代过程|n. 替代物；替代者|n. 原子或原子团的替换|n. 用本族语替代外来词
subtitle	n. 屏幕字幕|n. 副标题|v. 给影片加字幕
subtle	adj. 细微的；精巧而不明显的|adj. 含蓄的；难以察觉的|adj. 纤细的；轻薄的|adj. 轻的；不稠密的|adj. 航海或运输语境中的旧义|adj. 机敏而狡黠的|adj. 旧式的具体用法|n. 精巧或机敏者的统称|v. 使更含蓄或不明显|v. 烧成灰
subtly	adv. 巧妙地；不露痕迹地
subtract	v. 减去；扣除
suburb	n. 城市外围的住宅区|n. 城市群中的分区|n. 外围环境；边缘地带
suburban	adj. 郊区的；城市外围的|n. 郊区居民|n. 一种旅行车式汽车
subway	n. 地铁；地下铁路|n. 地铁列车|n. 快速公共交通系统|n. 地下人行通道|v. 乘地铁出行|n. 地下管道通路|n. 动物的地下通道
succeed	v. 成功做到|v. 取得成功|v. 接在后面|v. 接替职位|v. 随后发生|v. 继任或继承|v. 进展顺利|v. 促成成功|v. 家族传承|v. 继承|v. 走近|v. 误作“脱离”
success	n. 达到目标；成功|n. 经济上的成功；盈利|n. 成功者；成功的事物|n. 财富、尊重或名望上的成功|n. 结果；后果
successful	adj. 成功的；有效的
successfully	adv. 成功地；顺利完成地
succession	n. 连续；接连出现|n. 继承；接替|n. 世代传承；家世
successive	adj. 连续的；接连的|adj. 继承的；接替的|adj. 连续体的（语法术语）
successor	n. 职位或头衔的继任者|n. 顺位中的下一位继承人|n. 继承头衔或职位的人|n. 数学中的后继项或后继数
succumb	v. 抵挡不住诱惑或强大力量|v. 让步；屈服|v. 因疾病或伤势去世|v. 压倒；击垮
such	det. 这样的；这种的|det. 如此；这么|det. 任何这样的；其他此类的|pron. 这样的人或事物|det. 某个这样的|n. 类似的对象
suck	n. 吸吮；吸入的一口|n. 吸入；抽吸|n. 吸力|v. 吸入；吮吸|v. 吸取；抽走|v. 吸向；吸走|n. 母乳|n. 软弱爱抱怨的人|n. 拍马屁的人|n. 糟糕；差劲|v. 吃奶；吮吸|v. 含住并吸吮
sudden	adj. 突然的；出乎意料的|adj. 仓促的；迅速准备的|adj. 仓促的；鲁莽的|adv. 突然地|n. 意外事件；突发情况
suddenly	adv. 突然地；忽然
sue	v. 起诉；提起民事诉讼|n. 玛丽苏式角色|v. 请求；恳求|v. 清洁喙部|v. 使船搁浅|v. 求爱|v. 跟随
suffer	v. 经历苦难|v. 感到疼痛|v. 变得更糟|v. 忍受|v. 允许
suffice	v. 足够；足以|v. 满足；使……足够满意|v. 充分供应
sufficient	adj. 足以满足要求的|det. 足够的|adj. 有能力胜任的|det. 足够的数量|adj. 有责任能力的|adj. 经济上足以自立的
sufficiently	adv. 充分地；足够地|adv. 达到足够程度地
sugar	n. 糖|n. 亲爱的|v. 加糖；使变甜|v. 粉饰；缓和|intj. 糟糕！|n. 一种糖|n. 糖类|n. 一勺糖|n. 糖尿病|n. 甜言蜜语|n. 语法糖|v. 使用语法糖改写
sugary	adj. 含糖很多的|adj. 甜得发腻的|adj. 喜欢甜食的
suggest	v. 暗示；言下之意是|v. 提议；建议|v. 使人联想到；使人想到|v. 诱使作恶
suggestion	n. 建议；提议|n. 建议这一行为；暗示|n. 暗示出的想法|n. 催眠暗示|n. 未经证实的说法
suggestive	adj. 有暗示性的；让人联想到的|adj. 暧昧的；带有挑逗意味的|adj. 与催眠暗示有关的
suicidal	adj. 有自杀倾向的|adj. 与自杀有关的|adj. 自杀式的；极其危险的|adj. 鲁莽得近乎自杀的|n. 自杀者；有自杀倾向的人
suicide	n. 自杀行为|n. 自取毁灭|n. 一次自杀事件|n. 与自杀式爆炸有关的|v. 自杀|n. 自杀者|n. 混合汽水|n. 空竹回转动作|n. 折返冲刺训练|n. 撞墙淘汰游戏|v. 伪装成自杀而杀死|v. 自我毁灭
suit	n. 成套服装；西装|v. 使相配；使适合|v. 适合；与某人相称|n. 特定活动用的服装|n. 穿西装的人；老板或主管|n. 诉讼；官司|n. 纸牌花色|v. 适合某人的形象|v. 使满意；合乎口味|v. 相合；相符|n. 女式连衣裙或套装|n. 全套盔甲
suitability	n. 适合性；合适程度
suitable	adj. 合适的；适宜的
suitably	adv. 恰当地；合乎情境地
suitcase	n. 行李箱|n. 系统资源文件|v. 带样品箱交易|v. 俚语：隐秘夹带
suite	n. 成套的一组|n. 套房|n. 组曲|n. 大型作品的器乐选段|n. 软件套件|n. 随从团队
sulfur	adj. 硫黄色的|adj. 带硫味的|n. 硫；硫元素|n. 硫黄色|v. 用硫处理|n. 硫黄色蝶
sulfuric	adj. 硫的；硫酸的
sulphur	n. 硫, 硫磺
sum	n. 总数；和|n. 概括；全部内容|v. 相加|v. 概括|n. 计算题|n. 一笔钱|n. 要点；核心意思|n. 吉尔吉斯斯坦货币单位|n. 乌兹别克斯坦货币单位|n. 极致；最高程度|n. 旧制谷物容量单位|n. 行政区
summarise	vt. 概括, 总结, 摘要, 概述
summarize	v. 总结；概括成摘要|v. 概述；回顾要点
summary	adj. 简明的；摘要式的|n. 摘要；总结|adj. 草率而快速的|adj. 依法省略完整审判程序的
summer	n. 夏季|n. 年岁|n. 黄金时期|v. 度过夏天|n. 夏型肤色|n. 承重横梁|n. 驮马|n. 求和者|n. 求和装置或算法
summit	n. 顶端；山顶|n. 成就的巅峰|n. 高峰会议|v. 登上某山山顶|v. 登顶|v. 参加高峰会议|n. 生物体的顶端|n. 晶体的顶端|n. 最高政治领导层
summon	v. 叫某人到场|v. 用魔法召唤|n. 召来的生物|n. 罚款|n. 罚单|v. 召集人们|v. 叫来并送到|v. 调动自己的能力|v. 传唤出庭|v. 开罚单或罚款|n. 召唤或命令
sumner	n. 传唤者（旧）
sun	n. 太阳；恒星|n. 阳光；日照|v. 把……拿去晒|v. 晒太阳|n. 耀眼之物；光辉|n. 星期日缩写|v. 晒热；晒干|n. 日出或日落|n. 一年|n. 一天|n. 塔罗牌“太阳”|n. 雷诺曼牌“太阳”
sunbathe	n. 日光浴
sunday	n. 星期日；礼拜日|adv. 在星期日|n. 星期日报纸|n. 讲究而适合礼拜日的|n. 星期日漫画版|n. 偶尔做而不熟练的|v. 度过星期日
sunlight	n. 阳光；日光|n. 希望；明朗的心境|n. 日出|n. 有光照的海洋区域|v. 白天做副业
sunny	adj. 阳光明媚的|adj. 开朗愉快的|adj. 向阳的|adv. 蛋黄朝上地|adj. 太阳般明亮的|n. 太阳鱼
sunrise	n. 日出时分|n. 日出景象|n. 新的觉醒或开端|v. 逐步引入
sunscreen	n. 防晒霜|v. 给……涂防晒霜
sunset	n. 日落时分|n. 末期；晚年|n. 晚霞与落日景色|n. 规定的终止日期|v. 逐步停用|n. 西方；日落方位
sunshine	n. 阳光；太阳光和热|adj. 公开透明的|n. 有阳光的地方|n. 开朗；愉快的气氛|n. 带来快乐的人或事|n. 阳光带来的照耀和温暖效果|n. 亲昵称呼|n. 带讽刺意味的称呼|n. 对刚醒或犯困者的称呼|n. 橙色阳光
sunspot	n. 太阳黑子, 雀斑
super	adj. 特别优秀的|adv. 非常|adj. 非常好的|adv. 完全地|n. 退休金|n. 超级计算机|n. 超级英雄|n. 楼房管理员|n. 主管|n. 叠加字幕或图像|n. 加蜂箱|n. 超自然主义者
superb	adj. 极好的；一流的|adj. 宏伟壮丽的|adj. 傲慢的；高傲的
supercluster	n. [天]超星系团
supercomputer	n. 超级计算机
superconductor	n. 超导体, 超导电体
supercool	vt.vi. (使)过冷
superficial	adj. 貌似真实但经不起细看|adj. 肤浅的；不深入的|adj. 表面的；位于表层的|adj. 表层的；浅层的|n. 表面细节|adj. 平面的；二维的|adj. 按覆盖面积计量的
superfluid	n. 超流体
superfluous	adj. 多余的；非必要的
superhigh	a. 超高的
superior	adj. 更好；更高等|adj. 地位更高|n. 上级；上司|adj. 不为痛苦所动|adj. 上标的|adj. 上方的；上部的|adj. 上位的；范围更大的|adj. 摆出高人一等的样子|n. 上标符号|adj. 轨道位于更外侧的|n. 土地授予人
superiority	n. 优越性；优势|n. 领主对封臣土地的权利
superman	n. 哲学上的超人|n. 能力非凡的人|n. 普通名词的小写形式|n. 俯卧抬臂抬腿练习|n. 空中放手动作|n. 红黄蓝混合冰淇淋
supermarket	n. 大型自助商店|n. 超市连锁企业|n. 一站式选择平台
supersonic	adj. 超声速的；超过音速的|adj. 超声的；频率高到听不见的|n. 超声速飞机
superstar	n. 超级明星；顶级名人|n. 超级员工；表现突出的员工|n. 巨大的恒星
superstition	n. 迷信；迷信观念|n. 过分拘谨；过度讲究
superstitious	adj. 相信迷信的|adj. 迷信的；带有迷信色彩的|adj. 过分拘谨的
supertanker	n. 超级油轮, 巨大油轮
supervise	v. 监督并指导|v. 浏览阅读
supervision	n. 监督行为|n. 负责监管|n. 大学辅导课
supervisor	n. 监督工作的人|n. 检查是否合规的人|n. 美国县政府监督委员会成员|n. 管理其他进程的程序
supper	n. 晚餐|v. 吃晚餐|n. 睡前餐|n. 炸物配薯条的晚餐|v. 睡前吃一点|v. 给人或动物供应晚餐|n. 慢饮者
supplement	n. 补充物；补足之物|n. 补充文件；增刊|v. 补充；补足|n. 报刊专刊；增刊|n. 营养补充剂|n. 附加费；额外费用|n. 补角|n. 附加成分
supplier	n. 供应商；提供者|n. 助攻者；为进球创造机会的人
supply	n. 供应；供给|n. 供应量；供应物|v. 提供；供应|n. 物资；给养|n. 临时代替者|v. 为……配备；供给……使用|v. 补充；使保持充足|v. 补足；弥补|adv. 柔韧地；灵活地|n. 政府拨款|v. 代替；顶替|v. 做代理；代班
support	n. 支撑物|n. 支持；援助|v. 支撑|v. 支持；拥护|v. 为……提供证据|n. 客户支持|n. 支持某观点的证据|n. 兼容；支持某功能|n. 配角支持|n. 伴奏|v. 维持；供养|v. 资助
supporter	n. 支持者；拥护者|n. 支撑物；支持因素|n. 支撑物的简略说法
supportive	adj. 给予支持的
suppose	v. 认为；料想|v. 假设；设定条件|v. 设想；想象成|v. 以……为前提；意味着必须有|v. 视为；认作|v. 欺诈性替换
supposedly	adv. 据说；据称|adv. 非标准地表示“应该是”
supposing	v. suppose的现在分词或动名词|n. 假设；猜想这一行为
suppress	v. 压制；镇压；禁止|v. 忍住；抑制|v. 压抑记忆或想法|v. 压下消息；禁止发表|v. 抑制流动|v. 排除证据|v. 抑制信号频率|v. 压制敌方行动|v. 压住；固定在低处
suppression	n. 压制；抑制行为|n. 受压制；被抑制的状态|n. 心理抑制|n. 军事压制|n. 视觉抑制
supreme	adj. 最高权威的|adj. 至高无上的；极度的|n. 什锦披萨|adj. 位于最高处的|n. 最高点；顶点|n. 带翼骨的禽胸肉|n. 去除不可食部分的食材|v. 精细剥取柑橘果瓣
sure	adj. 可靠的；稳妥的|adj. 确信的；确定的|adj. 必定会；务必|adv. 当然；肯定地|intj. 当然；好的|intj. 嗯，可以吧|intj. 不客气|adj. 安全的|adj. 订婚的|adv. 必定；无疑
surefire	a. 准不会有错的, 定能达到目的的
surely	adv. 稳步而必然地|adv. 肯定；当然|adv. 稳稳地；有把握地
surf	n. 海岸破浪|v. 乘浪板冲浪|v. 上网浏览|n. 一次冲浪活动|v. 在某地冲浪|v. 在浪中游泳|n. 模仿冲浪动作的舞蹈|n. 排水沟底部
surface	n. 表面；表层|n. 外壳；外层|v. 浮出水面|v. 浮现；显现|n. 外表；表面形象|v. 给……加表层|v. 使浮出水面|v. 现身；不再躲藏|v. 使……显现；公开|n. 曲面|n. 填字线面|v. 在近地表处采矿
surge	n. 骤增；突然涌动|n. 电涌；电压或电流骤升|v. 突然猛增；涌起|n. 海浪的涌动|n. 短时间大规模部署|v. 突然向前冲|n. 车辆前后摆动的最大幅度|n. 喷气发动机喘振|n. 泉；喷泉|n. 绞盘或绞车卷筒的锥形部分|v. 发动机喘振|v. 放松缆绳
surgeon	n. 外科医生|n. 刺尾鱼
surgery	n. 外科手术|n. 外科专业|n. 手术室或外科科室|n. 医生诊所（英）|n. 医生接诊时段（英）|n. 大幅改动|n. 公开接待会（英）|n. 快速破产安排|n. 流形的切除与拼接
surgical	adj. 手术的；与手术有关的|adj. 精准的；极其准确的|adj. 漫长而难熬的
surname	n. 姓；姓氏|v. 给……加姓|n. 附加称号|n. 绰号；别名|n. 罗马姓名中的第三名|n. 氏族|v. 以姓或别名称呼
surpass	v. 超过；胜过
surplus	adj. 多余的；过剩的|n. 剩余；过剩；盈余|n. 政府财政盈余|n. 资产盈余|v. 使多余；裁撤|n. 专款结余
surprise	intj. 惊喜揭晓|n. 意外之事|n. 惊讶的感觉|v. 使某人感到意外|intj. 讽刺地说“意料之中”|v. 给某人制造意外|v. 不容易感到意外|v. 令人意外|v. 突然袭击|v. 趁人不备打断或突袭
surprisingly	adv. 出乎意料地；异常地
surrender	n. 投降；屈服|n. 交出；放弃占有物|v. 交给他人控制|v. 向敌人交出城镇或堡垒|v. 投降；自首|v. 放弃权利或优势|v. 顺从情绪或影响|n. 交回租赁权|v. 牌局中弃牌认输|v. 提前终止保险合同
surrey	n. 轻型马车
surround	v. 围绕；环绕|n. 外围框架；饰面|v. 包围；围困|v. 绕行；环游
surrounding	n. 周边地区|n. 环境|v. 正在围住；围住这一动作
surroundings	n. 周围环境；身边景物和氛围|n. 系统外部环境
surveillance	n. 对可疑对象的监视|n. 通过各种手段进行系统监视|n. 持续监测疾病等情况|n. 警方持续观察以搜集犯罪证据
survey	n. 检查；调查|n. 民意调查|v. 查看全貌；俯瞰|v. 检查并评估|v. 调查意见|n. 概览；总览|n. 土地测量；勘测|n. 测量图；勘测说明|n. 问卷；调查表|v. 仔细审视|v. 测量；勘测|n. 历史上的租赁拍卖
surveyor	n. 土地测量师|n. 调查员|n. 检验或估价人员
survival	n. 幸存；继续存在|n. 生存用的；有助于生存的|n. 保级；避免降级|n. 遗存；沿袭下来的旧习俗或观念
survive	v. 活下来；仍然活着|v. 继续存在；留存下来|v. 熬过；在事件中活下来|v. 比……活得久；比……持久|v. 避免降级；保住联赛席位|v. 遭受严重伤害后活下来并逐渐康复
susceptibility	n. 易受伤害或感染|n. 情感敏感|n. 对治疗的易感性|n. 电极化易感性
susceptible	adj. 容易受到影响|adj. 容易轻信或受骗|adj. 对刺激特别敏感或易感|n. 易感者|adj. 可接受特定处理|adj. 脆弱的；易受攻击的|adj. 适合接受某种处理
suspect	adj. 可疑的；不可靠的|v. 推测；猜想|v. 怀疑；不信任|n. 嫌疑人|v. 怀疑某人有罪|v. 心里有所怀疑|adj. 对……起疑的（非标准用法）|v. 敬重；仰望（过时）
suspend	v. 暂时暂停|v. 暂缓决定|v. 悬挂|v. 中断功能或任务|v. 使粉末悬浮|v. 暂时停职或停权|v. 使取决于|v. 搅拌使粉末悬浮|v. 取消机票未使用航段的价值
suspension	n. 悬挂；悬置状态|n. 暂时中止；暂停|n. 悬浮液；悬浮状态|n. 悬念；期待中的不确定状态|n. 停职；暂时禁止参加组织活动|n. 停学|n. 汽车悬挂系统|n. 淤泥；泥浆|n. 音乐中的延留音|n. 暂缓执行判决|n. 悬空间|n. 悬挂函子
suspicion	n. 怀疑有问题|n. 疑虑；不确定|n. 被怀疑的状态|n. 一丝；一点迹象|n. 无证据的猜想|v. 怀疑
suspicious	adj. 可疑的；引起怀疑的|adj. 多疑的；不信任别人的|adj. 流露怀疑的
suspiciously	adv. 带着怀疑地|adv. 可疑地；令人起疑地|adv. 说来也可疑地|adv. 可疑地达到某种程度
sussex	n. Sussex 鸡
sustain	v. 维持；使继续存在|v. 支撑；承托|v. 供养；滋养|v. 支持；鼓励|v. 遭受；承受|v. 支持；证实；维持有效|n. 延音装置|v. 裁定有效；接受异议|v. 帮助；安慰；为……辩护
sustainability	n. 生态或资源的可持续性|n. 制度或活动的长期延续能力
sustainable	adj. 能长期维持的|adj. 环保且可长期维持的|n. 可再生能源
sustainably	adv. 支撑得住；能保持住地
swab	n. 拭子；棉签|n. 拭子样本|v. 用拭子擦拭|n. 清洁或取样用的擦拭物|n. 船上拖把|n. 水手|n. 海军肩章
swallow	n. 燕子|v. 吞下|n. 一口；吞咽动作|v. 吞没；吸收|v. 吞咽|v. 轻信；照单全收|v. 吞没；完全占据|v. 忍受；咽下这口气|n. 深渊|n. 喉咙|n. 滑轮组的绳槽开口|n. 尼日利亚主食
swamp	n. 沼泽；湿地|v. 淹没；灌满水|v. 使忙不过来；压垮|n. 混乱难办的处境|n. 美国政治中的“沼泽”|v. 压倒；使毁掉|v. 清除灌木以开路
swan	n. 天鹅|n. 优雅的人|n. 悉尼天鹅队相关人士|n. 斯旺西城队相关人士|v. 闲逛；晃来晃去|n. 纹章中的天鹅图案|n. 无名称综合征|v. 我敢说；我发誓
swap	n. 交换；互换|v. 交换；互换|n. 金融互换|n. 交换空间|n. 大学社团聚餐（剑桥俚语）|n. 击打；一下重击|v. 击打|v. 猛扇；拍打|v. 猛然下降；急冲
swarm	n. 蜂群；虫群|n. 蜂拥的人群；成群移动的事物|v. 成群移动|v. 挤满；充斥着|v. 蜂拥进入或占据|v. 蜂拥攻击；压倒|n. 共享同一资源的节点群|n. 地震群|v. 交替攀爬|v. 大量繁殖
swath	n. 大片范围|n. 镰刀割过的一道地带|n. 小水线面双体船设计
sway	n. 摇摆动作|n. 摇晃；摆动|n. 影响力；分量|v. 摇摆；摇动|v. 影响；左右|n. 优势；平衡倾向|n. 统治权；支配|v. 挥动；操弄|v. 使倾斜；使偏向|v. 偏向；倾斜|v. 有分量；有影响|n. 茅草工使用的绑扎杆
swear	v. 发誓；郑重承诺|v. 发誓证明；宣誓说|v. 敢保证；强烈断言|v. 说脏话；爆粗口|n. 脏话；粗话|v. 使某人宣誓|adj. 沉重的|adj. 头重脚轻的；过高的|adj. 迟钝懒散的|adj. 不情愿的|adj. 吝啬的|n. 短暂休息；歇工
sweat	n. 汗|n. 辛苦劳动|v. 出汗|v. 辛苦工作|v. 担心某事|n. 出汗状态|n. 物体渗出的水分|n. 极度好胜的玩家|v. 使出汗|v. 担心|v. 冒出或渗出|v. 渗出水分
sweater	n. 运动前后穿的针织上衣|n. 保暖针织上衣|v. 给……穿上毛衣|n. 出汗的人|n. 使人出汗的东西或人|n. 发汗药|n. 剥削性的加工中间人|n. 通过摇晃硬币而磨损硬币的人|n. 安妮女王时期伦敦的持剑街头暴徒
swede	n. 黄色根菜|n. 瑞典人|n. 这种根菜的植株|n. 芜菁|v. 低成本重拍电影|n. 头|n. 古代瑞典部族成员
swedish	adj. 瑞典的；瑞典人的|adj. 瑞典语的
sweep	n. 一次清扫|v. 扫干净|v. 扫过；掠过|v. 彻底搜查|n. 彻底搜查|n. 席卷性的破坏|n. 转动弧度|n. 曲线弯势|n. 大片区域|v. 迅速通过|v. 打横扫球|v. 挥动着扫过
sweet	adj. 甜的|adj. 可爱善良的|n. 甜味|adj. 含糖的|adj. 不咸的|adj. 香甜的|adj. 新鲜的|adj. 悦耳的|adj. 体贴的|adj. 很棒的|adj. 迷恋的|adj. 淡水的
swell	n. 膨胀；增大|n. 鼓起处；隆起物|n. 涌浪|v. 变大；肿胀|v. 使变大；使膨胀|v. 声音逐渐增强|adj. 时髦的；讲究的|adj. 很棒的；极好的|adv. 很好地；顺利地|n. 力度或气势的增强|n. 渐强后渐弱|n. 小丘；隆起地形
swetnam	[人名] 斯韦特纳姆
swift	adj. 迅速的|n. 雨燕|adj. 高速移动的|adv. 快速地|n. 石龙子属蜥蜴|n. 蝙蝠蛾科蛾类|n. 快速飞行的弄蝶类|n. 绕线用轻便纱框|n. 梳理机主滚筒|n. 水流|n. 风险分析方法缩写|n. 傅里叶变换术语缩写
swiftly	adv. 迅速地；飞快地
swim	n. 游泳；一次游泳|v. 游泳；在水中前进|n. 活动潮流；圈子|v. 沉浸于；充满|v. 在多余空间中晃动|v. 游过；游某种泳姿或项目|v. 被水淹没或浸透|v. 摆动着滑行|v. 拥有大量|v. 头晕目眩|n. 鱼的声音或鱼鳔|n. 鱼多的溪流水段
swine	n. 猪；猪类动物|n. 令人鄙视的人|n. 猪；家畜猪|n. 警察（贬称）|n. 棘手的东西；令人头疼的事
swing	n. 秋千|n. 变化幅度|v. 绕固定点摆动|v. 挥动；来回移动|n. 摆动；挥动|n. 挥动方式|n. 摆动范围|n. 悬挂物|n. 摇摆舞|n. 摇摆乐|n. 球的侧向偏移|n. 音乐剧替补演员
swiss	adj. 瑞士的；瑞士人的|n. 瑞士人|n. 瑞士奶酪|v. 擀压或捶打使变软
switch	n. 开关|n. 转换；交换|v. 交换|v. 用开关改变状态|adj. 前后脚互换的|adj. 倒滑的|n. 铁路道岔|n. 命令行选项|n. 分支结构|n. 网络交换机|n. 任天堂 Switch 游戏机|v. 换位置或任务
swollen	adj. 肿胀的；肿起来的
sword	n. 剑；长刃武器|n. 剑牌组|n. 织机端杆|v. 用剑刺或砍
symbol	n. 代表意义的符号或字符|n. 象征某种观念的事物|v. 象征；代表|n. 语言学中的任意指称符号|n. 调试器中的程序标识|n. 通信中的不可再分信号|n. 信仰纲要|n. 表示位置的数值表达式|n. 共同基金中的分摊义务|n. 份额或分配额
symbolic	adj. 与符号有关的|adj. 象征性的；代表另一层意义的
symbolically	adv. 象征性地|adv. 通过符号|adv. 作为象征
symbolise	vt. 象征, 代表, 作为...的象征|vt.vi. 用符号表示, 使用符号
symbolize	v. 象征；代表|v. 用象征手法表达|v. 相似；相合|v. 信仰一致；意见相同
symmetry	n. 严格对称|n. 协调均衡
sympathetic	adj. 表示同情的|adj. 讨人喜欢的|adj. 有对应或共鸣关系的|adj. 能产生共振的|adj. 交感神经的|n. 交感神经
sympathetically	adv. 怜悯地, 同情地
sympathise	vi. 同情, 表示同情, 同感, 一致, 共鸣, 同意, 赞同, 赞成, 吊唁, 吊慰
sympathize	v. 感同身受；表示同情|v. 支持；站在一边|v. 说出同情的话|v. 感受相通|v. 共同经历某种感受|v. 协调一致；相合
sympathy	n. 同情；怜悯|n. 共鸣；志趣相投|n. 同情；支持某一方|n. 共鸣；共同感受|n. 相互呼应；相互影响的关系
symphony	n. 交响乐；交响曲|n. 和谐交织的整体|n. 声乐作品的器乐前奏或尾声|n. 交响乐团
symposium	n. 专题研讨会|n. 专题论文集|n. 古希腊饮酒聚会
symptom	n. 疾病症状|n. 问题的迹象
synaptic	adj. 突触的|adj. 同源染色体配对的
syndrome	n. 症状组合；综合征|n. 典型问题的一套表现
synthesis	n. 组合成整体|n. 波形合成|n. 化学合成|n. 由一般到具体的逻辑推演|n. 综合正反命题|n. 把思想合成句子|n. 情报综合研判|n. 文字的谐和安排|n. 分离部分的重新结合|n. 古罗马宴饮服装
synthesize	v. 综合出新的整体|v. 组合后形成新的整体|v. 通过化学合成制得|v. 经化学合成而生成
synthetic	adj. 与合成有关的|adj. 人造的；非天然的|adj. 合成制成的|adj. 仿天然作用的合成的|n. 合成物；合成材料|adj. 综合型构词的|adj. 综合型语言的
system	n. 由相关部分组成的整体|n. 一套组织或计划方法|n. 既有权力结构|n. 角色扮演游戏规则体系|n. 多个心理部分组成的系统
systematic	adj. 按计划和步骤进行的|adj. 有条理而规律的|adj. 从整体系统来研究的|adj. 与分类学有关的|adj. 符合化学规范命名的|adj. 与某种体系有关的|adv. 有系统地
systematically	adv. 有系统地；按步骤地
systematicness	系统性
systemic	adj. 系统性的；遍及整体的|adj. 全身性的
t	num. 第二十（小写形式）|num. 第二十（大写形式）|adj. 青少年评级相关|adj. 应税的|adj. 跨性别或变性相关的|n. 时间|n. 吨|n. 公吨|n. T 恤|n. 星期二|n. 星期四|n. 男高音
t-shirt	n. T恤；短袖无领上衣|n. 贴身内衣（旧用法）
table	n. 桌子|n. 数据表格|v. 制成表格|v. 提交议题讨论|n. 桌上的饭菜或用餐场合|n. 围桌的一群人|n. 牌桌上的牌局或牌手|n. 角色扮演游戏的一桌玩家|v. 暂缓处理|v. 放在桌上|n. 弦乐器面板|n. 钻石台面
tablet	n. 刻字的石片、木片或泥板|n. 药片或固体片剂|n. 平板电脑|n. 装订在顶部的便笺本|n. 数位板|v. 制成片剂|n. 巴哈伊教经文|n. 苏格兰甜食块|n. 单线铁路通行牌
taboo	adj. 禁忌的；不可触碰的|n. 禁忌；社会避讳|v. 列为禁忌|adj. 文化上禁忌的|n. 禁忌对象|v. 禁止|v. 避开
tackle	n. 抓取和移动装置|v. 把人摔倒|v. 着手处理|n. 滑轮组|n. 钓鱼器材|n. 设备、装备|n. 抢球动作|n. 放倒持球者|n. 拦截并放倒|n. 进攻截锋|n. 防守截锋|v. 抢球
tactic	n. 达到目的的手段|n. 对付敌手的战术|n. 棋类中的限制性妙着|adj. 战术的|adj. 等规排列的
taft	v. 使管口外扩成法兰边
tag	n. 实物标签|v. 给……贴标签|v. 在网上标记用户|n. 附加部分|n. 文本或媒体标签|n. 网页或技术标签|n. 身份标识（美式）|n. 名字或外号（俚语）|n. 被触碰标记|n. 触杀|n. 署名或标记性签名|v. 涂鸦署名
tagline	n. 笑话收尾语|n. 广告宣传语|n. 签名附语|v. 配上宣传语|n. 起重控制绳|n. 吊运导向绳|n. 副标题
tail	n. 动物的尾巴|n. 末端；后部|v. 暗中跟踪|n. 尾状部分|n. 尾端；最后部分|n. 飞机尾部|n. 彗星尾|n. 后期；尾声|n. 跟踪者|n. 硬币反面|adj. 受限制的；缩减的|n. 鸟尾羽
tailor	n. 裁缝|v. 裁改衣物|v. 按需要调整|v. 收窄以满足特定需要|n. 澳大利亚的一种海鱼
tailwind	n. （从后面吹来的）顺风
take	n. 看法；观点|v. 拿到手；夺取|v. 乘坐；搭乘|v. 吃；喝|n. 拿取行为|n. 所得物；收入|n. 处理方式；新演绎|n. 一次拍摄|n. 一次音乐录音|n. 惊讶反应|v. 接受；获得|v. 依法承受；继承
take-off	n. 起飞
takeaway	adj. 外带的食物|n. 外带的一餐|n. 外带餐馆|n. 值得记住的要点|n. 高尔夫挥杆回带|n. 谈判中的让步
taker	n. 冒险者；敢冒风险的人|n. 愿意参加或购买的人|n. 索取者；只拿不付出的人|n. 蝎子的钳；螯
tale	n. 故事；叙述|n. 传闻；闲话；谎话|n. 逐一计数；清点|n. 骗局；诱饵|n. 数目；定额|n. 考虑；重视|n. 语言；说话|n. 讲话；谈话|n. 清点；申报|n. 总数；合计|n. 报告；说法|v. 说话；讲述
talent	n. 天赋才能|n. 人才；有才华的人群|n. 古代重量或货币单位|n. 愿望或意向|n. 被认为有吸引力的人
talented	adj. 有天赋的；才华出众的
talk	n. 谈话；讨论|v. 说话；交谈|v. 谈论；讨论|n. 演讲；讲座|n. 传闻；闲话|n. 公众热议的话题|n. 关于性教育的谈话|n. 关于种族经历的家庭谈话|n. 空谈；吹嘘|n. 会谈；磋商|v. 说某种语言|v. 强调规模或重要性
talkative	adj. 爱说话的；健谈的|adj. 多嘴而不顾隐私的
talker	n. 健谈的人；说话者|n. 会发声的动物或机器|n. 谈话节目|n. 谈话节目主持人|n. 谈话类广播电台|n. 热门话题|n. 讨论要点|n. 早期在线聊天系统|n. 嘴|n. 桌面或货架宣传牌|n. 辅助沟通设备
tall	adj. （人）高的|adj. （物体）高的|adj. 夸张得难以相信的|adj. （美国饮料规格）小杯至中杯之间的规格|n. 高个子服装尺码|n. 高规格饮料|adj. 顺从的；服从的|adj. 得体漂亮的|adj. 勇敢的|adj. 优秀的；了不起的|n. 高个子的人或高型个体
tame	adj. 习惯与人接触的|adj. 对人温顺的|v. 驯服；驯化|adj. 循规蹈矩的；不激进的|adj. 不刺激的；乏味的|adj. 被压制的；无精打采的|v. 使顺从；使驯服|v. 控制住混乱局面|v. 变得驯服；变得亲人|v. 使温和；使不再凶猛|adj. 适应欧洲社会的|adj. 可表示为有限闭合多边形链的
tamiflu	[医]是一种抗病毒药（含oseltamivir phosphate）
tamper	v. 擅自篡改或破坏|v. 暗中影响或施压|n. 夯实者或夯实工具|v. 损害或败坏|v. 卷入阴谋|v. 无资质地尝试施治|v. 违规接触球员谈合同
tan	adj. 棕黄色的|n. 棕褐色|v. 晒黑；晒成棕褐色|adj. 晒成棕褐色的|n. 晒黑的肤色|n. 总酸值缩略语|n. 交易认证码缩略语|v. 给兽皮制革|n. 制革用的树皮|n. 亚美尼亚酸奶饮料|n. 担量单位|n. 细枝；小枝条
tangible	adj. 能触摸的|adj. 具体实际的|n. 实际成果|adj. 可感知的|adj. 容易理解的|n. 实物
tangle	n. 缠结的一团|n. 混乱局面|v. 把……缠在一起|v. 变得缠结|n. 纠纷或冲突|n. 重复图案填充艺术|v. 与……发生冲突|v. 缠住并抓住|n. 结的四次穿界区域|n. 神经细胞中的 tau 蛋白片段|n. 大型海藻|n. 海底捕捞工具
tank	n. 储存液体或气体的密闭容器|n. 车辆的油箱|n. 装甲战车|v. 暴跌、迅速衰退或失败|n. 敞口水箱或养鱼池|n. 池塘、小水池或小湖|n. 一箱的燃油量|n. 强壮魁梧的人|n. 游戏中的抗伤害角色|n. 无袖背心的简称|v. 吸引敌人攻击|v. 给容器加燃料或液体
tanker	n. 油轮；液体运输船|v. 用罐式运输工具运输|n. 罐式卡车|n. 燃料运输车|n. 空中加油机|n. 消防飞机|n. 坦克乘员；装甲部队成员|v. 为避免途中加油而多带燃油|n. 铁路罐车|n. 长板冲浪板
tanya	n. 塔尼娅（女子名）
tap	n. 水龙头；阀门|n. 轻敲；轻拍声|n. 屏幕轻触|v. 轻敲|n. 轻触设备|n. 英国英语中的轻触|v. 安装龙头|v. 放出液体|v. 开发利用|v. 耗尽资源|v. 讨要|v. 俚语性敲打
tape	n. 胶带|n. 录音或录像带|v. 用胶带粘住|v. 录音或录像|n. 成卷的带状材料|n. 比赛终点带|n. 录音或录像|n. 交易价格记录|n. 冰球杆击球面上的缠带|n. 繁琐的官僚手续|v. 弄懂|n. 条件反射式的固定说法
tape-measure	n. 卷尺；带尺；皮尺
tar	n. 一份或一种焦油|n. 焦油这种材料|v. 涂上焦油|v. 玷污名声|n. 黑焦油海洛因|n. 归档程序|n. 归档文件|v. 创建归档|n. 旧称水手|n. 波斯长颈弦乐器|n. 圆形框鼓
target	n. 射击靶子|n. 目标；指标|v. 瞄准；对准|n. 批评对象；嘲笑对象|n. 遭攻击或嘲讽的对象|n. 命中分布|n. 翻译目标语|n. 目标客户或受众|v. 针对；面向|v. 使程序适用于|n. 盾牌|n. 古代盾牌
tariff	n. 关税|v. 征收关税|n. 费率表；收费标准|n. 按标准量刑
task	n. 职责中的一项工作|n. 一项要做的工作|v. 交给某人一项工作|n. 一次具体行动|n. 艰巨或乏味的工作|n. 要达到的目标|n. 程序运行任务|n. 税款或收费|v. 使负担过重|v. 以过错责难
task-force	n. 专项军事部队|n. 专项工作组
taste	n. 味道；味觉感受|n. 品味；审美判断|v. 品尝|v. 尝起来；呈现味道|n. 辨味能力|n. 少量试吃；一小口|n. 喜好；偏爱|n. 初步体验；一斑|v. 尝出；辨出味道|v. 体验|v. 尝一点；试吃|adj. 好吃的（网络误拼）
tata	phrase 还有成千上万种替代方案
tax	n. 政府税款|v. 向某人征税|n. 被要求交出的钱物或劳务|n. 沉重的代价或负担|v. 对某物征税|v. 使承受过度负担|v. 指控|v. 审核账目项目
taxation	n. 征税；被征税|n. 征税制度|n. 税收收入
taxi	n. 出租车|n. 飞机滑行|v. 飞机滑行|v. 乘出租车|n. 训练用飞机|n. 共享出租车
taxpayer	n. 纳税人
td	adv. 今天|n. 达阵|n. 迟发性运动障碍|n. 塔防游戏|n. 旅行者腹泻|n. 时间差分学习|n. 思维障碍|n. 技术总监|n. 表格数据单元格|n. 破伤风和白喉疫苗|phrase 典型发育的|n. 票务或交通设计代号
tea	n. 茶叶|n. 茶饮|adj. 性感的；英俊的|n. 茶树|n. 类似茶的饮料|n. 花草茶等|n. 复合词中的类似茶饮|n. 一杯茶或一份茶饮|n. 下午茶餐|n. 晚餐|n. 八卦；内幕消息|adj. “税已经够多了”的缩写
teach	v. 教给某人知识或技能|v. 任教；从事教学|v. 使某人学会或明白|n. 老师；教师|v. 给某人一个教训|v. 引路；指示方向
teacher	n. 教师；老师|n. 启示；教训|n. 食指|n. 特定宗教职位
teaching	n. 教义；教诲|n. 教学；教书职业|v. 正在教；教学
team	n. 团队；队伍|v. 组队；合作|intj. 一起组队！|n. 成队的牲畜|n. 某一立场的一方|v. 配合得好；相得益彰|n. 成群的动物|n. 庄园特许司法权|v. 用成队牲畜运输|v. 把牲畜组成一队|v. 分包给工班施工|v. 误拼
teamster	n. 联畜运输车驾驶者, 卡车驾驶员
tear	n. 裂口；破损处|n. 眼泪|v. 撕裂；扯开|v. 被撕破|v. 流泪|n. 一阵狂冲；放纵状态|v. 拉伤；撕裂损伤|v. 撕裂；破坏抽象关系|v. 强行弄出开口|v. 撕下；猛力取下|v. 拆毁|v. 飞奔；猛冲
tease	n. 爱逗弄的人|v. 逗弄；取笑|n. 一次逗弄|v. 倒梳头发|v. 惹恼；烦扰|v. 反复刺激以左右行为|v. 诱使；吊起欲望|v. 提前透露；吊胃口|n. 性挑逗者|v. 分开纤维|v. 梳理纤维|v. 性挑逗
tech	n. 技术；科技|n. 技术人员|n. 技术手法|n. 技术学校|n. 技术排练期|n. 技术检查|v. 化解攻击
technical	adj. 专业术语意义上的|adj. 与科技或技术发展有关的|adj. 与技巧或技术动作有关的|adj. 专业性强的；技术性的|adj. 擅长技术和科技的|adj. 严格按规则说成立的|n. 技术犯规|n. 格斗游戏中的特殊防御招式|adj. 市场技术面的|n. 装有武器的皮卡车|n. 技术学校|n. 技术课程
technically	adv. 严格说来；按精确定义|adv. 按正式规则说；形式上正确|adv. 在技术能力方面|adv. 以专业术语或专业方式|adv. 按现有技术条件
technician	n. 技术专业人员
technicist	n. 技术员, 技师
technique	n. 熟练技巧|n. 具体方法|n. 实际技术要求
technological	adj. 与技术有关的
technologically	adv. 在技术上；用技术手段|adv. 按现有技术条件看
technologist	n. 技术专业人员
technology	n. 技术；科技|n. 技术设备；技术产品|n. 实用技艺；技术方法|n. 生物的有用机制|n. 技艺研究；技法体系|n. 艺术技艺论；技艺论著
ted	n. 英国青年亚文化成员|n. 透射电子衍射|n. 海龟逃生装置|n. 甲状腺眼病|n. 转移电子器件|n. Teddy boy成员|v. 摊开翻松干草
tedious	adj. 冗长乏味的
teem	vi. 充满, 充足, 倾注|vt. 倒出
teen	adj. 青少年的|n. 青少年|n. 忧愁；苦恼|n. 烦恼；怨恨|v. 使恼怒；使受苦|v. 恼怒；苦恼|v. 关上；围住
teenage	adj. 青少年的；十三至十九岁的|n. 编篱笆用的灌木枝条
teenager	n. 13至19岁的青少年
telecom	n. 电信；通信网络|n. 电信公司
telecommunication	n. 远距离通信技术|n. 通过电信传递的消息|n. 电信系统
teleconference	[计] 电信会议, 远程会议
telegram	n. 电报消息|n. Telegram频道|v. 发电报|v. 给某人发电报|v. 用电报发送消息|v. 用Telegram发消息
telegraph	n. 电报机；电报系统|v. 提前泄露意图|n. 预示动作的提示|v. 用电报发送|n. 电报传输方法
telephone	n. 电话设备|v. 打电话联系|n. 传话游戏|n. 传话失真|v. 通过电话传达消息|n. 听筒
telescope	n. 望远镜|v. 伸缩|n. 天文观测仪器|n. 伸缩式灯具支架|v. 套入或层层缩进|v. 车厢相撞挤入|n. 凸眼金鱼|v. 因约去而缩减
televise	v. 用电视播放, 播映
television	n. 电视媒介|n. 电视机|n. 电视节目整体|v. 看电视|n. 远距离视觉
tell	n. 泄密动作或习惯|v. 讲述故事|v. 说出或告诉|v. 辨认或判断|n. 泄密线索|n. 聊天私信|v. 告知或说明方法|v. 命令某人做事|v. 揭示或暴露|v. 显露出来|v. 产生明显影响|v. 向权威告发
teller	n. 讲述者|n. 银行柜员|n. 收银员|n. 自动取款机|n. 计票员
temper	n. 性情；脾气|n. 易怒的倾向|n. 怒气；发火|n. 镇定；克制|v. 调节；控制|n. 情绪；心境|n. 混合后的适度状态|n. 金属回火状态；热处理|n. 材料的硬度状态|v. 给金属回火；热处理|v. 使食材逐渐适温|v. 油炸香料出香
temperament	n. 性情；性格倾向|n. 易怒的脾气|n. 音乐调律|n. 先天性行为气质|n. 成分的调和比例|n. 混合状态或组成
temperature	n. 冷热程度；温度|n. 体温升高；发烧|n. 整体气氛；舆论热度|n. 热力学中的温度|n. 控制输出随机性的参数|n. 调和或节制的状态|n. 古代医学中的体质或性情
tempest	n. 猛烈的暴风雨|n. 剧烈骚动；内心风暴|n. 旧时的社交聚会|v. 像暴风雨般袭来|v. 使受到风暴般的冲击
template	n. 实体样板|n. 通用模式|n. 文件模板|n. 可实例化的程序框架|v. 按模板标记或定位|v. 为……提供模式|n. 分子合成的模板|n. 锅炉铆钉定位条|n. 织布用拉伸工具|v. 借模板合成
temple	n. 寺庙；圣殿|n. 犹太会堂|n. 特定宗教的礼拜场所|n. 被视为神圣的地方|n. 重要活动中心|n. 被珍视和保护的事物|n. 太阳穴|n. 眼镜镜腿|n. 兄弟会会所|n. 合拢手指形成的尖顶手势|n. 织机撑幅装置|v. 为……建造或奉献圣殿
tempo	n. 速度；节奏|n. 音乐速度；每分钟拍数|n. 棋类中的一手先机|n. 时机差|n. 桥牌中的先手优势|n. 领骑者的稳定速度|n. 小型货车|n. 橄榄球进攻节奏|n. 临时车棚|n. 组装式临时车棚
temporal	adj. 世俗的；物质世界的|adj. 时间的；会消逝的|adj. 暂时的；限于一段时间的|adj. 颞部的|n. 世俗事务|n. 颞骨|n. 头侧鳞片
temporarily	adv. 暂时地；临时地
temporary	adj. 暂时的；临时的|adj. 短暂的；转瞬即逝的|n. 临时雇员；临时工|n. 临时变量
tempt	v. 引诱某人做某事|v. 吸引；诱人|v. 冒险招惹；试探命运
temptation	n. 受诱惑的状态|n. 诱人的事物或机会|n. 诱惑行为|n. 诱使人犯错的心理压力
ten	n. 十个一组|num. 数字十|n. 几十，约数|n. 十点牌|n. 十单位面额|n. 十分有吸引力的人|n. 最高强度|n. 连续全力划十桨|n. 毒性表皮坏死松解症
tenant	n. 租户；房客|n. 居住者；占有某处的人|n. 应用实例的客户|v. 作为租户占有|v. 居住于|n. 封建领地承租者|n. 非绝对所有权下的房地产持有人|n. tenet的误写
tend	v. 往往；倾向于|v. 照料；打理|v. 有助于导致；趋向于造成|v. 看管；照看|v. 正式提出或提供|v. 服侍；侍候|v. 等待；期待|v. 留意；仔细察看|v. 调整锚泊船|v. 点燃；引燃
tendency	n. 倾向；趋势|n. 政治派别；组织内的倾向
tender	adj. 一碰就疼|adj. 肉质软嫩|adj. 温柔体贴|n. 正式提出的东西|adj. 柔弱易受损|adj. 身体柔弱|adj. 感受敏感|adj. 年幼无经验|adj. 动人柔情|adj. 容易触痛的话题|n. 关怀体贴|n. 禽胸肉条
tennis	n. 网球运动|n. 一场网球比赛|n. 早期的来回击球游戏|v. 打网球|v. 来回驱动
tense	adj. 身体或精神紧张的|n. 时态这一语法概念|n. 表示时态的动词形式|adj. 气氛或局面紧张的|adj. 拉紧而没有松弛的|v. 使绷紧或使紧张|v. 变得紧张或绷紧|adj. 发音时声道收缩较多的|n. 语法体|n. 表示时、体、语气组合的形式|v. 给动词加时态
tension	n. 对立造成的紧张关系|n. 紧张的心理状态|n. 故事中的悬念和紧张气氛|v. 拉紧；使承受拉力|n. 弹性物体被拉伸的状态|n. 绳缆中的拉力|n. 电压
tent	n. 帐篷|v. 露营|v. 把铝箔支成帐篷状|v. 形成帐篷状|n. 帐篷图案|n. 露天礼拜棚|n. 帐篷状凸起|n. 注意；留心|n. 意图；打算|n. 医学填塞条|n. 探伤条|n. 深红葡萄酒
tentative	adj. 暂定的；不确定的|adj. 试验性的；试探性的|adj. 小心试探的；拘谨的|n. 尝试；试验|n. 暂定安排；活动日程
tentatively	adv. 试探性地；暂时地
tenth	adj. 第十的|n. 第十个；第十位|adj. 十分之一的|n. 十分之一|n. 十度音程|n. 历史上的十分之一税|n. 极小的长度单位|v. 分成十等份
teri	n. (Teri)人名；(塞)泰里|abbr. 印度Tata能源研究院（Tata Energy Research Institute）；高级通讯软件工程师；教育资源研究所
term	n. 界限；尽头|n. 期限；一段时间|n. 合同条款；条件|n. 术语；名称|adj. 足月的|n. 付款条件|n. 关系；相处状况|n. 学期|n. 任期；服刑期|n. 妊娠足月；预产期|n. 终端模拟程序|n. 被解雇者
terminal	adj. 致命的；不可治愈而将导致死亡的|n. 机场航站楼|n. 铁路终点站|n. 计算机终端|adj. 末端的；顶端的|adj. 终止性的；发生在末尾的|n. 渡轮码头|n. 散装液体储罐设施|n. 线路末端的接线端|n. 电池电极接点|n. 线路通信终端设备|n. 终端模拟程序
terminally	adv. 导致死亡；直到死亡|adv. 以终结状态|adv. 朝向目标终点|adv. 在末端
terminate	adj. 已结束的；有限的|v. 使某事提前结束|v. 结束；告终|adj. 有限小数的|v. 结束；终结|v. 构成……的边界|v. 终止雇佣；解雇|v. 到达线路终点|adj. 有明确边界的|v. 给线缆等接上端头|v. 杀死（委婉说法）|v. 产生；结果为
terminology	n. 术语体系|n. 术语学专著|n. 术语学研究
terrain	n. 土地；地形|n. 地面；地表|n. 特定岩石地带
terrible	adj. 可怕的；令人恐惧的|adj. 令人不快的；糟糕的|adj. 很差的；差劲的|adj. 强大的；令人生畏的|adj. 极大的；严重的|adv. 非常；极其
terribly	adv. 非常；极其|adv. 很糟地；非常差地|adv. 可怕地；令人敬畏地
terrific	adj. 极好的；棒极了的|adj. 极强的；惊人的|adj. 可怕的；令人恐惧的
terrifically	adv. 非常地, 极端地, 可怕地
terrify	v. 使极度害怕|v. 威胁、震慑|v. 使显得可怕
territory	n. 大片土地；区域|n. 政治控制下的领土|n. 加拿大的联邦属地|n. 澳大利亚的联邦领地|n. 动物的领地|n. 比赛中的控制区域|n. 工作负责区域|n. 个人拥有或控制的空间|n. 专业或市场范围|n. 知识或经验领域
terror	n. 强烈的恐惧|n. 造成恐惧的特质或恐怖感|n. 令人恐惧的人或事物|n. 恐怖主义|adj. 菲律宾俚语：严苛的教师|n. 夜惊
terrorism	n. 以政治目标为目的的恐怖暴力|n. 广义的系统性恐吓|n. 法国大革命的恐怖统治
terrorist	adj. 恐怖主义的；恐怖分子的|n. 恐怖分子；恐怖组织成员|n. 法国恐怖统治时期的革命法庭成员
test	n. 考验；挑战|n. 考试|v. 考验；使承受压力|v. 检验；验证|n. 产品或系统测试|v. 给……考试|v. 测试产品或设备|v. 检测结果呈现|v. 用试剂检测|n. 炼金属用的试金炉|n. 板球五日赛|n. 棘皮动物的外壳
testament	n. 《旧约》或《新约》|n. 有力证明|n. 遗嘱|n. 信念宣言|v. 立遗嘱|v. 按遗嘱遗赠
tester	n. 测试人员|n. 测试设备|n. 香水试用装|n. 油漆试色小罐|n. 自行车计时赛选手|n. 床罩篷|n. 上方悬挂物|n. 二十五鞭刑|n. 法国旧银币|n. 六便士
testify	v. 在宣誓下作证|v. 根据所知或信念作陈述|v. 证明，表明
testimony	n. 法庭证词|n. 亲身经历的见证|n. 宗教见证|n. 见证或证据
text	n. 文字；文本|n. 短信|v. 给某人发短信|n. 作品；书面材料|n. 文本数据|n. 讨论或创作的对象|v. 发短信交流|n. 经文选段|n. 大字印刷体|v. 用大字书写
textbook	adj. 典型的；标准范例般的|adj. 标准漂亮的；按范例完成的|n. 教科书；教材|adj. 教科书式的|adj. 书本理论式的
textile	n. 纺织品；织物|adj. 穿着衣物的|n. 穿衣者；非裸体者
textual	adj. 文本的；与文字有关的|adj. 与短信互动有关的
texture	n. 表面质感；触感|n. 艺术作品的层次感|n. 数字图形的表面图像|v. 赋予纹理|adj. 质感强烈的|n. 编织；织造|n. 织物；织成的网|n. 组织；织物状组织
th	n. 星期四|n. 时间跳跃|n. 表格标题缩写
than	prep. 比；与……相比|adv. 当时；然后
thane	n. 早期英格兰贵族
thank	v. 感谢；向……表达谢意|v. 请不要……；最好别……|v. 归功于；归咎于|v. 感谢某事|v. 得到回报；招致对待|v. 表示感谢
thankful	adj. 感到感谢的|adj. 值得感谢的
thankfully	adv. 感激地；感谢地|adv. 幸好；谢天谢地
thanks	intj. 谢谢|n. 感谢；谢意|n. 感激；善意回报|v. 感谢（第三人称单数现在时）
thanksgiving	n. 感谢；感恩|n. 饭前感恩祷告|n. 公开感恩庆典
that	adv. 那么；到那种程度|det. 那个；那件|pron. 那个；那件事|pron. 关系从句中的“……的那个”|adv. 那么；非常|adv. 那么；如此|pron. 关系副词的替代形式|n. 那个被指的对象
thatcher	n. 茅草屋顶工|n. 草坪除枯草装置
the	adv. 越……越……|adv. 因而更加……|adv. 最远；超过一切|prep. 每；按……计算|pron. 你（古旧形式）
thea	[医] 茶
theater	n. 剧院；演出场所|n. 行动领域；战区|n. 讲堂；阶梯教室|n. 电影院|n. 戏剧艺术；戏剧行业|n. 作秀；形式主义表演|n. 手术室|n. 阶梯状场所
theatre	n. theater 的另一种拼写|n. 电影院
theft	n. 偷窃；盗窃案
their	det. 他们的；她们的；它们的|det. 某人的；某个事物的|adv. there的误拼
theirs	pron. 属于他们的|pron. 他们家
them	pron. 他们／她们／它们|pron. 那个人（不指明性别）|det. 那些|pron. 他们／那些人
thema	n. 拜占庭帝国的行政区
theme	n. 主题；话题|n. 反复出现的思想或意象|v. 给……设定主题|n. 音乐主旋律|n. 影视或节目的主题曲|n. 谈论的话题|v. 为软件套用主题外观|n. 学校作文|n. 填字游戏的附加主题谜题|n. 词干|n. 名词短语与动词的主题关系|n. 主题角色
themselves	pron. 他们自己；它们自己|pron. 他／她自己；某人自己
then	adj. 当时的|adv. 那时|adv. 然后|adv. 那么、就|adv. 接下来、再往后|adv. 此外、而且|adv. 不过、另一方面|n. 那时|adv. 才不是、并不是
theological	adj. 神学的；与神学有关的
theoretical	adj. 理论上的；抽象的
theorise	vi. 建立理论, 讲理论, 推理
theorize	vi. 建立理论, 讲理论, 推理
theory	n. 解释并预测现象的科学理论|n. 对事实或系统的概括说明|n. 技艺背后的原理|n. 非正式的猜想|n. 研究某类对象的学科|n. 由公理推出命题的形式系统|n. 棋类中固定的走法体系|n. 思考或观照
therapist	n. 治疗师|n. 心理治疗师
therapy	n. 治疗；疗法|n. 疗愈作用|v. 实施治疗|v. 接受治疗
there	adv. 在那里|n. 那个地方|pron. 有；存在|adv. 到那一步；在那里停止|adv. 在那里；就是那个位置|adv. 到那里|adv. 在这一点上|adv. 存在于世；在那里可见|intj. 好了，别担心|intj. 好了，完成了|n. 那个阶段；那种处境|pron. 存在；出现
thereafter	adv. 从那以后；此后|n. 来世；死后的世界|n. 死后的存在
thereby	adv. 由此；从而；借此
therefore	adv. 因此；所以|adv. 为此；为了那件事
theresa	n. 特丽萨（女子名）
thermal	adj. 与热有关的|n. 上升热气流|adj. 保暖的|adj. 由热造成的|adj. 经火焰处理成粗糙面的|v. 用火焰处理石材|v. 乘上升热气流滑翔
thermometer	n. 温度计
thermostat	n. 恒温器；温控器|n. 恒温调节算法
these	pron. 这些
thesis	n. 论题；主张|n. 学位论文|n. 辩证法中的正题|n. 音乐中的下落|n. 韵律中的弱拍或非重读部分
they	pron. 他们；她们；它们|pron. 某人（性别未知或不强调）|pron. 人们；有人|pron. 当局；掌权者|det. 那些|det. 他们的|pron. 对方一方|pron. 那里有|pron. 尊称形式|v. 用 they/them 称呼
thick	adj. 厚的|adj. 密集的|n. 最激烈的中心|adj. 厚度为……的|adj. 粗壮厚实的|adj. 浓稠的|adj. 充满许多东西的|adj. 浓重而看不透的|adj. 浓重的|adj. 笨的|adj. 关系亲密的|adj. 深重强烈的
thief	n. 偷偷窃取他人财物的人|n. 盗窃者；窃贼|n. 蜡烛上耗蜡的烛芯
thieve	vt. 偷, 行窃|vi. 做贼
thigh	n. 人的大腿|n. 动物对应的大腿部位；大腿肉
thin	adj. 薄的|adj. 瘦的|v. 使变薄|adj. 细的|adj. 稀的|adj. 稀疏的|adj. 单薄的|adj. 单薄的；不充分的|adj. 不景气的|adv. 稀疏地|n. 薄片食品|v. 变稀疏
thing	n. 事物；事情|n. 一个东西；一个个体|n. 东西；用品|n. 关键点|n. 喜欢的事；擅长的领域|n. 指称对象的词或符号|n. 可拥有的财物|n. 有形物体|n. 时髦的事物|n. 习俗；做法|n. 确实存在的事物|n. 一份；一容器
think	v. 思考；琢磨|v. 想到；设想为|v. 认为；看待|n. 思考；考虑|v. 心里想道|v. 设法想出答案|v. 猜想；相信|v. 你以为呢|v. 打算；有意|v. 自以为；竟敢|v. 似乎；看起来
think-tank	v. 开展智库研究并提出建议
thinker	n. 思考者|n. 思想家；知识分子|n. 大脑；脑子|n. 费脑子的难题
thinly	adv. 稀疏地；零星地|adv. 几乎未加掩饰地
thinness	n. 薄, 细, 瘦
third	adj. 第三的|n. 第三名；第三位|n. 三分之一|n. 第三挡|n. 三度音程|n. 三垒|n. 三等学位|v. 分成三等份|n. 高尔夫让杆制|n. 六十分之一秒的旧单位|v. 附议并表示赞成
third-party	adj. 第三方的；外部的|adj. 第三方制造或提供的|v. 插入交战并趁机击败双方
thirst	n. 口渴|n. 强烈渴望|v. 口渴|n. 导致口渴的状态|v. 强烈渴望|n. 性欲
thirsty	adj. 口渴的|adj. 渴望得到某物的|adj. 想喝酒的；酒瘾发作的|adj. 急于追求某人或关注的|adj. 令人感到口渴的|n. 口渴的人；有某种强烈欲望的人|n. 渴望；口渴感
thirteen	num. 十三
thirteenth	adj. 第十三的|n. 第十三个；第十三名|n. 十三分之一|n. 每月十三日|n. 十三度音程
thirty	num. 三十；30|n. 三十瓶啤酒|n. 三十秒广告
thirty-fifth	adj. 第三十五的|n. 三十五分之一
this	det. 这个；这件|det. 这个（刚提到的）|pron. 这个；这件事|adv. 这么；到这种程度|det. 这个人；本人|det. 这个（下面要说的）|det. 某个；有个|det. 这时的；今天的|intj. 就是这个；赞同|n. 这个被指之物
thorn	n. 植物上的刺|n. 令人烦恼的事物|n. 植物的刺状结构|n. 带刺灌木|n. 古老字母Þ或þ|v. 刺穿或刺逼
thorny	adj. 长刺的|adj. 棘手的；难处理的|adj. 冷淡易怒的
thorough	adj. 周密的；不遗漏细节的|adj. 彻底的；完全的|n. 田垄间的排水沟|prep. 穿过
thoroughly	adv. 彻底地；完全地
thoroughness	n. 十分, 完全；彻底
those	pron. 那些
though	adv. 不过；虽然如此|adv. 确实；可不是嘛|v. thought 的误拼
thought	n. 想法；念头|n. 思考；思维活动|n. 思想；思想体系|n. 考虑；斟酌|n. 忧虑；苦恼|n. 一点点；一丁点
thoughtful	adj. 深思熟虑的；认真考虑的|adj. 体贴的；周到的
thoughtless	adj. 欠考虑的；粗心的|adj. 不体贴的；不注意他人感受的|adj. 无谓的；不加思考的
thousand	num. 一千；千
thread	n. 纺织线|n. 谈话线索|n. 网络讨论串|v. 穿针|v. 穿行|n. 细丝；线状物|n. 细流|n. 螺纹|n. 生命线|n. 程序线程|n. 连接序列|n. 岌岌可危的状态
threat	n. 威胁；恐吓|n. 潜在危险；威胁|v. 进行威胁|n. 危险人物；危险因素|v. 施压；逼迫|v. 威胁
threaten	v. 威胁；恐吓|v. 预示；有……的征兆|v. 危及；对……构成威胁|v. 挑战；动摇|v. 逼近（纪录等）
three	n. 数字3|num. 三；3|num. 三个；由三项组成的|n. 三个单位的一组|n. 三岁儿童|n. 牌面有三个点的牌|n. 三点钟|n. 三分球
three-dimensional	adj. 三维的|adj. 有纵深感的；立体的|adj. 立体丰满的；真实生动的
three-quarter	adj. 四分之三尺寸的|n. 四分之三|adj. 略偏离正面的|n. 橄榄球后卫球员
three-star	a. 三星级的
threshold	n. 门槛|n. 起点；开始阶段|n. 界限；边界|n. 触发临界值|n. 纳税起征点|n. 忍耐或反应的临界点|n. 门口；入口|n. 跑道入口端
thrift	n. 节俭；节约|v. 逛旧货店；在旧货店买东西|n. 储蓄银行|n. 海石竹|n. 兴旺；财富增长|n. 茂盛生长
thrill	n. 兴奋感；战栗|v. 使兴奋；使激动|n. 令人兴奋的事|v. 使颤动；颤动|n. 心脏轻颤|n. 呼吸孔；鼻孔|v. 刺穿；钻孔|v. 投掷；抛出|v. 钻孔并攻螺纹
thriller	n. 惊心动魄的事件或比赛|n. 悬疑惊悚类作品|n. 果味甜草本茶
thrive	v. 茁壮成长|v. 兴旺成功
throat	n. 喉咙前部|n. 咽喉通道|n. 容器的狭口|n. 车站咽喉区|n. 烟囱收窄处|n. 帆的上前角|n. 帆桁靠近桅杆的一端|n. 锚臂与锚杆的连接角|n. 木材膝形接头内侧|n. 管状器官或花冠的开口|v. 用喉咙发声|v. 咽入喉咙
throne	n. 王座|n. 王位；统治权|n. 厕所|n. 主教或教皇的座位|n. 鼓手座椅|n. 座天使|v. 使登上王座|v. 置于高位；使掌权|v. 坐在王座上
through	adj. 贯穿的；直通的|adv. 穿过去|prep. 穿过；从一端到另一端|adj. 做完的；结束的|adj. 进行到某一阶段的|adj. 前途已尽的；完蛋的|adj. 不再感兴趣的；厌倦的|adj. 直达的；无需换乘的|adv. 通过到下一阶段|adv. 一直到结束|adv. 贯穿其中；渗透到各处|adv. 接通；联系上
throughout	adv. 遍及各处|adv. 贯穿全程|prep. 遍及；贯穿|adv. 延伸至边缘|prep. 完全穿过
throw	n. 投掷动作|v. 扔出；投掷|v. 使移位；使转到某状态|v. 举办；组织活动|n. 摔倒对手|n. 投掷能力|n. 投掷距离|n. 飞行过程|n. 位移距离|n. 盖毯|n. 一次机会或花费|v. 脱落；使掉下
thrust	n. 用力向前推或刺|n. 主要着力点或重点|v. 用力推开或顶动|n. 发动机的推力|v. 用力向前推进|v. 把某事强加给某人|v. 猛地伸出或推出|v. 挤进去|v. 刺穿|n. 剑的突刺
thumb	n. 拇指|v. 用拇指按住或覆盖|n. 滑块|n. 缩略图|v. 用拇指翻阅|v. 竖起拇指搭便车|v. 用手指摸脏或磨损|n. 挖掘机铲斗顶盖板|v. 用拇指拨动或操纵|v. 快速连续击发左轮手枪
thunder	n. 雷声|n. 轰鸣声|v. 打雷|v. 轰鸣|n. 雷霆般的斥责|v. 轰然飞驰|v. 厉声说|v. 轰然击出|n. 雷电；雷霆|n. thunder word
thunderstorm	n. 雷暴；雷雨
thursday	n. 星期四|adv. 在星期四
thus	adv. 如此；以这种方式|adv. 因此；由此
tick	n. 滴答声|n. 勾号|v. 运转；工作|n. 蜱虫|n. 刻度的一小格|n. 片刻|n. 轻触|v. 发出滴答声|v. 打勾|v. 轻轻敲；轻拍|n. 计时单位|n. 状态效果的一次计时伤害或治疗
ticket	n. 票；凭证|v. 给……开票或罚单|n. 正是所需要的办法|n. 交通罚单|n. 服务请求单|n. 候选人名单；政纲组合|n. 商品标签|v. 给商品贴标签|n. 便条；通知|n. 账单；赊账凭据|n. 名片|n. 搜查令
tidal	adj. 潮汐的；与潮汐有关的
tide	n. 潮汐|n. 潮水；潮流|n. 趋势；潮流|n. 大量涌来的流|n. 潮起潮落般变化的事物|v. 帮助渡过难关|n. 其他天体的潮汐效应|n. 节期；一段时间|n. 时候|n. 由限定词说明的时段|n. 十二小时的时段|n. 猛烈汇合
tidy	adj. 整齐有序|v. 整理、收拾|adj. 不乱、保持整洁|adj. 还不错、令人满意|adj. 数目可观|adj. 合适、安排妥当|n. 收纳整理盒|adj. 及时、合时宜|adj. 勇敢、漂亮或出色|adj. 规范化的|intj. 好、行|n. 椅背装饰罩
tie	n. 结；系紧处|v. 打结；绕紧|v. 打成平局|n. 领带|n. 扎带；扭结带|n. 联系；纽带|n. 平局；并列|n. 比赛场次|v. 打成结|v. 系在；绑住|v. 系好；固定|v. 与某人同分
tie-up	n. 暂时停顿；阻滞|n. 资金占用|n. 织布机的连接结构
tien	n. 天津饭；天山
tier	n. 一层；一排|n. 等级；阶层|v. 分层排列|n. 漫画的一横排|v. 层层交叠展开|n. 打结的人|n. 捆扎物|n. 儿童围裙|n. 山岭；山脉|v. 按访问频率分层转移数据
tiger	n. 老虎|n. 高速增长的经济体|n. 凶猛狠毒的人|n. 赫尔城足球俱乐部成员或球迷|n. 外形似虎的其他动物|n. 旧时对似虎动物的称呼|n. 类似老虎的动物|n. 纹章中的虎形兽|n. 南非英语中的豹子|n. 乘车随侍的男仆|n. 性行为中非常有活力的人|n. 制糖设备中的气动箱或盘
tight	adj. 紧固的；不松的|adj. 狭窄的|adj. 紧张受限的|adv. 牢牢地|adj. 手头拮据的|adj. 关系亲密的|adj. 吝啬的|adj. 配合严密的|adv. 安稳地|adj. 缺钱的|adj. 喝醉的|adj. 很棒的
tighten	v. 使变紧；拧紧|v. 变紧；越来越紧|v. 收紧资金供应|v. 提高短期利率
tightly	adv. 紧紧地；牢牢地|adv. 冷冷而克制地
tightwad	n. 吝啬鬼
tile	n. 瓦片；瓷砖|v. 铺瓦；铺砖|n. 图块；平铺图像单元|n. 游戏方片|v. 平铺；规则排列|n. 硬礼帽|n. 乐高薄片|v. 分块优化循环|v. 封闭共济会会所|v. 防止未入会者闯入
till	n. 收银机|prep. 直到……为止|v. 耕作土地|n. 收银抽屉|n. 收银机中的钱|n. 银行柜员现金抽屉|prep. 距某时刻还有……|v. 培育、磨炼|v. 耕地|n. 箱柜抽屉|n. 冰川沉积物|n. 肥料材料
tilt	n. 倾斜；斜度|v. 使倾斜；使偏斜|v. 倾斜；处于斜角|n. 身体部位的倾斜|n. 镜头的上下移动|n. 尝试；争取|n. 连败后的失控状态|v. 陷入情绪失控|v. 使做法偏向某一方向|n. 骑枪比武|n. 长枪的刺击|n. 倾锻锤
timber	intj. 树倒了！|n. 木材资源|intj. 倒下啦！|n. 建筑木料|n. 木梁|n. 结构材料|v. 装木梁|n. 枪托木|n. 成捆毛皮|n. 板球的三柱门|n. “timbre”的误拼|v. 建造
time	n. 时间的流逝|n. 一段时间|n. 一段时光|n. 现在几点|n. 时刻或时机|v. 计时|v. 安排时机|intj. 比赛继续|intj. 比赛重新开始|intj. 酒吧打烊提醒|n. 某次经历或时期|n. 规定的时刻
time-limit	v. 给……设定时间上限
time-waste	n. 浪费时间|n. 浪费时间的事|v. 浪费时间
timeless	adj. 不受时间影响的；不显老的|adj. 历久弥新的；不过时的|adj. 永恒的|adj. 没有时间限制的|adj. 不合时宜的；来得不是时候的|n. 调节昼夜节律的基因
timeline	n. 事件时间线|n. 时间安排表|n. 另一条世界线|v. 分析事件顺序|v. 用图表展示时间顺序
timely	adj. 及时的；按时限完成的|adj. 适时的；来得正是时候的|adv. 按期地；在规定期限内|adj. 合乎节拍的|adv. 及时地；很快地|adv. 适时地
timescale	时间表[尺度], 时标, 时间量程
timetable	n. 时刻表；日程表|v. 为……安排时间|n. 时刻表册；时刻表小册子
timid	adj. 胆怯的；缺乏自信的
timidity	n. 胆小, 胆怯, 羞怯
timing	n. 节奏；掌握时机|n. 时机；发生时间|n. 发动机点火时序调校|n. 一次时间记录|v. time 的现在分词或动名词|n. 一次发生的事件
tin	n. 锡|n. 金属罐；罐头|adj. 锡制的|n. 烘焙盘；金属烤盘|n. 纳税人识别号码|v. 装入金属罐保存|v. 镀锡|adj. 镀锌铁或波纹铁制的|n. 壁球场前墙下部|n. 钱；银钱|n. 电脑硬件|v. 涂焊料
tina	n. 冰毒|n. 冰毒|phrase 别无选择|phrase 别无选择
tiny	adj. 非常小的|n. 小孩；婴儿|n. 很小的东西
tip	n. 尖端；末端|n. 小费|n. 建议；诀窍|v. 倾斜；使失去平衡|n. 顶端套件；护帽|n. 倾斜；翻倒|n. 垃圾倾倒场|n. 回收中心|n. 乱糟糟的地方|n. 手指挡偏|n. 内幕消息|v. 使翻倒；翻倒
tiptoe	n. 脚尖|vi. 用脚尖走|adv. 踮着脚|a. 踮着脚走的, 偷偷摸摸的
tire	n. 轮胎|v. 感到疲倦|v. 使疲倦|v. 对……感到厌烦|v. 使……厌烦|n. 铁路机车的金属轮圈|n. 童装围裙|n. 装备、配饰|n. 衣服、装束|n. 头饰|n. 一层、一排|v. 穿戴、装饰
tired	adj. 疲倦的；需要休息的|adj. 厌烦的；受够了的|adj. 老套的；用滥的|adj. 陈旧破旧的|adj. 无力的；不中用的
tiredness	n. 疲倦状态
tireless	adj. 不知疲倦的|adj. 不带轮胎的
tirelessly	adv. 不知疲倦地；坚持不懈地
tiresome	adj. 令人疲倦而厌烦的
tissue	n. 纸巾；薄吸水纸|n. 生物组织|n. 薄织物|n. 吸水纸这种材料|n. 交织成的复杂整体|n. 华丽薄绸|n. 赛马资料表|v. 交织成织物
title	n. 作品名称|n. 书名或文章标题|v. 给……命名|n. 出版物或媒体作品|n. 文章或法律文本的分部|n. 头衔或称号|n. 财产所有权|n. 字幕或演职员表|n. 冠军称号|n. 教会职位的授予依据|n. 指定的教堂|n. 书脊上的书名牌
to	prep. 朝向|prep. 到达某地|prep. 给某人|n. 暂停|n. 失误|prep. 连接到、贴到|prep. 变成某种结果|prep. 引起某种反应|prep. 与……有关或对……|prep. 达到某种程度|prep. 包含或涉及的内容|prep. 范围的终点
to-do	n. 一番折腾；大惊小怪|n. 待办事项
toast	n. 烤面包|n. 祝酒；祝酒词|v. 烘烤至表面变褐|v. 举杯向某人或某事致敬|n. 备受推崇的人或事物|n. 烧坏；毁掉|n. 要完蛋了|n. 短暂弹出的提示框|v. 在烤架或烤面包机中烤|v. 烘暖|n. 即兴叙事诗或说唱|n. 嗜酒的活跃人物
tob	abbr. tender option bond 投标权力保证金; tobacco 烟草
tobacco	n. 烟草植物|n. 烟草叶及其原料|n. 烟草品种|v. 吸烟|v. 用烟草处理
toc	n. 目录|n. 铁路运营公司|n. 目录的另一种大小写写法|n. 叶绿体外膜转位复合体|n. 战术行动中心
tod	n. 雄狐；狐狸|n. 狐狸（苏格兰用法）|n. 像狐狸一样狡猾的人|n. 死亡时间|n. 蓬生的灌木丛|n. 旧重量单位|n. 下降顶点|n. 死亡转移账户|n. 设备使用时长|n. 以交通为导向的开发|v. 按旧单位称量
today	adv. 今天；在今天|adv. 如今；当今|n. 今天|adj. 当下的；符合潮流的|adv. 本轮的今天|n. 今天这一整天|n. 当今时代
toddler	n. 幼儿；学步儿童|n. 走路不稳的人
toe	n. 脚趾|n. 鞋头或袜头|n. 末端突出部|v. 用脚趾碰或踢|v. 脚趾抵到；完全达到|n. 动物的趾|n. 脚尖舞|n. 车轮前束|n. 万有理论|n. 组织与设备表|n. 雇佣条款|n. 经食管超声心动图
together	adv. 一起；在同一处|adv. 合在一起；拼到一起|adv. 在一起；共同建立关系|adj. 稳妥而有条理|adv. 连续不断地
toil	n. 艰苦劳动；辛劳|v. 辛苦工作|n. 困苦；艰难|v. 艰难挣扎|v. 费力完成|n. 捕猎用的网或套索|n. 补休|v. 使因过劳而疲惫
toilet	n. 厕所；卫生间|n. 马桶；坐便器|v. 如厕|n. 厕所；卫生间|n. 肮脏破败的地方|v. 帮助如厕|n. 梳妆台上的罩布|n. 梳妆台|n. 梳洗打扮|n. 穿着；装束|n. 更衣室|n. 便壶
token	adj. 敷衍的；仅为形式的|n. 象征物；信物|n. 代币；兑换券|n. 棋子；代表角色的物件|adj. 象征性的；表示态度的|adj. 象征性少数代表的|n. 纪念物|n. 象征性的表示；敷衍之举|n. 语法分析单元|n. 敏感数据替代符|n. 语言基本单位|v. 表明；预示
tolerable	adj. 可忍受的|adj. 还过得去的|adj. 可以允许的|adj. 身体还算好的|adv. 还算；勉强地
tolerance	n. 宽容；包容|n. 公差；允许误差|n. 耐受性|n. 承受力；忍耐力|n. 移植物耐受性|v. 按公差设计
tolerant	adj. 宽容的；包容的|adj. 耐受的；能经受的|n. 容忍者；耐受某条件的生物
tolerate	v. 容忍；放任|v. 忍受；承受
toll	n. 通行费|n. 造成的损失|v. 收取使用费|v. 缓慢敲钟|n. 代加工费|n. 加工服务费|n. 收费站|n. 缓慢钟声|v. 向某人或某物征收通行费|v. 收作费用|v. 用钟声召集|v. 用钟声宣布
toll-free	adj. 免通行费的；免费使用的|adj. 长途电话不另收费的|adv. 免费地；不另付费地
toma	n. 生田斗真（日本艺人）
tomato	n. 番茄植物|n. 番茄果实|adj. 番茄红的|n. 番茄红|n. 漂亮女人（俚语）|n. 蠢人或蠢事（俚语）|v. 用番茄砸|v. 给菜加番茄
tomb	n. 墓、墓室|n. 墓穴|n. 守口如瓶的人|v. 埋葬
tomorrow	adv. 明天|adv. 以后；将来|n. 明天|n. 未来；将来的日子|adv. 下一个时期|adv. 过去某日之后的次日
ton	n. 吨；质量单位|n. 大量；极多|n. 吨；体积单位|n. 制冷能力单位|n. 一百；百分|n. 一百分；一百|n. 时尚；风尚|n. 时髦的上流社会|n. 金枪鱼；鲐鱼|n. 气味阈值数缩写
ton-mile	n. 吨英里；货运工作量单位
tone	n. 音高|n. 音质、音色|n. 说话或写作的语气|n. 全音|n. 区别意义的声调|n. 色调、色泽|n. 肌肉的紧实度|n. 整体氛围或基调|n. 体面或高雅的程度|v. 赋予特定音调或音质|v. 改变颜色|v. 使更结实
tongue	n. 舌头|n. 语言|n. 说话方式|v. 说话；喋喋不休|n. 食用的动物舌头|n. 口音或说话声音|n. 某种说话者|n. 说话能力或言语|n. 鞋舌|n. 嵌入槽中的舌状部件|n. 细长突出物|n. 狭长地带
tonight	adv. 今晚；今夜|n. 今晚；今夜这段时间|adv. 昨夜（古旧用法）
tony	adj. 时髦高档的|n. 托尼奖|n. 傻瓜（古旧）
too	adv. 也；同样|adv. 也；另外|adv. 太；过于|adv. 很；相当|adv. 才不是呢；就是|adv. 还真是；确实
tool	n. 实体工具|n. 抽象手段|v. 用工具加工|n. 软件工具|n. 被利用的人|n. 棒球技能|n. 讨厌的人|v. 配备工具|n. 阴茎（粗俗俚语）|n. 手枪（俚语）|v. 努力工作|v. 利用并贬低
toolkit	n. 成套实物工具|n. 技能和资源组合|n. 软件工具集|n. 指导方案集|n. 抗议组织指南
tooth	n. 牙齿|v. 加齿|n. 锯齿|n. 齿轮齿|n. 特别喜爱|v. 刻成锯齿状|v. 彼此咬合|n. 绳结咬合力|n. 身体上的齿状突起|n. 叶缘小齿|n. 胶片粗糙面|n. 几何中的齿状分支
toothless	adj. 没有牙齿的|adj. 没有实际约束力的
toothy	a. 露齿的
top	adj. 顶尖的；最优秀的|n. 顶部；最上面|v. 超过；胜过|v. 位居第一；登上榜首|adj. 顶部的|adj. 优秀的；出色的|adv. 最高地；最佳地|n. 物体的上方部分|n. 尽头；靠近一端的位置|n. 陀螺|n. 顶尖人物；第一名|n. 价格高点
top-down	adj. 由整体到局部的自上而下结构|adj. 由上层制定或控制|adj. 从空中俯视的|adj. 敞篷车顶打开的
topic	n. 主题；话题|adj. 主题相关的|n. 讨论串|n. 消息主题通道|n. 暗示风格的音乐符号|n. 论据；理由|n. 外用药物或疗法
topside	n. 干舷部
torch	n. 火炬；火把|n. 需要传承的事业或原则|v. 用火炬照亮|v. 纵火焚烧|n. 火炬（象征性或仪式性）|n. 手电筒|n. 启迪；指引|v. 猛烈抨击；毁掉名声|v. 火焰燃烧或冲起|n. 火焰色花朵|n. 穗状花序|n. 毛地黄草属植物
torment	n. 酷刑；拷打|n. 极度的身心痛苦|v. 折磨；使痛苦|n. 古代战争器械
torrent	n. 猛烈的急流|n. 大量涌来的事物|n. 点对点分享的文件信息|v. 用点对点网络下载|adj. 奔涌的；急流般的|v. 倾泻；奔流
tort	n. 侵权行为|adj. 弯曲的；扭曲的|adj. 尖酸的；尖刻的|adj. 绷紧的|adj. 船体不漏水的|n. 错误；伤害|n. 乌龟；陆龟|n. 玳瑁色斑纹的动物；玳瑁色
torture	n. 酷刑；折磨行为|n. 剧烈痛苦；极度煎熬|v. 折磨；施以酷刑|n. 令人难受的事；精神折磨
toss	n. 向上抛掷|v. 向上抛|v. 掷硬币决定|v. 搅拌沙拉|n. 比赛前掷硬币|n. 傲慢地扬头|n. 在乎；关心|n. 节目交接|v. 突然抬起；甩动|v. 使不安；扰乱|v. 折磨；使经受考验|v. 扔掉
total	adj. 全部的；整体的|adj. 完全的；十足的|n. 总数；总额|v. 合计；算出总和|n. 总和|v. 总计达到|v. 总计为；加起来达到|adj. 对所有输入都有定义的|adj. 左全的|adj. 全序的；任意两项可比较的|v. 彻底撞毁；撞到报废
totally	adv. 完全地；彻底地|adv. 非常；极其|adv. 肯定；绝对
touch	n. 一次触碰|n. 一点点|n. 联系|v. 触碰；摸到|n. 触觉|n. 演奏手法|n. 操作手感|n. 特色；点睛之处|n. 边线外区域|n. 手感；能力|n. 一笔|n. 状态；表现水平
tough	adj. 结实耐用|adj. 困难棘手|adj. 难切难嚼|adj. 强悍耐受|adj. 强硬坚持|adj. 严厉苛刻|adj. 粗野好斗|adj. 严格不宽松|intj. 那也没办法|n. 恶霸打手|v. 熬过撑住|v. 使变坚韧
tour	n. 游览；旅行|n. 导览；参观|n. 巡演；巡回访问|v. 巡游；巡演|n. 体育代表队巡回赛|n. 公路巡回赛|n. 巡回锦标赛|n. 服役期；任务期|n. 斯诺克巡回赛|v. 巡游某地；游历|n. 闭迹|n. 绕行；环行
tourism	n. 旅行观光活动|n. 旅游业|n. 特定目的旅行
tourist	n. 旅游者；游客|v. 以游客身份旅行|n. 只旁观、不投入的人|n. 客队队员|n. 网络语境中的“围观者”|n. 计算机系统的访客用户
tournament	n. 锦标赛；系列赛|n. 中世纪骑士比武大会|n. 有向完全图
tow	n. 拖车；牵引|v. 拖；牵引|n. 牵引者|n. 被拖物|n. 牵引绳或缆绳|v. 为后方者挡风助行|n. 气流助推|n. 未捻纤维束|n. 粗短纤维|n. 反坦克导弹缩略语|phrase 剧集标题缩略语
toward	prep. 朝向|prep. 对于；对待|prep. 用于；为了|prep. 接近；靠近|adj. 温顺易教|adj. 即将来临|adj. 有希望的|adj. 未来的
towards	adv. 朝着；向着|adj. 准备好了；近在眼前
towel	n. 毛巾；擦拭用布|v. 用毛巾擦干|v. 用毛巾击打|v. 用毛巾堵住缝隙|v. 用棍棒击打
tower	n. 通信塔|n. 高大建筑|v. 高耸|n. 瞭望塔|n. 水塔|n. 控制塔|n. 高瘦型设备外壳|n. 坚固堡垒|n. 业务领域分塔|v. 高飞|n. 联锁塔的简称|n. 历史高发式头饰
town	n. 城镇|n. 城里；较城市化的地方|n. 大学所在地的居民|n. 所说的那个城镇；当地|n. 大城市；本地这座城市|n. 旧时的集市聚落|n. 联排住宅|n. 城镇自治组织|n. 庄园主宅邸周围的围地|n. 农场或农庄院落
townsfolk	n. 镇民, 市民, 城里生长的人, 城镇居民
toxic	adj. 有毒的|adj. 极其有害的|adj. 病情危重的|adj. 恶意强、令人厌恶的
toy	adj. 简化得不适用于现实|n. 玩具|v. 漫不经心地摆弄|v. 反复考虑|n. 无足轻重的小事|n. 一种简单轻快的古乐曲|n. 小型犬的简称|n. 调情或性爱嬉戏|n. 荒唐念头或一时兴起|n. 老故事或荒诞故事|n. 苏格兰旧式头巾|n. 成人用品的简称
toyota	n. 一辆丰田汽车
trace	adj. 极少的|n. 痕迹|n. 微量残留|v. 追踪线索|v. 追溯历史|v. 描出轮廓|n. 追查或描画|n. 失物追查|n. 电路走线|n. 荒地小路|v. 描摹复制|n. 挽具牵引带
traceable	adj. 可追查的；可追踪的|adj. 含有哈密顿路径的
tracing	n. 描摹图；摹本|n. 追查；查找过程|n. 记录曲线；仪器图|v. trace的现在分词和动名词|n. 路线；轨迹
track	n. 留下的痕迹|n. 铁路轨道|n. 一首歌曲或短音乐作品|v. 循迹查出位置|n. 脚印或足迹|n. 小路或通道|n. 物体运行的路线|n. 比赛或训练场地|n. 发展的方向和进展|n. 对情况的掌握|n. 唱片或录音中的声音|n. 录音载体上的音轨
tracker	n. 追踪者；追踪工具|n. 活动现场的监测人员|n. 监测程序|n. 管风琴传动木条|n. 音乐编曲软件|n. 使用该软件创作音乐的人|n. 文件共享中的监测程序|n. 浮动利率抵押贷款
tractor	n. 农用拖拉机|v. 用拖拉机整理土地|n. 牵引半挂车的卡车|n. 牵引某物的机器|v. 驾驶拖拉机|v. 用牵引光束移动|n. 可移动的无底鸡舍|n. 前置螺旋桨飞机|n. 英国铁路第37型机车|n. 一种金属治疗杆|v. 用过时疗法治疗
trade	n. 贸易；买卖活动|n. 交换；以物易物|n. 手艺；专业技能|v. 从事交易|v. 用某物换某物|adj. 普通商业货的|n. 一次交易|n. 某类熟练工种|n. 业内人士；相关行业|n. 技术性职业|n. 商业客流；生意|n. 信风
trademark	n. 商标|n. 标志；典型特征|adj. 标志性的；典型的|n. 专有商业名称|v. 注册为商标|v. 给产品标上商标
trading	adj. 从事贸易的；贸易的|n. 贸易；交易活动|v. trade 的现在分词和动名词|adj. 贸易商常去的|adj. 可被收买的；靠交易谋利的
tradition	n. 代代相传的传统|n. 共同认可的传统体系|n. 固定的传统风格或做法|n. 交付、移交|v. 传承下去
traditional	adj. 传统的；沿袭传统的|adj. 遵循传统的；守旧的|adj. 口传的；由传统传下来的|adj. 繁体中文的|n. 传统主义者|n. 传统作品或惯例|n. 繁体中文（简称）|adj. 作者不详的传统音乐|n. 传统艺术（简称）|n. 传统握法（简称）
traditionally	adv. 按照传统地|adv. 历来；传统上一直
traffic	n. 道路交通流量|n. 商业往来或人员货物流动|n. 非法交易|n. 信息或数据流量|v. 从事买卖或交换|v. 唯利是图地讨价交易|adj. 拥堵的|n. 市场上的商品|v. 以物换物
tragedy	n. 悲剧作品|n. 惨剧；灾难|n. 悲剧体裁
tragic	adj. 悲惨的；造成巨大悲痛的|adj. 悲剧作品的；与悲剧有关的|adj. 遭遇悲剧的；悲剧受害者的|adj. 尴尬可笑的；糟糕得掉价的|n. 狂热粉丝|n. 悲剧作家|n. 悲剧作品
trail	n. 痕迹；踪迹|n. 小路；步道|v. 跟随；追踪|v. 拖着走|n. 行程；活动路线|n. 预告片|v. 留下……的痕迹|v. 预先播出；发布预告|v. 拖曳着走；缓慢飘动|v. 蔓生；攀爬生长|v. 懒散或不情愿地跟在后面|v. 落后；比分落后
train	n. 连续排列的一队|v. 练习能力|v. 训练并培养|v. 锻炼体能|n. 拖曳的长条部分|v. 按序前进|v. 调整枪的方向|v. 引导植物生长|v. 训练人工智能模型|v. 用火车运输|n. 拖曳的部分|n. 拖曳的部分
trainer	n. 教练；训练者|n. 运动鞋（英、爱尔兰）|n. 运动队伤病护理人员|n. 自行车室内骑行台|n. 电子游戏作弊补丁|n. trainers的定语形式
training	n. 训练这一过程|n. 技能培训|v. 正在训练；训练|n. 教养|n. 调制解调器协商|n. 语音识别训练
trait	n. 特征；特点|n. 可复用的功能集合
traitor	n. 叛徒；叛国者|n. 与本国交战的叛徒|n. 背叛信任的人|adj. 叛徒般的；背叛性的|v. 背叛；欺骗
trajectory	n. 运动路径|n. 发展轨迹|n. 空间运行轨道|n. 系统状态演变路径
tram	n. 有轨电车|v. 乘有轨电车出行|n. 运料轨道车|n. 园区接驳车|n. 空中缆车|n. 无轨观光列车|v. 经营有轨车道|v. 用轨道车运输|n. 马拉有轨车|n. 车辕|n. 轨道的一根钢轨|n. 纬丝
tramp	n. 流浪者|v. 沉重地走|v. 长途跋涉|n. 无固定航线的船|n. 长途跋涉|n. 小型蹦床|v. 搭便车|v. 反复踩踏|v. 走遍、漫游|n. 轻蔑地指放荡的女人|n. 杂散而多余的|n. 护脚金属板
transaction	n. 事务的进行|n. 交易；协议|n. 交换；交易|n. 资金转账|n. 原子操作|n. 学会会议记录|n. 社会互动
transcend	v. 超越界限|v. 胜过；超过|v. 向上攀登
transcendence	n. 超越通常界限|n. 超越物质世界|n. 超出通常感知|n. 卓越非凡|n. 超越数的性质
transcendentalist	n. 先验论者
transcribe	vt. 抄写, 译, 意译, 录制, 改编
transfer	n. 转移；转交|n. 一次转移；转交|n. 换乘|v. 转移；转交|v. 换乘|n. 转印图案；传递热量|n. 调动人员|n. 转会球员|n. 转移到另一座椅面|v. 转印|v. 被转移；转到别处|v. 转让；转交控制权
transferability	n. 可转移性, 可转让性
transferable	adj. 可转移的；可迁移的
transform	n. 转换操作|v. 使外形彻底改变|v. 改变性质或功能|n. 转换后的函数|v. 进行数学变换|v. 发生改变|n. 转换断层|v. 用变压器转换|v. 使细胞发生转化
transformation	n. 转变；改变的过程或状态|n. 焕然一新的变化|n. 数学变换|n. 句法转换|n. 细胞转化|n. 南非民主转型
transformative	adj. 带来深刻持久改变的|adj. 转换生成理论的；转换的
transformer	n. 变换者；转换装置|n. 变形玩具|n. 变压器|n. 人工智能中的 Transformer 模型|n. 《变形金刚》中的变形机器人|n. Transformer 的另一种大小写形式
transgression	n. 违反法律、责任或命令|n. 越过社会认可的边界|n. 海侵
transient	adj. 短暂的；转瞬即逝的|adj. 短时间存在的|n. 短暂的事物|adj. 偶发的；孤立的|adj. 经过的；转手的|n. 短促信号；瞬态|n. 过客；短暂停留者|n. 无家可归者|adj. 随时间衰减的|adj. 会离开且不再返回的|adj. 中间的；过渡性的|adj. 对外产生作用的
transistor	n. 晶体管；半导体器件|n. 晶体管收音机
transit	n. 经过；穿过|n. 转运；运输|v. 穿过；经过|n. 公共交通|n. 天体经过|v. 转运；运送|n. 占星中的过境|n. 测量仪器|n. 导航中的连线|n. 厢式货车|n. 福特厢式货车|v. 翻转测量仪器
transition	n. 过渡；转变|v. 转变；过渡|n. 话语过渡|n. 主题过渡|n. 转调|n. 攻防转换|v. 使过渡；使转变|n. 同类碱基替换|n. 分娩进入最后阶段|n. 教育支持过渡|n. 前后运动转换|n. 性别转换过程
translate	v. 翻译|v. 口译|n. 平移后的集合|v. 移动位置|v. 挪动界线|v. 转移疾病|v. 平移|v. 使失去知觉|v. 翻修旧衣物出售
translation	n. 翻译行为|n. 译文；翻译结果
transmissible	a. 能递送的, 可传递的, 可传达的
transmission	n. 传输；传送|n. 传递物；传播|n. 变速器；传动装置|n. 被传送；传输情况|n. 神经冲动传递|n. 疾病传播|n. 继承权的传递
transmit	v. 传送；传递|v. 传播；传染|v. 传承；遗传|v. 传送信息；播发|v. 传导；传递能量或力量|v. 发射；发出信号|v. 传出；传开
transparency	n. 透明性；透明度|n. 公开透明；可受查验|n. 透明胶片；幻灯片底片|n. 透光画|n. 透明的人或物|n. 近乎无损的透明效果
transparent	adj. 透明的；可看穿的|adj. 公开透明的|adj. 显而易见的|adj. 感知上无损的|adj. 后台自动的；用户察觉不到的|n. 透明物；透明部分|n. 跨性别者的父母
transplant	n. 移植行为|v. 移栽植物|v. 迁置或重新安置|n. 移植的对象|n. 器官移植手术|n. 移植的器官或组织|n. 迁居者|v. 移植器官或组织
transport	n. 运输；运送|v. 运送；运输|n. 运输工具|n. 交通运输系统|v. 使陶醉；使忘我|n. 狂喜；忘我|n. 牵引车挂车；大型货车|n. 录音带传送机构|n. 被流放的罪犯|v. 流放到刑罚殖民地
transportation	n. 交通运输；运输过程|n. 交通工具|n. 流放；发配|n. 车票；车费
trap	n. 捕捉动物的陷阱|n. 骗人的圈套|v. 捕获；困住|v. 诱入圈套；使陷入困境|n. 突然释放装置|n. 管道存水弯|n. 嘴巴|v. 安装存水弯|v. 捕猎为生或设陷阱捕猎|v. 突然离开；逃走|n. 地图上的诱导性地点|n. 针对跨性别女性的冒犯性俚语
trash	n. 垃圾；废弃物|n. 劣质东西；差劲的事物|v. 丢弃|v. 弄得一团糟|v. 在比赛中彻底击败|n. 垃圾桶|n. 不可信或吹嘘过头的说法|n. 社会地位低下的人|n. 过度痴迷某个粉圈的人|n. 回收站|v. 贬低；羞辱；猛烈批评|n. 农作物残茬和杂草
travail	n. 分娩的痛苦, 阵痛, 辛劳|vi. 发生阵痛, 辛劳
travel	n. 旅行活动|v. 旅行|v. 游历某地|n. 一连串旅程|n. 旅行记述|n. 路线上的流动|v. 移动或传递|v. 带球走步|n. 机械行程|n. 分娩阵痛|n. 按键下移距离|v. 迫使旅行
traveler	n. 旅行者；旅客
travell	n. 赶畜；旅行；行驶速度
traveller	n. 旅行者|n. 住在车辆中的迁徙者|n. 出差推销员|n. 另一种大写形式|n. 流程随行记录表|n. 三路开关连接线|n. 索具滑动金属环|n. 幕帘滑轨|n. 桥牌计分传阅表|n. 外带酒饮|n. 爱尔兰迁徙族群成员|n. 挪威迁徙族群成员
tray	n. 托盘；托架|n. 一托盘的东西|n. 设备托架|n. 系统托盘|v. 放到托盘上|n. 散装处理器包装|n. 卡车载货平台|n. 烦恼；苦痛|n. 跨性别同性恋者|v. 坐托盘滑雪坡|v. 使烦恼；使悲伤|v. 背叛
tread	n. 一步；脚步|n. 轮胎胎纹|v. 走；踩着走|v. 踩在；踏上|v. 以某种方式行事；谨慎处理|n. 步伐；走路方式|n. 脚步声|n. 楼梯踏面|n. 鞋底纹路|v. 踩压；踏出|v. 用脚踩动|v. 走遍；通过行走完成
treason	n. 叛国罪|n. 严重的背叛
treasure	n. 珍宝；财富|n. 珍贵的人或事物|v. 珍视；珍爱|n. 亲爱的；宝贝|v. 珍藏；妥善保存|n. 文学性委婉说法|v. 使富足
treasure-house	n. 宝库
treasury	n. 财政部门|n. 国债|n. 藏宝库|n. 国库|n. 国债|n. 珍品集|n. 珍宝
treat	n. 款待；享受|v. 对待；处理|v. 请客；款待|n. 惊喜；乐事|n. 小吃；零食|v. 谈判；协商|v. 论述；讨论|v. 把……作为某种对象来论述|v. 治疗|v. 处理；使发生特定反应|v. 使享受到特别的事物|n. 协商；谈判
treatment	n. 对待方式；待遇|n. 治疗；疗法|n. 材料处理；加工|n. 影视故事梗概|n. 专题论述；正式说明|n. 娱乐；款待|n. 严厉惩罚；报复
treaty	n. 正式国际协议|n. 谈判达成协议|n. 谈判后的协议|n. 对待方式|n. 对主题的讨论|n. 专题论述|n. 恳求|v. 通过订约使进入某种安排|v. 订立条约
tree	n. 树|v. 赶上树|n. 树状植物|n. 树形置物架|n. 鞋楦|n. 树状数据结构|n. 树状列表|n. 分支结构|v. 放到树上|v. 用鞋楦撑鞋|v. 躲到树上|n. 马鞍架
tree-ring	树木年轮
trek	n. 艰难的旅程|v. 艰难地长途旅行|adj. 《星际迷航》的简称|n. 很长的一段路|v. 徒步穿越山区|n. 牛车迁徙|n. 布尔人大迁徙|v. 赶牛车旅行|v. 步行前往
tremble	n. 颤抖；震动|v. 颤抖；发抖|v. 害怕；战栗
tremendous	adj. 令人震撼的；威势惊人的|adj. 巨大的；极大的|adj. 极好的；了不起的
trench	n. 狭长的沟|n. 战壕|v. 挖狭长的沟|n. 考古探沟|n. 风衣|v. 挖战壕|v. 给土地开沟|v. 侵犯，越过界限|v. 趋向，指向|v. 切割，刻出|v. 深翻土地
trend	n. 发展方向|n. 趋势；倾向|n. 流行风潮|v. 朝向；延伸|n. 趋势线|v. 走红；成为热门|n. 锚柄下端|n. 锚泊夹角|n. 洁净羊毛|v. 使转弯；使弯曲|v. 清洁羊毛
trey	n. 三点牌或骰子|n. 三点得分|n. 第三个同名者|n. 三分球|n. 三便士硬币|n. 鹿角的第三个分枝
trial	adj. 试用的；试验性的|n. 试验；测试|n. 审判；庭审|adj. 与测试或审判有关的|n. 医学试验|n. 试用；试行|n. 磨难；令人烦恼的人或事|v. 试用；测试|v. 试用运动员|adj. 三部分组成的|adj. 三倍的；三重的|adj. 表示三者的语言形式
triangle	n. 三角形|n. 三角恋|n. 三角尺|n. 三角铁|n. 台球三角架|n. 直角三角尺|n. 三方关联结构|n. 三柱刑架|n. 三角蝶属蝴蝶|n. 铁路三角线
tribal	adj. 部落的；与部落有关的|adj. 按部落组织的|adj. 带有部落风格的|n. 部落风格图案；部落纹身|adj. 系统发生的；种系发生的|n. 部落成员
tribe	n. 部落；族群|n. 志趣相投的一群人|n. 部落民族；族人|n. 一类人或事物|v. 分类；分组|n. 被视为“原始民族”的群体|n. 一起生活的猿群|n. 族|n. 狂欢节印第安人团体|n. 动物群体的集合名词|n. 母系繁育系群
tribute	n. 致敬、感谢或赞美的表示|n. 国家向另一国家缴纳的贡金|n. 勒索来的保护费|v. 缴纳贡物|n. 封建臣属交给领主的贡赋|n. 采矿所得中给矿工的分成|n. 成人网络俚语中的相关省略语
trick	n. 诡计；骗局|n. 戏法；魔术|n. 技巧；特技动作|n. 诀窍；巧办法|v. 欺骗；骗使相信|adj. 带欺骗性的|adj. 会表演花招的|adj. 有毛病的；不可靠的|n. 恶作剧；捣蛋行为|n. 一轮牌|adj. 很酷的|n. 习惯性小动作
tricky	adj. 棘手的；复杂的|adj. 狡猾的；会耍花招的|adj. 与卖淫交易有关的
trifle	n. 琐事；无关紧要的事物|v. 轻率对待；玩弄|n. 英式层叠甜点|n. 一点点；少量|v. 嬉闹；不认真地说笑|v. 随意摆弄；漫不经心地玩弄|v. 浪费；虚耗|n. 一种锡铅合金|n. 用该合金制成的器具|v. 使变得无关紧要
trigger	n. 枪的扳机|n. 引发事件的诱因|n. 引起负面情绪的刺激|v. 引发、促成|adj. trig 的比较级|n. 启动装置|n. 唤起创伤记忆的刺激|v. 开火|v. 引起强烈负面反应|v. 启动、开始起作用|n. 鼓组电子触发器|n. 铜管乐器变调装置
trigonometry	n. 三角学；三角函数学
trillion	num. 一万亿|num. 多得不得了|n. 篮球统计表中的全零表现|num. 一百京（旧式长计数法）
trim	adj. 身体健康匀称|adj. 身材苗条匀称|n. 装饰边条|v. 修剪；削减多余部分|adj. 整洁利落|n. 修剪头发|n. 服饰装备|n. 整体状态|n. 车辆配置或外观|v. 装饰|v. 整理；调节|adv. 状态良好地
trip	n. 旅行；行程|n. 绊倒；失足|v. 绊倒；被绊住|v. 旅行；出行|n. 药物幻觉体验|n. 沉迷；陶醉|n. 社交失礼；失言|n. 跳闸装置；断路开关|n. 轻快的脚步|n. 使人失足；绊倒他人|v. 使绊倒|v. 犯错；失当
triple	adj. 三重的；由三个部分组成|adj. 三倍的|n. 三倍的数量|v. 使乘三；使变成三倍|v. 变成三倍|adj. 供三人使用的|adj. 三折的；三层的|adj. 有三个方面的；三重含义的|n. 三份酒|n. 三分；三次得分|n. 三垒安打|n. 三分球
triumph	n. 胜利；决定性成功|v. 战胜；占上风|n. 胜利后的喜悦|n. 杰作；极佳成果|v. 成功；胜出|v. 兴盛；蓬勃发展|n. 凯旋仪式|n. 盛大展示；仪式性游行|n. 王牌|n. 一种纸牌游戏|n. 古罗马凯旋典礼|n. 一种纸牌戏法
trivial	adj. 无关紧要的；微不足道的|adj. 普通的；平庸的|adj. 关于琐事的|adj. 物种专名的|adj. 最简单情形的|adj. 显而易见的|adj. 与三艺有关的|adj. 真假不影响结果的|n. 三艺中的一门
triviality	n. 琐事, 平凡, 浅薄
trolley	n. 有轨电车|n. 购物车|v. 乘电车出行|n. 电车集电杆|n. 电车系统|n. 手推车|n. 担架车|v. 乘电车旅行|n. 起重机吊运小车|n. 电气铁路上的轨道小车|n. 平板车的简称|n. 简易滑车
trolley-bus	n. 无轨电车
trolly	n. 手推车, 货车
troop	n. 一群；一队|n. 骑兵或装甲部队小队|v. 成群移动|v. 像人群一样成队走动|n. 一支军警分队|n. 军队；部队|n. 童军小队|n. 猴群|v. 向前快步行进|n. 单个士兵|n. 演员团体|n. 猫鼬家庭群
tropic	adj. 热带的|n. 回归线|adj. 气候学上的热带的|adj. 间接促成变化的|adj. 与修辞转义有关的
tropical	adj. 热带的|adj. 炎热潮湿的；有热带气候特点的|adj. 比喻的|adj. 热带几何的|n. 热带植物
tropicana	[复]n.具有热带特性的东西,热带产物
trouble	n. 困境；麻烦|n. 问题；难题|n. 毛病；缺点|v. 使烦恼；使焦虑|v. 打扰；麻烦|n. 惹麻烦的人|n. 内心烦恼；不安|n. 动乱；骚乱|n. 额外费力；麻烦|n. 做某事有困难|n. 疾病；身体毛病|n. 故障
troublemaker	n. 惹麻烦的人
troublesome	adj. 麻烦的；令人烦恼的
trough	n. 动物食槽或水槽|n. 波浪或波形的低谷|n. 槽状容器|n. 蓄水或排水的窄沟|n. 输送液体的槽沟|n. 经济或趋势的低点|v. 粗俗地大吃大喝|n. 槽状容器（澳新）|n. 长条公共小便池|n. 屋檐排水槽（加拿大）|n. 天气图上的低压槽|n. trough 的另一种大小写形式
troupe	n. 表演团体|n. 合作群体|v. 随团巡演
trouser	n. 裤子的；裤腿的|v. 把钱放进口袋|n. 一条裤子|v. 偷偷拿走|v. 私吞；把不属于自己的东西留下
trousers	n. 裤子
troy	adj. 特洛伊重量制的
truck	n. 卡车；货车|v. 驾驶卡车|v. 用卡车运输|v. 交换；以物易物|n. 货运铁路车厢|n. 手推车；小车|n. 滑板或旱冰鞋轮架|n. 带轮平台|n. 农产品；杂货|n. 交往；往来|n. 关联；关系|v. 旅行；继续前进
true	adj. 真实的；符合事实的|adj. 准确的；符合标准的|adj. 忠实的；可靠的|adj. 真的；为真|adj. 真正的；正统的|adj. 准确命中的|adj. 对齐的；校准准确的|adj. 公平的；不偏不倚的|adj. 根据真实事件的|adj. 真值为真的|adv. 准确地；不偏地|n. 对齐状态
truly	adv. 如实地；准确地|adv. 真的；确实；由衷地|adv. 非常；极其
trump	n. 王牌花色|n. 一张王牌|n. 隐藏的优势|v. 用王牌压过|v. 打出王牌赢牌|v. 压过；取代|n. 放屁|n. 大象的鼻鸣声|v. 胜过竞争者|v. 胜过；强于|v. 放屁|n. 好人；出色的人
trumpet	n. 小号；号类铜管乐器|v. 发出响亮声音；声音扩放出来|v. 大声宣布；热烈宣传|n. 小号手|n. 大象等发出的洪亮叫声|n. 特朗普支持者|n. 特朗普的热情支持者|v. 吹奏小号|v. 大象发出叫声|v. 发出类似大象的洪亮叫声|n. 替人扬名或吹捧的人|n. 漏斗状导管
trunk	n. 躯干|n. 大行李箱|n. 主干|n. 汽车后备箱|n. 通信主干线路|n. 主通道或主干管道|n. 软件主干|n. 游泳裤|v. 建立共享通信干线|n. 旧式容器或通道|n. 蒸汽机部件|v. 截短
trust	n. 信任|v. 信任、相信可靠|v. 相信属实|adj. 信托的|intj. 相信我|n. 信赖、指望|n. 赊账|n. 依靠的对象|n. 信托持有|n. 信托安排|v. 信赖、依靠|v. 希望、料想
trustworthiness	n. 可信赖, 确实性
trustworthy	adj. 值得信任的；可靠的
truth	n. 真实情况；真相|n. 符合事实；正确性|n. 忠于自己或某人|n. 准确贴合；精确度|n. 深层真实；真理|n. 真理；正确命题|n. 真心话游戏中的“真心话”|v. 校准；修正误差|n. 忠诚；信守|n. 忠诚誓约|n. 真夸克的“顶性”|n. 平台帖子
truthfulness	n. 真实；正当；坦率
try	n. 尝试；试一试|v. 试着做；努力做|n. 尝试品尝；试用|n. 橄榄球达阵得分|n. 美式橄榄球中的得分或附加分|n. 异常处理代码块|v. 试用；试验方法|v. 考验；使难以承受|v. 试穿；试用以判断是否合适|v. 试验；努力探索|v. 使过度受考验；损伤|adj. 精美的；出色的
try-on	n. 试穿|n. 骗人的试探
tsa	abbr. 旅游储蓄协会（Toursit Saving Association）；运输标准化局（Transportation Standardization Agency）；肿瘤特异性抗原（tumor-specific antigen）；（英）培训服务局（Training Services Agency）
tsunami	n. 海啸|n. 大规模涌现
tub	n. 矮宽的容器|n. 浴缸|n. 一桶（盒）的分量|n. 小木桶|v. 放进桶中栽种或存放|v. 在浴缸里洗澡|n. 慢船|n. 形似大盆的结构|n. 一桶货物的计量单位|n. 矿井吊桶|n. 浴桶疗法|n. 肥胖的人
tube	n. 管子；中空圆筒|n. 伦敦地铁|n. 软管容器|n. 管状破浪|n. 电视机|v. 装管；封入管中|v. 乘内胎漂流|v. 插管|n. 旧称的深层地铁线路|n. 罐装啤酒|n. 笨蛋
tubing	n. 管材；管子总称|n. 一段管子；管道系统|n. 在河上套内胎漂流|n. 套内胎滑雪坡|v. tube的现在分词和动名词
tuck	n. 褶裥；折叠|n. 蜷曲姿势|v. 拉拢布料；收起|v. 塞入；掖好|n. 缝合固定的褶裥|n. 腹部除皮手术|n. 抱膝蜷身姿势|v. 吃；大吃|v. 恰好塞入；贴合|v. 蜷成一团|v. 缝出褶裥|n. 钢琴换指动作
tuesday	adv. 在星期二|n. 星期二|n. 平淡的一天
tug	n. 用力一拉|n. 拖船|v. 用力拉出或拖动|v. 反复用力拉|n. 牵引车|n. 拔河绳玩具|v. 用拖船拖带|n. 运木材或重物的车辆|n. 挽具牵引带|n. 提升桶的铁钩|n. 男性自慰|n. 伊顿公学学生
tuition	n. 教学；辅导|n. 学费|n. 辅导课程；教学|n. 照护；保护
tum	n. 肚子；胃
tumble	n. 翻滚；摔倒|v. 翻滚；滚落|v. 迅速下跌|n. 乱堆|v. 把……摔倒|v. 翻筋斗|v. 失控地冲动|v. 弄乱；揉皱|n. 性交|v. 滚磨抛光|v. 性交|v. 混淆资金来源
tumbler	n. 无柄饮料杯|n. 锁芯活动栓片|n. 滚筒抛光装置|n. 蚊子的蛹|n. 加密货币混币服务|n. 翻滚表演者|n. 枪机中的击锤部件|n. 翻飞鸽|n. 印度式饮料杯|n. 使物体翻滚的东西|n. 翻滚猎犬|n. 一种车
tumor	n. 异常肿块；肿瘤
tumour	n. 肿瘤；英式拼写
tune	n. 旋律|n. 歌曲；短乐曲|v. 调准乐器|v. 调校设备|intj. 真好听！|n. 调校；保养调整|n. 调准状态|v. 调到频道|v. 使感官对准；使适应|v. 使更精确或有效|v. 使协调；谱成音乐|v. 赋予某种基调
tunnel	n. 地下或水下通道|v. 挖通或挖穿|n. 穿过障碍物的通道|n. 动物洞穴|n. 像隧道的东西|v. 挖隧道|n. 网络隧道|n. 漏斗|n. 烟囱烟道|n. 采矿横巷|v. 通过隧道传输|v. 置入静脉导管
turbine	n. 涡轮机
turbulence	n. 动荡；紊乱|n. 气流颠簸|n. 流体内部的紊流|n. 一次动荡；一种颠簸
turbulent	adj. 剧烈翻腾的；汹涌不平的|adj. 动荡不安的；混乱的
turkey	n. 火鸡|n. 火鸡肉|n. 保龄球连续三次全中|n. 失败的作品或事物|n. 蠢人；无能的人|adj. 土耳其红的|adj. 土耳其蓝的|n. 几内亚鸟|n. 某些类似火鸡的鸟|n. 装病的人|n. 大旅行袋|n. 妓女
turkish	adj. 土耳其的；土耳其人的；土耳其语的|adj. 突厥语族的
turmoil	n. 混乱；动荡|n. 艰辛；困扰|v. 陷入骚动；心神不宁|v. 使困扰；使陷入骚动
turn	n. 转向；转动一下|n. 轮到使用；轮流|v. 转动|v. 变成；变得|n. 旋转一周|n. 来回走动|n. 轮班；值班时间|n. 游戏中的行动机会|n. 完成所需时间|n. 眩晕发作|n. 情势变化|n. 对他人的行为
turnaround	n. 转身；转向另一面|n. 政策逆转|n. 任务周转；完成所需时间|n. 局面翻转；情况好转|n. 角色多角度设定图|n. 乐句衔接段|n. 装饰音记号|n. 回去；返回|n. 设备停机检修期|n. 影视项目转售期条款|n. 起飞前周转准备|n. 卫星信号转传
turner	n. 厨房翻面工具|n. 使之转动者|n. 车床工人|n. 体操运动员|n. 特纳综合征患者|n. 翻飞鸽|n. 易使球转动的干燥球场|n. 苏格兰旧铜币|n. 德国体操俱乐部成员
turnover	n. 营业额|n. 周转率；更换频率|n. 翻折馅饼|n. 失去球权|adj. 可翻转的|n. 步频|n. 翻倒；倾覆|n. 排版重叠|n. 转交的学徒
tutor	n. 辅导老师|v. 辅导、指导|n. 大学学生管理人员|n. 班级或班主任时间|n. 监护人|n. 检索牌|v. 严厉管教|v. 检索牌
tv	n. 电视；电视机|n. 重新录制版本|n. 跨性别者的旧式缩写|n. 潮气量|n. 税值
twain	num. 二；两个|n. 一对；两者|adj. 成双的|v. 分成两半；劈开
twelfth	adj. 第十二的|n. 十二分之一|n. 十二度音程
twelve	n. 十二个组成的一组|num. 数字十二|n. 十二人陪审团|n. 警察；缉毒警察|n. 十二号口径的猎枪|n. 正前方
twentieth	adj. 第二十的；第二十个|n. 第二十位的人或物|n. 二十分之一
twenty	num. 二十|n. 二十多岁|n. 二十面值的钞票|n. 所在位置|n. 旧式步兵编制
twenty-first	adj. 第二十一的|n. 第二十一位的人或物|n. 二十一分之一|n. 二十一岁生日聚会
twenty-five	num. 二十五|n. 二十五纸牌游戏|n. 同一种纸牌游戏的别称
twenty-one	num. 二十一；21|n. 二十一点|n. 二十一分篮球游戏
twenty-seven	num. 二十七
twice	adv. 两次；两遍|adv. 两倍；加倍
twin	adj. 成双的；成对的|adj. 双胞胎的|n. 双胞胎中的一个|n. 相似的一件；成对者|n. 双床房|n. 单人床尺寸；单人床|v. 结成对应伙伴|v. 与……相似；与……匹配|v. 成对出现；穿成一样|n. 双发动机飞机|n. 孪晶|n. 兄弟；伙计
twinkle	n. 闪烁的微光|n. 眼中的喜悦神采|v. 闪烁发光|v. 眼中闪现喜悦|n. 轻快的掠动|n. 一瞬间|v. 眨动或闪动眼睛|v. 轻快地来回掠动|n. 女性生殖器的儿童用语
twist	n. 扭转；缠绕；扭转动作或结果|n. 意外转折|v. 拧转；扭转|v. 歪曲话语或事实|n. 扭转力|n. 扭转后的形状|n. 扭转程度；应力|n. 柠檬皮饰|n. 道路的弯折|n. 歪曲含义|n. 扭摆舞|n. 跳水转体
twitter	n. 鸟的啁啾声|n. Twitter 用户账号|v. 鸟连续啁啾|v. 兴奋或紧张地絮叨|n. 断续颤动的声音|n. 神经的轻微颤动|n. Twitter 信息流|n. Twitter 社群|v. 轻声窃笑|v. 紧张激动|v. 发推文、发布更新|n. 隔行显示中的闪烁干扰
two	n. 数字2|num. 二；两个|num. 两个组成的|n. 两美元钞票|n. 两岁儿童|n. 牌面有两个点的纸牌|n. 两点钟|n. 双人镜头
two-bedroom	a. 双卧室的
two-step	n. 双步舞|v. 跳双步舞|adj. 分两步的|n. 双步舞步|n. 双步舞曲|v. 像跳舞一样移动
two-story	两层的
two-thirds	n. 三分之二
two-way	adj. 双向通行的|adj. 双向传送或沟通的|adj. 向相反方向移动或发生的|adj. 双方共同参与的|adj. 结合两套知识体系的|adj. 同时负责进攻和防守的|adj. 涉及两个变量的|n. 辛辛那提辣椒面套餐
two-year-old	[网络] 两岁的；名词；数词
type	n. 类型；类别|n. 喜欢的类型|v. 打字；用打字机输入|v. 键盘输入|n. 典型人物；某类人|n. 血型|n. 数据类型|v. 测定血型|v. 分类|adv. 非常；极其|n. 典型；典范|n. 印刷字体；铅字
typewriter	n. 打字机|n. 打字员|n. 机枪；冲锋枪（俚语）|n. 一种戳胸并敲耳的恶作剧
typhoon	n. 台风；强烈热带气旋|n. 西北太平洋的台风|n. 台风战斗机|n. 二战时期的台风战斗轰炸机|v. 像飓风一样旋转
typical	adj. 典型的；有代表性的|adj. 通常的；正常的|adj. 概括整体特征的|adj. 分类学中的模式类群的|n. 典型事物；标准类型
typically	adv. 通常；一般来说|adv. 惯常地；按惯例
typify	vt. 代表, 象征, 为...之典型
typist	n. 打字员
tzu	n. (Tzu)人名；(东南亚国家华语)滋
u	n. 字母 U|adj. 水下的缩写|adj. 上层阶级的|adj. united 的缩写|adj. upper 的缩写|adj. 未分类的缩写|adj. 电影分级“适合所有年龄”|n. U 形物|n. 掉头|n. 大学的缩写|n. 星期日的缩写|n. 英国 U 级电影
uc	n. 溃疡性结肠炎|n. 微控制器|n. 大写|n. 上层种姓|n. 联合保守派人士|n. 超大容量
ucas	(uca 的复数) abbr. upper control area 上部控制区
ugliness	n. 外表的丑陋|n. 难看的东西|n. 令人不快的行为或局面
ugly	adj. 难看的|adj. 恶劣的；令人反感的|adj. 刺耳或令人不适的|adj. 糟糕的；可能惹麻烦的|n. 丑人或丑物|adj. 脾气坏的；好争吵的|n. 丑陋；丑态|n. 不适合标准托盘的货物|n. 帽檐式面罩|v. 弄丑；弄得难看
ultimate	adj. 最后的；末尾的|adj. 最大限度的；最极端的|n. 最根本之物|n. 终点；结局|adj. 最远的；最极端位置的|adj. 最终会发生的|adj. 最终结果；终极结论|n. 极限；最大程度|n. 极限飞盘运动|adj. 词语或话语中的最后部分|adj. 不可再分的基本成分|v. 完成；使最终实现
ultimately	adv. 归根结底取决于|adv. 最终结果是|adv. 最后一项|adv. 从词源上追溯到
ultra-low	[医]超低（的）
ultrathin	a. 超薄的,极细的
ultraviolet	adj. 紫外线的；紫外辐射的|n. 紫外色|adj. 紫外的；高能短尺度的
umbrella	n. 雨伞；遮阳伞|n. 保护层；防护范围|n. 统摄多个项目的框架|v. 覆盖；保护|n. 冰球伞形进攻阵形|n. 水母伞部|n. 伞形摄影反光罩|v. 张成伞状|v. 像水母一样移动
unable	adj. 不能；无法|intj. 无法照办|v. 使失去能力
unabomber	n. 智能炸弹客
unacceptable	adj. 不可接受的；无法容忍的|adj. 不合公认用法的|n. 不可接受的事物
unaccountably	adv. 不能说明地, 不可解释地; 无责任地
unacknowledged	a. 未被承认的, 未被公认的, 未答复的
unaffected	adj. 未受影响的|adj. 自然不做作的|n. 未受影响者
unaffordable	a. 买不起的, 负担不起的
unaligned	a. 不结盟的
unambiguous	adj. 明确无歧义的
unanimity	n. 无异议, 同意, (全体)一致
unanimous	adj. 全票通过的；一致同意的|adj. 意见一致的；立场相同的
unanimously	adv. 全体一致地
unanswered	adj. 未回答的；未处理的
unarguable	a. 无可争辩的
unattainable	adj. 无法达到的|n. 无法企及之物
unattractive	adj. 外表或景象不漂亮|adj. 缺乏兴趣或实际吸引力|n. 外表不吸引人的人
unavoidable	adj. 不可避免的|n. 无法避免的事情|adj. 不可撤销的
unaware	adj. 不知情；不了解|adj. 没有察觉；没注意到
unbearable	adj. 无法忍受的
unbearably	adv. 不能忍受地, 无法容忍地; 慌
unbeknownst	adj. 在……不知情的情况下
unbiased	adj. 没有偏见的|adj. 公正的；不偏袒的
unbounded	a. 无边的, 无限的, 无节制的
uncanny	adj. 诡异得令人不安|adj. 粗心的|n. 既熟悉又陌生的诡异感
uncertain	adj. 没有把握的|adj. 无法确定的|adj. 尚未决定的|adj. 不稳定的|adj. 不稳的|adj. 难以预测的|n. 未知或未定之事
uncertainly	adv. 没把握地；犹豫地；不确定地
uncertainty	n. 不确定；疑惑|n. 不确定之处；模糊因素|n. 测量不确定度
unchallenged	adj. 无人竞争的|adj. 未受质疑的|adj. 未经考验的
unchangeable	a. 不变的, 不能改变的
unchanged	adj. 未改变的；原样的
unchanging	a. 不变的
uncharted	adj. 未测绘的；未探索的
uncheck	未寄存
uncivilized	a. 未开化的, 不文明的
uncle	n. 叔叔；舅舅|intj. 认输！|n. 父母的男性表亲|n. 亲切称呼父母的男性朋友|n. 父母的男性伴侣|n. 提供帮助的人|n. 父母朋友般的年长男性|n. 年长男性|v. 称某人为叔叔|v. 像叔叔一样对待|n. 当铺老板|n. 年长的非裔美国男性
unclean	adj. 脏的；污秽的|adj. 道德上不正当的；不贞洁的|adj. 仪式上不洁的；不合宗教规定的
unclear	adj. 含义模糊，有歧义|adj. 未明确规定或界定|adj. 心里没把握，不确定|adj. 看不清或读不清|v. 取消清除状态
uncomfortable	adj. 不舒服的|adj. 不自在的；焦虑的|adj. 感到身体不适的|adj. 反感的；觉得不妥的
uncommon	adj. 不常见的|adj. 非同寻常的；出众的|adv. 格外地；异常地
uncompetitive	a. 无竞争力的
unconcerned	adj. 漠不关心的|adj. 不担心的|adj. 未参与的；无关的
unconditional	adj. 无条件的；绝对的|n. 无条件者；绝对项|n. 无条件结构
unconscious	adj. 失去意识；昏迷|adj. 无意识的；未经过思考的|n. 无意识；潜意识部分|adj. 熟练到无需意识控制的
unconsciously	adv. 不知不觉地；无意识地
unconstitutional	adj. 违宪的
uncontested	adj. 无争议的；无人竞争的
uncontrollable	adj. 无法控制的
uncontrolled	adj. 失控的；无法约束的|adj. 无交通管制设施的
unconventional	adj. 不循惯例的|adj. 不寻常的|adj. 非典型的|n. 不循常规者
uncool	adj. 不酷；不时髦；不合群
uncover	v. 揭开覆盖物|v. 揭露身份|v. 揭露事实或秘密|v. 脱帽致敬|v. 暴露生殖器|v. 使军队队列依次显露
undeniable	adj. 不可否认的；确凿明显的
under	adv. 向下；在下方|adv. 从下面穿过|prep. 在……下面|prep. 低于|adj. 下面的|adj. 受控制的|adj. 处于麻醉状态|adj. 不足的；没熟透的|adv. 不足地；低于标准地|adv. 进入无意识状态|adv. 失败；垮掉|n. 不足额；短缺
under-perform	vt. （股票等）运作差于（一般市场价格）|vi. 表现不佳；工作不如预期（或同行）
undercover	adj. 秘密进行的|adj. 便衣的；秘密调查的|n. 卧底；便衣人员|v. 覆盖不足
undercut	n. 两侧剃短的发型|v. 以低价压过竞争者|v. 削弱或破坏效果|n. 下部切口或切下的材料|n. 伐树导向缺口|n. 向上击打|v. 从下方切出悬空部分|v. 向上重击|v. 淡化或贬低|adj. 由下切形成的|adj. 从下方切出的|adj. 底部凹刻的
underestimate	n. 过低的估计|v. 低估数量、价值或能力|v. 低估重要性或难度
underfund	vt.对…提供资金不足
undergo	v. 经历；经过|v. 经受；忍受|v. 从下面经过
undergraduate	adj. 本科阶段的|n. 本科生
underground	adj. 地下的|adv. 在地下；到地下|adj. 秘密的；隐蔽的|adj. 地下的；非主流的|adv. 秘密地|n. 地下空间|n. 地铁|n. 地下政治组织|n. 地下艺术运动|v. 使电缆地下化
underlie	vt. 位于...之下, 成为...的基础
underline	n. 下划线|v. 在……下画线|v. 强调；突出|n. 下划线符号|adj. 铁路下方的|n. 后续演出的预告|n. 照片说明文字|v. 暗中影响
underlying	adj. 位于下面的|adj. 基础的；根本的|adj. 隐含的；未明说的|n. 标的资产；基础实体|v. underlie 的现在分词或动名词
undermine	v. 削弱；暗中阻碍|v. 从下面挖掘|v. 冲刷或侵蚀基础|v. 从组成部分分析对象
underneath	adv. 在下面|prep. 在……下面|adj. 下面的；底层的|adv. 在底面|n. 底部；下表面|prep. 处在……控制下|n. 背景音轨
undernutrition	n. 营养不良
underprivileged	adj. 处于弱势的；缺少机会的|n. 弱势群体；弱势人士
underrate	vt. 低估, 对...估计过低, 看轻
underscore	n. 下划线；“_”|v. 在……下面画线|v. 强调；突出|n. 背景音乐
understand	v. 听懂；看懂|v. 掌握；熟悉做法|intj. 明白了|v. 理解作品或内容|v. 理解事实或原则|v. 理解意图或原因|v. 听说并推知|v. 省略而默认存在|v. 在下面支撑
understandable	adj. 容易理解的|adj. 情有可原的
understandably	adv. 情有可原地；可以理解的是|adv. 清楚易懂地
understanding	adj. 善解人意的；体谅的|n. 理解；领会|n. 理解力；掌握程度|n. 默契；约定；共识|n. 看法；理解方式|n. 体谅；同情|v. 理解；正在理解|adj. 有理解力的；有技能的
understate	v. 不完全地陈述, 保守地说, 有意轻描淡写
understatement	n. 轻描淡写的表达方式|n. 一句轻描淡写的话|n. 有意隐去信息的不完整披露
undertake	v. 承担并开始做|v. 承诺去做|n. 从路边一侧超车|v. 从路边一侧超车|v. 保证；断言|v. 用诡计诱捕|v. 扮演；承担角色|v. 迎战；对付|v. 听见；得知|v. 负责照管
undertreatment	处理不足
underuse	vt.未充分利用(设施等),浪费地使用,使用…不当
undervalue	vt. 低估...之价值, 低估, 看轻
underwater	adj. 水下的|adv. 在水下|adj. 船体水线以下的|adj. 陷入困境的|adj. 资不抵债的|v. 浇水不足|adj. 处于不利价格状态的期权|n. 地下或深层水体|n. 水下钓鱼诱饵
undesirable	adj. 不受欢迎的；不可取的|n. 不受欢迎的人
undeveloped	adj. 尚未开发或利用|adj. 未建设的；尚未具备建设条件的|adj. 发展相对落后
undiscussed	a. 未讨论过的, 未辩论过的
undistracted	a. 不分心的,注意力集中的,心神不烦乱的
undisturbed	adj. 未受打扰的|adj. 平静的
undivided	adj. 完整的；全神贯注的
undo	v. 撤销；反转结果|n. 撤销操作|v. 解开|v. 毁掉；使垮台|adj. undue 的误拼
undocumented	adj. 缺少说明资料的|adj. 没有正式证明文件的|n. 无合法身份文件的移民
undoubted	a. 无疑的, 确实的
undoubtedly	adv. 无疑；肯定地
undue	adj. 过度的；超过适当限度的|adj. 不正当的；不应采取的|adj. 无需支付的；不应欠付的
unease	n. 不安；忧虑|v. 使不安；使不舒服
uneasily	adv. 不自在地；不稳定地；心神不安地
uneasiness	n. 不舒适, 不安, 局促
uneasy	adj. 不安的；担忧的|adj. 不自在的；拘谨的|adj. 令人不舒服的；令人受拘束的|adj. 困难的
uneconomic	a. 不经济的, 浪费的
uneducated	adj. 未受过教育的|n. 未受教育者
unemployed	adj. 失业的|adj. 闲置的；没有发挥作用的|n. 失业者群体
unemployment	n. 没有工作；失业状态|n. 经济中的失业现象|n. 失业率；失业水平|n. 一次失业经历或一段失业期|n. 某种经济机制造成的失业
unending	adj. 无尽的；没有终点的
unenlightened	a. 愚昧无知的, 未受启发的
uneven	adj. 表面凹凸不平|adj. 不平或不水平|adj. 不均匀；不一致|adj. 质量参差不齐|adj. 奇数的|v. 使变得不平
unexpected	adj. 出乎意料的|n. 意外之事
unexpectedly	adv. 出乎意料地
unexploited	a. 未被利用的,未经开发的
unfair	adj. 不公平的；不公正的|adj. 不美观的；丑陋的|adj. 悲伤的|adj. 不得体的；可耻的|v. 使变丑
unfairness	n. 不公平的状态|n. 一件不公道的事
unfamiliar	adj. 不熟悉的；陌生的|n. 陌生人
unfashionable	a. 不流行的, 不时髦的, 过时的
unfavorable	adj. 不利的；不利于……的
unfavorably	adv. 不利地; 不适宜地; 反对地; 令人不快地
unfavourable	adj. 不利的；不适合的|adj. 不吉利的；预示不好的|adj. 不赞成的；不看好的|adj. 不利于出行或工作的（天气、风势）|n. 反对者；负面评价数
unfeasible	a. 不能实行的, 难实施的, 不切实际的
unfinished	adj. 未完成的；未做完的
unfocused	a. 不聚成焦点的
unfocussed	a. 未聚成焦点的； 不集中于一点的, 无一定目标的
unfold	v. 打开折叠物|v. 逐步发生|v. 自行展开|v. 逐步揭示|n. 反折叠函数|v. 重新接合分行文本|v. 从圈舍放出
unforced	a. 非强迫的, 自然的, 不勉强的
unforeseen	adj. 事先未预见的|adj. 没有料到的|n. 未预见的事情
unfortunate	adj. 运气不好；遭遇不幸|adj. 带来或造成不幸的|adj. 令人遗憾的；不合适的|n. 不幸的人；处境困难的人|n. 妓女（旧式委婉说法）
unfortunately	adv. 遗憾的是；可惜的是|adv. 不幸地；倒霉地
unfounded	adj. 没有根据的|adj. 尚未建立的|adj. 深不见底的
unfriendliness	n. 不友好
unfunded	a. 未备基金的, 债务短期的
unhampered	a. 无妨碍的, 无阻碍的
unhappiness	n. 不快乐；不幸福
unhappy	adj. 不快乐的；难过的|adj. 不满意的|adj. 不幸的；倒霉的|adj. 不合适的|n. 不快乐的人|v. 使不快乐
unharmful	a. 无害的
unhealthy	adj. 对健康不利的|adj. 身体不健康的；有病的|adj. 心理状态不正常的；不健康的|adj. 具有腐蚀性影响的
unhelpful	adj. 没有帮助的；不利于解决问题的
unhinge	vt. 取下...的绞链, 拉开, 搅乱, 使分开
unidentified	adj. 身份不明的；未识别的
unification	n. 统一；合并过程|n. 统一状态；合一|n. 统一项
uniform	adj. 全都一样的|adj. 遵循同一标准的|n. 制服|adj. 一致的（数学、科学）|n. 穿制服的警察|v. 给……穿制服|adj. 由单一分子种类组成的|adj. 满足特定对称条件的（几何）|n. 字母表中的 U（替代写法）
uniformity	n. 形式或状态的一致|n. 意见或做法的一致
uniformly	adv. 一致地；统一地
unify	v. 统一；合并成一体|v. 合为一体；趋于一致
unilateral	adj. 单方面的|adj. 身体单侧的|adj. 只约束一方的
unimaginable	adj. 难以想象的；不可思议的
unimaginably	adv. 不能想像地；难以理解地
unimportant	adj. 不重要的；无关紧要的
unimpressive	a. 不惹人注意的, 给人印象不深的
uninformed	adj. 不了解情况的；不知情的|adj. 没有生命力的；没有活力的
uninhabitable	a. 不可居住的, 不适宜居住的
unintended	adj. 非计划的；非故意的
unintentional	adj. 无意的；非故意的
unintentionally	adv. 无意地；不是故意地
uninterrupted	adj. 不中断的；连续的
union	n. 联合；合并|n. 团结状态；和谐|n. 工会|adj. 工会的|adj. 联邦的（印度）|n. 联盟；联合体|n. 大学学生会；辩论社|n. 管道或机械接头|n. 并集|n. 婚姻结合|n. 联合体数据结构|v. 求并集；合并集合
unionism	n. 工会主义, 联合主义, 联邦主义
unionist	n. 联合主义支持者|n. 工会成员；工会支持者|adj. 支持联合主义的
unionize	vi.vt. (使)成立工会, (使)加入工会
uniqlo	n. 优衣库（日本服装品牌名）
unique	adj. 独一无二的|adj. 仅某对象拥有的|adj. 特有的；有代表性的|adj. 不寻常的|n. 独一无二的事物
uniquely	adv. 独特地；以与众不同的方式
uniqueness	n. 独特性；独一无二
unit	adj. 每单位的|adj. 为一的|n. 一；一个单位|n. 标准计量单位|n. 组织单位；小组|n. 可单独出售的一件商品|n. 数字一|n. 药物或营养成分的单位|n. 军事单位；一名军人或一件军备|n. 设备；机器|n. 零售陈列架或货架单元|n. 住宅单元；公寓套房
unite	v. 使联合； объедин 成一体|v. 团结起来|n. 英国历史金币
unity	n. 合一；一体|n. 一致；和谐|n. 完整的整体|n. 戏剧三一律|n. 数学中的幺元|n. 共同租赁权的法律性质|n. 贵格会的共识
universal	adj. 全体共有的|adj. 全世界的；人人认可的|adj. 宇宙的|adj. 无限广大的|adj. 多用途的；通用的|n. 共相；共同性质
universality	n. 普遍性, 一般性, 广泛性
universalize	vt. 使一般化, 使普遍化, 普及
universally	adv. 普遍地；到处都|adv. 人人都；几乎一致地
universe	n. 宇宙|n. 全部相关事物|n. 虚构世界|n. 影视系列世界|n. 完整的生活世界|n. 统计总体|n. 宇宙神|n. 地球；世界
university	n. 大学|n. 整体；全体成员
unjust	adj. 不公平的；不公正的
unjustified	adj. 缺乏依据的；无正当理由的|adj. （排版）左右不对齐的
unknowable	a. 不能知道的, 不可知的
unknown	adj. 未知的；身份不明的|n. 未知数|n. 未知的事物或信息|n. 无名之人；身份不明的人
unlearn	vt. 使忘掉, 从脑中扫除掉, 抛掉以前的想法
unlearned	a. 无学问的, 未受教育的, 不熟练的|unlearn的过去式和过去分词
unleash	v. 解开牵引绳放出|v. 释放强烈情绪或力量|v. 引发连锁后果
unless	conj. 除非|prep. 除...之外
unlike	adj. 不像的；不同的|prep. 不同于；不像|prep. 与……相反；相比之下|adj. 不相等的|n. 取消点赞|prep. 不像某人的一贯作风|v. 取消点赞|v. 取消点赞|adj. 不大可能的|n. 不同的事物|v. 不喜欢
unlikely	adj. 不太可能的|adj. 没有成功希望的|adv. 以不大可能的方式|n. 不太可能的人或事物
unlimited	adj. 无限制的；不限量的
unlivable	a. 不宜居住的, 不舒适的
unload	v. 卸下货物|v. 卸下某批货物|v. 倾诉、发泄|v. 自行卸货|v. 从内存中移除|v. 排出、喷出|v. 摆脱、处理掉|v. 骗人卖掉劣货|v. 卸下弹药、解除装弹|v. 减小机翼升力负荷|v. 猛烈发出|v. 射精
unmentioned	a. 未提及的,未说起的
unmercifully	adv. 不仁慈地；残酷地
unmistakable	adj. 明显得无法认错
unnamed	adj. 没有名字的|adj. 未指明的
unnatural	adj. 不自然的；反常的|adj. 非自然形成的；不属于自然环境的|adj. 违背常理或自然秩序的|n. 被视为反常的人
unnecessarily	adv. 不必要地；多余地|adv. 过度地；超过需要地
unnecessary	adj. 不需要的；非必需的|adj. 多余的；超出要求的
unobstructed	a. 没有障碍的, 没有阻挡的
unofficial	adj. 未经正式确认的|adj. 没有官方授权的|adj. 未列入官方药典的
unparalleled	adj. 无与伦比的；空前的
unpick	vt. 拆开(缝线、针脚等)
unpleasant	adj. 令人不愉快的；不舒服的
unplug	v. 拔掉电源|v. 暂时远离外界|v. 暂时不用电子设备|v. 疏通管道
unpopular	adj. 不受欢迎；缺少人气|adj. 不被喜欢或被公众冷落
unprecedented	adj. 前所未有的
unpredictability	n. 难以预料的性质|n. 不可预测的事情或因素
unpredictable	adj. 无法预料的|n. 不可预料的事物
unpredictably	adv. 无法预言地）；不可预见地（不能预料地
unprepared	adj. 没有准备好的；措手不及的|n. 因未准备好而受的记过
unpretentious	a. 不铺张的, 不炫耀的, 不装模作样的, 不招摇的, 谦逊的, 质朴的
unquestionable	a. 无疑问的, 确实的, 无可挑剔的
unquestioned	a. 未经审问的, 未经调查的, 无异议的, 不被怀疑的
unreadiness	n. 没预备, 不敏捷
unrealistic	adj. 不切实际的；脱离现实的
unreasonable	adj. 不合理的；过分的|adj. 失去理智的；不讲理的
unrecognised	adj. 未被意识到的；被忽略的；不受重视的；被埋没的
unrecognized	adj. 未被认出或认可的
unreflecting	a. 缺乏考虑的, 无思想的, 不反射的
unrelated	adj. 不相关的；无联系的|adj. 没有亲属关系的
unrelenting	adj. 持续不减；毫不松懈|adj. 无情的；不宽容的
unreliable	adj. 不可靠的；不可信赖的
unremarked	a. 未被注意的, 不受注意的
unrepresentative	a. 非代表性的, 不典型的
unresponsive	adj. 无反应的；失去意识的|adj. 冷淡的；漠不关心的
unrest	n. 社会动荡；政治不安|n. 内心烦乱；令人不安的因素
unsafe	adj. 不安全的；危险的|v. 解除武器保险
unseat	vt. 剥夺...的席位, 使失去资格, 使退位, 罢免, 使去职, 使退职
unselfishly	adv. 不自私地, 无私地
unselfishness	n. 不自私, 慷慨
unsettle	vt. 使移动, 搅乱, 使动摇, 使不安宁|vi. 动荡不定, 离开固定位置
unspeak	vt. 撤回, 取消(前言)
unstable	adj. 不稳固的|adj. 容易变化的|adj. 波动的|adj. 反复无常的|adj. 难以预测的|adj. 易分解的|adj. 放射性不稳定的|v. 放出马匹
unstoppable	adj. 势不可挡的；无法阻止的
unstoppably	adv. 无法（使）停下来地
unsubstantiated	adj. 未经证实的；缺乏依据的
unsuccessful	adj. 不成功的；失败的
unsupervised	adj. 无人监督的；无指导的
unsure	adj. 拿不准；犹豫|adj. 不稳；不牢靠
unsurpassed	a. 未被超越的, 非常卓越的
unsurprisingly	adv. 不出所料地
unsustainable	adj. 不可持续的；无法长期维持的|n. 不可持续之物
unteach	vt. 使忘却以前学过的东西
untested	adj. 未经测试的；未经验证的
unthinkable	adj. 难以置信|adj. 无法想象|adj. 完全不可接受
unthinkingly	adv. 不假思索地；轻率地
until	prep. 直到……为止|prep. 一直到某处|prep. 直到某时才|prep. 向着；到|prep. 直到用完或售罄
untimely	adj. 过早的；未到时候就发生的|adv. 过早地|adj. 不合时宜的
untrue	adj. 不真实的；假的|adj. 不忠的；不守信的
unusual	adj. 不寻常的；少见的|n. 不寻常的人或事物
unusually	adv. 异常地；不同寻常地
unwanted	adj. 不想要的；不受欢迎的|n. 不受欢迎者；不需要的东西
unwieldy	adj. 笨重难操作的|adj. 管理或运作不当的|adj. 虚弱的|adj. 动作不灵活的
unwill	打消(原有意图), 改变(主意, 期望)
unwittingly	adv. 无意中；不知情地
unworthy	adj. 不值得；不够格|n. 不够格的人
up	adj. 醒着且已起床|adv. 向上；在高处|prep. 向上方|v. 举起；提升|adj. 朝上|adj. 在高处|adj. 向上的|adj. 装在高处|adj. 已发布|adj. 在空中|adj. 被抬起|adj. 已建成
up-to-date	adj. 最新的；不过时的|adj. 了解最新动态的
upcoming	adj. 即将发生的|adj. 被误作“有前途的”|n. 上来；出现的动作|n. 应得的惩罚；报应|n. 上来这一活动|v. upcome 的现在分词和动名词
update	n. 最新消息；进展通报|n. 软件或系统更新|v. 更新；使资料变新|v. 向某人通报最新进展|n. 资料修改；信息更新|n. 新增信息；补充内容|n. 更新版本
upend	v. 颠倒, 倒放
upfront	adj. 坦率；直截了当|adj. 预先支付的|adv. 预先；提前|adj. 公开承认；不隐瞒|adj. 在前面；预先摆明|adv. 在进攻前方|n. 电视广告季前推介会|v. 置于首要位置
upgrade	n. 升级件；更好的替代品|v. 升级；改进|n. 上坡|n. 改善；提升|v. 换成更好的|v. 改善设备、服务或配置|v. 升级到后续版本|adv. 向上坡|v. 状态或地位提升
upheaval	n. 剧烈变化；大动荡|n. 突然的剧烈动荡|n. 地壳抬升
uphold	v. 支撑住|v. 维护并确认有效|v. 向上举起
upholster	vt. 为(沙发等)装上垫, 装饰, 装璜
upkeep	n. 维护保养|v. 维护
uplift	n. 提升；增加量|v. 提升；鼓舞|n. 地质抬升|n. 搬运接货|n. 罚款加重|v. 加重；增加|n. 提升胸部的胸罩|v. 获准装运|v. 由福利机构带离|v. 取走文件
uplifting	adj. 令人振奋的|n. 向上抬起
upload	n. 上传；上传的文件|v. 上传数据|v. 上移管理责任
upmarket	a. 高级的, 高档的, 高端的
upon	prep. 在……上；加在……身上
upper	adj. 等级或位置更高的|n. 上部|adj. 地势更高、较北或更内陆的|adj. 较新的；较晚形成的|adj. 中学的；中等学校的|n. 兴奋剂|n. 鞋面|n. 鞋面|n. 社会地位较高的人|n. 较高的部分|n. 通往更高境界的通道
upper-middle-class	上中产阶级
upright	adj. 直立的；竖直的|adv. 直立地|v. 扶正；竖起|adj. 正放的；未倒的|adj. 高而窄的；竖向的|adj. 正直的|n. 竖直构件|n. 立式钢琴|n. 立式吸尘器|adj. 与杆身近似垂直的|n. 竖直构件|n. 字谜中的竖向提示词
uproar	n. 喧闹骚动|n. 嘈杂巨响|n. 公众哗然|v. 搅乱局面|v. 制造喧闹
upscale	adj. 高档的；面向富裕消费者的|v. 扩大规模
upset	adj. 难过、恼怒|adj. 身体不适|n. 扰乱、混乱|v. 使难过或生气|v. 扰乱、破坏平衡|v. 爆冷击败|n. 爆冷胜利|n. 翻倒|n. 胃部不适|v. 掀翻、推翻|v. 翻倒|n. 上闭集
upside	n. 上面；上侧|n. 有利的一面|n. 上涨潜力|prep. 在……上面
upskill	vt. 通过培训等方式学习其它的工作技能
upstairs	adj. 楼上的；上层的|adv. 上楼；在楼上|n. 楼上；上层|adj. 高出好球区的|adv. 在脑子里；在头脑方面|n. 女性胸部（委婉、俚语）|adv. 在天堂；在天上
upstart	adj. 像暴发新贵的|adj. 自大冒失的|n. 暴发新贵；冒失的新权贵|n. 葫芦科植物秋水仙|v. 突然跃起；猛然站起
upward	adj. 向上的|adv. 向上|adv. 在上方|adv. 达到并超过|n. 上部；顶部
upwards	adv. 向上；朝天空方向|adv. 数值上升；数量增加|adv. 向更高层级或更优位置|adv. 回溯到过去|adv. 延续到晚年
upwash	上洗(流), 上倾流, 升流, 上坡风, 上升风
uranium	n. 铀元素
urban	adj. 城市的；都市的|adj. 居住在城市的|adj. 城市管辖的|adj. 与非裔美国人文化有关的|adj. 对非裔居民的旧称
urbanization	n. 城市的形成与发展|n. 人口从农村转向城市|n. 城市人口比例或增长率
urge	n. 强烈冲动|v. 力劝；催促|v. 推动前进|v. 极力主张；坚持提出|v. 激怒；惹恼|v. 紧逼；紧随|v. 用强力处理|v. 向前推进|v. 坚持争辩
urgency	n. 紧迫性；迫切性|n. 强烈催促；迫切冲动|n. 尿急；排尿急迫感
urgent	adj. 迫切的；紧急的|adj. 催促而坚持的
uri	n. 网络资源标识符|n. 上呼吸道感染
us	pron. 我们（不包括听话的人）|pron. 我们（包括听话的人）|det. 我们这些……|pron. 我们（作表语或单独回答）|pron. 我们这一方或所属群体|pron. 人们；一般人|adj. 特小号的|adj. 无法使用的|det. 我们这些……（非标准主语用法）|det. 我们的|n. 无条件刺激|n. 超声检查
usa	n. 美国联邦检察官
usable	adj. 可使用的|adj. 好用的；易于使用的|adj. 同性恋的（俚语）
usage	n. 一种惯例或习惯做法|n. 使用情况；使用量|n. 通常的用法或做法|n. 使用；对待方式（古旧用法）
use	n. 使用这一行为|n. 用处；价值|n. 用途；功能|v. 使用；利用|v. 过去常常|n. 酒精或毒品的使用|n. 需要；用得上|v. 用掉；利用完|v. 使用成瘾性物质|v. 使习惯于|n. 利息；使用费|n. 惯常做法；习惯
used	adj. 用过的；已使用的|v. use 的过去式和过去分词|adj. 二手的；曾由别人拥有的|adj. 习惯于|v. 过去常常
useful	adj. 有实际用途的；有帮助的
usefulness	n. 有用性；实用价值
useless	adj. 没有用处的|adj. 无效的；白费力气的|adj. 不中用的；不可靠的|adj. 在某方面很差的
user	n. 使用者；用户|n. 吸毒者|n. 计算机用户|n. 用户名的简称|n. 利用他人的人|n. 土地使用；土地使用者|n. R 语言使用者
usfws	abbr. United States Fish and Wildlife Service 美国渔猎局（美国内政部）
usher	n. 引座员|v. 引人入座|v. 为……揭幕|n. 婚礼男陪同者|n. 法院门卫|v. 陪同护送|v. 带到某处|n. 旧式助教|n. 旧称教师
usps	abbr. 美国邮政管理局（United States Postal Service）
usual	adj. 通常的；常见的|n. 平时惯点的那一份|n. 惯常状态；惯常的东西
usually	adv. 通常；大多数时候|adv. 在正常情况下
utilise	v. 使用；利用|v. 充分利用；发挥最大潜力|v. 使有实际用途|v. 改作他用；凑合使用
utility	adj. 实用而不重外观的|n. 有用性；效用|n. 公共事业服务|adj. 公共事业服务的|adj. 建筑设备用的|n. 实用品；有用的东西|n. 经济学中的效用|n. 满足感；幸福感|n. 公共事业公司；相关证券|n. 实用软件|n. 实用程序；系统工具|n. 多位置球员的能力
utilization	n. 利用
utilize	vt. 利用
utmost	adj. 最大的；极度的|n. 最大限度；最大可能|adj. 最外的；最远的
utopia	n. 理想世界；乌托邦|n. Ut​​opia 的大小写变体
utter	adj. 完全的；极端的|v. 说出；讲出|adj. 绝对的；不折不扣的|v. 表达自己；说出想法|v. 发出（声音）|adj. 纯的；未经混合的|adj. 最外面的；极远的|adj. 最先的；原始的|adj. 最后的；最终的|adv. 在外面；向外|adv. 极其；完全地|n. 极限；最大程度
utterance	n. 发声, 言辞, 表达, 说话的方式, 死
utterly	adv. 完全地；彻底地
v	n. v 形|n. V 形物|adv. 非常|n. 呼格缩写|n. 动词缩写|n. 元音缩写|n. 速度缩写|prep. 对阵；对比|n. 阴道的委婉说法|n. 伟哥的俚语称呼|n. 文丘里管缩写|prep. over 的缩写
v-shape	abbr. V-shaped V形
vacancy	n. 职位空缺|n. 酒店空房|n. 空白空间|n. 思想空白|n. 理解力欠缺|n. 晶格空位
vacant	adj. 空着的；未占用的|adj. 空白的|adj. 茫然呆滞的；空洞的|adj. 不在场的；缺席的
vacation	n. 休闲度假时间|n. 离开工作或学校的较长假期|v. 去度假|n. 休假；免除某项事务|n. 正式停业或放假期|n. 用于特定目的的空闲时间|n. 腾空；搬出|n. 使法律决定无效|n. 因作弊被封禁
vaccinate	v. 预防接种
vaccination	n. 疫苗接种；预防接种
vaccine	n. 疫苗；一剂疫苗|n. 接种；免疫过程|n. 防护手段；保护措施|adj. 牛痘的|adj. 与牛痘疫苗材料有关的|adj. 牛的；来自牛的|n. 牛痘接种材料|n. 牛痘|n. 防病毒软件|v. 给……接种
vacuum	n. 真空空间|n. 情感或生活空缺|v. 用吸尘器清理|n. 低气压状态|n. 吸尘器|v. 使用吸尘器|n. 物理真空|n. 收腹动作|v. 清理数据库空间
vague	adj. 表达不明确|adj. 含义不确定|adj. 模糊的、不清楚的|adj. 隐约的感觉|adj. 思路或表达不清|adj. 神情空洞|adj. 朦胧的、轮廓不清的|adj. 游荡的、流浪的|n. 游荡|n. 无边界的广阔空间|v. 游荡|v. 变得含糊
vain	adj. 自负的；虚荣的|adj. 徒劳的；无效的|adj. 空洞的；没有价值的|adj. 浮夸的；炫耀性的|n. 阴道上皮内瘤变缩写|v. 使受挫；使落空
vale	intj. 告别；永别|n. 山谷
valid	adj. 有充分根据的|adj. 符合规定的；有效的|adj. 与当前话题相关的|adj. 恒真的；永真式的|adj. 形式有效的|adj. （宗教仪式）正式有效的
validate	v. 使有效；使合规|v. 验证；核实有效性|v. 通过有效性检查|adj. 有效的
validation	n. 验证；确认有效|n. 证明；认证材料|n. 情绪接纳；观点确认|n. 辨认帮派归属
validity	n. 有效性；真实性|n. 法律效力|n. 测量效度|n. 圣礼的形式有效性
valley	n. 山谷；谷地|n. 流域|n. 类似山谷的凹槽|v. 形成山谷状凹陷
valuable	adj. 价值高的；贵重的|adj. 有价值的；值得珍视的|n. 贵重物品
value	n. 价值；值得程度|n. 重要性|n. 价格；等价金额|v. 估价；评估价值|v. 重视|n. 价值观；信念|n. 音符时值|n. 颜色明度|n. 数值|n. 含义；意义|v. 珍惜|n. 可提取的贵重成分
valueless	a. 无价值的, 不值钱的
valve	n. 阀门|v. 用阀门控制|n. 瓣膜|n. 门扇；窗扇|n. 真空管|n. 果瓣|n. 花药开口片|n. 贝壳片|n. 硅藻壳片
van	n. 厢式货车；面包车|v. 用车运送|n. 铁路货车|n. 旧式运输车|n. 移动维修车|n. 增值网络（缩写）|n. 先锋；先头部队（缩写）|n. 矿石清理铲|n. 扬谷器；筛谷工具|n. 翅膀|n. 凡猫|n. 土耳其凡猫
vanish	n. 消失；不见|v. 消失；从视线中不见|n. 元音末尾的音质滑变|n. 魔术中的隐去手法|v. 函数值为零|v. 使人消失；绑走
vanity	n. 徒劳；空虚；无价值|n. 虚荣；自负|n. 梳妆台|n. 浴室洗手盆柜|n. 无根据的说法
vapor	n. 雾气；蒸气；烟雾|n. 虚幻之物；空想；空话|v. 变成蒸气；蒸发|n. 气态；蒸气|v. 使变成蒸气|v. 散发蒸气或烟雾|n. 吸入式药剂|n. 忧郁或神经性不适|n. 风；肠胃气|v. 说空话；夸夸其谈|v. 使忧郁；使厌烦
vapour	n. 蒸气；水汽|v. 产生蒸气；变成蒸气
variable	adj. 可变的；变化不定的|adj. 易变的；不稳定的|n. 变量因素|adj. 多样的；有差异的|adj. 无固定数值的|n. 可变的事物|n. 可取不同值的量|n. 代表变量的符号|n. 程序变量|adj. 偏离常态类型的|n. 变星|n. 变化的风
variance	n. 变化；可变性|n. 偏差；与预期的差异|n. 分歧；不一致|n. 特许许可；豁免|n. 法律文件不一致|n. 诉因变更|n. 方差|n. 系统的自由度数|n. 型构造器的变性关系
variation	n. 变化；变动|n. 变体；不同版本|n. 不同走法|n. 变奏|n. 遗传变异|n. 磁偏角|n. 轨道偏差|n. 语言形式变异
variety	n. 一种具体类型|n. 各种不同的事物|n. 多样性|n. 差异；不同|n. 生物的变种或品种|n. 综艺节目|n. 综艺表演或综艺演出形式|n. 数学中的取值集合|n. 系统状态的多样性
various	adj. 多种多样的|det. 若干；多个|adj. 不同的；变体的
variously	adv. 以各种方式；分别地
vary	v. 改变；变换|v. 调整；改变做法|v. 随情况变化|v. 存在差异|v. 改变惯常做法|v. 使多样化|v. 变换形式以增添趣味|n. 变化；变动|v. 意见不合
vase	n. 花瓶|n. 建筑中的花瓶形构件|n. 医学缩写|v. 放进花瓶
vast	adj. 广阔的；巨大的|adj. 极大的；程度很高的|adj. 荒芜空旷的|n. 广阔空间|n. 视觉听觉感官剧场的缩略语|n. 火山灰战略倡议团队的缩略语
vastly	adv. 大大地；极其
vatican	adj. 梵蒂冈的
vaunt	v. 自夸|n. 自吹自擂
veg	adj. 素食的；不含肉的|n. 蔬菜|v. 闲着；放空休息|n. 素食；素食餐|n. 主观重量单位
vegetable	n. 蔬菜|adj. 植物的|adj. 与蔬菜有关的|n. 蔬菜的可食部分|n. 植物|n. 失去反应能力的人|n. 地雷
vegetarian	adj. 不含肉的|adj. 吃素的|n. 素食者|adj. 素食方面的|adj. 以非肉材料替代肉的|n. 食草动物|n. vegetarian 的旧拼写
vegetarianism	n. 素食主义
vegetation	n. 植被；植物总称|n. 异常增生物|n. 植物性生长
vehicle	n. 交通工具；运载工具|v. 用交通工具运送|n. 表现才华或思想的媒介|n. 药物载体|n. 实现目的的手段|v. 乘坐交通工具出行|n. 颜料中的载体液|n. 宗教修行道路|n. 印度教神祇的坐骑
veil	n. 面纱；遮脸或遮物的薄布|n. 遮挡清晰视线的东西|v. 遮住；掩饰|n. 掩饰；伪装|n. 覆盖物；头巾或面纱|v. 给……戴上面纱|n. 苔藓的帽状膜|n. 水母的环状膜|n. 蘑菇上的薄组织层|n. 连接蘑菇菌盖与菌柄的膜|n. 使发音音色不清的模糊感|n. 隔开生者与灵界的界线
vein	n. 静脉|n. 思路；话题脉络|n. 风格；倾向|n. 叶脉|n. 纹理；条纹|v. 使呈脉络状；布满纹理|n. 虾肠|n. 昆虫翅脉|n. 裂隙；空腔
velocity	n. 带方向的速度|n. 运动的快慢|n. 发生速率|n. 货币流通速度|n. 键击力度值
velvet	adj. 天鹅绒制的|adj. 柔软细腻的|n. 天鹅绒织物|v. 覆上绒面|v. 滑嫩处理肉类|v. 使语气缓和|adj. 和平而不流血的|n. 鹿角上的绒毛|n. 雌性毛丝鼠|n. 右美沙芬|n. 赌来的钱|v. 去掉鹿角绒毛
vengeance	n. 报复；报仇|n. 报复欲；复仇心
ventilate	vt. 使空气流通, 使通风, 公开讨论, 公开
ventilation	n. 通风；空气交换|n. 通风系统；通风设备|n. 意见交流|n. 事实公开；问题曝光|n. 呼吸；通气|n. 辅助呼吸系统
venture	n. 冒险事业；冒险行动|v. 冒险前往；冒险从事|v. 拿去冒险；冒险投入|v. 敢于尝试|n. 冒险投入的资金或货物|v. 谨慎提出看法|n. 偶然发生的事|v. 把某物押作冒险|v. 信赖；托付
venue	n. 活动场所|n. 体育比赛场馆|n. 事情发生的地方|n. 法律审理地点|n. 击打或回合
verb	n. 动词|n. 行动；实际做法|v. 以动词代称|n. 词；词语|n. 操作命令|v. 把其他词动词化
verbal	adj. 与词语有关的|adj. 口头的|n. 动词形式|adj. 重词语而非实质内容的|adj. 纯文字的|adj. 动词的；动词性质的|adj. 用于构成动词的|adj. 逐字的|adj. 能说话的|adj. 言语过多的|n. 警方口头供述|n. 言语交锋
verbalize	vt. 以言语表现, 使变成动词|vi. 用言辞表达, 累赘, 唠叨
verbally	adv. 用语言；口头地
verbatim	adj. 逐字的；原话原句的|adv. 逐字地；原样地|n. 逐字记录；逐字报告|adj. 能逐字记录讲话的|adv. 口头地
verdict	n. 法律裁决|n. 明确判断；结论
verge	n. 边缘；边界|n. 临界点；濒临|v. 濒于；近乎|n. 路边草地|v. 倾斜；趋向|n. 权杖；职杖|n. 英国历史上的职杖|n. 阴茎|n. 古代土地面积单位|n. 圆周；环|n. 柱身；小装饰柱|n. 山墙屋顶的檐边
verify	v. 证明为真|v. 核实准确性|v. 宣誓确认
versa	a. 反的
versatile	adj. 多才多艺的|adj. 用途多的；多功能的|adj. 变化无常的|adj. 可向各个方向自由移动的|adj. 可担任两种性角色的|adj. 可承担主导或服从角色的|adj. 可担任主导或服从伴侣的
verse	n. 格律诗体|n. 诗歌形式|n. 歌曲的一段|n. 经典中的一节|n. 独唱段落|v. 向某人讲授|v. 作诗|v. 用诗歌讲述|v. 对抗、比赛
version	n. 具体版本；变体|n. 译本；翻译版本|n. 一种说法；某个角度的叙述|n. 软件或设备的版本|v. 进行版本管理|n. 外语翻译练习|n. 翻译行为|n. 子宫轴偏转|n. 双眼同向运动|n. 医学上的转位或形态改变|n. 伴奏或器乐改编曲
versus	prep. 对抗；对阵|prep. 与……相比；相对于|v. 与……竞争；对阵|prep. 法律案件标题中的“对”|v. 与……战斗；交战|prep. 互动并记录反应|prep. 混合两个作品或素材
vertical	adj. 竖直的；垂直的|adj. 纵坐标的；沿 y 轴的|adj. z 轴方向的；竖向的|adj. 纵向市场的；行业细分的|n. 垂线；竖直图形|n. 百叶窗的竖片|n. 竖向结构部件|n. 行业细分市场|adj. 同一酒庄不同年份的纵向品鉴|adj. 同时发声的|n. 顶点；最高点|n. 自上而下的权力体系
vertically	adv. 竖直地；垂直地
very	adj. 仅仅是……就；光是……就|adv. 非常；很|adv. 最……的；正是最……的那个|adj. 正是那个；同一的|adv. 很符合……的样子|adj. 真正的；实际的
vessel	n. 船只；交通工具|n. 容器|n. 承载某种品质或感情的人|n. 输送液体的管道|n. 餐具总称|v. 装入容器
vest	n. 马甲；西装背心|v. 授予权力|n. 背心；无袖内搭|n. 运动背心|n. 功能性无袖外衣|v. 把事项交由……掌管|v. 使取得既定财产权利|v. 取得长期权益|n. 礼服；宗教法衣|n. 衣着；装束|n. 历史上的宽松长袍|v. 给……穿上
veteran	adj. 资深的；久经锻炼的|n. 老手；资深人士|adj. 退伍军人的；与退伍军人有关的|n. 老练的动物或群体
veto	n. 否决权|v. 否决|n. 否决行为|n. 权威性的禁止|v. 驳回；否定|n. 实验中的排除机制
via	prep. 经由；途经|prep. 通过；借助|intj. 走开！|n. 古代大道|n. 层间连接孔|n. 层间电气连接
viable	adj. 可行的|adj. 能成功运作的|adj. 能存活的|adj. 能生存并发育的|n. 可存活并发育的生物体
viacom	维亚康姆公司总部所在地：美国主要业务：娱乐
vibrant	adj. 充满活力的|adj. 生气勃勃的；活跃有力的|adj. 鲜明亮丽的|adj. 振动的；有共鸣的|n. 颤音类辅音
vibrate	n. 振动模式|v. 快速来回振动|v. 产生共鸣|v. 来回挥动|v. 使……振动|v. 使用颤音|adj. 振动的|v. 用摆动标记或测量|v. 使人觉得很棒|v. 用振动器刺激
vice	adj. 副职的；代理的|n. 恶习；道德缺点|n. 台钳；夹具|n. 副警察局；扫黄赌毒部门|n. 副职；代理人|prep. 代替；而不是|n. 违法犯罪活动|n. 马匹的危险性格缺陷|n. 铅条成形工具|n. 螺旋楼梯|n. 抓握；紧握
vice-president	n. 副总裁, 副校长
vicinity	n. 邻近；靠近|n. 附近地区；周边一带|n. 大约；接近某个数量
vicious	adj. 凶暴残忍的|adj. 野蛮好攻击的|adj. 邪恶堕落的
victim	n. 受害者|n. 暴力或犯罪受害者|n. 祭品|n. 基督教中的祭品|v. 使成为祭品
victimize	vt. 使牺牲, 使受害
victor	n. 获胜者|n. 用 Victor 表示字母 V|n. 字母 V 的通信代码词
victoria	n. 一种白色猪|n. 一种李子|n. 维多利亚式四轮马车
victorian	adj. 维多利亚时代的|n. 维多利亚时代的人|adj. 维多利亚时代文化和社会的|adj. 保守老派的|adj. 澳大利亚维多利亚州的|adj. 加拿大维多利亚市的|n. 维多利亚时代家具|n. 维多利亚州人|n. 维多利亚市人|n. 维多利亚式房屋
victory	intj. 胜利！|n. 胜利；胜果|n. 胜利女神名|v. 战胜
video	n. 短视频或短片|v. 录下活动或影片|n. 电视节目、影片或视频媒介|n. 录像或录制的影片|v. 用摄像机录制|v. 录下电视节目|n. 录像带
videophones	(videophone 的复数) n. 电视电话
view	n. 观看；观看次数|n. 观点；看法|v. 观看；查看|n. 网络观看量|n. 景象；画面|n. 数据库视图|n. 程序界面视图|v. 把……看作|n. 视觉；目光|n. 船尾航迹
viewer	n. 观看者；观众|n. 电视观众|n. 幻灯片查看器|n. 查看程序|n. 受委派的检查员|n. 矿业检查员
viewpoint	n. 观察位置；观景点|n. 观点；看法；立场
vigilance	n. 警觉；警戒|n. 持续密切关注|n. 守望者；值守人员
vigorous	adj. 强健有力的|adj. 精神饱满而有力的|adj. 生长旺盛的
vigorously	adv. 有力地；强烈地
village	n. 村庄；乡村聚居地|n. 有教堂但无集市的村庄|n. 规划社区|n. 封闭式住宅社区；分区住宅区
vinci	n. 达芬奇（姓氏, 意大利的著名美术家、雕刻家、科学家、建筑家）
vinegar	n. 醋|n. 某一种醋|v. 用醋调味或处理|n. 活力；冲劲
vineyard	n. 葡萄园
violate	v. 违反；违背|v. 强奸；严重侵犯身体|v. 因违反假释规定而被重新收监
violation	n. 违反或侵犯|n. 对身体或性自主权的侵犯|n. 太过分、冒犯到离谱
violence	n. 猛烈的力量|n. 暴力行为|n. 大规模冲突|n. 歪曲；伤害原意|v. 使遭受暴力
violent	adj. 猛烈的；剧烈的|adj. 暴力的；涉及武力冲突的|adj. 有暴力倾向的|adj. 强烈鲜明的|adj. 极强烈的；尖锐的|adj. 强行造成的；非自然产生的|n. 施暴者；攻击者|v. 强行逼迫
violently	adv. 猛烈地；以暴力方式|adv. 强烈地；极其
violet	adj. 紫色的|n. 紫罗兰|n. 紫罗兰色|n. 像紫罗兰一样的人|n. 紫色服装或礼服|n. 紫罗兰香味|n. 洋葱（方言）
violin	n. 小提琴|n. 小提琴声部或演奏者|v. 拉小提琴|n. 广义的提琴类乐器
violinist	n. 小提琴演奏者
vips	abbr. voice interruption priority system 声音中断优先系统
virgin	adj. 未经触碰的|adj. 未开发的；未探索的|adj. 没有经验的|adj. 初榨的|adj. 无酒精的|n. 某方面的新手|n. 圣母像|adj. 保持童贞的|n. 没有性交经历的人|n. 没有任何性活动经历的人|n. 守贞者；圣女|n. 一种灰蝶
virtual	adj. 实际上等同于；模拟的|adj. 在线的；非现场的|adj. 实际上几乎是；近乎完整的|adj. 计算机模拟的|n. 虚拟事物|adj. 可在子类中重写的|adj. 虚速度相关的|adj. 理论上可产生作用的|adj. 虚焦点或虚像的|adj. 虚粒子的|adj. 量子力学中的中间态|adj. 具有内在作用力的
virtually	adv. 几乎；差不多|adv. 实际上相当于；实质上|adv. 以虚拟方式；通过网络或计算机|adv. 有限指数意义上的|adv. 有限度覆盖意义上的
virtue	n. 美德的总体概念|n. 道德操守|n. 可赞的性格品质|n. 优点；有利之处|n. 一种具体美德|n. 传统美德类别|n. 天使等级“诸力”|n. 贞操|n. 超自然力量|n. 效力；功效
virtuosity	n. 精湛技巧, 对古董等的爱好
virtuous	adj. 品德高尚的；正直的
virtus	[计] 计算机病毒
virus	n. 生物病毒|n. 病毒性疾病|n. 计算机病毒|n. 病毒总量|n. 会扩散的有害事物|n. 单个病毒粒子|n. 毒液|n. 泛指恶意软件|v. 使设备感染病毒
visa	n. 签证|n. Visa信用卡|n. 信用卡|n. 医学缩写|v. 给护照签发签证
viscerally	adv. visceral（内脏的；发自肺腑的）的变形
visibility	n. 可见状态|n. 看得清楚的程度|n. 可访问范围|n. 值得一看的事物
visible	adj. 看得见的
visibly	adv. 明显地；看得出来地
vision	n. 视觉；视力|n. 愿景；理想目标|n. 所见的景象|n. 仿佛看见的幻象|n. 想象中的画面|n. 对未来的设想|n. 远见；前瞻性|v. 构想；设想|n. 宗教或神秘体验|n. 绝美的人或事物|n. 预录影像|v. 呈现为幻象
visionary	adj. 有远见的|adj. 理想主义的；乌托邦式的|n. 有远见的人|adj. 虚幻的；不切实际的|n. 不切实际的梦想家|adj. 具有神启或预言性质的|n. 看见幻象的人
visit	n. 一次拜访或走访|v. 拜访某人|v. 参观或走访某地|n. 一次就诊|v. 灾祸降临|v. 参拜宗教场所|v. 探望受苦者|v. 神临到或降临|v. 施加惩罚或伤害|v. 把惩罚施加于
visitor	n. 拜访某人的人；访客|n. 到某地或活动现场参观的人|n. 客场队伍或客队队员|n. 获准查看并监督机构运作的人|n. 来到地球的外星生物|n. 经过地球或进入地球轨道的天体|n. 机构的负责人或巡视主管|n. 访问者模式中的操作对象
visual	adj. 视觉的；与视觉有关的|n. 视觉元素；视觉画面|n. 图像；图片|n. 视觉内容；视觉效果|n. 初步草图；设计示意图|adj. 可见的|n. 行进乐队的视觉动作
visualize	v. 在脑中想象；构想|v. 在脑中形成画面|v. 用图像或图表呈现|v. 用技术使隐藏对象显现|v. 看见；以视觉感知|v. 产生视觉感知
visually	adv. 通过视觉；从外观上
vital	adj. 生命的；与生命有关的|adj. 维持生命所必需的|adj. 生存或延续所必需的|adj. 极其重要的|adj. 赋予活力的|adj. 记录人生事件的|adj. 有活力的；生气勃勃的|adj. 充满生命的；有生命的|adj. 可存活的；有生存能力的
vitality	n. 生命力；生存和发展的能力|n. 活力；精力；朝气|n. 生命性；有生命的特征
vitamin	n. 维生素|n. 健康益处的比喻说法|v. 添加维生素
viviane	n. (Viviane)人名；(法)维维亚娜
vivid	adj. 清晰生动的|adj. 鲜艳强烈的|adj. 充满活力的|n. 记号笔
vocabulary	n. 词表；词汇表|n. 个人词汇量|n. 专业词汇|n. 某种语言的词汇|n. 艺术或风格手段
vocal	adj. 声音的；与人声有关的|adj. 用声音表达的；声乐的|n. 歌曲中的声乐部分|n. 人声；元音等语音成分|n. 有特定选举投票权的天主教会男性成员
vocation	n. 宗教或人生召唤|n. 适合自己的职业
vocational	adj. 职业的；与职业有关的|adj. 职业技能培训的；偏实用技能的
voice	n. 人的声音|n. 意见、选择或发言权|v. 表达或公开说出|n. 声带振动形成的有声|n. 物体发出的声音|n. 发声能力或嗓音条件|n. 传达的信息或意思|n. 发言者或代表性声音|n. 写作或表达风格|n. 语态|n. 音乐中的声部|v. 用有声方式发出
void	adj. 空的；无人占用的|adj. 无效的|n. 虚空；空旷空间|v. 使无效|adj. 空缺的|adj. 缺少……的|adj. 不起作用的；徒劳的|adj. 无返回值的|n. 建筑内部空腔|n. 空地；无用的空置处|n. 侵蚀形成的空洞|adj. 没有心智或灵魂的
volatile	adj. 易挥发的|adj. 波动剧烈的；不稳定的|adj. 爆炸性的；一触即发的|adj. 易怒的；情绪容易爆发的|adj. 反复无常的|adj. 短暂的；转瞬即逝的|adj. 可能引发暴力的|n. 易挥发物|adj. 会被即时更新的|adj. 断电后会丢失的|adj. 能飞行的|n. 易变变量
volcanic	adj. 火山的|adj. 火山形成的|adj. 爆发性的；压抑后猛烈的|adj. 受火山热作用改变的|n. 火山岩
volcano	n. 火山|n. 喷火花烟火|v. 爆发；喷涌而出
volkswagen	n. 一辆大众汽车
volleyball	n. 排球运动|n. 排球
volt	n. 伏特；电压单位|n. 绕小圈的马术动作|n. 闪身避刺；格挡|n. 一种亮绿色|n. 一种亮绿色|n. 欧洲政党Volt Europa
voltage	n. 电压；电势差
volume	n. 体积|n. 音量|n. 期刊的一卷|n. 装订成册的书|n. 成套出版物中的一册|n. 大量信息或含义|n. 数量或规模|n. 货币或信贷总量|n. 古代卷轴或书卷|n. 圆形或卷曲的一团|n. 计算机存储卷|n. 训练总负重
voluntarily	adv. 自愿地；主动地
voluntary	adj. 自愿的；出于本人意愿的|adj. 故意的；有意的|adj. 志愿的；无偿的|n. 独奏即兴短曲|n. 志愿者|adj. 有意志能力的|adj. 志愿主义的|adv. 自愿地|n. 志愿主义支持者
volunteer	n. 志愿者|v. 主动提出做某事|n. 志愿兵|v. 报名做志愿者|v. 主动提供|v. 替别人报名|n. 志愿民兵|n. 自愿行为人|n. 自生植物|n. 田纳西州人|v. 自行生长
vos	adj. 动词—宾语—主语的
vote	n. 正式表决；投票选择|n. 一票；投票行为|v. 投票；参加选举|v. 投票选出；表决通过|n. 表决形成的正式意见|n. 愿望；祈愿|n. 正式请求|n. 正式意见|n. 沃蒂亚人
voter	n. 投票者；选民
vowel	n. 元音（声音）|n. 元音字母|v. 加注元音
voyage	n. 长途旅行；航行|v. 进行长途旅行|n. 旅行记|n. 旅行这一行为
vulgar	adj. 粗俗的；下流的|adj. 普通民众的|adj. 通常的；普通类型的|adj. 普通分数的|n. 普通民众|n. 普通人|n. 通俗语言；民众的语言
vulnerability	n. 脆弱性；易受伤害的状态|n. 具体弱点；防御缺口|n. 安全漏洞
vulnerable	adj. 容易受伤害的|adj. 容易遭受网络攻击的|adj. 有灭绝风险但尚未濒危的
w	adj. 成功、很棒的|adj. 顶尖、优秀的|n. 胜利|n. 一场胜利|n. 瓦特|n. 西方|n. 工作|n. 女性标志|n. 西方|n. 星期三|n. 获胜次数|n. 星期
wachter	n. (Wachter)人名；(法)瓦克泰；(德、匈、罗)瓦赫特
wade	v. 涉水而行|v. 艰难推进|n. 涉水|n. 渡口；浅滩|v. 涉过；穿过|v. 贸然介入|n. 菘蓝的旧拼写|v. 在云雾间隐约透出
wage	n. 工资；薪酬|v. 发动；进行战争或斗争|v. 下注；打赌|v. 冒险承担|v. 雇用|v. 为报酬而投入或出租|v. 为履约提供担保
wager	n. 赌注；打赌|v. 押上……打赌|n. 赌局所针对的对象|v. 敢说；料定|n. 法律上的下注契约|n. 宣誓提议|n. 从事者；发动者
waggon	n. 运货车, 四轮运货马车, (英)铁路货车, 流动服务车, 小型客车, 囚车, 童车
wagon	n. 四轮货车；马车|n. 儿童拖车|n. 购物车|n. 铁路货车；铁路车厢|n. 餐饮推车|n. 警车；押送囚犯的车|n. 旅行车；某些汽车|v. 用车装运|v. 乘车旅行|n. 贬称|n. 贬称|n. 数学记号前缀
waist	n. 人体的腰部|n. 衣服的腰部|n. 船身或机身的中段|n. 事物的中部或收窄处|n. 昆虫的细腰|n. 船上前后甲板之间的中段
wait	intj. 等一下|n. 等待；等候时间|v. 等待；等到|n. 埋伏|n. 夜间或圣诞时节的歌手、乐师|v. 在餐馆当服务员|v. 等候某人归来或兑现承诺|n. 等待状态|n. 守望者|n. 城镇乐队演奏|v. 等待某人或某事到来|v. 侍候；陪同
wait-and-see	adj. 观望的；先观察再决定的
waiter	n. 餐馆服务员|v. 做服务员|n. 等待中的人|n. 伦敦证券交易所工作人员|n. 托盘|n. 海关检查员|n. 守望者
waitlist	vt. 把...登入申请人名单
waitress	n. 女服务员|v. 做女服务员
wake	n. 守灵聚会|n. 身后的影响或痕迹|v. 醒来|v. 叫醒|n. 守夜；守灵|n. 船尾水迹|n. 人在水中造成的波动|v. 唤起；激发|v. 被唤起；活跃起来|n. 醒着的状态|n. 教区节庆|n. 秃鹫群
waken	vt. 唤醒, 使觉醒, 激发|vi. 觉醒, 醒来
wal-mart	v. “Walmart”的旧拼写
waldo	n. 远程操纵装置
wale	n. 隆起的伤痕, 鞭痕, 凸条纹, 精华, 选择|vt. 在...上留下鞭痕, 织成棱纹, 挑选, 撑住|vi. 挑选
walk	n. 散步；步行一趟|n. 步道；人行道|v. 走路；步行|v. 步行经过一段路|n. 步行距离|n. 竞走项目|n. 走路姿态|n. 行为方式；处世|n. 扑克中的过牌|n. 棒球保送|n. 轻而易举的事|v. 逃脱定罪
walker	n. 步行者；行走的人|n. 助行架；学步车|n. 步行鞋|n. 丧尸|n. 步行式军用机器人|intj. 才不信；胡说|n. 带人散步的人|n. 陪同女性参加活动的男伴|n. 步行鸟类|n. 林务员|n. 主动退场的击球员|n. 街头性工作者
walkway	n. 人行通道
wall	n. 建筑物的墙|n. 阻碍行动的屏障|n. 屏障|v. 用墙围住|n. 防御土垒|n. 城墙|n. 绝境|n. 墙一样的巨大团块|n. 防卫或自我保护|n. 容器的侧壁|n. 器官或腔体的壁|n. 任意球人墙
wallet	n. 钱包|n. 经济能力；钱袋子|n. 电子钱包|n. 臀部（俚语）|n. 光盘收纳夹|n. 袋子；小袋
wallpaper	n. 墙纸；壁纸材料|v. 贴墙纸|n. 一卷墙纸|n. 墙纸图案或风格|n. 背景；陪衬内容|n. 电脑桌面背景|n. 新闻背景画面|n. 华而不实的邮票|n. 无线电奖状和联络卡收藏
walmart	v. 去 Walmart 购物|v. 凭规模挤垮竞争者
wander	v. 漫游；闲逛|v. 偏离；走题|n. 一次漫游；闲逛|v. 曲折行进；间接经过|v. 走神；思路涣散|n. 偏移；漂移|v. 不忠；通奸
wandering	adj. 游荡的；漫游的|n. 漫游；游荡|v. wander 的现在分词和动名词|n. 思想游移；走神|n. 偏离路线或目标|adj. 游走的；异常易移位的|n. 眼球的不规则转动|n. 语无伦次；神志不清的言语
wang	n. 男性生殖器（粗俗）|v. 猛打；狠狠击中|v. 用力扔
want	n. 愿望；想要的心情|n. 缺乏；不足|v. 想要某人或某物|v. 想要；要求得到|v. 想做；愿意|n. 贫困；匮乏|n. 所需之物；需求|v. 想见；想找某人办事|v. 最好要；建议|n. 煤层凹陷|n. 鼹鼠|v. 缺少；需要
war	n. 战争；武装冲突|n. 一场具体战争|n. 针对非正规武装的长期战争|n. 长期而激烈的对抗|n. 长期对抗|n. 商业竞争战|n. 犯罪团伙争斗|n. 网络争斗|n. 战争纸牌游戏|n. 武器装备|n. 军队；武装力量|n. 写后读数据危险缩写
ward	n. 受监护的人|v. 挡开；抵挡|n. 英国的行政或选举分区|v. 守护；看守|v. 保护；防卫|n. 守卫者；保护者|n. 保护；防护|n. 法律上的保护|n. 受保护的地点或分区|n. 特定宗教组织中的分区|n. 古旧的受监护人|n. 防护用具或防护物
wardrobe	n. 可移动衣柜|n. 嵌入式衣柜|n. 个人全部衣物|n. 剧院戏服储藏室|n. 戏服部门或其人员、场所|n. 一组衣物|n. 存放衣物和盔甲的房间|n. 王室衣物管理部门|n. 该部门的办公建筑|n. 储物柜或储藏室|n. 类似的储藏空间|n. 任何物品的集合
ware	n. 商品；货物|n. 各种商品；货品|n. 陶器或金属制品|n. 餐具；瓷器|adj. 知晓的；察觉到的|adj. 谨慎的；警惕的|n. 器物风格或类型|n. 海藻；漂上海岸的海藻|n. 春天|v. 留意；当心|v. 保护；防备|v. were 的旧式拼写
warehouse	n. 仓库|v. 存入仓库|v. 长期关在机构里|v. 囤积以阻止竞争
warfare	n. 战争；武装冲突|n. 某种作战方式|v. 从事战争；过军事生活
warm	adj. 温暖的；暖和的|adj. 亲切的；热情友好的|v. 使变暖；给……取暖|v. 变暖；热起来|v. 逐渐喜欢上|adj. 暖色的|adj. 接近正确答案的|adj. 气味尚新、仍能追踪的|adj. 让人感到舒适温馨的|n. 加热；重新热一下|v. 使逐渐喜欢上|v. 变得热烈或激动起来
warmly	adv. 保暖地|adv. 热情地；亲切地|adv. 激烈地；强烈地
warmth	n. 温暖；暖意|n. 友善；亲切|n. 热烈；情感强度|n. 暖色调效果
warn	v. 提醒某人注意即将发生的事|v. 劝阻某人不要做某事|v. 劝离或命令离开|v. 发出警告|v. 报时或预示即将到来的时间
warning	intj. 警告！|n. 警告行为|n. 警告内容
warrant	n. 保证；依据|n. 搜查、逮捕等令状|v. 保证品质或价值|v. 授权某人做某事|v. 使有正当理由|n. 正式授权；批准|n. 支付凭单；授权令|v. 敢肯定；深信|n. 认股权证|n. 准尉|n. 准尉|n. 车辆安全合格证
warranty	n. 保证；担保|n. 合同中的质量保证|n. 产品保修|n. 保险保证条款|n. 旧式不动产权利保证|n. 正当依据；授权理由|v. 保证；担保
warren	n. 兔洞群|n. 迷宫般的地方|n. 小型猎物的总称|n. 合法饲养或捕猎小兽的区域|n. 有限的捕猎权
warrior	n. 战士；勇士|n. 拼搏者；斗士
wary	adj. 警惕的；提防的|adj. 谨慎的；戒备的|adj. 节俭而有远见的|v. 咒骂；辱骂
wash	n. 洗涤；洗澡|n. 洗液|v. 用水清洗|v. 洗自己|n. 药用或卫生洗液|n. 一次洗的衣物|n. 透明淡彩画|n. 岸边冲浪声；浅水冲流|n. 船或物体行进形成的水流|n. 无净变化|n. 薄涂层|n. 铺满场景的灯光效果
wastage	n. 浪费, 浪费量, 废物
waste	adj. 荒芜的；贫瘠的；空旷的|n. 废料；垃圾|v. 浪费；挥霍|v. 逐渐消耗；损耗|adj. 被弃置的；废弃的|adj. 多余的；不必要的|adj. 令人失望的|n. 排泄物；尿液|n. 荒地；荒原|n. 被毁坏的地方|n. 未开垦的大片土地|n. 浪费
wasteful	adj. 浪费资源的|adj. 荒凉的；无人居住的
wasteland	n. 资源枯竭的荒地|n. 乏味的地方|n. 遭破坏的废土|n. 未利用的荒地
watch	n. 手表|n. 看守；守望|v. 观看|v. 观察；留意|v. 照看；看守|n. 值守时段|n. 守卫；警卫队|n. 观看|v. 提防某人|v. 当心；注意避免|v. 保持警觉|v. 放哨
watcher	n. 观察者；旁观者|n. 守夜者；守望者|n. 政治监督员|n. 警卫；守卫|n. 守望天使
water	n. 水|v. 浇水|n. 一杯或一份水|n. 水域|n. 某种水饮料|n. 温泉水|n. 体内积液|n. 供水服务|n. 艰难局势|v. 使湿润或灌溉|v. 给动物饮水|v. 加水稀释
watercourse	n. 水道, 河道
waterfall	n. 瀑布|n. 瀑布般倾泻的东西|n. 瀑布模型|n. 不碰瓶口仰头喝|n. 领带|n. 发髻|n. 胡须|n. 一种拱背倒立动作|v. 像瀑布般落下|v. 仰头倒着喝|v. 轮滑德比中的回收
watermelon	n. 西瓜植物|n. 西瓜果实|n. 西瓜红|n. “外绿内红”的环保社会主义者|n. 表面按期、实际延期的项目|n. 女性乳房
waterproof	adj. 防水的；耐水的|v. 使……防水|adj. 不让水进入的|adj. 无懈可击的|n. 防水剂；防水处理材料|n. 防水外衣；防水用品
watershed	adj. 标志重大转折的|n. 重大转折点|n. 分水界线|n. 集水区；流域|n. 成人内容播出时间界线
waterway	n. 可通航的水路|n. 排水水道
watt	n. 瓦特；功率单位
wave	n. 波浪；波动|n. 挥手；挥动|n. 一阵；一股突然增加|v. 摆动；飘动|v. 挥手|n. 波；波动（物理）|n. 波纹；波浪形|n. 文化潮流|n. 一波敌人|n. 人浪|v. 挥手示意；招呼|v. 呈波浪形
wax	n. 蜡|v. 给……上蜡|adj. 蜡制的|n. 耳垢|n. 蜡质材料|n. 含蜡抛光剂|v. 涂蜡|v. 用蜡脱毛|v. 增长、增强|v. 逐渐变得……|v. 月亮渐圆|n. 唱片
way	adv. 远远地|adv. 远远；大大|n. 路；方向|n. 方法；方式|adj. 很靠后；很远|adv. 非常|intj. 当然；没错|n. 做法；习惯|n. 状态；处境|n. 态度；互动方式|n. 程度；方面|n. 干得好啊（常带讽刺）
we	pron. 我们|det. 我们这些……人|pron. 本机构|pron. 我们所属的群体|pron. 人们|pron. 大家|pron. 你（照护式说法）|pron. 我们一起|pron. 我们来……|pron. 自言自语的“我”|n. 战争编制（缩写）|pron. 朕／本王
we'll	(we shall或 we will 的常用口语形式)
we're	(we are 的常用口语形式)
weak	adj. 力量不足；无力|adj. 不牢固；承受力差|adj. 意志薄弱；容易受影响|adj. 特别迷恋；对某人没有抵抗力|adj. 味淡；浓度或效力低|adj. 弱的；不完全电离的|adj. 差劲；不酷（俚语）|adj. 判断软弱；不明智|adj. 缺乏说服力的|adj. 表现乏力；表达平淡|adj. 作用弱；效果不明显|adj. 行情走低的
weaken	v. 使……变弱|v. 变弱
weakness	n. 软弱；虚弱|n. 弱点；缺陷|n. 特别偏爱；难以抗拒的嗜好
wealth	n. 财富；资产|n. 大量；丰富的资源|n. 繁荣；福祉
wealthy	adj. 富有的；有钱的|n. 富人；富人群体|adj. 丰富的；充足的|n. 一个富人|n. Wealthy苹果品种
weapon	n. 武器|n. 控制或伤害的手段|n. 工具（幽默、非正式）|v. 武装；配备武器|n. 蠢人、不中用的人|n. 高手；很强的东西|n. 生殖器
weapon-grade	武器等级，军用
wear	n. 磨损|v. 穿着；佩戴|v. 磨损；磨坏|n. 服装|n. 服装风格|v. 逐渐磨薄|v. 使人厌烦；令人疲惫|v. 忍受；硬撑过去|v. 耐用；经得住使用|n. 穿用|n. 堰（旧式写法）|v. 使帆船转向另一舷
wear-and-tear	磨损
wearable	adj. 可穿戴的|n. 可穿戴设备|adj. 适合日常穿用的|n. 可穿戴物；衣物
weary	adj. 疲惫的|adj. 厌倦的|adj. 流露疲惫的|adj. 令人疲惫的|v. 使疲惫；变得疲惫
weather	n. 天气|v. 经受住；挺过|n. 风雨侵蚀；恶劣天气影响|n. 处境；局面|v. 使经受风吹日晒；受风化影响|v. 风化|v. 安然渡过事件|adj. 迎风的|n. 风向；迎风侧|n. 暴风雨|n. 阵雨|v. 使岩石风化
weave	n. 织法；织物组织|v. 交错编织|n. 接发|v. 结网；结茧|v. 交织；融入|v. 编排；编造|v. 摇晃着曲折移动|v. 曲折穿过|v. 头部来回摆动
weaver	n. 织工；织布的人|n. 编篮用的横条|n. 织布鸟|n. 豉甲属水生甲虫|n. 织网蜘蛛|n. 冠鲳科鱼类
web	n. 蜘蛛网|n. 交织成的网络|v. 结网|n. 球棒手套的网部|n. 格状或编织结构|n. 编造的复杂故事|n. 阴谋或计谋|v. 用网覆盖|v. 使陷入圈套|n. 结构构件的腹板|n. 铁轨的腹部|n. 趾间蹼
web-based	adj. 基于网络的|adj. 同义的字母大小写形式
webpage	n. 网页
website	n. 网站|n. 网站（旧式大写写法）
wechsler	[人名] 韦克斯勒
wedding	n. 婚礼|n. 结合；合并|v. wed的现在分词和动名词|v. 参加婚礼
wedge	n. 楔子；楔形工具|n. 楔形的一块食物或材料|n. 造成分隔的事物|v. 硬塞进狭窄空间|n. 楔形多面体|n. 挖起杆|n. 楔形高跟鞋|n. 一笔钱|n. 长圆面包做的三明治|v. 用楔子固定或撑住|v. 把人或动物挤得密密麻麻|v. 程序或系统卡死
wednesday	n. 星期三|adv. 在星期三
wee	adj. 很小的|n. 一次小便|v. 小便；排尿|n. 一小会儿；一小段路|n. 尿液|n. 西部马脑炎缩写|pron. 过时的强调形式
weed	n. 杂草|v. 除草|n. 大麻|n. 大麻|n. 瘦弱的人|n. 无用或麻烦的东西|v. 筛除最好的部分|n. 浮萍|n. 灌木丛|n. 一份大麻制品|n. 瘦弱的马|n. 衣服
week	n. 连续七天|n. 日历周|n. 月份中的一周|n. 某日之后或之前七天|intj. 猪叫声|n. 五天工作周
weekday	n. 工作日；非周末日|n. 安息日以外的日子|n. 一周中的任何一天
weekend	n. 周末|adj. 周末的；周末用的|adj. 周末发生的|v. 度过周末
weekly	adj. 每周的；与一周有关的|adj. 每周一次的|adv. 每周一次地|adv. 每周都|n. 周刊
weep	n. 一阵哭泣|v. 哭泣；流泪|n. 抽泣声|v. 哀叹；抱怨|n. 肉类渗出的液体|n. 一种鸻|v. 少量渗出水分|v. 枝条下垂|v. 为……哭泣；哀悼
wegner	[人名] 韦格纳
weigh	v. 称出重量|v. 衡量价值|v. 认真考虑|n. 称量；称重|v. 按重量分装|v. 重达|v. 有分量；重要|v. 判断；估量|v. 压住；沉重|v. 起锚|v. 起锚航行|v. 举起
weigh-in	n. 赛前称重
weight	n. 重量；重力作用|n. 重要性；影响力|n. 举重器材|v. 使变重|n. 增重物|n. 砝码|n. 原子量；分子量|n. 体重；重量数值|n. 字体粗细|n. 线条粗细|n. 颜料厚薄与遮盖力|n. 纱线粗细
weird	adj. 奇怪的；怪异的|adj. 反常的；不合常理的|adj. 怪诞小说的；诡异幻想的|adj. 西方、受教育、工业化、富裕且民主的|adv. 奇怪地；反常地|n. 怪异之处；古怪的一面|adj. 命运的|adj. 与命运相关的|adj. 女巫或巫术的；超自然的|adj. 具有超自然力量的|n. 命运；命数|n. 预言
weiss	n. 外斯（原子磁矩单位）；白色
welch	v. 赖掉小额债务|v. 不履行义务|n. 赖账者
welcome	adj. 受欢迎的|intj. 欢迎！|v. 欢迎；迎接|adj. 令人欣喜的|adj. 可随意享用的|n. 迎接；接待|n. “欢迎”这句话|n. 友好接待|n. 受欢迎的状态|v. 欣然接受|intj. 不客气
weld	n. 焊缝|v. 焊接|v. 紧密联合|n. 染料植物|n. 黄色染料|v. 支配；运用
welfare	n. 福祉；安康|n. 福利救助；福利金|v. 提供福利救助
well	adj. 身体健康|adv. 做得好|intj. 那么；嗯|n. 井|adj. 状态良好|adj. 妥当明智|adv. 充分地|adv. 很大程度上|adv. 有利地|intj. 哎呀；真有意思|intj. 哼；真是的|intj. 嗯？快回答
well-behaved	adj. 举止得体的|adj. 性质平滑规则的
well-being	n. 整体福祉；身心安康
well-developed	adj. 充分发展的；高度发达的
well-establish	完善生长
well-heeled	adj. 富裕的；有钱的
well-known	adj. 广为人知的；著名的|adj. 普遍熟悉和认可的；约定俗成的
well-mannered	adj. 有礼貌的；举止得体的
well-off	a. 境遇好的, 手头宽裕的
well-oiled	adj. 运转顺利的；高效的|adj. 喝醉了的|adj. 润滑良好的
wellbeing	n. 健康, 幸福, 福利, 舒适, 安宁
wellesley	n. 韦尔兹利（姓氏）
welsh	adj. 威尔士的；威尔士人的|adj. 威尔士语的|n. 威尔士语|adj. 威尔士产的；与威尔士有关的动植物|n. 威尔士人|n. 威尔士猪|v. 赖账；不还钱|v. 食言；违背承诺|adj. 古代不列颠人的|adj. 外国的（旧义）
west	adj. 西边的；向西的|adv. 向西；往西|n. 西方；西边|adj. 西风的；来自西方的|adj. 西方的；西部的|adj. 西方的；西方国家的|n. 西部地区；西部居民|adj. 教堂西端的|n. 教堂西向一侧|v. 向西移动；落下
western	adj. 西部的；向西的|adj. 西方的|adj. 西方世界的|n. 西部片|adj. 西风的；从西边吹来的|adj. western 的大写或小写形式变体|n. western 的大写或小写形式变体|n. 西方人|adj. 西方的（韩国用法）
westerner	n. 西方人, 西洋人
wet	adj. 被液体弄湿的|n. 液体；潮湿|v. 弄湿或变湿|adj. 含有液体或水分|adj. 浇有酱汁的|adj. 多雨的|adj. 缺乏经验的|n. 雨天；雨|n. 酒精饮料|n. 软弱的人|v. 使液体覆盖|v. 尿湿自己或物品
wetland	n. 湿地
whale	n. 鲸|n. 庞然大物；规模特别大的人或事|n. 鲸类动物的统称|n. 极好的东西|n. 大额下注者|n. 大额投资者|n. 大手笔消费者|v. 捕鲸|v. 痛打；狠狠打|n. 对肥胖者的侮辱性称呼
what	adv. 以什么方式；到什么程度|det. 哪一种；什么样的|pron. 什么；哪件事|pron. ……的东西；……的内容|det. 哪个；什么|det. 任何……的；所有……的|det. 多么；何等|intj. 什么！|intj. 你要什么？|intj. 什么？没听清|intj. 大概；让我想想|n. 所问的内容；是什么
whatever	det. 无论……|det. 任何……的；无论哪种……的|intj. 随便；无所谓|pron. 无论什么|pron. 凡是……的；任何……的东西|adj. 很一般；无所谓|adv. 丝毫；无论怎样|adv. 到底；究竟|det. 到底什么|det. 任何；不论什么种类|n. 某某；叫不出名字的人或物|n. 某种东西；那个玩意儿
whatsapp	n. WhatsApp 消息|v. 通过 WhatsApp 联系|n. WhatsApp 账号或号码|v. 通过 WhatsApp 发送|n. 另一种大小写形式|v. 另一种大小写形式
whatsoever	adv. 丝毫；完全没有|det. 任何的；无论什么样的|pron. 无论什么；任何事情
wheat	n. 小麦；麦粒|adj. 麦色的；浅棕色的|n. 麦色；浅棕色
wheel	n. 轮子|v. 用轮子滚动|v. 用轮式装置运送|v. 突然转向|n. 轮子；车轮|n. 有权势的人|n. 轮圈|n. 圆块奶酪|n. 转动；一圈|n. 循环过程|v. 使转向|v. 盘旋飞行
when	adv. 什么时候；何时|adv. 在……的时候；那时|adv. ……的时间；何时|adv. 以前；从前|adv. 在某种情况下|n. 时间；时刻|pron. 什么时候；哪个时候|adv. 什么时候？|intj. 够了；到此为止|intj. 什么时候才……！
whenever	adv. 任何时候；随时|adv. 究竟什么时候
where	adv. 在哪里；到哪里|adv. 在……的地方|pron. 什么地方|adv. 在什么情况下|adv. 任何……的地方|adv. ……的地方|adv. ……所在的地方|adv. 在……这种情形中|adv. 在涉及……的情况下|n. 地点；在哪里这一项
whereas	adv. 在……之处|n. 法律文书中的说明条款
whereby	adv. 凭借；通过|adv. 在其中；借此|adv. 凭什么；通过什么
wherever	adv. 随便哪里；任何地方|adv. 无论在哪里；无论是哪里|adv. 究竟在哪里
whether	det. 两者中的哪一个|pron. 两者中的哪一个
which	det. 哪一个；哪一种|pron. 哪一个；哪一些|det. 任意哪一个；随便哪一种|det. 该……的；那个……的|pron. 任选哪一个；无论哪个|pron. 这件事；它，而这又……|pron. ……的那个；关系从句中的“哪一个”|pron. 古旧的关系代词用法|pron. 古旧且不规范的限制性用法
whichever	det. 无论哪一个|det. 任意哪一个|pron. 无论哪一个|pron. 任意哪一个|det. 到底是哪一个|det. 取决于哪一个|pron. 到底是哪一个|pron. 任意一个|pron. 看哪一个而定
while	n. 一段时间|v. 消磨时间|n. 一段时间（菲律宾英语）|prep. 直到|v. 使某人消遣|v. （时间）流逝|v. wile 的替写
whilst	adv. 在此期间；与此同时
whip	n. 鞭子|n. 政党督导员|v. 用鞭子抽打|v. 快速搅打|n. 鞭打的一下|n. 议会投票通知|n. 议员党籍待遇|n. 打发奶油|n. 鞭状抽动|n. 鞭状柔韧性|n. 投手每局上垒数|v. 用柔韧物体抽打
whirl	n. 旋转；转动|n. 头晕；眩晕感|v. 快速旋转|n. 旋转的东西；旋涡|n. 混乱；纷扰|n. 接连不断的一连串事情|n. 试一试|v. 感到头晕|v. 使旋转；使转身|v. 迅速带走；夺走
whirlwind	adj. 快速而短暂的|n. 旋风；小范围的强烈旋转风|n. 席卷而来的猛烈人或事物
whiskey	n. 威士忌这种烈酒|n. 一杯威士忌|n. 音标字母表中的大写形式|n. 轻型单马马车
whisky	n. 威士忌酒, 轻便马车
whisper	n. 低声说话|n. 传闻|v. 低声说话|v. 低声说出|n. 一丝；极少的痕迹|n. 轻微的沙沙声|n. 私信|v. 私下透露；悄悄传开|v. 发出轻微沙沙声|v. 低声而谨慎地交谈|v. 发送私信|v. 对某人耳语
whistle	n. 哨子；发出哨声的装置|n. 口哨声；尖锐的高音|v. 吹口哨|n. 吹口哨的动作|n. 类似口哨的尖锐声音|n. 嘴和喉咙（口语）|v. 由乐器、管道等发出哨声|v. 呼啸着移动|v. 用口哨发信号、召唤|n. 服装（伦敦考克尼俚语）|v. 请求加入某宗教组织（俚语）
white	adj. 白色的|adj. 欧洲人或欧洲裔的|n. 白色|v. 使变白|adj. 白种人的|adj. 人口统计中的白人|adj. 浅色的|adj. 苍白的|adj. 未晒黑的|adj. 含奶的|adj. 白方的|adj. 嫩叶制成的
white-collar	adj. 办公室工作的；白领的|adj. 白领阶层文化的；白领立场的
whitener	n. 增白剂；漂白剂
who	pron. 谁；哪一个人|pron. ……的人（主语）|pron. ……的人（宾语，非正式）|pron. 哪些人；哪个团体|det. 谁的|n. 所讨论的人|pron. 凡是……的人；那个人|pron. 尊称形式的“谁；那位”
whoever	pron. 究竟是谁；到底是谁|pron. 任何……的人|pron. 不管是谁；那个……的人|pron. 无论是谁；不管是谁|pron. 任何人|pron. 把 who ever 误写成 whoever
whole	adj. 完整的；全部的|adj. 完好无损的；健康的|n. 完整的整体|adj. 未加工完整的|adv. 完整地；整个地|n. 全部；整体|adj. 尚未开采或加工的
wholeheartedly	adv. 全心全意地；毫无保留地
wholesale	adj. 批发的；大宗销售的|adv. 整批地；大宗地|n. 批发；批发业务|adj. 全面的；不加区别的|adv. 一概地；不加区别地|v. 批发销售
wholesaler	n. 批发商
wholesome	adj. 有益健康的|adj. 有益身心的|adj. 有益品德的；正面的|adj. 完整而健康的|adj. 正派无害的
wholly	adv. 完全地；彻底地|adv. 专门地；只
whom	pron. 谁；哪个人|pron. 那个人；所……的人|pron. 所涉及的那个人；任何……的人|pron. 指代由人组成的团体|pron. Whom 的敬称写法
whop	v. 打, 抽出, 打败, 征服|n. 重击, 打击声
whorf	[人名] 沃夫
whose	det. 谁的？|det. 其……的；某人的……|det. 其……的（指事物）|pron. 谁的（东西）？|pron. 某人的东西；其所属物
why	adv. 为什么；为何|adv. 这就是为什么|adv. ……的原因|n. 原因；缘由|v. 追问为什么|intj. 哎呀；怎么会呢|n. 小母牛
wicked	adj. 邪恶的；顽劣的|adj. 极棒的；厉害的|adj. 猛烈的；恶劣的|adj. 带有灯芯的|adj. 活跃的；轻快的|adj. 被蛆虫侵染的|adj. wick 的替代形式|adv. 极其；非常
wide	adj. 宽的；横向很大的|adj. 范围广的；涉及面大的|adv. 广泛地；到处|adj. 边路的|adj. 宽字符的|adv. 完全地；充分地|adv. 偏离目标地；偏向一侧|adv. 大开地；充分张开地|adj. 肥胖的|adj. 偏离目标一侧的|adj. 宽松发音的|adj. 广阔的；浩大的
wide-angle	adj. 广角的；宽视角的
widely	adv. 广泛地；遍及各地|adv. 普遍地；广为地
widen	v. 变宽；变得更宽|v. 使变宽|v. 放宽衣服|v. 扩大范围|v. 扩大数据类型的取值范围
widespread	adj. 广泛存在的；普遍的|adj. 分得很开的
widow	n. 丧偶女性；丧偶者|n. 配偶缺席者|n. 因伴侣沉迷某活动而被冷落的人|n. 牌局中的备用牌|v. 使某人丧偶|n. 排版孤行|n. 寡妇蛛|v. 剥夺珍视之物|v. 赋予寡妇权利|v. 成为某人的遗孀
width	n. 宽阔状态|n. 横向尺寸|n. 布料宽幅|n. 击球人与球的横向距离|n. 利用场地横向空间
wife	n. 妻子|v. 娶为妻|n. 雌性配偶|n. 女人
wight	n. 幻想生物|n. 幽灵或神灵|adj. 勇敢的|adj. 强壮的|n. 生物；人|n. 守护土地的超自然生物
wild	adj. 野生的；未驯服的|adj. 不受控制的；强烈奔放的|n. 野外的自然状态|adj. 野生动物或自然界的|adj. 喧闹放纵的|adj. 焦急慌乱的|adj. 暴怒的|adj. 蓬乱的；凌乱的|adj. 热衷的；很感兴趣的|adj. 偏得很远的；不准确的|adj. 太惊人了；太离谱了|adj. 出乎意料的；疯狂离谱的
wilderness	n. 自然荒野；未开发的荒地|n. 令人迷失的混乱处境|n. 无序、荒芜的非陆地环境|n. 杂乱的大群或大量集合|n. 失势或无人认可的处境|n. 仿自然的园林区|n. 粗野；未开化
wildfire	n. 野火；野外火灾|n. 迅速失控的扩散|n. 希腊火|n. 蔓延性皮肤病
wildland	n. 荒地
wildlife	n. 野生动物|n. 野生生物
wile	n. 诡计, 狡猾|vt. 引诱, 诱骗, 消遣
will	n. 意志；自主选择能力|n. 意愿；决定；命令|n. 遗嘱|v. 将要；会|v. 愿意；肯|n. 意图；有意识的决定|n. 坚定意志|v. 能；有能力|v. 想必；应该已经|v. 总是会；惯常|v. 在遗嘱中指定|v. 遗赠
willfully	adv. 故意地；蓄意地
willie	n. 威利（男子名, William的昵称）
willing	adj. 愿意的；不反对的|v. will 的现在分词或动名词|n. 执行遗嘱
willingly	adv. 自愿地；乐意地
willingness	n. 意愿；愿意的态度
wilt	n. 萎蔫状态|v. 萎蔫下垂|v. 逐渐失去力量|v. 使萎蔫|v. 使疲惫不堪|n. 植物萎蔫病|v. 你愿意；你要
wiltshire	adj. 威尔特郡式腌制的
win	n. 一次胜利|v. 赢得比赛|v. 赢得奖品|v. 获胜|n. 成功的一着|v. 赢得支持或友谊|v. 占上风；掌控局面|v. 争取到；获得|v. 使某人获胜|v. 胜过；超过|v. 优先；最终起作用|n. 收益；利润
win-win	adj. 双方受益的；双赢的|n. 双赢局面
wind	n. 风|v. 缠绕|v. 给钟表上发条|n. 人为吹动的气流|n. 呼吸力|n. 听来的消息|n. 趋势|n. 肠气|n. 呼吸声或乐器气息|n. 木管声部|n. 管乐器|n. 风向或方位
windfall	n. 意外的大笔好处或钱|n. 被风吹倒或吹落的东西|n. 自然掉落的果实|n. 风吹倒树木的现象
windmill	n. 风力驱动的风车机器|v. 大幅挥动或旋转|n. 风车建筑|n. 风力发电装置|n. 风车玩具|n. 想象中的敌人|v. 脱离控制后空转|n. 篮球中的绕臂扣篮|n. 棒球中的绕臂投球|n. 吉他中的风车式扫弦动作|n. 霹雳舞中的风车动作|n. 大幅绕圈的健身动作
window	n. 窗户|n. 有限时段；机会窗口|n. 橱窗|n. 了解某事的窗口|n. 限定范围|n. 计算机窗口|n. 检测窗口期|v. 装窗|n. 窗框及窗扇|n. 交叉线形成的图案|n. 雷达干扰箔|n. 窗函数
windscreen	n. 车辆前挡风玻璃|n. 麦克风防风罩|n. 穿甲弹头部的减阻罩|n. 火车车门旁的挡风板|v. 安装挡风屏
windswept	a. 风刮的, 被风吹扫的, 暴露在风中的
windy	adj. 有风的；风大的|adj. 无遮蔽、迎风的|adj. 空洞的；不切实际的|adj. 说个没完的；冗长空谈的|adj. 胀气的；容易放屁的|adj. 弯弯曲曲的|n. 屁|adj. 害怕的；紧张的
wine	n. 葡萄酒|n. 其他材料酿成的类似酒|n. 一杯酒|n. 酒红色|v. 用酒招待|n. 风（方言）|v. 喝酒|v. 跳牙买加舞蹈
winfrey	[人名] 温弗里
wing	n. 动物的翅膀|n. 飞机的机翼|n. 建筑物或整体的侧翼|v. 即兴应付|n. 手臂（俚语）|n. 飞行；飞走|n. 卫生用品的护翼|n. 眼线的上扬外翘部分|n. 政治组织的派别|n. 汽车轮罩板（英国）|n. 球场边路位置|n. 边路球员
wingtips	(wingtip 的复数) n. 翼尖
wink	n. 眨一只眼；使眼色|v. 眨一只眼使眼色|n. 短暂的睡眠|n. 片刻；一瞬间|n. 含蓄的暗示|v. 闭眼|v. 对……视而不见|v. 快速眨眼；不由自主地闭眼|n. 极少的一点|n. 游戏小圆片|n. 海螺|v. 睡觉；闭眼休息
winner	n. 获胜者|n. 制胜分或制胜球
winter	n. 冬季|n. 衰败期；晚年|v. 在某地过冬|v. 让某物安全过冬|n. 冬季型人|n. 暖壶架|n. 雨季|n. winter的大写形式
wipe	n. 湿巾；擦拭布|v. 擦拭|v. 擦掉；抹去|v. 删除；抹掉数据|n. 擦拭；擦除的动作|n. 擦除式转场|n. 团灭|v. 抹；涂得满是|v. 擦拭身体下部|v. 抹去脸上的表情|v. 进行擦除式转场|v. 团灭；全队阵亡
wire	n. 金属丝|n. 电线|v. 用金属线固定|v. 给设备接线|v. 电汇；发电报|n. 一根金属线|n. 铁丝网围栏|n. 终点线|n. 通信线路|n. 电报；电报消息|n. 最后关头|n. 幕后操纵；牵线
wireless	adj. 无线的|adj. 无线连接的|n. 无线网络|n. 无线电通信|n. 收音机|v. 用无线电发送
wisdom	n. 明辨是非的智慧|n. 把知识灵活用于新处境|n. 结合知识与经验作判断|n. 一句明智的劝告|n. 为最大益处而运用知识|n. 属灵智慧|n. wisdom tooth的简称|n. 一群袋熊|n. 一群猫头鹰
wise	adj. 明智的；有判断力的|adj. 自作聪明的；无礼顶嘴的|adj. 察觉到；知道内情|v. 变得明智|v. 弄明白；使知情|n. 方式；方法|n. 翼身融合效应|v. 教导|v. 劝告；促使|v. 指路；引导|v. 操纵航向；驾驶|v. 使转向
wisely	adv. 明智地；审慎地
wish	n. 愿望；希望|n. 许愿；愿望的表达|v. 想要；希望|v. 盼望（即使难以实现）|n. 所希望的事物|v. 向……送上祝愿|v. 想做某事|n. 水草地|v. 希望（古旧用法）|v. 代为推荐；求取支持
wistful	a. 渴望的, 想望的
wit	n. 思考和推理能力|n. 机敏的反应；急智|n. 机智幽默|n. 理智；神志|n. 聪明；常识|n. 机智幽默的人|n. 感官；知觉|n. 水禽辨认测试的缩写|prep. with的方言拼写|v. 知道；意识到
witch	n. 女巫；施巫术的人|n. 巫术传统的女性信徒|n. 讨厌的丑女人|n. 淘气的人|v. 对某人施魔法；迷惑|n. 有迷人魅力的人|n. 阿涅西女巫线|n. 风暴鹱|n. 某些扁鱼的名称|n. 一种蝴蝶|n. 纸制引火卷|n. 母狗
with	prep. 和……一起；与……相伴|prep. 用；借助|adv. 一起；同行|prep. 对抗；和……冲突|prep. 带有；附带|prep. 同时；伴随着|prep. 支持；站在……一边|prep. 关于；涉及|prep. 有；带有|prep. 带着；处于某种情绪或状态|prep. 因……而；被……情绪支配|prep. 受雇于；在……任职
withdraw	v. 收回；撤销|v. 收回言论|v. 取款；提取|v. 撤离；离开|v. 退出；不再参与|v. 抽回；拉回|v. 帮助戒除；使戒断|v. 移开目光|v. 撤下议题|v. 停止；退出|v. 撤退|v. 变得孤僻；走神
withdrawal	n. 戒断反应|n. 退出或撤回|n. 取款金额|n. 收回托管物|n. 体外射精避孕法
withhold	v. 隐瞒信息|v. 扣留实物|v. 克制不做|n. 未披露的不当行为
within	prep. 在里面；在内部|prep. 在……结束以前|adv. 进入里面；在内部|prep. 在范围之内|adj. 本文件所涉及的
without	adv. 没有；缺少|prep. 不带；没有|prep. 没有做……|adv. 在外部|adv. 不使用避孕套|prep. 在……之外
withstand	v. 承受住；经受住|v. 坚决抵抗；顶住
witness	n. 证词；作证|n. 目击者；见证人|v. 亲眼见到；目睹|n. 法庭证人|n. 仪式或签字的见证人|n. 证据；见证物|n. 耶和华见证人|v. 证明；显示|v. 以……为证|v. 作宗教见证；传教|v. 见证并签署法律文书
wizard	n. 巫师；魔法师|n. 高手；奇才|n. 向导程序|adj. 极好的；精彩的|n. 多用户地下城管理员|n. 智者；贤人|n. 特定网络俚语中的三十岁以上男性处男|v. 施展巫术|v. 施法召唤
wolf	n. 狼|v. 狼吞虎咽|n. 好色的男人|n. 狼音|n. 贪婪或毁坏性的事物|n. 蛀食性幼虫|n. 粮仓白色蠕虫|n. 狼蛛|n. 溃疡|n. 羊毛清理机|v. 四处追求女性|v. 猎狼
wolverine	n. 狼獾；貂熊|n. 密歇根州居民|n. 密歇根大学相关人士或支持者
woman	n. 成年女性|n. 女性群体；女性整体|n. 女性个体|n. 妻子或伴侣|n. 热爱某种事物的女性|n. 女侍从或女仆|v. 配备女性人员|v. 使女性化|v. 使拥有女性伴侣|v. 轻蔑地称为“woman”
wonder	n. 惊奇；赞叹|v. 惊叹；感到惊奇|v. 想知道；纳闷|n. 奇迹般的事物|n. 产生奇效|n. 世界奇观|n. 讽刺地指某人|n. 疑问；琢磨|n. 一种甜甜圈
wonderful	adj. 令人惊奇的；非同寻常的|adj. 非常棒的；令人赞叹的|adv. 极其；十分
wood	n. 木材；木头|n. 树林|n. 某种树木的木材|n. 柴火|n. 木头球杆|n. 木管乐器|adj. 疯狂的|n. 勃起的俚语说法|n. 国际象棋棋子|n. 冒犯性种族俚语|v. 种树；植树覆盖|v. 躲到树后
woodcut	n. 木刻, 木刻印版
wooden	adj. 木制的|adj. 僵硬呆板的
woodland	n. 林地；树木覆盖的土地|adj. 林地中的；林地的|n. 严格意义上的林地|adj. 具有林地特征的
woody	adj. 有树林的；树木茂密的|adj. 木质的；像木头的|adj. 木本的|adj. 木质化的|adj. 属于森林的|n. woodie 的另一种拼写|n. 木制攀爬墙|n. 阴茎勃起
wool	n. 羊毛|n. 羊毛料；羊毛线|n. 羊毛状纤维|n. 毛线或纱线|n. 树叶纤维|n. 卷曲短毛|n. 利物浦地区贬称|n. 掺可卡因的迷幻烟卷
word	n. 词；单词|v. 措辞；用词表达|intj. 真的；说得对|intj. 没错；赞同|n. 类似词的语言单位|n. 言语；说话|n. 某人说的话|n. 消息|n. 命令；指示|n. 承诺；保证|n. 简短谈话|n. 责备；训话
wordsworth	n. 华滋华斯（英国诗人）
wordy	a. 罗唆的, 口头的, 多言的
work	n. 工作；职业|n. 努力；劳动|v. 做事；工作|v. 运转正常；奏效|n. 工作安排；上班|n. 美容或医疗操作|n. 下功夫；努力|n. 有用功；做功能力|n. 成果；作品（复合词中）|n. 作品|v. 从事某项工作|v. 使运转；使起作用
work-life	adj. 工作与个人生活关系的
workday	n. 工作日|n. 工作时段
worker	n. 劳动者；工作人员|n. 工蚁；工蜂等|n. 工作线程；任务执行单元|n. 非繁殖型社会性昆虫
workflow	n. 工作流程|n. 工作流动速率
workforce	n. 某组织或行业的劳动力|n. 一个地区的就业或可就业人口
workhouse	n. 济贫劳动机构|n. 苦役监狱|n. 工场；工厂|v. 送入济贫院
working	adj. 运转正常的|n. 运作；行动|v. 正在工作；工作|adj. 暂定可用的|adj. 有工作的；就业中的|adj. 与工作有关的|adj. 够用的；基本掌握的|adj. 实际使用的；实用的|n. 运作方法|n. 解题过程|n. 作业场所；工程|adj. 有效的；能产生作用的
working-class	adj. 工人阶级的；带有工人阶级特点的
workload	n. 人的工作总量|n. 机器的处理负载
workman	n. 靠工资劳动的工人|n. 手艺人；工匠
workmate	n. 共同工作者, 同事
workout	n. 一次锻炼|n. 训练计划或练习组合|n. 高强度消耗或折腾
workplace	n. 工作场所
workshop	n. 工作间；作坊|n. 实践型研讨课；工作坊|v. 合作修改；共同打磨|n. 学术研讨会|v. 通过排练修改戏剧|v. 通过合作改进
worksite	n. 工地
workstation	n. 专业工作电脑|n. 个人工作位
worktable	n. 工作台
world	n. 人类共同的世界|n. 个人的生活天地|n. 地球；全世界|n. 一种可能的世界|n. 大多数人|n. 宇宙|n. 不同的世界或情形|n. 一颗行星|n. 行星世界|n. 广阔地区|n. 神话中的界域|n. 虚构世界
world-renowned	adj. 享誉全球
worldcom	abbr. World Communications Inc. 世界通信公司[美国]; [计]= WORLD COMmunications Inc.，世界通信有限公司
worldly	adj. 尘世的；现实物质的|adj. 世俗的；非宗教的|adj. 老于世故的；见多识广的|adv. 以世俗的方式
worldview	n. 个人或群体的世界观|n. 关于现实的整体信念|n. 人生哲学
worldwide	adj. 全球的；世界范围的|adv. 在全世界；遍及全球
worm	n. 虫；蚯蚓|n. 蠕虫程序|v. 蠕动着穿过|v. 逐渐混入或渗入|v. 套出信息|n. 泛指虫状无脊椎动物|n. 卑鄙、可怜的人|n. 蛆|n. 内心的折磨|n. 地板蠕虫舞|v. 贴地爬行|v. 暗中钻营
worriedly	adv. 担心地；焦虑地
worrisome	adj. 令人担忧的；令人烦恼的|adj. 容易忧虑的；爱操心的
worry	n. 担忧；焦虑|v. 担心；感到忧虑|v. 使……担心|n. 令人担心的事|v. 不断骚扰；使苦恼|v. 反复摆弄|n. 令人烦忧的人|v. 掐住喉咙撕咬|v. 勒死
worse	adj. 更差；更糟|adv. 做得更差|adv. 做得不如别人|adv. 受到更严重的影响|adv. 更糟的是|n. 失败；不利处境|n. 较差的事物|v. 使变差；使处于劣势
worsen	v. 使……恶化|v. 变得更糟|v. 胜过；击败
worship	n. 敬拜；崇敬|n. 礼拜；宗教仪式|v. 敬拜；崇敬|n. 对上帝的至高敬拜|n. 极度恭顺|n. 狂热爱慕|v. 崇拜；极度爱慕|v. 参加礼拜|n. 崇拜对象|n. 对官员的称呼|n. 尊敬；礼让|n. 尊贵；荣誉地位
worshipper	n. 礼拜者, 崇拜者, 爱慕者
worst	adj. 最坏的；最差的|adv. 最差地；最不顺利地|n. 最糟糕的情况；最差者|v. 使变坏|v. 变得更坏；恶化|v. 击败；胜过
worth	adj. 值……钱；价值相当于……|adj. 值得……|n. 价值；值某金额的东西|adj. 足以抵偿；值得付出|n. 才干；品格价值|n. 一定时间内的相当数量|adj. 有价值的；值得的|n. 高社会地位；贵族身份|v. 成为；发生
worthless	adj. 没有价值或用处的；不中用的
worthwhile	adj. 值得投入；值得做
worthy	adj. 有价值；有才德|adj. 令人钦佩的；可敬的|adj. 值得；应得|adj. 适合；与……相称|n. 杰出人物|n. 贤人|v. 使受尊重；使显得有价值
would	v. 过去看将来|v. 假设会……|n. 可能发生的事|intj. 觉得对方有性吸引力|v. 古语中的过去时|v. 废弃的过去时|v. 古语中的假设意愿|v. 古语中的意愿
would-be	adj. 有志成为；想要成为|adj. 未能实现志向的；未成的|n. 有志者；追求者|n. 未婚夫或未婚妻
wound	n. 身体伤口|n. 精神上的创伤|v. 使身体受伤|v. 伤害感情或自尊|n. 法律上的伤害
wow	intj. 哇，真令人惊讶|v. 使惊叹|intj. 哇，真了不起|intj. 哇，真“棒”啊（反讽）|n. 令人惊叹的事物|n. 一声惊叹|n. 录音中的慢速音高波动|n. 飞机轮载重量缩写
wrap	n. 包裹材料|v. 包住|v. 绕住|v. 包藏或隐藏|n. 裹身衣物|n. 卷饼|n. 拍摄结束|n. 完整新闻报道|n. 包裹动作|v. 结束拍摄|v. 换行|v. 绕回起点
wreak	v. 造成严重破坏|n. 报复；怨恨|n. 惩罚；报应|v. 惩罚；严惩|v. 向某人复仇|v. 为某事复仇|v. reek 的误拼
wreath	n. 缠绕成团的环状物|n. 花叶编成的花环|n. 玻璃缺陷|n. 纹章中的环状饰物
wreck	n. 惨不忍睹的人或事物|n. 严重损坏后的残骸|n. 碰撞造成的事故|v. 撞坏；彻底毁掉|v. 使破败；毁掉|n. 船只或交通工具的碰撞事故|v. 使某人或某事彻底失败|v. 失事；被撞毁|n. 海难后冲上岸的货物|n. 恶劣天气造成的大批伤亡鸟群|v. 掠取失事船只的货物|v. 拆解失事物品以回收零件
wrench	n. 猛扭；猛拉|n. 扳手|v. 猛扭；猛拉|n. 扭伤|n. 意义的扭曲|n. 管工用可调扳手|n. 离别的剧痛|v. 扭伤|v. 扭曲原意|v. 使痛苦不堪|v. 用扳手旋动|n. 诡计
wrestling	n. 摔跤；角力运动|v. wrestle 的现在分词或动名词|n. 职业摔角；摔角表演|n. 艰苦斗争；奋力争取|n. 一场摔跤比赛
wretched	adj. 悲惨的；痛苦的|adj. 糟糕的；不值一提的|adj. 卑微的；可怜的|adj. 糟糕难受的天气|adj. 可恶的；该死的|adj. 卑鄙的；可鄙的
wright	n. 工匠；制造者|v. write 的误拼
wrinkle	n. 皱褶；褶痕|n. 皱纹|v. 使起皱；弄皱|n. 小问题；小故障|n. 新变化；新花样|v. 变皱；起褶|v. 长皱纹；显老|n. 海螺类小海产|v. 嘲弄；嗤笑
wrist	n. 腕关节|n. 转动用的销或轴颈|v. 用手腕击腕射
write	v. 写字、写下|v. 写作|v. 写信给|n. 一次写入|v. 以文字显示|v. 写信告知|v. 以写作为职业|v. 写入数据|v. 填写、完成书面内容|v. 深深铭刻|n. 书写效果|v. 以文字声明
writer	n. 写作者；作家|n. 写入器；输出装置|n. 期权卖方|n. 东印度公司文员|n. 苏格兰小镇法律从业者|n. 美国海军值更记录员|n. 涂鸦艺术家
writing	n. 文字；书写符号|n. 书面材料；文章|v. 正在写；写作|n. 书写过程|n. 作家的作品|n. 书写风格；字迹|n. 书写用的
wrong	adj. 不正确的；不真实的|adj. 判断或说法不对的|adj. 不正当的；不道德的|v. 不公正地对待；伤害|adj. 不合适的；不适用的|adj. 有故障的；不正常工作的|adj. 反面的；应朝内的一面|adv. 错误地；不正确地|n. 不正当的事；恶行|n. 对某人的不公正对待|v. 剥夺应有权利；拒绝公正对待|adj. 扭曲的；歪斜的
wrongdoing	n. 不当行为；作恶|n. 一件过错；一次不当行为|v. wrongdo 的现在分词和动名词
wrongheaded	a. 判断错误的, 顽固的, 固执的, 坚持错误的
x-ray	n. X射线|v. 给……拍X光片|adj. X射线的；与X射线有关的|n. X光片；X光影像|n. X光机|n. X-ray的另一种写法|v. X-ray的另一种写法|n. 隔子控制|v. 隔着棋子控制
y	n. Y 形标记|adv. why 的网络缩写|intj. yes 的缩写|n. year 的缩写|n. 表示青少年适龄内容|n. Y 形物体或分叉结构|n. 年份格式中的 year 缩写|n. year 的一般缩写|n. 青年会的一处设施|n. 带 Y 形斑纹的蛾
yard	n. 院子|n. 码|n. 住宅周围的地块|n. 专用场地|n. 码（省略说法）|v. 赶进围场|n. 鹿群越冬地|n. 家|n. 其他体系中的同类长度单位|n. 帆桁|n. 枝条|n. 棍棒
yawn	n. 哈欠|v. 打哈欠|n. 无聊透顶的事情|v. 打着哈欠说|v. 张开大口；豁开|v. 因惊讶而张口|v. 渴望吞食；渴求
year	n. 一年；年|n. 日历年度|n. 轨道年|n. 活动年度；学年|n. 按其他生物寿命折算的年|n. here 的发音拼写|n. hear 的发音拼写
year-old	adj. 一岁的；一年前的|n. 一岁的人或动物
yearly	adj. 每年一次的|adj. 按年计算的|adv. 每年一次|adv. 每年|n. 年度刊物
yearn	v. 渴望；向往|v. 渴望得到或做某事|v. 表达渴望|n. 强烈渴望|v. 深切地怜爱|v. 悲伤；哀悼|v. 表达渴望的音乐或话语|v. 强烈渴望|v. 使人怜惜或痛苦|v. 乳汁凝结|v. 由凝乳制成奶酪|v. 使乳汁凝结
yearning	n. 深切的渴望；思念|v. yearn 的现在分词和动名词|n. 凝乳酶
yehuda	n. (Yehuda)人名；(阿拉伯、以)耶胡达
yell	n. 喊叫声|v. 高声喊叫|n. 喊出来的口号或喊话|v. 通过喊叫传达|v. 大声斥责|adj. 停止产奶的（母牛）
yellow	adj. 黄色的|n. 黄色|v. 变黄|adj. 胆怯的|adj. 耸人听闻的|adj. 与英国自由民主党有关的|adj. 与德国自由民主党有关的|n. 黄灯|n. 斯诺克中的黄球|n. 英式落袋台球中的黄球组|n. 黄牌|v. 使变黄
yellowish-brown	黄棕; 黄棕色; 黄褐色
yes	intj. 高兴地表示赞成|n. 肯定的回答|intj. 表示在听|intj. 请对方继续说明|n. 赞成票|v. 同意或批准|v. 说“同意”|v. 一味顺从以讨好
yesterday	adv. 昨天|n. 昨天；前一天|adv. 早就该；越快越好|n. 过去；过时的事物
yet	adv. 到现在还|adv. 以后还会|adv. 尚未……|adv. 还要、另外|adv. 甚至还|adv. 仍然|n. 金属锅|v. 倾倒|v. 浇铸|v. 得到
yield	n. 产出；产品|n. 产量；收益|v. 产生；带来|v. 让步；投降|n. 捕捞量|n. 屈服强度|v. 让行|v. 松动；被压弯|v. 发生屈服|n. 让出处理器|n. 贡金；钱款|v. 给予；交付
yoke	n. 套在牲畜颈部的轭|v. 给役畜套轭并使其共同拉运|v. 把人或事物紧密联结|n. 一轭牲畜|n. 联结或共同承担的关系|v. 使受奴役、压制或束缚|n. 颈部的轭形框架（美国用法）|n. 颈部框架（历史用法）|n. 古罗马的轭形刑具|n. 成对的役畜（古旧用法）|n. 车辆（爱尔兰、苏格兰方言）|n. 武器（爱尔兰俚语）
yoko	n. 韩国伊可服饰
you	det. 你；你们|pron. 你；你们（宾语）|pron. 你们（主语）|pron. 你（主语）|det. 你这个……|n. 字母 U|pron. 你自己；你们自己|pron. 你；你们（宾语）|pron. 你支持的球队|pron. 人；任何人|pron. 会有人；常能遇到|pron. 尊称式 You
you'll	abbr. (=you will； you shall)
you're	det. 误写的“你的”
you've	abbr. you have 你（们）已经
young	adj. 年幼的；年轻的|adj. 新近开始的；尚处于早期的|n. 幼崽；幼小动物|adj. 年幼的那位；小字辈|adj. 某个十年年龄段的前期|adj. 显得年轻的；有年轻人特点的|adj. 年轻时期的；属于早年生活的|adj. 处于某一年龄阶段的|adj. 缺乏经验的|v. 变年轻|v. 使显得更年轻；把年龄数据调小|v. 呈现向年轻方向变化
youngster	n. 年轻人；孩子
your	det. 你的；属于你|det. 你们的；属于你们|det. 你熟悉的；大家知道的那个|det. 那个；你知道的那个人|pron. 敬称形式的“你的”
yours	pron. 你的；属于你的东西|pron. 你家|pron. 书信结尾客套语|pron. 敬称式的 Yours
yourself	pron. 你自己；你本人（反身）|pron. 你本人；亲自|pron. 你（地区用法）|pron. 您本人；祢自己（敬称写法）
yourselves	pron. 你们自己|pron. 你们本人；你们自己
youth	n. 年轻状态；青春|n. 年轻时期；青春期至成年前后|n. 年轻人；青年|n. 年轻男子；青年男子|n. 年轻人群体；青年群体
yuan	n. 元；人民币单位|n. 台湾政府的院
yvette	n. 魁北克政治贬称
z	n. Z世代成员|n. Z类助眠药物
zara	n. 扎拉（南斯拉夫西部港市扎达尔）；西班牙一品牌
zeal	n. 热忱；热情投入|n. 热忱的人|n. 一群斑马
zebra	n. 斑马|n. 裁判|n. 罕见诊断|n. 斑马线|n. 相关罕见病患者|n. 侮辱性人种称呼|n. 斑马慈鲷|n. 斑纹凤蝶|n. 字母 Z 的报码词
zen	adj. 禅宗的；禅修的|adj. 禅宗式的；富有禅意的|n. 禅；觉悟|adj. 有禅意的；通透沉着的|adj. 通透从容的|n. 禅意；觉悟|n. 某项活动的简约之道
zenith	n. 天顶；正上方的点|n. 巅峰；鼎盛时期|n. 天体运行到天空最高处
zero	det. 没有任何|n. 零这个数字或符号|n. 数字 0|num. 基数词零|v. 使归零|adj. 零热量|n. 一点也没有|n. 零值|n. 刻度起点或零点|n. 函数的零点|n. 无足轻重的人|v. 归零或消失
zhou	n. 粥|n. 周人
zigzag	adj. 之字形的；曲折交替的|adv. 呈之字形地；曲折地|n. 之字形路线或线条|v. 曲折移动；扭成之字形|n. 一次急转|adj. 醉醺醺的
zimmer	n. 助行架的简称|n. “Zimmer frame”的大小写变体
zinc	n. 锌；锌金属|n. 一个锌原子|n. 波纹铁屋顶（尼日利亚用法）|n. 锌台面|v. 给……镀锌|v. 涂含氧化锌的防晒品
zip	intj. 嗖|n. 嗖的一声|v. 拉上拉链|v. 压缩成 ZIP 文件|v. 嗖地快速移动|n. 活力|n. 拉链|n. 什么也没有|n. 滑索之旅|n. ZIP 文件|n. 邮政编码|n. ZIP 文件
zo	n. Zo 人
zodiac	n. 黄道带|n. 十二宫|n. 黄道|n. 黄道体系|n. zodiac的另一种写法|n. 黄道图环
zone	n. 区域；地带|n. 按特征划出的区域|n. 受限区域；危险地带|v. 划分成区域|v. 规定土地用途|n. 环绕生长的带状区域|n. 环绕身体的带状部分|n. 棒球好球区|n. 冰球场分区|n. 最佳状态|n. 区域防守|v. 走神；打瞌睡
zoo	n. 动物园|n. 混乱拥挤的地方|n. 杂合体；大杂烩|n. 丛林（俚语）|n. 兽亲者（非正式缩略语）|n. 兽亲倾向或相关行为（非正式缩略语）
zoology	n. 动物学|n. 动物学专著
zoom	intj. 嗡嗡声|n. 嗡嗡声|n. 放大功能|v. 飞快移动并发出嗡声|v. 放大或缩小显示|intj. 嗖地飞过|intj. 突然猛增|n. 快速上升|n. 大幅增加|n. 视频会议|n. 一次Zoom会议|n. 视频会议
zumba	n. 尊巴（舞）; 南美一种舞蹈; 最新引进了来自南美的健身舞蹈尊巴(Zumba); [地名] [厄瓜多尔] 孙巴
zysman	[人名] 齐斯曼
zzz	int. 打鼾声
